id,id_grupo,categoria,tipo_producto,titulo,pais,ano,titulo_libro,autores,tipologia
00001,001,Capítulos de libro publicados,Capítulo de libro,Machine Learning for Cybersecurity: Detection of Phishing Emails and Malicious Messages,Suiza,2026,Developments and Advances in Defense and Security. MICRADS 2025. Smart Innovation,VICTOR DANIEL GIL VERA,1
00002,001,Capítulos de libro publicados,Capítulo de libro,Artifcial Neural Network for the Prediction of Depression Derived from COVID-19 Among Colombian College Students,Estados Unidos,2023,Psychology and Covid-19 in the Americas: Volume 2,"VICTOR DANIEL GIL VERA, CATALINA QUINTERO LOPEZ, RODRIGO MAZO ZEA",1
00003,001,Capítulos de libro publicados,Capítulo de libro,"Capitulo V: Estado del arte sobre interactividad para evaluar contenidos interactivos, ¿Lo que hay es suficiente?",Colombia,2023,Entornos de Aprendizaje Innovadores (digital),"LINA MARIA MONTOYA SUAREZ, ROBERTO CARLOS GUEVARA CALUME",1
00004,001,Capítulos de libro publicados,Capítulo de libro,"CAPÍTULO V Estado del arte sobre interactividad para evaluar contenidos interactivos, ¿Lo que hay es suficiente?",Colombia,2023,Entornos de Aprendizaje Innovadores (digital),LINA MARIA MONTOYA SUAREZ,1
00005,001,Capítulos de libro publicados,Capítulo de libro,Modelo Integral para la Medición de la Relación Directa entre el Análisis de Puestos de Trabajo y la Productividad del Personal Administrativo: Un caso de Aplicación Real desde la Óptica de Componentes Principales,México,2021,Divulgación de Trabajos Investigativos AJ CDMX 2021,"PAOLA MARCELA ALZATE MONTOYA, LINA CLEMENCIA BUSTAMANTE GUTIERREZ",1
00006,001,Capítulos de libro publicados,Capítulo de libro,Efectos de la actividad física sobre las funciones ejecutivas: Revisión sistemática,México,2021,Avances en educación física y deportes,"CATALINA QUINTERO LOPEZ, VICTOR DANIEL GIL VERA, CAROLINA VASQUEZ LOPEZ, JENNIFER ALZATE JARAMILLO",1
00007,001,Capítulos de libro publicados,Capítulo de libro,A Semantic Frame to Represent and Instantiate ASTM Laboratories,Ecuador,2021,nformation Technology and Systems.,"INGRID DURLEY TORRES PARDO, JAIME ALBERTO GUZMAN LUNA",1
00008,001,Capítulos de libro publicados,Capítulo de libro,Objetos Virtuales de Aprendizaje en la Educación Superior un Caso de Aplicación,Colombia,2018,Investigación e innovación en Ingeniería de Software Volumen 2,"VICTOR DANIEL GIL VERA, LINA MARIA MONTOYA SUAREZ",1
00009,001,Capítulos de libro publicados,Otro capítulo de libro publicado,OBJETOS VIRTUALES DE APRENDIZAJE EN LA EDUCACIÓN SUPERIOR: UN CASO DE APLICACIÓN,Colombia,2018,Investigación e innovación en Ingeniería de Software Volumen 2,VICTOR DANIEL GIL VERA,1
00010,001,Capítulos de libro publicados,Capítulo de libro,¿Qué significa ser ingeniero?,Colombia,2018,Ingeniería: Realidad de una disciplina,LINA MARIA MONTOYA SUAREZ,1
00011,001,Capítulos de libro publicados,Otro capítulo de libro publicado,Uso de TIC en la investigación: Herramientas informáticas para la recolección y análisis de la información,Colombia,2018,situaciones y retos de la investigación en latinoamérica,MARIO ALEJANDRO LOPEZ OCAMPO,1
00012,001,Capítulos de libro publicados,Otro capítulo de libro publicado,Construcción de un sistema de información para la medición de la efectividad del modelo pedagógico amigoniano,Colombia,2016,Memorias Encuentro Nacional de Investigación FUNLAM,"VICTOR DANIEL GIL VERA, GABRIEL JAIME CORREA HENAO",1
00013,001,Capítulos de libro publicados,Otro capítulo de libro publicado,Propuesta de un consultorio virtual de matemáticas para el departamento de ciencias básicas de la Funlam,Colombia,2016,Memorias Encuentro Nacional de Investigación,MARIO ALEJANDRO LOPEZ OCAMPO,1
00014,001,Capítulos de libro publicados,Otro capítulo de libro publicado,Construcción de un sistema de información para la medición de la efectividad del modelo pedagógico amigoniano,Colombia,2016,Memorias del Encuentro Nacional de Investigación- Funlam 2015,VICTOR DANIEL GIL VERA,1
00015,001,Capítulos de libro publicados,Otro capítulo de libro publicado,Observatorio estudiantil para la permanencia con calidad y prevención de la deserción estudiantil,Colombia,2016,Memorias del Encuentro Nacional de Investigación- Funlam 2015,VICTOR DANIEL GIL VERA,1
00016,001,Capítulos de libro publicados,Otro capítulo de libro publicado,Modelo de simulación para la predicción de la población en centros de atención especializados para menores infractores,Colombia,2015,Memorias del Encuentro Nacional de Investigación- Funlam 2015,"VICTOR DANIEL GIL VERA, ANGELICA PATRICIA VELASCO LOPEZ",1
00017,001,Capítulos de libro publicados,Otro capítulo de libro publicado,Relación entre las competencias genéricas razonamiento cuantitativo y lectura crítica en las pruebas saber pro para el departamento de Antioquia,Colombia,2015,Formulación Y Modelación En Ciencias Básicas,GABRIEL JAIME POSADA HERNANDEZ,1
00018,001,Capítulos de libro publicados,Otro capítulo de libro publicado,Experiencia en el uso de la plataforma Schoology como estrategia de acompañamiento docente en los cursos de ciencias básicas de la Funlam,Colombia,2014,La Investigación,MARIO ALEJANDRO LOPEZ OCAMPO,1
00019,001,Capítulos de libro publicados,Capítulo de libro,Aplicación de un caso de estudio para la enseñanza de ingeniería de requisitos basado en lúdica en pregrado,Colombia,2014,Encuentro Internacional De Educación En Ingeniería Acofi 2014,"LINA MARIA MONTOYA SUAREZ, JUAN CARLOS MONSALVE GOMEZ, JORGE GAVIRIA HINCAPIE",1
00020,001,Capítulos de libro publicados,Otro capítulo de libro publicado,Análisis comparativo de la competencia genérica Razonamiento cuantitativo de la prueba Saber Pro,Colombia,2013,Memorias 5 Congreso Internacional De Formación Y Modelación En Ciencias Básicas,GABRIEL JAIME POSADA HERNANDEZ,1
00021,001,Capítulos de libro publicados,Otro capítulo de libro publicado,Un Análisis al Desarrollo Científico desde la Perspectiva de la Realidad Aumentada,Colombia,2012,Análisis Comparativo De La Competencia Genérica Razonamiento Cuantitativo De La Prueba Saberpro Y Su Relación Con Los Cursos Ofrecidos Por El Departamento De Ciencias Básicas En Los Programas De Pregrado De La Funlam Y La U De M,JORGE GAVIRIA HINCAPIE,1
00022,001,Capítulos de libro publicados,Otro capítulo de libro publicado,Rastros en la memoria,Colombia,2012,Un Café Para La Tarde : Cuento,JORGE GAVIRIA HINCAPIE,1
00023,001,Capítulos de libro publicados,Otro capítulo de libro publicado,Un cafe para la tarde,Colombia,2012,Un Café Para La Tarde : Cuento,JORGE GAVIRIA HINCAPIE,1
00024,001,Capítulos de libro publicados,Otro capítulo de libro publicado,Lyrebird: A Learning Object Repossitory Based on a Domain Taxononmy Model,Alemania,2012,Innovations And Advances In Computer,"INGRID DURLEY TORRES PARDO, JAIME ALBERTO GUZMAN LUNA, JOVANI ALBERTO JIMENEZ BUILES",1
00025,001,Capítulos de libro publicados,Otro capítulo de libro publicado,"BAX-SET PLUS: A Taxonomic Navigation Model to Categorize, Search and Retrieve Semantic Web Services",Alemania,2012,Recent Progress In Data Engineering And Internet Technology,"INGRID DURLEY TORRES PARDO, JAIME ALBERTO GUZMAN LUNA, JOVANI ALBERTO JIMENEZ BUILES",1
00026,001,Capítulos de libro publicados,Capítulo de libro,Capitulo X: análisis de la cultura digital desde competencias socio afectivas en escenarios de e-learning y teletrabajo,Colombia,2012,Cultura Digital En América Latina. Investigación Interuniversitaria,"JOSE EUCARIO PARRA CASTRILLON, PAOLA OSORIO VILLA, DAVID ROLDAN ALZATE",1
00027,001,Capítulos de libro publicados,Otro capítulo de libro publicado,Prediction of Failure Risk Through Logical Decision Trees in Web Service Compositions,Estados Unidos,2011,Innovations And Advances In Computer,"BYRON ENRIQUE PORTILLA ROSERO, JAIME ALBERTO GUZMAN LUNA, GINER ALOR HERNANDEZ",1
00028,001,Capítulos de libro publicados,Otro capítulo de libro publicado,Análisis al impacto de las herramientas de pruebas de código abierto en el desarrollo tecnológico actual,Colombia,2011,Proccedings Euromediterranean Scientific Congress On Engineering Emsce 2011,EDGAR SERNA M,1
00029,001,Capítulos de libro publicados,Otro capítulo de libro publicado,Ontologies in Software Maintenance,Panamá,2010,Proceedings Of The 5th Conference Of The Euro-American Association On Telematics And Information Systems Eatis 2010,EDGAR SERNA M,1
00030,001,Capítulos de libro publicados,Otro capítulo de libro publicado,Análisis a la eficiencia del conjunto de casos de prueba generados con la técnica Requirements by Contract,Colombia,2010,Memorias Del 5o Congreso Colombiano De Computación. Ccc2010,"EDGAR SERNA M, FERNANDO ARANGO IZASA",1
00031,002,Capítulos de libro publicados,Otro capítulo de libro publicado,Obras generadas por inteligencia artificial: ¿creaciones protegidas por la ley de derechos de autor?,Colombia,2026,Encuentro Nacional de Investigación,DANY STEVEN GOMEZ AGUDELO,1
00032,002,Capítulos de libro publicados,Capítulo de libro,Verticalización de Medellín: análisis a partir del modelo de ocupación territorial (mot) y del procedimiento de licenciamiento urbano,México,2025,Procesos de gentrificación y verticalización de la ciudad. Políticas de planeación,JORGE EDUARDO VASQUEZ SANTAMARIA,1
00033,002,Capítulos de libro publicados,Capítulo de libro,Protección de los datos personales en la era cibernética: un enfoque constitucional y procesal,Colombia,2025,Convergencias de la justicia y la tecnología,SEBASTIAN DIAZ BOLIVAR,1
00034,002,Capítulos de libro publicados,Capítulo de libro,Protección de los datos personales en la era cibernética: un enfoque constitucional y procesal,Colombia,2025,Convergencias de la justicia y la tecnología,"DANY STEVEN GOMEZ AGUDELO, SEBASTIAN DIAZ BOLIVAR, JUAN ESTEBAN AGUIRRE ESPINOSA",1
00035,002,Capítulos de libro publicados,Capítulo de libro,"Convidarte para la Paz: Socialización política, participación, autonomía y agencia de los niños y niñas de la primera infancia, sus familias y otros agentes para la territorialización de la paz",Colombia,2025,: Expedición Pacífica: Tejiendo ecosistemas transformadores hacia la formación y territorialización de la paz con mujeres,PAOLA ANDREA CARMONA TORO,1
00036,002,Capítulos de libro publicados,Otro capítulo de libro publicado,La apertura y flexibilidad del derecho regulativo como referente para sustentar transformaciones en el derecho administrativo: El legado del profesor Manuel calvo García,España,2024,Debates actuales en la filosofía del derecho y en la sociología jurídica. Libro homenaje al profesor Manuel Calvo García,JORGE EDUARDO VASQUEZ SANTAMARIA,1
00037,002,Capítulos de libro publicados,Otro capítulo de libro publicado,"Inteligencia artificial y desinformación: publicaciones falsas en redes sociales, disponible en: https://www.funlam.edu.co/modules/fondoeditorial/item.php?itemid=898",Colombia,2024,XXIV ENCUENTRO NACIONAL DE INVESTIGACIÓN UNIVERSIDAD CATÓLICA LUIS AMIGÓ,"DANY STEVEN GOMEZ AGUDELO, ADALUZ ORTIZ",1
00038,002,Capítulos de libro publicados,Otro capítulo de libro publicado,Cambios en el derecho administrativo de España y de Colombia a partir de la aplicación de la autonomía local en políticas territoriales y urbanas,Rusia,2024,LOCAL SELF-GOVERNMENT IN MODERN STATES: CHALLENGES AND PERSPECTIVES,JORGE EDUARDO VASQUEZ SANTAMARIA,1
00039,002,Capítulos de libro publicados,Capítulo de libro,El método cualitativo en la investigación sociojurídica: enfoque para la investigación y toma de decisiones - IAD,Chile,2024,DEL DERECHO A LA INVESTIGACIÓN AL DERECHO DE INVESTIGAR,"ROBERTO MAURICIO ROMERO CARDENAS, VICTOR HUGO OCHOA GOMEZ, PAOLA ANDREA TORO TORO",1
00040,002,Capítulos de libro publicados,Capítulo de libro,"LA INCLUSIÓN DE LA VARIABLE AMBIENTAL, LA PREVENCIÓN, LA PRECAUCIÓN Y LA CIUDADANÍA AMBIENTAL FRENTE A LA INTELIGENCIA ARTIFICIAL",Brasil,2024,Inteligencia Artificial para un mundo sostenible. Desafíos jurídicos y éticos,"JORGE EDUARDO VASQUEZ SANTAMARIA, ELVIGIA CARDONA ZULETA",1
00041,002,Capítulos de libro publicados,Otro capítulo de libro publicado,"Vulneración de la Ley de derechos de autor por el uso de Chat GPT, disponible en: https://www.funlam.edu.co/modules/fondoeditorial/item.php?itemid=867",Colombia,2024,XXIV ENCUENTRO NACIONAL DE INVESTIGACIÓN UNIVERSIDAD CATÓLICA LUIS AMIGÓ,DANY STEVEN GOMEZ AGUDELO,1
00042,002,Capítulos de libro publicados,Capítulo de libro,"Justicia digital y derechos fundamentales. ¿Cómo la tecnología puede impedir el acceso a la justicia de poblaciones vulnerables? Disponible en: https://www.funlam.edu.co/uploads/fondoeditorial/863_Investigacion_sociojuridica_politicas_publicas,_clinicas_juridicas_y_litigio_estrategico.pdf",Colombia,2024,INVESTIGACIÓN SOCIOJURÍDICA: POLÍTICAS PÚBLICAS,"DANY STEVEN GOMEZ AGUDELO, SEBASTIAN DIAZ BOLIVAR, JUAN ESTEBAN AGUIRRE ESPINOSA",1
00043,002,Capítulos de libro publicados,Capítulo de libro,Influencia de la educación práctica en el Consultorio Jurídico de la Universidad Católica Luis Amigó a partir de la pandemia por Covid-19,Colombia,2024,INVESTIGACIÓN SOCIOJURÍDICA: POLÍTICAS PÚBLICAS,"JUAN ESTEBAN AGUIRRE ESPINOSA, DANY STEVEN GOMEZ AGUDELO, FABIO ANDRES URIBE PALACIO",1
00044,002,Capítulos de libro publicados,Otro capítulo de libro publicado,Ecos sobre la tensión entre el sujeto político y el sujeto de derecho en el marco de la reincorporación y normalización,Colombia,2024,INVESTIGACIÓN SOCIOJURÍDICA: POLÍTICAS PÚBLICAS,VICTOR HUGO OCHOA GOMEZ,1
00045,002,Capítulos de libro publicados,Capítulo de libro,Pertinencia de las clínicas políticas como escenarios para la resolución de problemas sociopolíticos en Colombia,Colombia,2024,INVESTIGACIÓN SOCIOJURÍDICA: POLÍTICAS PÚBLICAS,ROBERTO MAURICIO ROMERO CARDENAS,1
00046,002,Capítulos de libro publicados,Capítulo de libro,Justicia digital y derechos fundamentales. ¿Cómo la tecnología puede impedir el acceso a la justicia de poblaciones vulnerables?,Colombia,2024,INVESTIGACIÓN SOCIOJURÍDICA: POLÍTICAS PÚBLICAS,"JUAN ESTEBAN AGUIRRE ESPINOSA, DANY STEVEN GOMEZ AGUDELO, SEBASTIAN DIAZ BOLIVAR",1
00047,002,Capítulos de libro publicados,Otro capítulo de libro publicado,El acceso a la información en asuntos intergeneracionales y bioculturales,Colombia,2023,Tendencias actuales de la investigación jurídica y sociojurídica,"ANA MARIA ROLDAN VILLA, JORGE EDUARDO VASQUEZ SANTAMARIA, CAROLINA RESTREPO MUNERA",1
00048,002,Capítulos de libro publicados,Capítulo de libro,Concepto de familia y la perspectiva de género en las conciliaciones extrajudiciales en Colombia,México,2023,familias y desprotección social. desafíos,"ELVIGIA CARDONA ZULETA, MARIA ISABEL URIBE LOPEZ",1
00049,002,Capítulos de libro publicados,Capítulo de libro,Institucionalidad y marcos jurídico-políticos para una justicia climática en Centroamérica,Colombia,2023,Reflexiones y desafíos del derecho ambiental latinoamericano,"ANA MARIA ROLDAN VILLA, JORGE EDUARDO VASQUEZ SANTAMARIA",1
00050,002,Capítulos de libro publicados,Otro capítulo de libro publicado,Estándares internacionales para el juzgamiento de la violencia sexual en los conflictos armados,Colombia,2023,Tendencias actuales de la investigación jurídica y sociojurídica,ANA MARIA ROLDAN VILLA,1
00051,002,Capítulos de libro publicados,Capítulo de libro,Ecocentrismo jurisprudencial en Colombia: los ríos como sujeto de derechos,España,2023,Ojos Indagadores: Nuevas miradas hacia la etica,"ANA MARIA ROLDAN VILLA, CAROLINA RESTREPO MUNERA",1
00052,002,Capítulos de libro publicados,Capítulo de libro,Reconfiguración de la jurisdicción en la era digital. Perspectivas sobre la incorporación de las tecnologías en las actuaciones judiciales en Colombia. Disponible en https://www.procesalyjusticia.org/_files/ugd/0e0037_e43e4e679d1c4514b7fdfca848b2db22.pdf,Colombia,2023,La justicia en la era de la revolución tecnológica,"DANY STEVEN GOMEZ AGUDELO, SEBASTIAN DIAZ BOLIVAR, JUAN ESTEBAN AGUIRRE ESPINOSA",1
00053,002,Capítulos de libro publicados,Capítulo de libro,Reconfiguración de la jurisdicción en la era digital. Perspectivas sobre la incorporación de las tecnologías en las actuaciones judiciales en Colombia,Colombia,2023,La justicia en la era de la revolución tecnológica,"JUAN ESTEBAN AGUIRRE ESPINOSA, DANY STEVEN GOMEZ AGUDELO",1
00054,002,Capítulos de libro publicados,Otro capítulo de libro publicado,La investigación en derecho en la región andina de Colombia 2008 - 2020,Colombia,2023,Tendencias actuales de la investigación jurídica y sociojurídica,JORGE EDUARDO VASQUEZ SANTAMARIA,1
00055,002,Capítulos de libro publicados,Otro capítulo de libro publicado,Apuntes para una cátedra de paz del programa de derecho desde perspectivas feministas,Colombia,2023,Tendencias actuales de la investigación jurídica y sociojurídica,ELVIGIA CARDONA ZULETA,1
00056,002,Capítulos de libro publicados,Capítulo de libro,"Consecuencias jurídicas del uso de Chat GPT en la acción de tutela en Colombia, disponible en: http://www.guaritadigital.com.br/casaleiria/acervo/direito/ianosulglobal/2/index.html",Colombia,2023,INTELIGÊNCIA ARTIFICIAL NO SUL GLOBAL,"DANY STEVEN GOMEZ AGUDELO, SEBASTIAN DIAZ BOLIVAR",1
00057,002,Capítulos de libro publicados,Capítulo de libro,El dictamen pericial en el escenario informático. Aspectos fundamentales en el proceso de divorcio contencioso,Colombia,2023,Debates contemporáneos en derecho de familias,"JUAN ESTEBAN AGUIRRE ESPINOSA, DANY STEVEN GOMEZ AGUDELO, ANA MARIA MESA ELNESER",1
00058,002,Capítulos de libro publicados,Capítulo de libro,El dictamen pericial en el escenario informático. Aspectos fundamentales en el proceso de divorcio. Disponible en: https://www.funlam.edu.co/uploads/fondoeditorial/785_Debates_contemporaneos_en_derecho_de_familias_de_infancias_y_de_adolescencias_Miradas_interdisciplinarias.pdf,Colombia,2023,Debates contemporáneos en derecho de familias,"DANY STEVEN GOMEZ AGUDELO, ANA MARIA MESA ELNESER, JUAN ESTEBAN AGUIRRE ESPINOSA",1
00059,002,Capítulos de libro publicados,Otro capítulo de libro publicado,Retos de la conciliación virtual en Colombia durante la pandemia del covid 19.,Colombia,2023,Tendencias actuales de la investigación jurídica y sociojurídica,"DANY STEVEN GOMEZ AGUDELO, SEBASTIAN MORENO BELLO",1
00060,002,Capítulos de libro publicados,Capítulo de libro,¿ES MÁS FÁCIL ODIAR QUE PERDONAR? REFLEXIONES PARA EL POSACUERDO EN COLOMBIA,Colombia,2023,Verdad,JORGE EDUARDO VASQUEZ SANTAMARIA,1
00061,002,Capítulos de libro publicados,Capítulo de libro,La prosocialidad y la construcción de paz en la niñez y la adolescencia víctimas del conflicto armado en Colombia,Colombia,2023,Perspectivas actuales sobre sociedad,"ROBERTO MAURICIO ROMERO CARDENAS, ANYERSON STITHS GOMEZ TABARES, MARIA CRISTINA CORREA DUQUE",1
00062,002,Capítulos de libro publicados,Capítulo de libro,"Diversidad jurídica en Colombia: conflicto de jurisdicciones entre la Jurisdicción Especial Indígena y la Jurisdicción Especial para la Paz. Caso Embera Chamí en Riosucio, Caldas",Colombia,2023,Perspectivas actuales sobre sociedad,"ROBERTO MAURICIO ROMERO CARDENAS, ANA MARIA ZULETA ZULETA",1
00063,002,Capítulos de libro publicados,Capítulo de libro,Configuraciones del enfoque de género en la gestión del riesgo de desastres en cuatro distritos de Colombia,México,2022,Habitar la vivienda y la ciudad. Perspectivas para la inclusión entre pasado,"JORGE EDUARDO VASQUEZ SANTAMARIA, ANA PATRICIA PABON MANTILLA",1
00064,002,Capítulos de libro publicados,Otro capítulo de libro publicado,"La autenticidad de la prueba digital. Un verdadero problema probatorio, disponible en: https://editorial.ucatolicaluisamigo.edu.co/index.php/editorial/catalog/book/171",Colombia,2022,XXIV ENCUENTRO NACIONAL DE INVESTIGACIÓN UNIVERSIDAD CATÓLICA LUIS AMIGÓ,"DANY STEVEN GOMEZ AGUDELO, HAVE SALCEDO MORENO, JULIETH VANESA PINO GARCIA",1
00065,002,Capítulos de libro publicados,Otro capítulo de libro publicado,Enseñanza y aprendizaje clínico del Derecho (EACD) en tiempos de COVID-19: Experiencia de la Universidad Católica Luis Amigó y la Universidad Autónoma Latinoamericana,Cuba,2022,Experiencias de formación jurídica en el contexto de la pandmia por COVID 19,"JORGE EDUARDO VASQUEZ SANTAMARIA, CAROLINA RESTREPO MUNERA, ELVIGIA CARDONA ZULETA",1
00066,002,Capítulos de libro publicados,Otro capítulo de libro publicado,"La reina de las abejas. Un nuevo paradigma ambiental, de cada a la ciudadanía ecológica",Colombia,2022,Una mirada jurídica a los cuentos de los hermanos Grimm,JORGE EDUARDO VASQUEZ SANTAMARIA,1
00067,002,Capítulos de libro publicados,Otro capítulo de libro publicado,ENSEÑANZA Y APRENDIZAJE CLÍNICO DEL DERECHO (EACD) EN TIEMPOS DE COVID-19: EXPERIENCIA DE LA UNIVERSIDAD CATÓLICA LUIS AMIGÓ Y LA UNIVERSIDAD AUTÓNOMA LATINOAMERICANA,Cuba,2022,Experiencias de formación jurídica en el contexto de la pandmia por COVID 19,"ELVIGIA CARDONA ZULETA, JORGE EDUARDO VASQUEZ SANTAMARIA, CAROLINA RESTREPO MUNERA",1
00068,002,Capítulos de libro publicados,Otro capítulo de libro publicado,UN ACERCAMIENTO AL PLAN NACIONAL DE LECTURA Y ESCRITURA LEER ES MI CUENTO,Cuba,2022,Las disciplinas humanísticas frente a los desafíos del mundo actual. Tomo II,NATALIA ANDREA ALZATE ALZATE,1
00069,002,Capítulos de libro publicados,Capítulo de libro,Marginación socioespacial y la protección a moradores en el plan parcial de renovación urbana El Naranjal y Arrabal.,México,2022,Segregación socioespacial y medio ambiente. Escenarios de vulnerabilidad urbana,JORGE EDUARDO VASQUEZ SANTAMARIA,1
00070,002,Capítulos de libro publicados,Capítulo de libro,"DERECHO IUS FUNDAMENTAL DE LAS MUJERES A LA INTERRUPCIÓN VOLUNTARIA DEL EMBARAZO (IVE) EN CONDICIONES DE ACCESIBILIDAD, CALIDAD Y RESPETO.",Colombia,2022,Debates contemporáneos en derecho de familias,ELVIGIA CARDONA ZULETA,1
00071,002,Capítulos de libro publicados,Capítulo de libro,MUJERES TRABAJADORAS Y FUERO DE MATERNIDAD: LOS OBSTÁCULOS PARA SU GARANTÍA EN LA ERA DE LA GLOBALIZACIÓN,Colombia,2022,Debates contemporáneos en derecho de familias,"ELVIGIA CARDONA ZULETA, ANA PATRICIA PABON MANTILLA",1
00072,002,Capítulos de libro publicados,Capítulo de libro,Mujer migrante centroamericana: eslabón de la economía política en Ocosingo,Colombia,2021,Violencias basadas en género: la otra tragedia de Colombia. Indagaciones.,"JENNY MARCELA ACEVEDO VALENCIA, STEFANI CASTANO TORRES, ANGELA MARIA VELASQUEZ VELASQUEZ",1
00073,002,Capítulos de libro publicados,Capítulo de libro,"Contribuciones a los cambios paradigmáticos del derecho ambiental a partir del acceso a la justicia de niñas, niños y adolescentes en Colombia",Colombia,2021,Debates contemporáneos en derecho de familias,"JORGE EDUARDO VASQUEZ SANTAMARIA, CAROLINA RESTREPO MUNERA",1
00074,002,Capítulos de libro publicados,Capítulo de libro,"Las Pruebas en Derecho de Familia, Infancia y Adolescencia desde un enfoque de equidad de género para las mujeres",Colombia,2021,Debates contemporáneos en derecho de familias,ELVIGIA CARDONA ZULETA,1
00075,002,Capítulos de libro publicados,Capítulo de libro,La subjetividad de la niñez migrante una mirada critica y cultural,Colombia,2021,Debates contemporáneos en derecho de familias,NATALIA ANDREA ALZATE ALZATE,1
00076,002,Capítulos de libro publicados,Capítulo de libro,Sentidos y prácticas frente a la política y la construcción de paz de jóvenes colombianos: la escuela como escenario de socialización política,Colombia,2021,Educación y pedagogías críticas,PAOLA ANDREA CARMONA TORO,1
00077,002,Capítulos de libro publicados,Capítulo de libro,"Derecho Probatorio en el régimen de derecho público colombiano, disponible en: https://www.procesalyjusticia.org/_files/ugd/0e0037_beecb9941e6b4ae688f758440fdbaf30.pdf",Colombia,2021,Homenaje a Michele Taruffo un jurista del futuro: el legado de Taruffo para Latinoamérica,"DANY STEVEN GOMEZ AGUDELO, JUAN ESTEBAN AGUIRRE ESPINOSA, FABIO ANDRES URIBE PALACIO",1
00078,002,Capítulos de libro publicados,Capítulo de libro,"Derecho probatorio en el régimen de derecho público colombiano, en Homenaje a Michele Taruffo un jurista del futuro: el legado de Taruffo para Latinoamérica.",Colombia,2021,Homenaje a Michele Taruffo un jurista del futuro: el legado de Taruffo para Latinoamérica,JUAN ESTEBAN AGUIRRE ESPINOSA,1
00079,002,Capítulos de libro publicados,Capítulo de libro,Potencial de la memoria y la orientación a posibilidades futuras,Colombia,2021,Investigación de fenómenos psicosociales: una aproximación para el encuentro con el otro,"PAOLA ANDREA CARMONA TORO, MARIA CAMILA OSPINA ALVARADO",1
00080,002,Capítulos de libro publicados,Capítulo de libro,CONSTITUTIONALIZATION OF THE CIVIL PROCESS WITHIN THE COLOMBIAN REPUBLICAN STATE,Colombia,2021,Colombia: investigación sociojurídica,JUAN ESTEBAN AGUIRRE ESPINOSA,1
00081,002,Capítulos de libro publicados,Capítulo de libro,"Diagnóstico de la violencia escolar: una mirada desde los estudiantes de los grados quinto y sexto de tres instituciones educativas en el corregimiento de Puerto Caldas, Pereira, Risaralda, disponible en https://www.funlam.edu.co/uploads/fondoeditorial/687_Colombia_investigacion_sociojuridica.pdf",Colombia,2021,Debates contemporáneos del proceso en un mundo que se transforma,"DANY STEVEN GOMEZ AGUDELO, CRISTIAN FERNAN MUNOZ MUNOZ, PAULA NATHALIA MATALLANA GUERRERO",1
00082,002,Capítulos de libro publicados,Capítulo de libro,"Constitutionalization of the civil process within the Colombian republican state, disponible en https://www.funlam.edu.co/uploads/fondoeditorial/687_Colombia_investigacion_sociojuridica.pdf",Colombia,2021,Colombia: investigación sociojurídica,"DANY STEVEN GOMEZ AGUDELO, JUAN ESTEBAN AGUIRRE ESPINOSA",1
00083,002,Capítulos de libro publicados,Capítulo de libro,Transformaciones de la investigación jurídica y sociojurídica de la subregión del eje cafetero de Colombia 2008 - 2018,Colombia,2021,Colombia: investigación sociojurídica,"JORGE EDUARDO VASQUEZ SANTAMARIA, KATY LUZ MILLAN OTERO",1
00084,002,Capítulos de libro publicados,Otro capítulo de libro publicado,Una vida plena,Colombia,2021,Historias contagiosas en épocas de pandemia,JORGE IVAN GAVIRIA MESA,1
00085,002,Capítulos de libro publicados,Otro capítulo de libro publicado,"Generalidades del Decreto 806 de 2020. Cartilla de Justicia Digital: Guía práctica para el acceso a la justicia en tiempos de virtualidad, disponible en: https://www.procesalyjusticia.org/_files/ugd/0e0037_c2e58df4f9aa43dcb603be9e88d82ddd.pdf",Colombia,2021,Cartilla de Justicia Digital. Guía práctica para el acceso a la justicia en tiempos de virtualidad,DANY STEVEN GOMEZ AGUDELO,1
00086,002,Capítulos de libro publicados,Capítulo de libro,"Los desencuentros de la planeación con el espacio vivido en las viviendas de interés prioritario (VIP) en Medellín, Colombia",México,2020,Segregación y fragmentación socioespacial en ciudades. Nuevas formas de habitar la ciudad,"JORGE EDUARDO VASQUEZ SANTAMARIA, KATY LUZ MILLAN OTERO",1
00087,002,Capítulos de libro publicados,Capítulo de libro,"Agudización de la violencia intrafamiliar por el covid-19. El caso de la ciudad de Medellín, Colombia",Venezuela,2020,Tendencias en la Investigación Universitaria Una visión desde Latinoamérica,"ELVIGIA CARDONA ZULETA, MARIA ISABEL URIBE LOPEZ",1
00088,002,Capítulos de libro publicados,Capítulo de libro,Análisis a los procesos de formación de los profesores en ejercicio en las Escuelas Normales Superiores,Colombia,2020,Revolución en la formación y la capacitación para el siglo xxi,"MAURICIO MEJIA LOBO, JULIAN ANDRES YAYA SIERRA",1
00089,002,Capítulos de libro publicados,Capítulo de libro,Configuración y reconfiguración de la ciudadanía de mujeres excombatientes de las FARC-EP,Colombia,2020,Ciudadanía,"JENNY MARCELA ACEVEDO VALENCIA, STEFANI CASTANO TORRES",1
00090,002,Capítulos de libro publicados,Otro capítulo de libro publicado,ESTRATEGIAS DE ENSEÑANZA Y APRENDIZAJE DEL DERECHO DESDE LAS TÉCNICAS MOOTCOURT,Perú,2020,I CONGRESO INTERNACIONAL DE DERECHO PROCESAL: LA LITIGACIÓN ORAL.,JUAN ESTEBAN AGUIRRE ESPINOSA,1
00091,002,Capítulos de libro publicados,Capítulo de libro,"Una mirada actual del medio ambiente en Colombia, un panorama convencional, normativo y jurisprudencial, disponible en https://www.funlam.edu.co/uploads/fondoeditorial/635_Debates_contemporaneos_en_un_mundo_que_se_transforma.pdf",Colombia,2020,Debates contemporáneos del proceso en un mundo que se transforma,"JUAN ESTEBAN AGUIRRE ESPINOSA, DANY STEVEN GOMEZ AGUDELO",1
00092,002,Capítulos de libro publicados,Capítulo de libro,Regiones investigativas en educación y pedagogía: Zona Eje Cafetero,Colombia,2020,Regiones investigativas en educación y pedagogía en Colombia: mapa topográfico de la actividad investigativa de tesis de maestrías y doctorados en el periodo 2010-2017.,PAOLA ANDREA CARMONA TORO,1
00093,002,Capítulos de libro publicados,Capítulo de libro,"Fuentes de la Investigación. Regiones Investigativas en Educación y Pedagogía, Colombia 2010- 2017",Colombia,2020,Regiones investigativas en educación y pedagogía en Colombia: mapa topográfico de la actividad investigativa de tesis de maestrías y doctorados en el periodo 2010-2017.,PAOLA ANDREA CARMONA TORO,1
00094,002,Capítulos de libro publicados,Capítulo de libro,"Implementación de rutas de atención en violencias de género en la ciudad de Medellín, año 2019. Barrera de acceso a la información en la Ruta de atención en salud: violencias sexuales, violencia ginecoobstétrica y derecho a la IVE",Colombia,2019,Género y derechos humanos. Por la salud y una vida libre de violencias.,"ELVIGIA CARDONA ZULETA, MELISSA HINCAPIE OCHOA",1
00095,002,Capítulos de libro publicados,Otro capítulo de libro publicado,"Posacuerdo en Colombia, breve recorrido histórico",Colombia,2019,Estrategias de publicidad social. Coyunturas sociales como oportunidad de mejoramiento de valor responsable,"JORGE IVAN GAVIRIA MESA, MONICA LUCIA GRANDA VIVEROS",1
00096,002,Capítulos de libro publicados,Otro capítulo de libro publicado,La participación ciudadana y la concertación social en el desarrollo de la movilidad urbana sostenible,España,2019,Movilidad urbana sostenible y acción administrativa. Perspectiva social,"JORGE EDUARDO VASQUEZ SANTAMARIA, ERIKA JOULLIETH CASTRO BUITRAGO",1
00097,002,Capítulos de libro publicados,Otro capítulo de libro publicado,Postconflicto en Colombia: ¿es posible?,Colombia,2015,Imaginar La Paz En Colombia: Cavilaciones Desde La Academia,"JORGE IVAN GAVIRIA MESA, MONICA LUCIA GRANDA VIVEROS",1
00098,002,Capítulos de libro publicados,Otro capítulo de libro publicado,Postconflicto en Colombia: ¿es posible?,Colombia,2015,Imaginar La Paz En Colombia: Cavilaciones Desde La Academia,"MONICA LUCIA GRANDA VIVEROS, JORGE IVAN GAVIRIA MESA",1
00099,002,Capítulos de libro publicados,Otro capítulo de libro publicado,"La experiencia del retorno, una aproximación a los relatos de vida de quienes han regresado a la ciudad de Medellín en los últimos 10 años",Colombia,2014,La Investigación,"SANTIAGO ALBERTO MORALES MESA, ALFREDO MANUEL GHISO COTOS, SHIRLEY VIVIANA CATANO PULGARIN",1
00100,002,Capítulos de libro publicados,Otro capítulo de libro publicado,Los partidos políticos en la Constitución de 1991: Democracia deliberativa vs democracia delegativa,Colombia,2014,Estudios Sobre Constitucionalismo(S) Y Democracia,PAULO BERNARDO ARBOLEDA RAMIREZ,1
00101,002,Capítulos de libro publicados,Capítulo de libro,Escenario problemático y metodológico de la investigación,Colombia,2013,Aproximación A La Informática Forense Y El Derecho Informático: Ámbito Colombiano,"ANA MARIA MESA ELNESER, JORGE EDUARDO VASQUEZ SANTAMARIA",1
00102,002,Capítulos de libro publicados,Capítulo de libro,Una mirada jurídica a los delitos informáticos en Colombia y su evolución legal en el marco del derecho comparado,Colombia,2013,Aproximación A La Informática Forense Y El Derecho Informático: Ámbito Colombiano,"ANA MARIA MESA ELNESER, JORGE EDUARDO VASQUEZ SANTAMARIA",1
00103,002,Capítulos de libro publicados,Capítulo de libro,Consideraciones frente al derecho procesal penal con miras a la evolución legal frente a la informática forense,Colombia,2013,Aproximación A La Informática Forense Y El Derecho Informático: Ámbito Colombiano,ANA MARIA MESA ELNESER,1
00104,002,Capítulos de libro publicados,Capítulo de libro,Análisis de la información y de los datos de la investigación en delitos informáticos,Colombia,2013,Aproximación A La Informática Forense Y El Derecho Informático: Ámbito Colombiano,"ANA MARIA MESA ELNESER, JORGE EDUARDO VASQUEZ SANTAMARIA",1
00105,002,Capítulos de libro publicados,Capítulo de libro,Mirada holística a informática forense en Colombia,Colombia,2013,Aproximación A La Informática Forense Y El Derecho Informático: Ámbito Colombiano,"ANA MARIA MESA ELNESER, JUAN DAVID PINEDA, JUAN GUILLERMO LALINDE",1
00106,002,Capítulos de libro publicados,Capítulo de libro,Aproximación a aspectos internacionales relevantes en delitos informáticos y la informática forense,Colombia,2013,Aproximación A La Informática Forense Y El Derecho Informático: Ámbito Colombiano,"ANA MARIA MESA ELNESER, JORGE EDUARDO VASQUEZ SANTAMARIA, JUAN DAVID PINEDA, JUAN GUILLERMO LALINDE",1
00107,002,Capítulos de libro publicados,Capítulo de libro,Acercamiento a las modalidades de participación ciudadana y conflictos ambientales en el municipio de Sabaneta,Colombia,2012,Participación,"JORGE EDUARDO VASQUEZ SANTAMARIA, CAROLINA MONTES ROJAS, MARIA TERESA CASTRILLON ALZATE",1
00108,002,Capítulos de libro publicados,Capítulo de libro,AMBIENTE: FUNDAMENTOS PARADIGMÁTICOS Y DOCTRINALES,Colombia,2012,Participación,JORGE EDUARDO VASQUEZ SANTAMARIA,1
00109,002,Capítulos de libro publicados,Otro capítulo de libro publicado,Consultorios jurídicos gratuitos y clínicas jurídicas de interés público: espacios de enseñanza práctica del Derecho,Colombia,2010,La Enseñanza Clínica Del Derecho,JORGE EDUARDO VASQUEZ SANTAMARIA,1
00110,002,Capítulos de libro publicados,Otro capítulo de libro publicado,Investigación jurídica por medio de la enseñanza clínica del Derecho,Colombia,2010,La Enseñanza Clínica Del Derecho,"JORGE EDUARDO VASQUEZ SANTAMARIA, LUCAS CORREA MONTOYA",1
00111,002,Capítulos de libro publicados,Otro capítulo de libro publicado,La enseñanza clínica del derecho: transformando la forma de enseñar y ejercer el Derecho,Colombia,2010,La Enseñanza Clínica Del Derecho,"JORGE EDUARDO VASQUEZ SANTAMARIA, LUCAS CORREA MONTOYA",1
00112,002,Capítulos de libro publicados,Otro capítulo de libro publicado,REFERENTES JURISPRUDENCIALES EN LA FORMACIÓN PROFESIONAL Y LA ENSEÑANZA DEL DERECHO EN COLOMBIA,Colombia,2010,Memorias Iii Encuentro Del Nodo Antioquia De La Red De Grupos Y Centros De Investigación Jurídica Y Socio Jurídica De Colombia,JORGE EDUARDO VASQUEZ SANTAMARIA,1
00113,002,Capítulos de libro publicados,Otro capítulo de libro publicado,Derecho e Interés Público: Aproximaciones y relación,Colombia,2009,Memorias I Foro Internacional Derecho E Interés Público,JORGE EDUARDO VASQUEZ SANTAMARIA,1
00114,002,Capítulos de libro publicados,Otro capítulo de libro publicado,El documento electrónico en la administración de justicia.,Colombia,2009,Memorias I Foro Internacional Derecho E Interés Público,ANA MARIA MESA ELNESER,1
00115,002,Capítulos de libro publicados,Otro capítulo de libro publicado,El territorio y el espacio como categorias urbanas del derecho urbano colombiano: Estudio desde la Constitucion de 1991,Colombia,2009,Ii Encuentro De La Red De Grupos Y Centros De Investigación Jurídica Y Sociojurídica - Nodo Antioquia,JORGE EDUARDO VASQUEZ SANTAMARIA,1
00116,002,Capítulos de libro publicados,Otro capítulo de libro publicado,El Derecho al Espacio Publico: Un Derecho de Interes Publico. Aproximaciones y relacion desde el Derecho Colombiano,Colombia,2009,Ii Encuentro De La Red De Grupos Y Centros De Investigación Jurídica Y Sociojurídica - Nodo Antioquia,"MARIA CLARA SANCHEZ VELEZ, JORGE EDUARDO VASQUEZ SANTAMARIA",1
00117,002,Capítulos de libro publicados,Otro capítulo de libro publicado,Reflexiones frente al impacto de la globalización en el mundo jurídico,Colombia,2008,Memorias I Foro Internacional Derecho E Interés Público,FRANCISCO JAVIER VASQUEZ VASQUEZ,1
00118,002,Capítulos de libro publicados,Otro capítulo de libro publicado,Estaciones de servicio en zonas residenciales de la ciudad de Medellín,Colombia,2008,Memorias Vii Seminario Nacional De Investigación Urbano-Regional Aciur: Diversidad Y Desigualdad En Los Territorios Contémporaneos.,JORGE EDUARDO VASQUEZ SANTAMARIA,1
00119,003,Capítulos de libro publicados,Capítulo de libro,Emprendimiento y objetivos de desarrollo sostenible en Urabá: una mirada desde la política pública,Colombia,2025,Estudios en el marco de los ODS: una mirada desde las ciencias administrativas,"SASHA JULIAANA ARANZAZU HENAO, LUIS FERNANDO QUINTERO ARANGO",1
00120,003,Capítulos de libro publicados,Capítulo de libro,"Innovación, emprendimiento y objetivos de desarrollo sostenible en pymes del sector comercio y servicios",Colombia,2025,Estudios en el marco de los ODS: una mirada desde las ciencias administrativas,LUIS FERNANDO QUINTERO ARANGO,1
00121,003,Capítulos de libro publicados,Capítulo de libro,Factores que afectan el aprendizaje en las clases virtuales,Colombia,2025,Triangulaciones entre gestion educativa,"LAURA GONZALEZ ZAPATA, NESTOR EDUARDO FLOREZ OVIEDO",1
00122,003,Capítulos de libro publicados,Capítulo de libro,Inteligencia artificial y aprendizaje automatizado en la cadena de suministro de las organizaciones,Colombia,2024,Gestion de las organizaciones una nueva opción,"NESTOR EDUARDO FLOREZ OVIEDO, CATALINA GONZALEZ PENAGOS, LEIDYS HELENA RIVERA QUIROZ",1
00123,003,Capítulos de libro publicados,Otro capítulo de libro publicado,Apertura a la investigación cualitativa: una narrativa reflexiva,Colombia,2024,Formación docente en investigación cualitativa: Relatos y reflexiones,"LUIS FERNANDO QUINTERO ARANGO, LUZ MARY AGUDELO TORRES, VANESSA ALEJANDRA SANCHEZ SANCHEZ, AURA MARIA FLORIAN MORALES",1
00124,003,Capítulos de libro publicados,Capítulo de libro,Responsabilidad Social Empresarial en pymes: un direccionamiento hacia la sostenibilidad corporativa,Colombia,2024,Gestion de las organizaciones una nueva opción,"LUIS FERNANDO QUINTERO ARANGO, MONICA ELIANA ARISTIZABAL VELASQUEZ",1
00125,003,Capítulos de libro publicados,Capítulo de libro,Cultura organizacional e innovación como estrategia de competitividad en las mipymes,Colombia,2024,Innovación y Competitividad de Las organizaciones,"LUIS FERNANDO QUINTERO ARANGO, JORMARIS MARTINEZ GOMEZ, MONICA ELIANA ARISTIZABAL VELASQUEZ",1
00126,003,Capítulos de libro publicados,Capítulo de libro,Indicadores sociales y ambientales para pymes,Colombia,2024,Innovación y Competitividad de Las organizaciones,JORMARIS MARTINEZ GOMEZ,1
00127,003,Capítulos de libro publicados,Capítulo de libro,Gestión del conocimiento y estilos de aprendizaje organizacional en mipymes del sector comercio,Colombia,2024,Innovación y Competitividad de Las organizaciones,"JORMARIS MARTINEZ GOMEZ, MONICA ELIANA ARISTIZABAL VELASQUEZ, GLORIA MARIA LOPERA ZAPATA",1
00128,003,Capítulos de libro publicados,Capítulo de libro,Gestión del conocimiento y estilos de aprendizaje organizacional en Mipymes del sector comercio. (2024),Colombia,2024,Innovación y Competitividad de Las organizaciones,"MONICA ELIANA ARISTIZABAL VELASQUEZ, JORMARIS MARTINEZ GOMEZ",1
00129,003,Capítulos de libro publicados,Capítulo de libro,Metodologías educativas preferidas por un colectivo estudiantil en el marco de la educación superior.,Venezuela,2023,TENDENCIAS EN LA INVESTIGACIÓN UNIVERSITARIA. UNA  VISIÓN DESDE LATINOAMÉRICA,"MONICA ELIANA ARISTIZABAL VELASQUEZ, SONIA RUTH QUINTERO ARRUBLA, NESTOR EDUARDO FLOREZ OVIEDO, VIVIANA CANO VALDERRAMA",1
00130,003,Capítulos de libro publicados,Capítulo de libro,Metodologías educativas preferidas por un colectivo estudiantil en el marco de la educación superior,Venezuela,2023,TENDENCIAS EN LA INVESTIGACIÓN UNIVERSITARIA. UNA  VISIÓN DESDE LATINOAMÉRICA,"SONIA RUTH QUINTERO ARRUBLA, NESTOR EDUARDO FLOREZ OVIEDO, VIVIANA CANO VALDERRAMA",1
00131,003,Capítulos de libro publicados,Capítulo de libro,Panorama sobre la sostenibilidad Turística y la crisis del turismo ocasionada por el Covid-19 y sus efectos en la percepción de servicios turísticos,México,2023,EXPERIENCIA EN LA ACTIVIDAD TURÍSTICA MÉXICO-COLOMBIA,"LUIS FERNANDO QUINTERO ARANGO, DEIWI JESUS ZURBARAN ARIAS, SAIRI TATIANA PINEROS",1
00132,003,Capítulos de libro publicados,Capítulo de libro,Percepción docente sobre modalidades de enseñanza en tiempos de pandemia,Venezuela,2023,Tendencias en la investigación universitaria. Una  visión desde Latinoamérica,"NESTOR EDUARDO FLOREZ OVIEDO, CATALINA GONZALEZ PENAGOS",1
00133,003,Capítulos de libro publicados,Capítulo de libro,Cómo incorporan las nuevas tecnologías las organizaciones sociales y solidarias para mejorar sus servicios,Colombia,2022,ingenieria y desarrollo en la nueva era,"JUAN SANTIAGO CALLE PIEDRAHITA, SANDRA MILENA MALAVERA PINEDA, JULIAN DAVID COLORADO AGUDELO",1
00134,003,Capítulos de libro publicados,Capítulo de libro,Análisis del desempeño de los estudiantes en las pruebas Saber Pro: Un caso de estudio,Colombia,2022,la Nueva Era Vol. II Edición 1,"JUAN SANTIAGO CALLE PIEDRAHITA, JULIAN DAVID COLORADO AGUDELO, SANDRA MILENA MALAVERA PINEDA",1
00135,003,Capítulos de libro publicados,Capítulo de libro,Condiciones de uso y aprovechamiento de las nuevas tecnologías en organizaciones de economía solidaria,Colombia,2022,ingenieria y desarrollo en la nueva era,"JUAN SANTIAGO CALLE PIEDRAHITA, SANDRA MILENA MALAVERA PINEDA, JORGE ANDREA GONZALEZ DIAZ",1
00136,003,Capítulos de libro publicados,Capítulo de libro,La tipificación de la conducta criminal feminicida y las tipologías de feminicidio dese un análisis ecológico-contextual y neuropsicológico,Colombia,2021,Violencias basadas en género: la otra tragedia de Colombia. Indagaciones.,"JORMARIS MARTINEZ GOMEZ, JUAN DIEGO BETANCUR ARIAS",1
00137,003,Capítulos de libro publicados,Capítulo de libro,CAMBIOS EN LA CULTURA SOLIDARIA DE UNA IES PRODUCTO DEL COVID 19,Venezuela,2021,Tendencias en la investigación universitaria.  Una visión desde Latinoamérica,"MONICA ELIANA ARISTIZABAL VELASQUEZ, UBEIMAR AURELIO OSORIO ATEHORTUA, SONIA RUTH QUINTERO ARRUBLA",1
00138,003,Capítulos de libro publicados,Capítulo de libro,Entomofagia: una opción nutricional y sustentable para la alimentación humana,Venezuela,2021,Tendencias en la investigación universitaria. Una visión desde Latinoamérica,"MARIA EUGENIA ARISTIZABAL GIRALDO, WILLIAN ISRAEL GALINDO PADILLA, MELISSA LOPEZ MEJIA, CARLOS MARIO MOLINA GIRALDO, SEBASTIAN ARIAS GIRALDO",1
00139,003,Capítulos de libro publicados,Capítulo de libro,La Violencia económica: el costo de ser mujer,Colombia,2021,Violencias basadas en género: la otra tragedia de Colombia. Indagaciones.,"LUIS FERNANDO QUINTERO ARANGO, JORMARIS MARTINEZ GOMEZ, JUAN DIEGO BETANCUR ARIAS, ISABEL CRISTINA PUERTA LOPERA",1
00140,003,Capítulos de libro publicados,Capítulo de libro,Humanitarian Social Logistic and the Fourth Sector: Policy Design for Communities Affected by the Disaster,Suiza,2021,Social Innovation and Entrepreneurship in the Fourth Sector: Sustainable Best-Practices from Across the World,"NESTOR EDUARDO FLOREZ OVIEDO, JUAN CARLOS MORALES GAVIRIA",1
00141,003,Capítulos de libro publicados,Capítulo de libro,"Nonprofit Organizations of the Fourth Sector That Promote Education Social Solidarity Economy in the Fourth Industrial Revolution of Medellin, Colombia",España,2021,Social Innovation and Entrepreneurship in the Fourth Sector: Sustainable Best-Practices from Across the World,"SANDRA MILENA MALAVERA PINEDA, JUAN SANTIAGO CALLE PIEDRAHITA",1
00142,003,Capítulos de libro publicados,Capítulo de libro,Effects of the Orange Economy on Social Entrepreneurship in the City of Medellin,España,2021,Entrepreneurship in the Fourth Sector. Studies on Entrepreneurship,"SANDRA MILENA MALAVERA PINEDA, JUAN SANTIAGO CALLE PIEDRAHITA",1
00143,003,Capítulos de libro publicados,Capítulo de libro,Effects of the Orange Economy on Social Entrepreneurship in the City of Medellin,Estados Unidos,2021,Entrepreneurship in the Fourth Sector. Studies on Entrepreneurship,"JUAN SANTIAGO CALLE PIEDRAHITA, SANDRA MILENA MALAVERA PINEDA, PAULA ANDREA MALAVERA PINEDA",1
00144,003,Capítulos de libro publicados,Capítulo de libro,Coohilados-Hilanderías del Fonce: Continuidad Empresarial Producto de la Asociatividad,México,2021,Culturas organizacionales poderosas,"MONICA ELIANA ARISTIZABAL VELASQUEZ, UBEIMAR AURELIO OSORIO ATEHORTUA, SONIA RUTH QUINTERO ARRUBLA, MARIA TERESA CALA DIAZ",1
00145,003,Capítulos de libro publicados,Capítulo de libro,Una Cultura Organizacional para la Sostenibilidad,México,2021,Culturas organizacionales poderosas,"MONICA ELIANA ARISTIZABAL VELASQUEZ, UBEIMAR AURELIO OSORIO ATEHORTUA, MARIA TERESA CALA DIAZ, SONIA RUTH QUINTERO ARRUBLA",1
00146,003,Capítulos de libro publicados,Capítulo de libro,"Inteligencia emocional, un influenciador estratégico para expandir mercados.",Venezuela,2020,Tendencias en la investigación universitaria: una visión desde Latinoamérica,"JUAN SANTIAGO CALLE PIEDRAHITA, BYRON ENRIQUE PORTILLA ROSERO, GLORIA MARIA ISAZA ZAPATA",1
00147,003,Capítulos de libro publicados,Capítulo de libro,PROPUESTA DE UN SISTEMA DE INTELIGENCIA Y VIGILANCIA EMPRESARIAL COMO MECANISMO DE SUPERVIVENCIA EN LAS UNIVERSIDADES DEL SIGLO 21,Colombia,2020,Revolución en la formación y la capacitación para el siglo xxi,"SANDRA MILENA MALAVERA PINEDA, LAURA ELENA ZAPATA JIMENEZ, VICTORIA BLAQUISED RIVERA",1
00148,003,Capítulos de libro publicados,Capítulo de libro,Análisis a las estrategias de los profesores universitarios para asesorar las clases e integrar los diversos saberes desde una función crítica y de extensión de responsabilidades en el conocimiento.,Colombia,2020,revolución en la formación y la capacitación para el siglo XXI,"JUAN SANTIAGO CALLE PIEDRAHITA, ANA ISABEL ISAZA ZAPATA, GLORIA MARIA ISAZA ZAPATA",1
00149,003,Capítulos de libro publicados,Capítulo de libro,"Intrainnovación social en las IES, estrategia en la formación de emprendedores para la 4ta revolución industrial",Venezuela,2020,Tendencias en la investigación universitaria: una visión desde Latinoamérica,"MONICA ELIANA ARISTIZABAL VELASQUEZ, UBEIMAR AURELIO OSORIO ATEHORTUA, SONIA RUTH QUINTERO ARRUBLA",1
00150,003,Capítulos de libro publicados,Otro capítulo de libro publicado,El direccionamiento estratégico: determinante en la calidad gerencial de las organizaciones,Colombia,2020,Calidad a sangre fría,"LUIS FERNANDO QUINTERO ARANGO, NATALLY YEPES BAENA",1
00151,003,Capítulos de libro publicados,Capítulo de libro,DESARROLLO DE COMPETENCIAS EN INNOVACIÓN SOCIAL EN UNIVERSITARIOS,Venezuela,2020,Tendencias en la investigación universitaria: una visión desde Latinoamérica,"MONICA ELIANA ARISTIZABAL VELASQUEZ, JHON JAIRO CORREA ALVAREZ, EMERSON DARIO VARELA ROJAS",1
00152,003,Capítulos de libro publicados,Capítulo de libro,Capacidades dinámicas en organizaciones de ingeniería química,Colombia,2020,cccccccccccccc,"JUAN SANTIAGO CALLE PIEDRAHITA, BYRON ENRIQUE PORTILLA ROSERO, GLORIA MARIA ISAZA ZAPATA",1
00153,003,Capítulos de libro publicados,Capítulo de libro,EMPRENDIMIENTO SOCIAL Y LOS EFECTOS DE LA ECONOMÍA NARANJA EN LA CIUDAD DE MEDELLÍN,España,2020,retos y oportunidades para emprender en la sociedad del conocimiento,"JUAN SANTIAGO CALLE PIEDRAHITA, SANDRA MILENA MALAVERA PINEDA, PAULA ANDREA MALAVERA PINEDA",1
00154,003,Capítulos de libro publicados,Capítulo de libro,IMPACTO POR EL COVID19 EN EL SECTOR TURÍSTICO EN MEDELLÍN,España,2020,retos y oportunidades para emprender en la sociedad del conocimiento,"JUAN SANTIAGO CALLE PIEDRAHITA, SANDRA MILENA MALAVERA PINEDA, PAULA ANDREA MALAVERA PINEDA",1
00155,003,Capítulos de libro publicados,Capítulo de libro,Percepción de la gestión de innovación en el sector social solidario en Antioquia  Colombia,España,2020,retos y oportunidades para emprender en la sociedad del conocimiento,"JUAN SANTIAGO CALLE PIEDRAHITA, SANDRA MILENA MALAVERA PINEDA, PAULA ANDREA MALAVERA PINEDA",1
00156,003,Capítulos de libro publicados,Capítulo de libro,Liderazgo Educativo en la Cuarta Revolución Industrial,Italia,2020,Armonización pedagógica. Perspectivas e investigaciones sobre el futuro de la educación,"SANDRA MILENA MALAVERA PINEDA, PAULA ANDREA MALAVERA PINEDA, JUAN SANTIAGO CALLE PIEDRAHITA",1
00157,003,Capítulos de libro publicados,Capítulo de libro,Valor agregado del proceso formativo en los graduados de la Universidad Católica Luis Amigó,Colombia,2019,Tendencias en la investigación universitaria: una visión desde Latinoamerica,"MONICA ELIANA ARISTIZABAL VELASQUEZ, UBEIMAR AURELIO OSORIO ATEHORTUA, YAMARU DEL VALLE CHIRINOS ARAQUE",1
00158,003,Capítulos de libro publicados,Capítulo de libro,El liderazgo docente en el desarrollo de la Cuarta Revolución Industrial,Colombia,2019,Revoluciónen la formación y la capacitación para el siglo XXI volumen 2- edición 2,"SANDRA MILENA MALAVERA PINEDA, MONICA BETANCUR MARTINEZ, PAULA ANDREA MALAVERA PINEDA",1
00159,003,Capítulos de libro publicados,Capítulo de libro,EMPRENDIMIENTO EN COLOMBIA SURGIDO DEL DESPLAZAMIENTO EMPRESARIAL EN VENEZUELA. CASO: FACOLAC,España,2019,Emprendimiento e innovación: Oportunidades para todos,"UBEIMAR AURELIO OSORIO ATEHORTUA, GUILLERMO ALBERTO PEREIRA ALVAREZ, MONICA ELIANA ARISTIZABAL VELASQUEZ",1
00160,003,Capítulos de libro publicados,Capítulo de libro,Percepciones de los docentes sobre la inclusión educativa,Venezuela,2019,Gestión del conocimiento. Perspectiva Multidisciplinaria,"JUAN SANTIAGO CALLE PIEDRAHITA, GLORIA MARIA ISAZA ZAPATA, BYRON ENRIQUE PORTILLA ROSERO, ANA ISABEL ISAZA ZAPATA",1
00161,003,Capítulos de libro publicados,Capítulo de libro,ASSESSING THE ONE-FOR-ONE BUSINESS MODEL: AN EMPIRICAL MARKET RESEARCH FOR SUSTAINABLE ENTREPRENEURSHIP,España,2019,Emprendimiento e innovación: Oportunidades para todos,UBEIMAR AURELIO OSORIO ATEHORTUA,1
00162,003,Capítulos de libro publicados,Capítulo de libro,La cultura financiera en estudiantes de pregrado: riesgos y oportunidades en el manejo del dinero,Colombia,2018,Generación de conocimiento para la competitividad empresarial,"LUIS FERNANDO QUINTERO ARANGO, DANY ESTEBAN GALLEGO QUICENO, JORGE IVAN JIMENEZ SUAREZ, CAMILO ANDRES ECHEVERRI GUTIERREZ, LAURA ESTEFANY BUSTAMANTE PENAGOS",1
00163,003,Capítulos de libro publicados,Capítulo de libro,Matices de la planificación del desarrollo sostenible desde la complejidad,Venezuela,2018,Tendencias en la Investigación Universitaria: Una visión desde latinoaméricana,"YAMARU DEL VALLE CHIRINOS ARAQUE, NATALIYA BARBERA ALVARADO, LYNETH HAYMARA CAMEJO LOPEZ",1
00164,003,Capítulos de libro publicados,Capítulo de libro,Responsabilidad ética herramienta para mejorar la competitividad del sector servicios petroleros D,Venezuela,2018,Tendencias en la Investigación Universitaria. Una visión desde Latinoamérica.,"YAMARU DEL VALLE CHIRINOS ARAQUE, DORKYS COROMOTO ROJAS NIEVES",1
00165,003,Capítulos de libro publicados,Otro capítulo de libro publicado,Gomas naturais e suas aplicações na indústria alimentícia,Brasil,2018,Perspectivas para Agropecuária Sustentável,SEBASTIAN ARIAS GIRALDO,1
00166,003,Capítulos de libro publicados,Otro capítulo de libro publicado,Técnicas pós-colheita para manutenção da qualidade de frutas e hortaliças,Brasil,2018,Perspectivas para Agropecuária Sustentável,SEBASTIAN ARIAS GIRALDO,1
00167,003,Capítulos de libro publicados,Otro capítulo de libro publicado,Técnicas sustentáveis para armazenamento de grãos,Brasil,2018,Perspectivas para Agropecuária Sustentável,SEBASTIAN ARIAS GIRALDO,1
00168,003,Capítulos de libro publicados,Capítulo de libro,Concepciones sobre inteligencia financiera: un análisis en el contexto universitario de Medellín,Colombia,2018,Generación de conocimiento para la competitividad empresarial,"LUIS FERNANDO QUINTERO ARANGO, JORGE IVAN JIMENEZ SUAREZ, DANY ESTEBAN GALLEGO QUICENO, CAMILO ANDRES ECHEVERRI GUTIERREZ, LAURA ESTEFANY BUSTAMANTE PENAGOS",1
00169,003,Capítulos de libro publicados,Otro capítulo de libro publicado,Diseño y métodos de investigación,Colombia,2018,Situaciones y retos de la investigación en Latinoamérica. Universidad Católica Luis Amigó.,JUAN SANTIAGO CALLE PIEDRAHITA,1
00170,003,Capítulos de libro publicados,Capítulo de libro,Factores estratégicos de las empresas multilatinas de la ciudad de Medellín y su expansión en los mercados internacional,Colombia,2018,Generación de conocimiento para la competitividad empresarial,LUIS FERNANDO QUINTERO ARANGO,1
00171,003,Capítulos de libro publicados,Capítulo de libro,La educación ambiental en el proyecto educativo integral comunitaria: una reflexión desde la participación en comunidades escolares,Venezuela,2018,Tendencias en la investigación universitaria. Una visión desde Latinoamérica,"YAMARU DEL VALLE CHIRINOS ARAQUE, VICTOR HUGO MERINO CORDOBA, CARMEN YSABEL MARTINEZ DE MERINO",1
00172,003,Capítulos de libro publicados,Otro capítulo de libro publicado,Orientación al mercado: herramienta para la generación de ventaja competitiva e innovación en comercializadoras de químicos,Colombia,2017,Memorias Encuentro Nacional de Investigación,JUAN SANTIAGO CALLE PIEDRAHITA,1
00173,003,Capítulos de libro publicados,Otro capítulo de libro publicado,Tendencia prospectiva de estudios superiores de administración de empresas en Antioquia,Colombia,2017,Congreso Reflexiones sobre Administración,"JUAN SANTIAGO CALLE PIEDRAHITA, GLORIA MARIA ISAZA ZAPATA",1
00174,003,Capítulos de libro publicados,Otro capítulo de libro publicado,Enseñanza y aprendizaje en el contexto de educación superior.,Colombia,2016,Simposio de investigación ustamed libro de resúmenes,"JUAN SANTIAGO CALLE PIEDRAHITA, GLORIA MARIA ISAZA ZAPATA",1
00175,003,Capítulos de libro publicados,Otro capítulo de libro publicado,Percepciones de las dificultades en la innovación de emprendedores en Colombia.,Colombia,2016,resúmenes del Simposio de Investigación Ustamed 2016,"JUAN SANTIAGO CALLE PIEDRAHITA, GLORIA MARIA ISAZA ZAPATA",1
00176,003,Capítulos de libro publicados,Otro capítulo de libro publicado,Inteligencia emocional de los docentes de ciencias en la aplicación del método científico.,España,2015,Educación Científica Y Ciudadana En El Siglo Xxi,"JUAN SANTIAGO CALLE PIEDRAHITA, GLORIA MARIA ISAZA ZAPATA",1
00177,003,Capítulos de libro publicados,Otro capítulo de libro publicado,El control emocional del maestro: Base de una relación corresponsable de la sociedad.,Colombia,2015,SIMPOSIO DE INVESTIGACIÓN USTAMED 2015,"JUAN SANTIAGO CALLE PIEDRAHITA, GLORIA MARIA ISAZA ZAPATA",1
00178,003,Capítulos de libro publicados,Capítulo de libro,Nutresa Una estrategia de crecimiento empresarial,Colombia,2015,Casos De Crecimiento Empresarial,LUIS FERNANDO QUINTERO ARANGO,1
00179,003,Capítulos de libro publicados,Otro capítulo de libro publicado,Acercamiento a las características de la inteligencia intrapersonal de maestros,Colombia,2015,XVIII ENCUENTRO NACIONAL DE INVESTIGACIÓN,"JUAN SANTIAGO CALLE PIEDRAHITA, GLORIA MARIA ISAZA ZAPATA",1
00180,003,Capítulos de libro publicados,Otro capítulo de libro publicado,Aprender a investigar desde la infancia en con-texto del maestro investigador,Colombia,2015,Xiv Jornadas Y Ii Congreso Internacional Del Maestro Investigador: Investigar En Educación Y Educar En Investigación,"JUAN SANTIAGO CALLE PIEDRAHITA, GLORIA MARIA ISAZA ZAPATA",1
00181,003,Capítulos de libro publicados,Otro capítulo de libro publicado,ACERCAMIENTOS A LA INVESTIGACIÓN EN ESTRATEGIA ORGANIZACIONAL EN COLOMBIA,Colombia,2014,Investigacion En Administracion Y Redes Globales De Conocimiento,JUAN CARLOS MORALES GAVIRIA,1
00182,003,Capítulos de libro publicados,Capítulo de libro,CARACTERÍSTICAS DE LA INTELIGENCIA EMOCIONAL DEL MAESTRO QUE INFLUYEN EN EL USO DE LAS TIC EN LA INFANCIA,Argentina,2014,Reorganización De Las Trayectorias Escolares: Ciudad De Buenos Aires (Argentina): Programas De Aceleración,JUAN SANTIAGO CALLE PIEDRAHITA,1
00183,003,Capítulos de libro publicados,Otro capítulo de libro publicado,Construcción de un instrumento de medición de la madurez de la gestión de conocimiento,Colombia,2014,La Investigación,CARLOS MARIO DURANGO YEPES,1
00184,003,Capítulos de libro publicados,Otro capítulo de libro publicado,Prospectiva del Perfil de los Docentes para Enseñar Desde la Autonomía.,Colombia,2014,Prospectiva de la educación como eje de desarrollo económico,"JUAN SANTIAGO CALLE PIEDRAHITA, GLORIA MARIA ISAZA ZAPATA",1
00185,003,Capítulos de libro publicados,Otro capítulo de libro publicado,Madurez de la Gestión del Conocimiento en la dimensión tecnológica en grandes empresas de Medellín-Colombia,España,2014,Xlix Asamblea Anual De Cladea 2014. ¿Liderando Un Nuevo Mundo Global,CARLOS MARIO DURANGO YEPES,1
00186,003,Capítulos de libro publicados,Capítulo de libro,"La Gestión del Talento Humano, enfocada desde las teorías de sistemas, una propuesta para la competitividad de las personas y las organizaciones",Colombia,2014,Xlix Asamblea Anual De Cladea 2014. ¿Liderando Un Nuevo Mundo Global,MARIO LEON RESTREPO MUNERA,1
00187,003,Capítulos de libro publicados,Otro capítulo de libro publicado,Reflexiones sobre la motivación de estudiantes de básica primaria hacia la investigación en dos instituciones educativas (IE) del Valle De Aburrá,Colombia,2013,Congreso de Investigación y Pedagogía III Nacional II Internacional.,"JUAN SANTIAGO CALLE PIEDRAHITA, GLORIA MARIA ISAZA ZAPATA",1
00188,003,Capítulos de libro publicados,Otro capítulo de libro publicado,La comunicación de la responsabilidad social empresarial en la estrategia de la empresa: reflexiones y presentación de un ejercicio de análisis,Colombia,2013,Discusiones Contemporáneas De La Gestión,ALEXANDER MARIN LOPEZ,1
00189,003,Capítulos de libro publicados,Otro capítulo de libro publicado,Experiencia investigativa sobre el emprendimiento y sus dinámicas en la educación superior,Colombia,2013,Discusiones Contemporáneas De La Gestión,MARTHA DEL SOCORRO ALZATE CARDENAS,1
00190,003,Capítulos de libro publicados,Otro capítulo de libro publicado,Características de la investigación escolar promovida por los directivos docentes.,Colombia,2013,Robert Ashley,JUAN SANTIAGO CALLE PIEDRAHITA,1
00191,003,Capítulos de libro publicados,Otro capítulo de libro publicado,ANÁLISIS EXPLORATORIO DE LA MADUREZ DE LA GESTIÓN DEL CONOCIMIENTO EN GRANDES EMPRESAS DE LA CIUDAD DE MANIZALES,Colombia,2013,Memorias Del Encuentro Internacional De Investigadores En Administración 2013,CARLOS MARIO DURANGO YEPES,1
00192,003,Capítulos de libro publicados,Otro capítulo de libro publicado,Revisión de las Metodologías de Gestión Tecnológica y sus aplicaciones: 1995-2011,Colombia,2012,Iii Congreso Internacional De Gestión Tecnológica E Innovación. ¿Gestión De La Tecnología Y La Innovación Para La Competitividad En Los Mercados Abiertos¿,CARLOS MARIO DURANGO YEPES,1
00193,003,Capítulos de libro publicados,Otro capítulo de libro publicado,Aportes para la discusión de un concepto de innovación social,Colombia,2012,Los Retos De La Innovación Para La Universidad Colombiana,CARLOS ANDRES ARISTIZABAL BOTERO,1
00194,003,Capítulos de libro publicados,Capítulo de libro,"Facilitadores para creación de conocimiento organizacional desde la perspectiva de la dimensión humana""",Colombia,2012,Organización Y Conocimiento,CARLOS ANDRES ARISTIZABAL BOTERO,1
00195,003,Capítulos de libro publicados,Otro capítulo de libro publicado,Gestión del acoplamiento entre personas y sistemas organizacionales para su co-evolución,Colombia,2011,Organización Y Conocimiento,"MARIO LEON RESTREPO MUNERA, JULIANA MARIA ORTEGA FIGUEROA",1
00196,003,Capítulos de libro publicados,Otro capítulo de libro publicado,Perspectivas de conocimiento y modelos de Gestión del Conocimiento en el ambito académico y empresarial,Colombia,2011,Organización Y Conocimiento,CARLOS MARIO DURANGO YEPES,1
00197,003,Capítulos de libro publicados,Otro capítulo de libro publicado,Evaluación de procesos y Tecnologías de Gestión del Conocimiento en Grandes empresas de Medellín,Colombia,2011,Organización Y Conocimiento,CARLOS MARIO DURANGO YEPES,1
00198,003,Capítulos de libro publicados,Otro capítulo de libro publicado,Diagnóstico de la Gestión del conocimiento en la Universidad Pontificia Bolivariana,Colombia,2011,Organización Y Conocimiento,CARLOS MARIO DURANGO YEPES,1
00199,003,Capítulos de libro publicados,Otro capítulo de libro publicado,Facilitadores para creación de conocimiento organizacional desde la perspectiva de la dimensión humana,Colombia,2011,Organización Y Conocimiento,CARLOS ANDRES ARISTIZABAL BOTERO,1
00200,003,Capítulos de libro publicados,Otro capítulo de libro publicado,Evaluación de Procesos y Tecnologías de Gestión del Conocimiento en Grandes Empresas de Medellín,Colombia,2011,Organización Y Conocimiento,"CARLOS MARIO DURANGO YEPES, JOSE ENRIQUE ARIAS PEREZ",1
00201,003,Capítulos de libro publicados,Otro capítulo de libro publicado,Perspectivas de Conocimiento y Principales Modelos de Gestión del Conocimiento Implementados en el Contexto Empresarial y Académico,Colombia,2011,Organización Y Conocimiento,JOSE ENRIQUE ARIAS PEREZ,1
00202,003,Capítulos de libro publicados,Otro capítulo de libro publicado,Análisis comparativo de los modelos de madurez de la Gestión del Conocimiento en Grandes empresas de Medellín,Colombia,2011,Xiv Congreso Latino-Iberoaméricano De Gestión Tecnológica - Altec 2011. Innovación Para El Crecimiento Sostenible En El Marco Del Bicentenario,CARLOS MARIO DURANGO YEPES,1
00203,003,Capítulos de libro publicados,Otro capítulo de libro publicado,DISEÑO DEL SISTEMA DE INFORMACIÓN DE INDICADORES SOCIALES DE CIENCIA Y TECNOLOGÍA PARA LA FUNLAM,Colombia,2011,Memorias Del Vi Congreso Internacional De La Red De Investigación Y Docencia En Innovación Tecnológica Ridit,ALEXANDER MARIN LOPEZ,1
00204,003,Capítulos de libro publicados,Otro capítulo de libro publicado,Auditoria de conocimiento y aspectos organizacionales para la Gestión del Conocimiento,Colombia,2009,Xiii Seminario Latino-Iberoamericano De Gestión Tecnológica ¿ Altec 2009: Innovación Y Creatividad Para El Desarrollo Sostenible,CARLOS MARIO DURANGO YEPES,1
00205,003,Capítulos de libro publicados,Otro capítulo de libro publicado,Marketing Social en la Actualidad,Colombia,2008,Responsabilidad Social,MARIO LEON RESTREPO MUNERA,1
00206,003,Capítulos de libro publicados,Otro capítulo de libro publicado,"Prospectiva del marketing social en empresas de servicios. El marketing social, más allá de las acciones de responsabilidad social empresarial",Colombia,2008,Responsabilidad Social,CARLOS ANDRES ARISTIZABAL BOTERO,1
00207,003,Capítulos de libro publicados,Otro capítulo de libro publicado,El Mercadeo Social en la Actualidad,Colombia,2007,Cuadernillos de Administración,"JOSE ENRIQUE ARIAS PEREZ, CARLOS ANDRES ARISTIZABAL BOTERO, MARIO LEON RESTREPO MUNERA",1
00208,003,Capítulos de libro publicados,Otro capítulo de libro publicado,El Mercadeo Social en la Actualidad,Colombia,2007,Cuadernillos De Administración,"CARLOS ANDRES ARISTIZABAL BOTERO, MARIO LEON RESTREPO MUNERA, JOSE ENRIQUE ARIAS PEREZ",1
00209,004,Capítulos de libro publicados,Otro capítulo de libro publicado,Intrainnovación social en organizaciones de economía solidaria,Colombia,2025,Memorias del 1er Encuentro Iberoamericano de Economía Solidaria e Innovación Socioecoólogica,"OSWALDO SALGADO CANAVERAL, HERNANDO EMILIO ZABALA SALAZAR",1
00210,004,Capítulos de libro publicados,Capítulo de libro,Globalización y desigualdad: el papel de las políticas económicas,Colombia,2025,Estudios en el marco de los ODS: una mirada desde las ciencias administrativas,"ALBEIRO AGUIRRE RIOS, JUAN JOSE ESPINAL PIEDRAHITA, RUBY STELLA CABRERA JARAMILLO",1
00211,004,Capítulos de libro publicados,Capítulo de libro,Globalización y desigualdad: El papel de las políticas económicas,Colombia,2025,Estudios sobre Ciencias Administrativas en el marco de los Objetivos de Desarrollo Sostenible,"ALBEIRO AGUIRRE RIOS, JUAN JOSE ESPINAL PIEDRAHITA, RUBY STELLA CABRERA JARAMILLO",1
00212,004,Capítulos de libro publicados,Capítulo de libro,Hacia una mayor justicia fiscal en Colombia: evaluación de la progresividad del impuesto sobre la renta de asalariados tras la reforma tributaria del año 2022,Colombia,2025,Estudios en el marco de los ODS: una mirada desde las ciencias administrativas,"RUBY STELLA CABRERA JARAMILLO, ALBEIRO AGUIRRE RIOS, JUAN JOSE ESPINAL PIEDRAHITA, ANDRES FELIPE AGUDELO AGUDELO",1
00213,004,Capítulos de libro publicados,Capítulo de libro,Hacia una mayor justicia fiscal en Colombia: evaluación de la progresividad del impuesto sobre la renta de asalariados tras la reforma tributaria del año 2022,Colombia,2025,Estudios en el marco de los ODS: una mirada desde las ciencias administrativas,"RUBY STELLA CABRERA JARAMILLO, ALBEIRO AGUIRRE RIOS, JUAN JOSE ESPINAL PIEDRAHITA, ANDRES FELIPE AGUDELO AGUDELO",1
00214,004,Capítulos de libro publicados,Capítulo de libro,"Perspectivas del teletrabajo: un análisis en red de sus efectos sociales, económicos y ambientales utilizando la analogía del árbol.",Colombia,2025,Estudios en el marco de los ODS: una mirada desde las ciencias administrativas,"PEDRO LUIS DUQUE HURTADO, JOSE DAVID GIRALDO CASTELLANOS, PAOLA MARCELA ALZATE MONTOYA",1
00215,004,Capítulos de libro publicados,Capítulo de libro,Administración del talento y recursos humanos: análisis bibliométrico de la literatura,Colombia,2024,Gestion de las organizaciones una nueva opción,"MARIA ISABEL GUERRERO MOLINA, DAVID RESTREPO ARIZA, NATALIA MAYA ORTIZ",1
00216,004,Capítulos de libro publicados,Capítulo de libro,Circuitos y redes de cooperación en la planeación del desarrollo de Medellín,Colombia,2024,Gestion de las organizaciones una nueva opción,"ELIAS ALEXANDER VALLEJO MONTOYA, HERNANDO EMILIO ZABALA SALAZAR",1
00217,004,Capítulos de libro publicados,Capítulo de libro,Circuitos y redes de cooperación en la planeación del desarrollo de Medellín.,Colombia,2024,Gestion de las organizaciones una nueva opción,"HERNANDO EMILIO ZABALA SALAZAR, ELIAS ALEXANDER VALLEJO MONTOYA",1
00218,004,Capítulos de libro publicados,Capítulo de libro,Gestión de los emprendedores agrícolas del oriente antioqueño al legalizar su actividad empresarial,Colombia,2024,Gestion de las organizaciones una nueva opción,"LAURA ELENA ZAPATA JIMENEZ, JUAN SANTIAGO CALLE PIEDRAHITA, SANDRA MILENA MALAVERA PINEDA",1
00219,004,Capítulos de libro publicados,Capítulo de libro,Tendencias de la disciplina administrativa en la educación superior desde la teoría de grafos,Colombia,2024,Gestion de las organizaciones una nueva opción,LAURA ELENA ZAPATA JIMENEZ,1
00220,004,Capítulos de libro publicados,Otro capítulo de libro publicado,Política pública para el cooperativismo en América Latina: aproximaciones onceptuales,México,2023,El derecho cooperativo para el desarrollo de México,HERNANDO EMILIO ZABALA SALAZAR,1
00221,004,Capítulos de libro publicados,Otro capítulo de libro publicado,"Tecnología, democracia y gobierno cooperativo",Costa Rica,2023,III Congreso Latinoamericano de Derecho Cooperativo,HERNANDO EMILIO ZABALA SALAZAR,1
00222,004,Capítulos de libro publicados,Capítulo de libro,El emprendimiento sostenible en los estudiantes de la Universidad Católica Luis Amigó,España,2023,Persona,"LAURA ELENA ZAPATA JIMENEZ, JUAN SANTIAGO CALLE PIEDRAHITA, SANDRA MILENA MALAVERA PINEDA",1
00223,004,Capítulos de libro publicados,Capítulo de libro,Emprendimiento social - sostenible en la ciudad de Medellín,España,2023,Persona,LAURA ELENA ZAPATA JIMENEZ,1
00224,004,Capítulos de libro publicados,Capítulo de libro,La gestión del talento humano en la creación de las Mipymes,España,2023,Persona,"LAURA ELENA ZAPATA JIMENEZ, SANDRA MILENA MALAVERA PINEDA",1
00225,004,Capítulos de libro publicados,Capítulo de libro,IMPACTO DEL SISTEMA TRIBUTARIO COLOMBIANO: UN ANÁLISIS COMPARATIVO DEL RECAUDO Y LAS TRANSFERENCIAS A PARTIR DE LAS ALTERNATIVAS Y LECCIONES APRENDIDAS DE LAS REFORMAS TRIBUTARIAS 2000-2019,España,2023,Administración,JUAN JOSE ESPINAL PIEDRAHITA,1
00226,004,Capítulos de libro publicados,Capítulo de libro,Una visión innovadora del que hacer de las universidades con miras a ser empresas altamente rentables,Colombia,2022,la Nueva Era Vol. II Edición 1,"LAURA ELENA ZAPATA JIMENEZ, VICTORIA BLAQUISED RIVERA, SANDRA MILENA MALAVERA PINEDA",1
00227,004,Capítulos de libro publicados,Capítulo de libro,Formalización y normalización de la unidad de gestión del talento humano en las MiPymes,Colombia,2022,iencia transdisciplinar en la nueva era,"LAURA ELENA ZAPATA JIMENEZ, NICOLASA MARIA DURAN PALACIO, SANDRA MILENA MALAVERA PINEDA",1
00228,004,Capítulos de libro publicados,Otro capítulo de libro publicado,"La negociaciòn internacional: de la emoción y la esencia"" del libro de divulgación",Colombia,2022,Amor,"MARIA ISABEL GUERRERO MOLINA, LILIAN JOHANNA MARROQUIN NAVARRO",1
00229,004,Capítulos de libro publicados,Otro capítulo de libro publicado,Redefiniciones de política pública para el cooperativismo en América Latina,España,2022,Nuevas dinámicas mundiales en la era Post Covid. Desafíos para la economía pública,HERNANDO EMILIO ZABALA SALAZAR,1
00230,004,Capítulos de libro publicados,Capítulo de libro,CAMBIOS EN LA CULTURA SOLIDARIA DE UNA IES PRODUCTO DEL COVID 19,Venezuela,2021,Tendencias en la investigación universitaria.  Una visión desde Latinoamérica,"UBEIMAR AURELIO OSORIO ATEHORTUA, MONICA ELIANA ARISTIZABAL VELASQUEZ, SONIA RUTH QUINTERO ARRUBLA",1
00231,004,Capítulos de libro publicados,Otro capítulo de libro publicado,El autocontrol: Componente base del principio de autonomía e independencia de las cooperativas,Colombia,2021,Anuario CIRIEC Colombia 2020,HERNANDO EMILIO ZABALA SALAZAR,1
00232,004,Capítulos de libro publicados,Otro capítulo de libro publicado,"Cooperación en el aula, marco teórico, experiencias y bases para un proyecto pedagógico",Colombia,2021,Por un emprendimiento solidario desde la educación y la formación cooperativa,HERNANDO EMILIO ZABALA SALAZAR,1
00233,004,Capítulos de libro publicados,Capítulo de libro,"Circuito Económico Solidario (CES), Red Gran Sol en el municipio de Granada en Antioquia",Colombia,2021,Estudio de casos de gestión. Aportes para la comprensión del quehacer cooperativo en su dinámica empresarial,"OSWALDO ANTONIO SALGADO CANAVERAL, MARTHA DEL SOCORRO ALZATE CARDENAS, HERNANDO EMILIO ZABALA SALAZAR, JUAN FERNANDO ALVAREZ RODRIGUEZ",1
00234,004,Capítulos de libro publicados,Otro capítulo de libro publicado,Redes de inter-cooperación para la convivencia pacífica en Antioquia-Colombia,España,2021,Experiencias emergentes de la economía social en Iberoamérica,HERNANDO EMILIO ZABALA SALAZAR,1
00235,004,Capítulos de libro publicados,Capítulo de libro,Desafíos y oportunidades para la gestión del Talento Humano en Mipymes. Un estudio local,Italia,2020,tendencia interdisciplinares en administración,LAURA ELENA ZAPATA JIMENEZ,1
00236,004,Capítulos de libro publicados,Capítulo de libro,Desafíos y oportunidades para la gestión del Talento Humano en Mipymes. Un estudio local. Capítulo,Italia,2020,tendencia interdisciplinares en administración,"LAURA ELENA ZAPATA JIMENEZ, NICOLASA MARIA DURAN PALACIO",1
00237,004,Capítulos de libro publicados,Capítulo de libro,PROPUESTA DE UN SISTEMA DE INTELIGENCIA Y VIGILANCIA EMPRESARIAL COMO MECANISMO DE SUPERVIVENCIA EN LAS UNIVERSIDADES DEL SIGLO 21,Colombia,2020,Revolución en la formación y la capacitación para el siglo xxi,"LAURA ELENA ZAPATA JIMENEZ, VICTORIA BLAQUISED RIVERA, SANDRA MILENA MALAVERA PINEDA",1
00238,004,Capítulos de libro publicados,Capítulo de libro,Modelo de exportación para pymes del sector textil y confecciones en Antioquia. Estudio de caso de sociedad por acciones simplificadas,Colombia,2020,Casos de internacionalización: lecciones aprendidas y compartidas,"MARIA ISABEL GUERRERO MOLINA, LUIS FERNANDO QUIROS ARANGO, ALVARO CRUZ MENDEZ",1
00239,004,Capítulos de libro publicados,Capítulo de libro,Tendencias motivadoras en la gestión del talento humano: Universidad Católica Luis Amigó,Italia,2020,PEDAGOGÍA Y LITERACIDAD. PENSAMIENTO CRÍTICO ENTRE RETOS E INVESTIGACIONES,LAURA ELENA ZAPATA JIMENEZ,1
00240,004,Capítulos de libro publicados,Capítulo de libro,PROPUESTA DE UN SISTEMA DE INTELIGENCIA Y VIGILANCIA EMPRESARIAL COMO MECANISMO DE SUPERVIVENCIA EN LAS UNIVERSIDADES DEL SIGLO 21,Colombia,2020,Revolución en la formación y la capacitación para el siglo XXI. Segunda Edición,"VICTORIA BLAQUISED RIVERA, LAURA ELENA ZAPATA JIMENEZ, SANDRA MILENA MALAVERA PINEDA",1
00241,004,Capítulos de libro publicados,Capítulo de libro,"Desarrollo rural, acuerdos de paz en Colombia y potenciales de la economía solidaria",Colombia,2020,Incidencia de la economía social y solidaria a partir de prácticas de ética,HERNANDO EMILIO ZABALA SALAZAR,1
00242,004,Capítulos de libro publicados,Capítulo de libro,"Desarrollo rural, acuerdos de paz en Colombia y potenciales de la economía solidaria.",Colombia,2020,Incidencia de la economía social y solidaria a partir de prácticas de ética,"MARTHA DEL SOCORRO ALZATE CARDENAS, HERNANDO EMILIO ZABALA SALAZAR, OLGA LUCIA ARBOLEDA ALVAREZ",1
00243,004,Capítulos de libro publicados,Capítulo de libro,Marketing digital y comercio electrónico: un análisis bibliométrico,Colombia,2020,nuevos modelos de negocio,PEDRO LUIS DUQUE HURTADO,1
00244,004,Capítulos de libro publicados,Capítulo de libro,"Mercado de Productos Alimenticios FIT en la Ciudad de Pereira, Colombia",Colombia,2020,nuevos modelos de negocio,PEDRO LUIS DUQUE HURTADO,1
00245,004,Capítulos de libro publicados,Otro capítulo de libro publicado,Modelo de Exportación para pymes en Antioquia. Estudio de caso de Sociedad por Acciones Simplificada (S.A.S),Colombia,2019,Memorias de Investigación: Feria de Semilleros y Jornadas de investigación de UNIMINUTO,"MARIA ISABEL GUERRERO MOLINA, LUIS FERNANDO QUIROS ARANGO, ALVARO CRUZ MENDEZ",1
00246,004,Capítulos de libro publicados,Capítulo de libro,"La educación superior en Colombia y su relación con lo social, económico, laboral, ciencia, tecnología e investigación",Colombia,2019,Revolución en la formación y la capacitación para el siglo XXI. Segunda Edición,VICTORIA BLAQUISED RIVERA,1
00247,004,Capítulos de libro publicados,Capítulo de libro,Asociatividad y cadena de valor fortalecimiento sector turístico: municipios de Bahía Solano y Nuquí,Colombia,2019,XXII Encuentro Nacional de Investigación (Universidad Católica Luis Amigó),VICTORIA BLAQUISED RIVERA,1
00248,004,Capítulos de libro publicados,Otro capítulo de libro publicado,Asociatividad y cadena de valor fortalecimiento sector turístico: municipios Bahía Solano y Nuquí,Colombia,2019,XXII Encuentro Nacional de Investigación (Universidad Católica Luis Amigó),VICTORIA BLAQUISED RIVERA,1
00249,004,Capítulos de libro publicados,Capítulo de libro,Elementos Teóricos conceptuales asociados a la innovación en la generación agro-biotecnológica en Colombia,Venezuela,2019,Gestión el Conocimiento. Perspectivas Multidisciplinarias,ELIAS ALEXANDER VALLEJO MONTOYA,1
00250,004,Capítulos de libro publicados,Capítulo de libro,Elementos teóricos conceptuales asociados a la innovacion en la gerencia agro- biotecnológica en Colombia,Venezuela,2019,Gestión el Conocimiento. Perspectivas Multidisciplinarias,ELIAS ALEXANDER VALLEJO MONTOYA,1
00251,004,Capítulos de libro publicados,Otro capítulo de libro publicado,Propósitos y sentidos de la educación cooperativa,Colombia,2018,Apuntes para el fomento de la asociatividad y el logro de los objetivos de desarrollo sostenible,"HERNANDO EMILIO ZABALA SALAZAR, ALBERTO JOSE GARCIA MULLER, ANA MILENA SILVA VALENCIA, JAVIER SILVA DIAZ",1
00252,004,Capítulos de libro publicados,Otro capítulo de libro publicado,Effects of the Economic Openness as Trade Policy In the Colombian Dairy Industry,Italia,2018,Sustainable Economic Development and Application of Innovation Management,"JOSE JAIME BAENA ROJAS, JOSE ALEJANDRO CANO ARENAS",1
00253,004,Capítulos de libro publicados,Otro capítulo de libro publicado,The institutional organization of health in Colombia and its disconnection with the common good and mutuality,Bélgica,2018,Providing public goods and commons. Towards coproduction and new forms of governance for a revival of public action,"HERNANDO EMILIO ZABALA SALAZAR, JUAN FERNANDO ALVAREZ RODRIGUEZ, MIGUEL ALFONSO GORDO GRANADOS",1
00254,004,Capítulos de libro publicados,Otro capítulo de libro publicado,Propuesta de instrumento para el reporte del cumplimiento del plan para una década cooperativa en el caso colombiano,Brasil,2018,VI Conferência Internacional de Pesquisas e Estudos sobre Economia Social e Solidária,"HERNANDO EMILIO ZABALA SALAZAR, JUAN FERNANDO ALVAREZ RODRIGUEZ",1
00255,004,Capítulos de libro publicados,Capítulo de libro,Effects of the economic openness as trade policy in the Colombian dairy industry,Italia,2018,Sustainable Economic Development and Application of Innovation Management,"JOSE JAIME BAENA ROJAS, JOSE ALEJANDRO CANO ARENAS",1
00256,004,Capítulos de libro publicados,Otro capítulo de libro publicado,Dinamica de desarrollo de las cooperativas de caficultores de Antioquia,Colombia,2016,SIMPOSIO DE INVESTIGACIÓN USTAMED:LIBRO DE RESUMENES,"OLGA LUCIA ARBOLEDA ALVAREZ, HERNANDO ZABALA SALAZAR, EDUARDO NICOLAS CUETO FUENTES",1
00257,004,Capítulos de libro publicados,Capítulo de libro,"Exclusión social y desigualdad: concepciones, percepciones y vivencias desde la marginalidad",Costa Rica,2016,Acta académica: XXX Congreso de la Asociación Latinoamericana de Sociología,"OLGA LUCIA ARBOLEDA ALVAREZ, JENNY ACEVEDO VALENCIA, SANTIAGO ALBERTO MORALES MESA",1
00258,004,Capítulos de libro publicados,Capítulo de libro,Condiciones laborales y de protección social de pequeños y medianos agricultores del sector solidario en el suroeste de Antioquia,México,2016,Investigaciones Y Experiencias En Economía Solidaria: México-Colombia,"LUZ DOLLY LOPERA GARCIA, EMMANUEL SALVADOR NIETO LOPEZ, FRANCISCO JAVIER AGUIRRE ECHAVARRIA",1
00259,004,Capítulos de libro publicados,Capítulo de libro,Colombia: evolución y desventuras del cooperativismo de trabajo asociado,España,2015,Empresas Gestionadas Por Sus Trabajadores,HERNANDO EMILIO ZABALA SALAZAR,1
00260,004,Capítulos de libro publicados,Capítulo de libro,El cooperativismo de trabajo asociado de Colombia en el periodo crítico (2011-2014),Argentina,2015,Las Cooperativas De Trabajo En América Latina,HERNANDO EMILIO ZABALA SALAZAR,1
00261,004,Capítulos de libro publicados,Otro capítulo de libro publicado,CONSTRUCCIÓN DE TEJIDO SOCIAL Y SOLIDARIO EN LA RED DE ECONOMÍA SOLIDARIA DE ANTIOQUIA REDESOL ANTIOQUIA. 2004-2011,Colombia,2014,Ciudadanía Desarrollo Territorial Y Paz,OSWALDO ANTONIO SALGADO CANAVERAL,1
00262,004,Capítulos de libro publicados,Otro capítulo de libro publicado,Tendencias de la Integración Económica Latinoamericana,Colombia,2014,La Investigación,CAMILO ALBERTO HIGUITA CARDENAS,1
00263,004,Capítulos de libro publicados,Capítulo de libro,Avances de la intercooperación en la región de Antioquia,Colombia,2014,Ciudadanía Desarrollo Territorial Y Paz,HERNANDO EMILIO ZABALA SALAZAR,1
00264,004,Capítulos de libro publicados,Capítulo de libro,Proceso de adopción y convergencia en Colombia,Colombia,2014,Estándares Internacionales Financieros Y Contables,HERNANDO EMILIO ZABALA SALAZAR,1
00265,004,Capítulos de libro publicados,Otro capítulo de libro publicado,Estrategias de sobrevivencia de los jóvenes en condición de pobreza,Colombia,2014,La Investigación,"OLGA LUCIA ARBOLEDA ALVAREZ, SANTIAGO ALBERTO MORALES MESA",1
00266,004,Capítulos de libro publicados,Capítulo de libro,Las afectaciones de las normas internacionales contables en el sector cooperativo,Colombia,2014,Estándares Internacionales Financieros Y Contables,HERNANDO EMILIO ZABALA SALAZAR,1
00267,004,Capítulos de libro publicados,Capítulo de libro,Tendencias de la Integración Económica Latinoamericana,Colombia,2014,La Investigación,CAMILO ALBERTO HIGUITA CARDENAS,1
00268,004,Capítulos de libro publicados,Otro capítulo de libro publicado,Naturaleza socieconómica de las cooperativas. Su relación con las fuentes de tributación,Argentina,2014,Congreso Continental de Derecho Cooperativo,HERNANDO EMILIO ZABALA SALAZAR,1
00269,004,Capítulos de libro publicados,Capítulo de libro,Políticas públicas para la internacionalización del cooperativismo,Colombia,2012,Cooperativismo E Internacionalización Tomo Ii,HERNANDO EMILIO ZABALA SALAZAR,1
00270,004,Capítulos de libro publicados,Capítulo de libro,Definiendo el problema: los obstáculos a la internacionalización cooperativa,Colombia,2012,Cooperativismo E Internacionalización Tomo Ii,HERNANDO EMILIO ZABALA SALAZAR,1
00271,004,Capítulos de libro publicados,Otro capítulo de libro publicado,Tendencias de la legislación sobre la economía solidaria y sus efectos en el mutualismo colombiano,Colombia,2012,Reformas Legislativas En El Derecho Social Y Solidario Iberoamericano,HERNANDO EMILIO ZABALA SALAZAR,1
00272,004,Capítulos de libro publicados,Otro capítulo de libro publicado,DESARROLLO Y PLANIFICACIÓN DEL DESARROLLO COLOMBIANO EN LA CONSTITUCIÓN POLÍTICA DE 1991,Colombia,2011,Elementos De Planificación Contable,FRANCISCO JAVIER AGUIRRE ECHAVARRIA,1
00273,004,Capítulos de libro publicados,Otro capítulo de libro publicado,Análisis de la regulación para empresas solidarias en Colombia,Colombia,2011,Innovación Y Economía Social Solidaria,HERNANDO EMILIO ZABALA SALAZAR,1
00274,004,Capítulos de libro publicados,Capítulo de libro,Aportes a la conceptualización de capital social a partir del analisis de experiencias de organizaciones sociales y comunitarias de la ciudad de Medellín,Colombia,2009,Proceso de consolidación de Capital Social en la ciudad de Medellín en el marco de los enfoques de desarrollo humano y responsabilidad social,OLGA LUCIA ARBOLEDA ALVAREZ,1
00275,004,Capítulos de libro publicados,Otro capítulo de libro publicado,Multiactividad e integración de las cooperativas,Colombia,2009,Racionalidad,"HERNANDO EMILIO ZABALA SALAZAR, JAVIER SILVA DIAZ",1
00276,004,Capítulos de libro publicados,Capítulo de libro,Aproximación a un concepto critico de capital social,Colombia,2009,Proceso de consolidación de Capital Social en la ciudad de Medellín en el marco de los enfoques de desarrollo humano y responsabilidad social,OLGA LUCIA ARBOLEDA ALVAREZ,1
00277,004,Capítulos de libro publicados,Otro capítulo de libro publicado,El ethos de la solidaridad,Colombia,2009,Cuadernos Ases Para La Reflexión,"LUZ DOLLY LOPERA GARCIA, EMMANUEL SALVADOR NIETO LOPEZ",1
00278,004,Capítulos de libro publicados,Capítulo de libro,Proceso de consolidación de capital social de capital social en la ciudad de Medellín en el marco de los enfoques de desarrollo humano y responsabilidad social,Colombia,2008,Tuberculosis En Población Indigente De Medellín: Análisis De Los Patrones De Transmisión De Mycobacterium Tuberculosis Y Su Asociación Con Trastornos Mentales Y Factores Psicosociales,"ALFREDO GHISO COTOS, ELKIN QUIROS LIZARAZO, OLGA LUCIA ARBOLEDA ALVAREZ",1
00279,004,Capítulos de libro publicados,Otro capítulo de libro publicado,Comportamiento de la Economía Solidaria en Colombia y Antioquia,México,2007,Sociedad Civil Y Desarrollo Local,LUZ DOLLY LOPERA GARCIA,1
00280,004,Capítulos de libro publicados,Otro capítulo de libro publicado,Economía solidaria y calidad de vida,Colombia,2002,Construcción Interactiva De Ambientes Para El Desarrolo Humano: Rompiendo Circulos De Explotación Sexual Infantil Y Juvenil: Acercamientos Metodológicos Y Teóricos,CLARA INES ORREGO CORREA,1
00281,004,Capítulos de libro publicados,Otro capítulo de libro publicado,Cooperativismo y alternatividad,Colombia,2001,Descripción y analisis de variables de la economía solidaria en Antioquia,LUZ DOLLY LOPERA GARCIA,1
00282,004,Capítulos de libro publicados,Otro capítulo de libro publicado,"Vida, calidad y sentido",Colombia,2001,Interacciones Y Pensamientos. Explotación Sexual Infantil Y Juvenil: Construcción De Comunidad Académica Y Avances Investigativos,CLARA INES ORREGO CORREA,1
00283,004,Capítulos de libro publicados,Otro capítulo de libro publicado,Descripción y análisis de variables de la economía solidaria en Antioquia,Colombia,2001,Descripción y analisis de variables de la economía solidaria en Antioquia,LUZ DOLLY LOPERA GARCIA,1
00284,004,Capítulos de libro publicados,Otro capítulo de libro publicado,Historia de las prácticas solidarias en Antioquia. El caso de la sociedad de San Vicente de Paul,Colombia,1995,Regiones Ciudades Empresarios Y Trabajadores En La Historia De Colombia,"OLGA LUCIA ARBOLEDA ALVAREZ, ANTONIO MARIN CASTANO",1
00285,005,Capítulos de libro publicados,Capítulo de libro,Diferencias de género en la relación entre empatía y acoso escolar en adolescentes,Colombia,2026,Estudios en neurociencias cognitivas aplicadas,"ANYERSON STITHS GOMEZ TABARES, CESAR ANDRES CARMONA CARDONA, CARLOS MAURICIO AGUDELO GALLEGO",1
00286,005,Capítulos de libro publicados,Capítulo de libro,Estrategias enfocadas a docentes para el abordaje del Trastorno por Déficit de Atención/Hiperactividad (TDAH) en el aula: revisión,Colombia,2026,Estudios en neurociencias cognitivas aplicadas,"ALEJANDRA HERRERA VELEZ, ISABELA GARCIA LOPERA, ALEJANDRA BEDOYA CARRENO, CATALINA QUINTERO LOPEZ",1
00287,005,Capítulos de libro publicados,Capítulo de libro,lntegración religiosa como factor de protección at comportamiento suicida. Una comprensión hermenéutica desde E. Durkheim,Ecuador,2025,Epistemología y prácticas de la Psicología,"LUIS FERNANDO QUINTERO ARANGO, OMAR AUGUSTO AMADOR SANCHEZ",1
00288,005,Capítulos de libro publicados,Capítulo de libro,"Autismo, Cognición Social y Conducta Adaptativa: una Serie de Casos",Colombia,2024,ALCANCES EN NEUROCIENCIAS COGNITIVAS - TOMO 4,"CESAR ANDRES CARMONA CARDONA, CATALINA BETANCUR LOAIZA, ANDRES MUNOZ ORTIZ, ANLLY CORREA GIRALDO",1
00289,005,Capítulos de libro publicados,Capítulo de libro,"Rasgos psicopáticos en niños y adolescentes: la influencia de los estilos de apego. (Estilo de apego, rasgos insensibles y carentes de emociones)",Colombia,2023,Avances en Neurociencias Cognitivas,"CESAR ANDRES CARMONA CARDONA, OLBER EDUARDO ARANGO TOBON, YESID FELIPE TAPIAS MEDINA",1
00290,005,Capítulos de libro publicados,Capítulo de libro,Artifcial Neural Network for the Prediction of Depression Derived from COVID-19 Among Colombian College Students,Suiza,2023,Psychology and Covid-19 in the Americas: Volume 2,"CATALINA QUINTERO LOPEZ, VICTOR DANIEL GIL VERA, RODRIGO MAZO ZEA",1
00291,005,Capítulos de libro publicados,Otro capítulo de libro publicado,Reconocimiento y expresión emocional: su relación con la salud mental,Colombia,2022,Amor,"JUAN DIEGO BETANCUR ARIAS, CLAUDIA MARCELA ARANA MEDINA",1
00292,005,Capítulos de libro publicados,Capítulo de libro,Psychopathic traits in children and adolescents:The influence of attachment styles(Callous Unemotional Traits andattachment styles),Colombia,2022,Avances en Neurociencias Cognitivas,OLBER EDUARDO ARANGO TOBON,1
00293,005,Capítulos de libro publicados,Otro capítulo de libro publicado,Las circunstancias facticas para la imputación del feminicidio en Colombia,Colombia,2022,Violencias basadas en género: la otra tragedia de Colombia. Planteamientos académicos,"JUAN DIEGO BETANCUR ARIAS, ISABEL CRISTINA PUERTA LOPERA",1
00294,005,Capítulos de libro publicados,Capítulo de libro,Intervenciones psicológicas en niños y adolescentes con trastorno de conducta y rasgos insensibles y carentes de emociones: una revisión narrativa,Colombia,2022,Avances en neurociencias cognitivas,"YESID FELIPE TAPIAS MEDINA, OLBER EDUARDO ARANGO TOBON, PAOLA ANDREA MIRANDA GUTIERREZ, MARIA CAMILA MONTOYA URIBE, DAYANA MELISSA SANCHEZ MONSALVE, CESAR ANDRES CARMONA CARDONA",1
00295,005,Capítulos de libro publicados,Capítulo de libro,La tipificación de la conducta criminal feminicida y las tipologias de feminicidio desde un analisis ecologico - contextual y neuropsicologico,Colombia,2021,Violencias basadas en género: la otra tragedia de Colombia. Indagaciones.,"JUAN DIEGO BETANCUR ARIAS, LUIS FERNANDO QUINTERO ARANGO, JORMARIS MARTINEZ GOMEZ, ISABEL CRISTINA PUERTA LOPERA",1
00296,005,Capítulos de libro publicados,Capítulo de libro,Modelo ecológico para explicar el feminicidio en el marco jurídico-legal Colombiano: la necesidad de una mirada dialéctica contextual,Colombia,2021,Violencias basadas en género: la otra tragedia de Colombia. Indagaciones.,"JUAN DIEGO BETANCUR ARIAS, ISABEL CRISTINA PUERTA LOPERA",1
00297,005,Capítulos de libro publicados,Otro capítulo de libro publicado,La soledad: un fenómeno psíquico complejo en tiempos de confinamiento por el COVID-19,Colombia,2021,Educación y COVID-19: reflexiones académicas en tiempos de pandemia,"JUAN DIEGO BETANCUR ARIAS, CLAUDIA MARCELA ARANA MEDINA, ISABEL CRISTINA PUERTA LOPERA",1
00298,005,Capítulos de libro publicados,Capítulo de libro,Modelo ecológico para explicar el feminicidio en el marco jurídico-legal colombiano: la necesidad de una mirada dialéctica contextual,Colombia,2021,Violencias basadas en género: la otra tragedia de Colombia. Indagaciones.,"OMAR AUGUSTO AMADOR SANCHEZ, JUAN DIEGO BETANCUR ARIAS, LUIS FERNANDO QUINTERO ARANGO, STEFANI CASTANO TORRES, ANGELA MARIA VELASQUEZ VELASQUEZ, JENNY MARCELA ACEVEDO VALENCIA, ISABEL CRISTINA PUERTA LOPERA",1
00299,005,Capítulos de libro publicados,Capítulo de libro,Efectos de la actividad física sobre las funciones ejecutivas: Revisión sistemática,Colombia,2021,Avances en educación física y deportes,"CATALINA QUINTERO LOPEZ, CAROLINA VASQUEZ LOPEZ, VICTOR DANIEL GIL VERA, JENNIFER ALZATE JARAMILLO",1
00300,005,Capítulos de libro publicados,Capítulo de libro,COVID-19: Un Análisis Basado en Minería de Texto,Colombia,2020,Investigación e Innovación en Ingeniería de Software Volumen 4,"VICTOR DANIEL GIL VERA, CATALINA QUINTERO LOPEZ",1
00301,005,Capítulos de libro publicados,Capítulo de libro,COVID-19: UN ANÁLISIS BASADO EN MINERÍA DE TEXTO,Colombia,2020,Investigación e innovación en ingeniería de software. Volumen 4,"CATALINA QUINTERO LOPEZ, VICTOR DANIEL GIL VERA",1
00302,005,Capítulos de libro publicados,Capítulo de libro,Agrupamiento Jerárquico sobre Uso de las TIC en Colombia: Un caso de Aplicación del Machine Learning,Colombia,2019,investigación E INNOVACIÓN EN INGENIERÍA DEL SOFTWARE,"VICTOR DANIEL GIL VERA, CATALINA QUINTERO LOPEZ",1
00303,005,Capítulos de libro publicados,Otro capítulo de libro publicado,Minería de texto aplicada al análisis de la percepción del Bitcoin en Colombia,Colombia,2019,XXII Encuentro Nacional de Investigación,VICTOR DANIEL GIL VERA,1
00304,005,Capítulos de libro publicados,Otro capítulo de libro publicado,Perfil neuropsicológico de excombatientes en Colombia,Colombia,2019,"XXII Encuentro Nacional de investigación ""La integralidad formativa: una visión humanista¿",CATALINA QUINTERO LOPEZ,1
00305,005,Capítulos de libro publicados,Otro capítulo de libro publicado,Minería de texto sobre rituales Incas: el caso de los niños de Llullaillaco,Colombia,2018,"""Memorias XXI Encuentro Nacional de Investigación 2018""",VICTOR DANIEL GIL VERA,1
00306,005,Capítulos de libro publicados,Otro capítulo de libro publicado,Alimentación y química cerebral: un análisis relacional,Colombia,2018,"""Memorias XXI Encuentro Nacional de Investigación 2018""",VICTOR DANIEL GIL VERA,1
00307,005,Capítulos de libro publicados,Otro capítulo de libro publicado,Sistema experto para el diagnóstico de enfermedades mentales,Colombia,2018,"""Memorias XXI Encuentro Nacional de Investigación 2018""","VICTOR DANIEL GIL VERA, JUAN DIEGO BETANCUR ARIAS, LINA MARIA MONTOYA SUAREZ",1
00308,005,Capítulos de libro publicados,Otro capítulo de libro publicado,Presentación general Situaciones y retos de la investigación en Latinoamérica,Colombia,2018,situaciones y retos de la investigación en latinoamérica,"PAULA ANDREA MONTOYA ZULUAGA, SONIA NATALIA COGOLLO OSPINA",1
00309,005,Capítulos de libro publicados,Otro capítulo de libro publicado,SECCIÓN I Fundamentación teórica en investigación Presentación de la sección,Colombia,2018,situaciones y retos de la investigación en latinoamérica,"PAULA ANDREA MONTOYA ZULUAGA, MARIO ALEJANDRO LOPEZ OCAMPO",1
00310,005,Capítulos de libro publicados,Otro capítulo de libro publicado,Reflexiones sobre la construcción de problemas de investigación desde las perspectivas empírico-analítica (investigación cuantitativa) e histórico- hermenéutica (investigación cualitativa),Colombia,2018,situaciones y retos de la investigación en latinoamérica,"PAULA ANDREA MONTOYA ZULUAGA, STEFANI CASTANO TORRES",1
00311,005,Capítulos de libro publicados,Otro capítulo de libro publicado,La investigación formativa como una oportunidad para generar reflexiones académicas acerca de los conocimientos cientificos.Contextos y realidades,Colombia,2018,situaciones y retos de la investigación en latinoamérica,"JUAN DIEGO BETANCUR ARIAS, PAULA ANDREA MONTOYA ZULUAGA, LUIS FERNANDO QUINTERO ARANGO",1
00312,005,Capítulos de libro publicados,Capítulo de libro,Capítulo 2: Desarrollo y estandarización del test de memoria y aprendizaje en una muestra de niños del municipio de Medellín.,Colombia,2017,Hacia un concepto multifactorial del aprendizaje y la memoria. Aproximaciones Neuropsicopedagógicas,"DANIEL CAMILO AGUIRRE ACEVEDO, PAULA ANDREA MONTOYA ZULUAGA",1
00313,005,Capítulos de libro publicados,Capítulo de libro,Capítulo 3: Una aproximación al desarrollo de los sistemas de memoria.,Colombia,2017,Hacia un concepto multifactorial del aprendizaje y la memoria. Aproximaciones Neuropsicopedagógicas,PAULA ANDREA MONTOYA ZULUAGA,1
00314,005,Capítulos de libro publicados,Capítulo de libro,Capítulo 3: Funcionamiento de la atención y la memoria operativa en niños que interpretan instrumentos de textura polifónica o monofónica.,Colombia,2017,Hacia un concepto multifactorial del aprendizaje y la memoria. Aproximaciones Neuropsicopedagógicas,PAULA ANDREA MONTOYA ZULUAGA,1
00315,005,Capítulos de libro publicados,Capítulo de libro,"Capítulo 1: Relación entre atención, memoria operativa y procesos de lectura y escritura en un caso con Trastorno Por Déficit De Atención Con Hiperactividad Subtipo Inatento (TDAH-I) y un caso control.",Colombia,2017,Hacia un concepto multifactorial del aprendizaje y la memoria. Aproximaciones Neuropsicopedagógicas,"CARLOS ANDRES TORO, PAULA ANDREA MONTOYA ZULUAGA",1
00316,005,Capítulos de libro publicados,Capítulo de libro,"Funciones ejecutivas, memoria y aprendizaje",Colombia,2017,Hacia un concepto multifactorial del aprendizaje y la memoria. Aproximaciones neuropsicopedagógicas (Vol. I),JUAN DIEGO BETANCUR ARIAS,1
00317,005,Capítulos de libro publicados,Capítulo de libro,"Capítulo 1: Estandarización del test de memoria y aprendizaje (TOMAL) en población infantil: el qué, el para qué y el por qué.",Colombia,2017,Hacia un concepto multifactorial del aprendizaje y la memoria. Aproximaciones Neuropsicopedagógicas,PAULA ANDREA MONTOYA ZULUAGA,1
00318,005,Capítulos de libro publicados,Otro capítulo de libro publicado,Modelo de simulación para la predicción de la población en centros de atención especializados para menores infractores,Colombia,2015,Memorias del Encuentro Nacional de Investigación- Funlam 2015,"VICTOR DANIEL GIL VERA, ANGELICA PATRICIA VELASCO LOPEZ",1
00319,005,Capítulos de libro publicados,Capítulo de libro,"""Intervención neurocognitiva de comportamientos disruptivos como profilaxis de comportamientos violentos y delincuenciales en población vulnerable de la ciudad de Medellín""",Colombia,2015,XVIII Encuentro Nacional de Investigación Funlam: La investigación una oportunidad social.,CLAUDIA MARCELA ARANA MEDINA,1
00320,005,Capítulos de libro publicados,Capítulo de libro,RESPONSABILIDAD SOCIAL UNIVERSITARIA: FORMACIÓN SOCIALMENTE RESPONSABLE,Colombia,2015,EXPERIENCIAS IBEROAMERICANAS EN RESPONSABILIDAD SOCIAL UNIVERSITARIA,OLBER EDUARDO ARANGO TOBON,1
00321,005,Capítulos de libro publicados,Capítulo de libro,Retos en la atención de la conducta disruptiva infantil y adolescente en el contexto escolar,Colombia,2015,Retos Y Realidades De La Psicología Educativa,CLAUDIA MARCELA ARANA MEDINA,1
00322,005,Capítulos de libro publicados,Capítulo de libro,Las PRÁCTICAS ADECUADAS DE CRIANZA EN EL TRATAMIENTO DEL TRASTORNO NEGATIVISTA DESAFIANTE: UNA REFLEXIÓN A LA LUZ DE LA TEORÍA,Colombia,2014,La Investigación,CLAUDIA MARCELA ARANA MEDINA,1
00323,005,Capítulos de libro publicados,Capítulo de libro,"Alteración y rehabilitación neurocognitiva de las funciones ejecutivas y de la cognición social, en niños que presentan conductas disruptivas : una revisión investigativa",Colombia,2014,La Investigación,CLAUDIA MARCELA ARANA MEDINA,1
00324,005,Capítulos de libro publicados,Capítulo de libro,Cognición social en personas con trastorno antisocial de la personalidad,Colombia,2013,Robert Ashley,CLAUDIA MARCELA ARANA MEDINA,1
00325,005,Capítulos de libro publicados,Capítulo de libro,Rehabilitación de la Cognición Social en personas con trastorno antisocial de la personalidad,Colombia,2013,Robert Ashley,CLAUDIA MARCELA ARANA MEDINA,1
00326,005,Capítulos de libro publicados,Otro capítulo de libro publicado,Cognición Social en el Trastorno Disocial de la Conducta,Colombia,2013,Robert Ashley,OLBER EDUARDO ARANGO TOBON,1
00327,005,Capítulos de libro publicados,Capítulo de libro,"Funciones Ejecutivas y Cognición Social en sujetos con diagnóstico de personalidad antisocial, una revisión teórica e investigativa",Colombia,2012,Análisis Comparativo De La Competencia Genérica Razonamiento Cuantitativo De La Prueba Saberpro Y Su Relación Con Los Cursos Ofrecidos Por El Departamento De Ciencias Básicas En Los Programas De Pregrado De La Funlam Y La U De M,CLAUDIA MARCELA ARANA MEDINA,1
00328,006,Capítulos de libro publicados,Capítulo de libro,El papel de las redes sociales en la formación de sujetos políticos,Colombia,2025,Triangulaciones entre gestion educativa,"ENID DANIELA VARGAS MESA, JOSE WILMAR PINO MONTOYA, LUISA FERNANDA POSADA MEJIA",1
00329,006,Capítulos de libro publicados,Capítulo de libro,Fundamentación teórica de la línea de investigación en gestión educativa y comunitaria,Colombia,2025,Triangulaciones entre gestion educativa,JOSE WILMAR PINO MONTOYA,1
00330,006,Capítulos de libro publicados,Capítulo de libro,Percepción docente sobre estrés escolar en relación con ambientes educativos y familiares en Medellín,Colombia,2025,Triangulaciones entre gestion educativa,JAIRO GUTIERREZ AVENDANO,1
00331,006,Capítulos de libro publicados,Capítulo de libro,Los proyectos educativos institucionales como objeto de conocimiento en relación con la gestión escolar integral,Colombia,2025,Triangulaciones entre gestion educativa,JAIRO GUTIERREZ AVENDANO,1
00332,006,Capítulos de libro publicados,Otro capítulo de libro publicado,Formación básica en investigación con enfoque cualitativo,Colombia,2024,Formación docente en investigación cualitativa: Relatos y reflexiones,VANESSA ALEJANDRA SANCHEZ SANCHEZ,1
00333,006,Capítulos de libro publicados,Capítulo de libro,Metodologías educativas preferidas por un colectivo estudiantil en el marco de la educación superior,Colombia,2023,Tendencias en la investigación universitaria: una visión desde Latinoamerica,"SONIA RUTH QUINTERO ARRUBLA, BAIRON JARAMILLO VALENCIA, NESTOR EDUARDO FLOREZ OVIEDO, MONICA ELIANA ARISTIZABAL VELASQUEZ, VIVIANA CANO VALDERRAMA CANO VALDERRAMA",1
00334,006,Capítulos de libro publicados,Capítulo de libro,Prácticas educativas: el discurso del maestro como ejercicio de poder,Colombia,2022,Investigación doctoral: propuestas,"ENID DANIELA VARGAS MESA, ADRIANA MARIA GALLEGO HENAO",1
00335,006,Capítulos de libro publicados,Otro capítulo de libro publicado,Maestro y Empatía: una posibilidad para resignificar el arte de enseñar desde la vos del maestro,Colombia,2022,Amor,"JOSE FEDERICO AGUDELO TORRES, ALEXANDER RODRIGUEZ BUSTAMANTE, DUBIS MARCELA RINCON BARRETO",1
00336,006,Capítulos de libro publicados,Otro capítulo de libro publicado,Maestro y empatía - una posibilidad para resignificar el arte de enseñar desde la voz del docente,Colombia,2022,Amor,JOSE FEDERICO AGUDELO TORRES,1
00337,006,Capítulos de libro publicados,Capítulo de libro,Percepciones construidas por estudiantes del grado noveno sobre los pensamientos matemáticos.,Colombia,2022,Investigación doctoral: propuestas,"LEISY MAGDALI ARROYAVE TABORDA, LICETH PAOLA ALZATE MONTERO",1
00338,006,Capítulos de libro publicados,Otro capítulo de libro publicado,Contextos escolares promotores de salud mental en la ciudad de Manizales,Colombia,2022,Experiencias Significativas en Atención Psicológica y Psicosocial en Colombia,DIANA MARCELA GARCIA MUNOZ,1
00339,006,Capítulos de libro publicados,Capítulo de libro,Critical digital literacy,Estados Unidos,2021,The Handbook of Critical Literacies,EDISON FERNEY CASTRILLON ANGEL,1
00340,006,Capítulos de libro publicados,Capítulo de libro,About Reading and Writing: Contemporary Tasks from Diverse Academic Realities in Early Childhood Education,Colombia,2021,Research on language teaching and learning: advances and projection,BAIRON JARAMILLO VALENCIA,1
00341,006,Capítulos de libro publicados,Capítulo de libro,Rethinking university academic performance from a sociocultural perspective,Colombia,2021,Research on language teaching and learning: advances and projection,MARLON VANEGAS ROJAS,1
00342,006,Capítulos de libro publicados,Capítulo de libro,Reflection and Analysis of Colombian Official Language Policies as a Key Feature in Teacher Education,Colombia,2021,Research on language teaching and learning: advances and projection,OSCAR PELAEZ HENAO,1
00343,006,Capítulos de libro publicados,Capítulo de libro,Teacher Educators' Competence in Language Test Design,Colombia,2021,Research on language teaching and learning: advances and projection,ERIKA MARCELA RESTREPO BOLIVAR,1
00344,006,Capítulos de libro publicados,Capítulo de libro,The Practicum Identity Crisis: Threats and Opportunities for Pre-service Teachers' Professional Growth,Colombia,2021,Research on language teaching and learning: advances and projection,JOSE VICENTE ABAD OLAYA,1
00345,006,Capítulos de libro publicados,Capítulo de libro,Capítulo 3 Coohilados-Hilanderias del Fonce: Continuidad Empresarial Producto de la Asociatividad,México,2021,Culturas organizacionales poderosas,SONIA RUTH QUINTERO ARRUBLA,1
00346,006,Capítulos de libro publicados,Capítulo de libro,Una Cultura Organizacional para la Sostenibilidad,México,2021,Culturas organizacionales poderosas,SONIA RUTH QUINTERO ARRUBLA,1
00347,006,Capítulos de libro publicados,Otro capítulo de libro publicado,Comunidad inmunitaria y excepción de la vida en tiempos de pandemia,Colombia,2020,Polifonías para pensar una pandemia,JAIRO GUTIERREZ AVENDANO,1
00348,006,Capítulos de libro publicados,Capítulo de libro,"19.	CAPÍTULO XIX INTRAINNOVACIÓN SOCIAL EN LAS IES, ESTRATEGIA EN LA FORMACIÓN DE EMPRENDEDORES PARA LA 4TA REVOLUCIÓN INDUS TRIAL",Colombia,2020,Tendencias en la investigación universitaria: una visión desde Latinoamerica,"SONIA RUTH QUINTERO ARRUBLA, MONICA ELIANA ARISTIZABAL VELASQUEZ",1
00349,006,Capítulos de libro publicados,Capítulo de libro,Promoting Critical Consciousness in the Preparation of Teachers in Colombia,Estados Unidos,2020,The SAGE Handbook of Critical Pedagogies,"OSCAR PELAEZ HENAO, JAIME ALONSO USMA WILCHES",1
00350,006,Capítulos de libro publicados,Capítulo de libro,"CONSIDERACIONES FRENTE A LA LABOR DEL DOCENTE ANTE EL COMPORTAMIENTO AGRESIVO INFANTIL,",Venezuela,2020,Tendencias en la investigación universitaria: una visión desde Latinoamerica,SONIA RUTH QUINTERO ARRUBLA,1
00351,006,Capítulos de libro publicados,Capítulo de libro,¿Enseñar inglés a través de lenguajes expresivos? Representaciones emergentes a partir de una reflexión investigativa,Venezuela,2019,¿Gestión del Conocimiento. Perspectiva Multidisciplinaria¿,BAIRON JARAMILLO VALENCIA,1
00352,006,Capítulos de libro publicados,Capítulo de libro,¿Enseñar inglés a través de lenguajes expresivos? Representaciones emergentes a partir de una reflexión investigativa,Venezuela,2019,Gestión del conocimiento perspectiva multidisciplinaria 14,BAIRON JARAMILLO VALENCIA,1
00353,006,Capítulos de libro publicados,Otro capítulo de libro publicado,Sobre la voz y el decir del maestro,Colombia,2019,Relatos de experiencias maestras.,JOSE FEDERICO AGUDELO TORRES,1
00354,006,Capítulos de libro publicados,Capítulo de libro,Reforming Practicum and Research Training in a Colombian English Teaching Program,Colombia,2019,Formación de docentes en universidades latinoamericanas: Vol. 1,"JOSE VICENTE ABAD OLAYA, JEFFERSON ASDRUBAL ZAPATA GARCIA",1
00355,006,Capítulos de libro publicados,Otro capítulo de libro publicado,Cultura escolar y profesionalidad docente en el Bajo Cauca,Colombia,2019,Culturas profesionales docentes en antioquia,JOSE FEDERICO AGUDELO TORRES,1
00356,006,Capítulos de libro publicados,Otro capítulo de libro publicado,Escuela y resiliencia: posibilidades de resignificar el quehacer docente en el Bajo Cauca antioqueño,Colombia,2019,Encuentro Nacional de Investigación (Universidad Católica Luis Amigó),JOSE FEDERICO AGUDELO TORRES,1
00357,006,Capítulos de libro publicados,Capítulo de libro,Colombia's education: At the core of a revolution,Grecia,2019,International Handbook of Teacher Education Worldwide: Vol1. Revised and Augmented Edition,"JOSE VICENTE ABAD OLAYA, CLAUDIA MARIA URIBE HOYOS, DIANA MARCELA JARAMILLO CATANO",1
00358,006,Capítulos de libro publicados,Otro capítulo de libro publicado,"La Escuela, la evaluación y los lenguajes de acogida",Colombia,2018,Comprensiones sobre los sistemas institucionales de evaluación de aprendizajes: Tres casos de Antioquia: Medellín,JOSE FEDERICO AGUDELO TORRES,1
00359,006,Capítulos de libro publicados,Otro capítulo de libro publicado,Memorias de las infancias exiliadas en Argentina. Identidades fragmentadas- subjetividades resistentes,México,2018,Indagación alrededor de las literaturas del yo. Miradas colectivas,NATALIA ANDREA ALZATE ALZATE,1
00360,006,Capítulos de libro publicados,Capítulo de libro,La didáctica en profesores de educación parvularia o preescolar: Los casos de Colombia y Chile,Colombia,2018,revolución en la formación y la capacitación para el siglo XXI,"SONIA RUTH QUINTERO ARRUBLA, BAIRON JARAMILLO VALENCIA",1
00361,006,Capítulos de libro publicados,Capítulo de libro,La didáctica en profesores de educación parvularia o preescolar: Los casos de Colombia y Chile,Colombia,2018,revolución en la formación y la capacitación para el siglo XXI,"BAIRON JARAMILLO VALENCIA, SONIA RUTH QUINTERO ARRUBLA",1
00362,006,Capítulos de libro publicados,Capítulo de libro,Una Mirada a las concepciones de calidad de la educación en el contexto de la investigación sobre el Premio Ciudad de Medellín a la Calidad de la Educación,Colombia,2018,¿Experiencias y calidades de la educación en Medellín: prácticas pedagógicas y quehacer educativo en contexto de docentes y directivos docentes postulados al Premio Ciudad de Medellín a la Calidad de la Educación 2010-2013¿,"JOSE WILMAR PINO MONTOYA, MICHELLE BETANCUR ZULUAGA, CARMEN TULIA CANO ALVAREZ, MERCEDES VALLEJO GOMEZ, LUZ CELINA CALDERON GUTIERREZ, EMERSON ECHAVARRIA GONZALEZ, GUILLERMO DE JESUS ECHEVERRI JIMENEZ, MARIA ALEJANDRA LOPERA RENDON, FABER ANDRES PIEDRAHITA LARA, DAYRO LEON QUINTERO LOPEZ, YICEL NAYROBIS GIRALDO GIRALDO",1
00363,006,Capítulos de libro publicados,Capítulo de libro,Gestión comunitaria en el marco del Premio Ciudad de Medellín a la Calidad de la Educación 2010-2013,Colombia,2018,¿Experiencias y calidades de la educación en Medellín: prácticas pedagógicas y quehacer educativo en contexto de docentes y directivos docentes postulados al Premio Ciudad de Medellín a la Calidad de la Educación 2010-2013¿,"JOSE WILMAR PINO MONTOYA, MICHELLE BETANCUR ZULUAGA",1
00364,006,Capítulos de libro publicados,Capítulo de libro,Recomendaciones generales de la investigación,Colombia,2018,¿Experiencias y calidades de la educación en Medellín: prácticas pedagógicas y quehacer educativo en contexto de docentes y directivos docentes postulados al Premio Ciudad de Medellín a la Calidad de la Educación 2010-2013¿,"JOSE WILMAR PINO MONTOYA, LUZ CELINA CALDERON GUTIERREZ, EMERSON ECHAVARRIA GONZALEZ, CARMEN TULIA CANO ALVAREZ, MICHELLE BETANCUR ZULUAGA, GUILLERMO DE JESUS ECHEVERRI JIMENEZ, DAYRO LEON QUINTERO LOPEZ, YICEL NAYROBIS GIRALDO GIRALDO, DIEGO LEANDRO GARZON AGUDELO, MARIA ALEJANDRA LOPERA RENDON, FABER ANDRES PIEDRAHITA LARA, MERCEDES VALLEJO GOMEZ",1
00365,006,Capítulos de libro publicados,Capítulo de libro,Conclusiones generales del componente de investigación,Colombia,2018,¿Experiencias y calidades de la educación en Medellín: prácticas pedagógicas y quehacer educativo en contexto de docentes y directivos docentes postulados al Premio Ciudad de Medellín a la Calidad de la Educación 2010-2013¿,"JOSE WILMAR PINO MONTOYA, LUZ CELINA CALDERON GUTIERREZ, EMERSON ECHAVARRIA GONZALEZ, CARMEN TULIA CANO ALVAREZ, MICHELLE BETANCUR ZULUAGA, GUILLERMO DE JESUS ECHEVERRI JIMENEZ, MARIA ALEJANDRA LOPERA RENDON, FABER ANDRES PIEDRAHITA LARA, MERCEDES VALLEJO GOMEZ, DIEGO LEANDRO GARZON AGUDELO, DAYRO LEON QUINTERO LOPEZ, YICEL NAYROBIS GIRALDO GIRALDO",1
00366,006,Capítulos de libro publicados,Capítulo de libro,Sobre la investigación narrativa en la escuela contemporánea,Colombia,2018,situaciones y retos de la investigación en latinoamérica,"ADRIANA MARIA GALLEGO HENAO, JOSE FEDERICO AGUDELO TORRES, SANDRA JULIET CLAVIJO ZAPATA, EDGAR OCAMPO RUIZ",1
00367,006,Capítulos de libro publicados,Capítulo de libro,El artículo científico y sus posibilidades para el conocimiento de la producción investigativa,Colombia,2018,situaciones y retos de la investigación en latinoamérica,"JAIRO GUTIERREZ AVENDANO, CARLOS ANDRES ARISTIZABAL BOTERO",1
00368,006,Capítulos de libro publicados,Otro capítulo de libro publicado,Pensamiento crítico y formación de maestros: apuntes para una educación de-colonial rural para la paz,Colombia,2017,XX Encuentro Nacional de Investigación: investigación,JOSE FEDERICO AGUDELO TORRES,1
00369,006,Capítulos de libro publicados,Otro capítulo de libro publicado,Teacher Autonomy: From the conventional promotion of independent learning to the critical appropriation of language policies,Brasil,2017,Innovations and challenges in applied linguistics and learner autonomy,OSCAR PELAEZ HENAO,1
00370,006,Capítulos de libro publicados,Otro capítulo de libro publicado,Sobre el cuidado del otro y lo otro en la escuela del posconflicto colombiano,Colombia,2017,¿ESTUDIOS CULTURALES Y PENSAMIENTOS PEDAGÓGICOS LATINOAMERICANOS,"ADRIANA MARIA GALLEGO HENAO, JOSE FEDERICO AGUDELO TORRES, SANDRA JULIET CLAVIJO ZAPATA",1
00371,006,Capítulos de libro publicados,Otro capítulo de libro publicado,Sobre el cuidado del otro y lo otro en la escuela del pos-conflicto colombiano,Colombia,2017,¿ESTUDIOS CULTURALES Y PENSAMIENTOS PEDAGÓGICOS LATINOAMERICANOS,JOSE FEDERICO AGUDELO TORRES,1
00372,006,Capítulos de libro publicados,Capítulo de libro,Una aproximación a la dinámica del sistema nervioso central para el aprendizaje,Colombia,2017,Hacia un concepto multifactorial del aprendizaje y la memoria. Aproximaciones neuropsicopedagógicas (Vol. I),CARLOS ANDRES TORO,1
00373,006,Capítulos de libro publicados,Capítulo de libro,"Relación entre atención, memoria operativa y procesos de lectura y escritura en un caso con Trastorno por Déficit de Atención con Hiperactividad subtipo Inatento (TDAH-I) y un caso control",Colombia,2017,Hacia un concepto multifactorial del aprendizaje y la memoria. Aplicaciones tendientes a una visión neuropsicopedagógica (Vol. II),CARLOS ANDRES TORO,1
00374,006,Capítulos de libro publicados,Otro capítulo de libro publicado,Sobre el cuidado del otro y lo otro en la escuela del pos-conflicto colombiano,Colombia,2017,¿ESTUDIOS CULTURALES Y PENSAMIENTOS PEDAGÓGICOS LATINOAMERICANOS,SANDRA JULIET CLAVIJO ZAPATA,1
00375,006,Capítulos de libro publicados,Otro capítulo de libro publicado,El bullying: de la invisibilización de los niños al reconocimiento de la otredad,Colombia,2016,XIX Encuentro Nacional de Investigación: apropiación social del conocimiento,JOSE FEDERICO AGUDELO TORRES,1
00376,006,Capítulos de libro publicados,Otro capítulo de libro publicado,El rostro oculto de la diferencia: una oportunidad para pensar-se y pensar-nos,Colombia,2016,XIX Encuentro Nacional de Investigación: apropiación social del conocimiento,JOSE FEDERICO AGUDELO TORRES,1
00377,006,Capítulos de libro publicados,Otro capítulo de libro publicado,Convivencia escolar: una oportunidad para hacer feliz la permanencia en la escuela,Colombia,2016,XIX Encuentro Nacional de Investigación: apropiación social del conocimiento,JOSE FEDERICO AGUDELO TORRES,1
00378,006,Capítulos de libro publicados,Otro capítulo de libro publicado,La investigación sobre el bullying que logró ser escenario de convivencia,Colombia,2016,XIX Encuentro Nacional de Investigación: apropiación social del conocimiento,JOSE FEDERICO AGUDELO TORRES,1
00379,006,Capítulos de libro publicados,Otro capítulo de libro publicado,Universidad de los niños,Colombia,2015,La Identidad de la educación inicial: Currículo y prácticas socioeducativas,MONICA MARIA ALVAREZ GALLEGO,1
00380,006,Capítulos de libro publicados,Otro capítulo de libro publicado,Los procesos grupales y la convivencia en el preescolar,Colombia,2015,Ibro Memorias Ucm Santiago Chile,"BAIRON JARAMILLO VALENCIA, SONIA RUTH QUINTERO ARRUBLA, LIBIA ELENA RAMIREZ ROBLEDO",1
00381,006,Capítulos de libro publicados,Otro capítulo de libro publicado,Posibilidades en devenir del maestro contemporáneo: una apuesta por la educación y la democracia,Colombia,2015,Re Exiones En Infancia: Una Mirada Desde Diversos Actores,JOSE FEDERICO AGUDELO TORRES,1
00382,006,Capítulos de libro publicados,Capítulo de libro,Profesionales en Educación Inicial y sus Procesos Escriturales,Colombia,2015,Re Exiones En Infancia: Una Mirada Desde Diversos Actores,BAIRON JARAMILLO VALENCIA,1
00383,006,Capítulos de libro publicados,Capítulo de libro,Los procesos grupales y la convivencia en el preescolar,Colombia,2015,Ibro Memorias Ucm Santiago Chile,SONIA RUTH QUINTERO ARRUBLA,1
00384,006,Capítulos de libro publicados,Otro capítulo de libro publicado,De la pedagogía de la no-verdad a la pedagogía de la justicia,Colombia,2015,Responsabilidad Social: Perspectivas Para La Acción En Colombia.,JOSE FEDERICO AGUDELO TORRES,1
00385,006,Capítulos de libro publicados,Capítulo de libro,¿Dónde están sus voces que no se escuchan? La participación infantil: silencios y demandas,Colombia,2014,La Investigación,"ADRIANA MARIA GALLEGO HENAO, JULIANA PAOLA QUINTERO RENDON",1
00386,006,Capítulos de libro publicados,Otro capítulo de libro publicado,Circunscripciones de la investigación para la formación docente,Colombia,2014,Memorias Simposio Internacional De Educación,JUAN SANTIAGO CALLE PIEDRAHITA,1
00387,006,Capítulos de libro publicados,Otro capítulo de libro publicado,El dibujo como herramienta de expresión de niñas maltratadas,Colombia,2014,Educación,ADRIANA MARIA GALLEGO HENAO,1
00388,006,Capítulos de libro publicados,Capítulo de libro,"Estudio sobre las prácticas de enseñanza y los enfoques de aprendizaje en algunas facultades de la universidad cooperativa de Colombia, seccional Medellín.",Colombia,2014,Con Ojos De Sur: Memorias Del Primer Encuentro Latinoamericano De Investigación En Psicología,OLENA KLIMENKO KLIMENKO,1
00389,006,Capítulos de libro publicados,Otro capítulo de libro publicado,La Amistad: Análisis desde una Perspectiva Aristotélica,Colombia,2013,Colección Iberoamericana De Educación,BAIRON JARAMILLO VALENCIA,1
00390,006,Capítulos de libro publicados,Capítulo de libro,Prospectiva de la investigación escolar desde los estudiantes básicos primarios de dos Instituciones de educación con el apoyo del Parque Explora.,Colombia,2013,R,JUAN SANTIAGO CALLE PIEDRAHITA,1
00391,006,Capítulos de libro publicados,Otro capítulo de libro publicado,Prácticas de crianza marcadas por una historia de guerra: hoy en un contexto educativo,Colombia,2013,Reflexiones Sobre La Infancia. Simposio Nacional De Investigaciones En Primera Infancia.,"ADRIANA MARIA GALLEGO HENAO, LUISA FERNANDA RIOS, NATALIA ANDREA ALZATE ALZATE",1
00392,006,Capítulos de libro publicados,Capítulo de libro,Características de la investigación escolar promovida por los directivos docentes,Colombia,2013,Robert Ashley,"GLORIA MARIA ISAZA ZAPATA, JUAN SANTIAGO CALLE PIEDRAHITA",1
00393,006,Capítulos de libro publicados,Capítulo de libro,Características de la investigación escolar promovida por los directivos docentes,Colombia,2013,Robert Ashley,"GLORIA MARIA ISAZA ZAPATA, JUAN SANTIAGO CALLE PIEDRAHITA",1
00394,006,Capítulos de libro publicados,Capítulo de libro,Impacto y prospectiva de la innovación tecnológica en los niños de 8 a 12 años en el municipio de Sabaneta,Colombia,2013,Retos Y Desafíos De La Prospectiva Para El Desarrollo Regional En América Latina Para La Construcción De Un Futuro Equitativo,JUAN SANTIAGO CALLE PIEDRAHITA,1
00395,006,Capítulos de libro publicados,Capítulo de libro,Prácticas de crianza marcadas por una historia de guerra: hoy en un contexto educativo,Colombia,2013,Reflexiones Sobre La Infancia. Simposio Nacional De Investigaciones En Primera Infancia.,"ADRIANA MARIA GALLEGO HENAO, LUISA FERNANDA RIOS, NATALIA ANDREA ALZATE ALZATE",1
00396,006,Capítulos de libro publicados,Capítulo de libro,"Concepciones sobre el maltrato infantil en hogares de estratos cinco y seis de la ciudad de Medellín, base para la movilización conceptual en agentes educativos que orientan las dinámicas familiares",Colombia,2012,Análisis Comparativo De La Competencia Genérica Razonamiento Cuantitativo De La Prueba Saberpro Y Su Relación Con Los Cursos Ofrecidos Por El Departamento De Ciencias Básicas En Los Programas De Pregrado De La Funlam Y La U De M,GLORIA MARIA ISAZA ZAPATA,1
00397,006,Capítulos de libro publicados,Otro capítulo de libro publicado,El juego: potenciador del desarrollo humano,Colombia,2012,Memorias Del Primer Simposio Nacional E Internacional De Investigaciones En Primera Infancia,MARTA ELENA GONZALEZ GIL,1
00398,006,Capítulos de libro publicados,Capítulo de libro,Percepciones simbólicas infantiles: una mirada investigativa,Colombia,2012,Re Exiones En Infancia: Una Mirada Desde Diversos Actores,"GLORIA MARIA ISAZA ZAPATA, SANDRA CLAVIJO",1
00399,006,Capítulos de libro publicados,Otro capítulo de libro publicado,Psicoanálisis y constitución subjetiva,Colombia,2012,Memorias Del Primer Simposio Nacional E Internacional De Investigaciones En Primera Infancia,LIBIA ELENA RAMIREZ ROBLEDO,1
00400,006,Capítulos de libro publicados,Otro capítulo de libro publicado,Gorilla On The Run,Colombia,2009,Concurso Un Cuento Muy Colombiano En Lenguas Materna Y Extranjera.,JOSE VICENTE ABAD OLAYA,1
00401,006,Capítulos de libro publicados,Otro capítulo de libro publicado,Proceso migratorio y efectos psicosociales en las familias de migrantes de la ciudad de Medellín.,Bélgica,2009,Lugares,"CATALINA MARIA TABARES OCHOA, LIBIA ELENA RAMIREZ ROBLEDO",1
00402,006,Capítulos de libro publicados,Otro capítulo de libro publicado,"Colombia: ""No quiero regalos, yo quiero a mi papá""",Perú,2009,Más Alla De Las Remesas. Familias De Migrantes En América Latina.,"ALFREDO GHISO COTOS, CATALINA MARIA TABARES OCHOA, LIBIA ELENA RAMIREZ ROBLEDO, SANTIAGO ALBERTO MORALES MESA",1
00403,006,Capítulos de libro publicados,Otro capítulo de libro publicado,Curriculum Negotiation: Effects on Students' Learning Attitudes and Perceptions in an EFL Context,Colombia,2006,Professional Awareness And Development. Classroom-Based Papers With In-Service Teachers In The Teaching English Foreign Language Graduate Program At Universidad Pontificia Bolivariana,JOSE VICENTE ABAD OLAYA,1
00404,007,Capítulos de libro publicados,Capítulo de libro,Motivos de consulta en crianza contemporanea,Colombia,2025,Reflexiones interdisciplinarias sobre el derecho de las familias,"LEDY MARYORY BEDOYA CARDONA, OVIDIO HERRERA RIVERA, ADRIANA MARIA CORONADO MENDOZA",1
00405,007,Capítulos de libro publicados,Capítulo de libro,Revisión Jurisprudencial del concepto de corresponsabilidad parental en Colombia,Colombia,2025,Reflexiones interdisciplinarias sobre el derecho de las familias,"OVIDIO HERRERA RIVERA, ELVIGIA CARDONA ZULETA, DARLIN NATALIA DUQUE GOMEZ",1
00406,007,Capítulos de libro publicados,Capítulo de libro,Experiencias de familias colombianas migrantes en Estados Unidos: dinámicas internas y afrontamientos.,Colombia,2025,Trayectorias subjetivas: problemáticas y alternativas interdisciplinarias de abordaje en la familia y otros contextos,"OVIDIO HERRERA RIVERA, ANGELA MARITZA LOPERA JARAMILLO, JHON PREY HERNANDEZ MELCHOR",1
00407,007,Capítulos de libro publicados,Capítulo de libro,Exclusión e inclusión educativa con adolescentes en contextos de extraedad escolar,Colombia,2025,Trayectorias subjetivas: problemáticas y alternativas interdisciplinarias de abordaje en la familia y otros contextos,EDISON FRANCISCO VIVEROS CHAVARRIA,1
00408,007,Capítulos de libro publicados,Capítulo de libro,Trayectos de vida en familias con adultos jóvenes: crisis y afrontamientos,Colombia,2025,Trayectorias subjetivas: problemáticas y alternativas interdisciplinarias de abordaje en la familia y otros contextos,"LEDY MARYORY BEDOYA CARDONA, OVIDIO HERRERA RIVERA",1
00409,007,Capítulos de libro publicados,Capítulo de libro,Preferencias metodológicas de estudiantes universitarios en el periodo postpandemia,Colombia,2025,Triangulaciones entre gestion educativa,CATALINA GONZALEZ PENAGOS,1
00410,007,Capítulos de libro publicados,Capítulo de libro,Factores asociados a la empleabilidad de los egresados de algunos programas de ciencias sociales,Colombia,2025,Triangulaciones entre gestion educativa,CATALINA GONZALEZ PENAGOS,1
00411,007,Capítulos de libro publicados,Capítulo de libro,Inteligencia artificial y aprendizaje automatizado en la cadena de suministro de las organizaciones,Colombia,2024,Gestion de las organizaciones una nueva opción,"LEIDYS HELENA RIVERA QUIROZ, CATALINA GONZALEZ PENAGOS",1
00412,007,Capítulos de libro publicados,Otro capítulo de libro publicado,Violencia en la escuela colombiana y su relación con la violencia social,Colombia,2024,Abordajes interdisciplinarios de experiencias sobre violencia social,"YUSTY CAROLINA RESTREPO SEGURA, ELIZABET RUIZ ZULUAGA",1
00413,007,Capítulos de libro publicados,Otro capítulo de libro publicado,"Capitulo 5 La educación en los procesos de socialización en tiempos de pandemia por covid-19. Experiencia narrativa en estudiante, padre de familia y docente del area metropolitana de Medellín.",Colombia,2024,Abordajes interdisciplinarios de experiencias sobre violencia social,"ANGELA MARITZA LOPERA JARAMILLO, ANDREA KATHERINE ALFONSO SALAZAR, KAREN DANIELA CANO MANCO, VIVIANA VALLE MONROY, CAROLINA GIRALDO MEJIA",1
00414,007,Capítulos de libro publicados,Capítulo de libro,Psicología,Colombia,2023,Experiencias deportivas,"ZONAIKA MAIRA POSADA LOPEZ, DAYANA ALVAREZ GONZALEZ, JUAN FELIPE MUNOZ BEDOYA, GUSTAVO ADOLFO ZAPATA CALDERON, LUISA FERNANDA ZAPATA ALVAREZ, GIGLIOLA MARIA PALACIO PEREZ, JESSICA ESCOBAR ALVAREZ",1
00415,007,Capítulos de libro publicados,Capítulo de libro,Un ejercicio desde la psicología del deporte,Colombia,2023,Experiencias deportivas,"ZONAIKA MAIRA POSADA LOPEZ, DAYANA ALVAREZ GONZALEZ, VALERIA ALVAREZ, JUAN FELIPE MUNOZ BEDOYA, MARIA ALEJANDRA AGUIRRE, GUSTAVO ADOLFO ZAPATA CALDERON, GIGLIOLA MARIA PALACIO PEREZ, RAMON ANTONIO GARCIA RAMIREZ, JESSICA ESCOBAR ALVAREZ, LUISA FERNANDA ZAPATA ALVAREZ",1
00416,007,Capítulos de libro publicados,Capítulo de libro,Rol del psicólogo deportivo. Una mirada desde los institutos del deporte antioqueños,Colombia,2023,Psicología de la actividad física y el deporte: formación y aplicación en Colombia.,"ZONAIKA MAIRA POSADA LOPEZ, LAURA ESTEFANIA MORALES ARANGO, DAYANA ALVAREZ GONZALEZ",1
00417,007,Capítulos de libro publicados,Capítulo de libro,Observatorio de corrupción en el deporte (Colombia),Colombia,2023,La seguridad deportiva a debate III,"ZONAIKA MAIRA POSADA LOPEZ, JUAN FELIPE MUNOZ BEDOYA, MAURICIO HERNANDEZ LONDONO, SEBASTIAN RESTREPO MONCADA, ANGELICA MARIA SAENZ MACANA",1
00418,007,Capítulos de libro publicados,Capítulo de libro,Presente y futuro de la psicología de la actividad física y el deporte en Colombia Una perspectiva desde la investigación y formación,Colombia,2023,Psicología de la actividad física y el deporte: formación y aplicación en Colombia.,"ZONAIKA MAIRA POSADA LOPEZ, HECTOR HANEY AGUIRRE LOAIZA, SERGIO HUMBERTO BARBOSA GRANADOS, JAIME ARENAS GRANADA, ANGELA MARIA URREA CUELLAR, LAURA ARENAS TABARES, LINA MARIA RODRIGUEZ GRANADA",1
00419,007,Capítulos de libro publicados,Otro capítulo de libro publicado,"Empatía, afectividad y alteridad en procesos de intervención psicosocial",Colombia,2022,Amor,EDISON FRANCISCO VIVEROS CHAVARRIA,1
00420,007,Capítulos de libro publicados,Otro capítulo de libro publicado,"Empatía, alteridad y afectividad en procesos de intervención psicosocial",Colombia,2022,Amor,"ANGELA MARITZA LOPERA JARAMILLO, OVIDIO HERRERA RIVERA, EDISON FRANCISCO VIVEROS CHAVARRIA",1
00421,007,Capítulos de libro publicados,Otro capítulo de libro publicado,"Empatía, alteridad y afectividad en los procesos de intervención psicosocial",Colombia,2022,Amor,"OVIDIO HERRERA RIVERA, ANGELA MARITZA LOPERA JARAMILLO, EDISON FRANCISCO VIVEROS CHAVARRIA",1
00422,007,Capítulos de libro publicados,Otro capítulo de libro publicado,"El rendimiento deportivo como práctica del cuerpo: Reflexiones entorno al vínculo entre cuerpo, deporte y cultura",Colombia,2021,Reflexiones pedagógicas sobre la educación física y el deporte aportes filosóficos,JOSE TOMAS CORTES DIAZ,1
00423,007,Capítulos de libro publicados,Capítulo de libro,Efectos de la actividad fisica sobre las funciones ejecutivas: revisión sistemática,México,2021,Avances en educación física y deportes,"CAROLINA VASQUEZ LOPEZ, CATALINA QUINTERO LOPEZ, VICTOR DANIEL GIL VERA, JENNIFER ALZATE JARAMILLO",1
00424,007,Capítulos de libro publicados,Capítulo de libro,El lugar de la fratría: las relaciones entre hermanos en el proceso de terapia familiar,Colombia,2021,Una década de investigación,"LEDY MARYORY BEDOYA CARDONA, ISABEL ALVAREZ POSADA",1
00425,007,Capítulos de libro publicados,Capítulo de libro,Reflexiones acerca de los desafíos en la escuela para atender el reto de la diversidad de género de los estudiantes,Colombia,2020,Revolución en la formación y la capacitación para el siglo xxi,PAULA ANDREA SERNA CARMONA,1
00426,007,Capítulos de libro publicados,Capítulo de libro,Mujeres en cargos directivos. Algunos antecedentes conceptuales para comprender las dificultades de las mujeres frente a la desigualdad laboral en Colombia,Colombia,2019,Estudios de caso en sostenibilidad,ALEXANDRA MARIA GONZALEZ MORA,1
00427,007,Capítulos de libro publicados,Otro capítulo de libro publicado,Diez autores hablan sobre conducta prosocial: una experiencia documental,Colombia,2019,"XXII Encuentro Nacional de Investigación ""La integralidad formativa: una visión humanista""","ALEXANDER RODRIGUEZ BUSTAMANTE, GLORIA MARIA LOPEZ ARBOLEDA, DANIEL MARTINEZ PIMIENTA",1
00428,007,Capítulos de libro publicados,Capítulo de libro,Acompañamiento familiar en los procesos de aprendizaje en la primera infancia,Colombia,2017,Hacia un concepto multifactorial del aprendizaje y la memoria. Aproximaciones neuropsicopedagógicas (Vol. I),"ALEXANDER RODRIGUEZ BUSTAMANTE, SANDRA JULIET CLAVIJO ZAPATA",1
00429,007,Capítulos de libro publicados,Otro capítulo de libro publicado,Nuevas crianzas para nuevas infancias: hacia nuevas representaciones y transformaciones familiares para la paz,Colombia,2017,MI CASA,"ALEXANDER RODRIGUEZ BUSTAMANTE, GLORIA MARIA LOPEZ ARBOLEDA",1
00430,007,Capítulos de libro publicados,Otro capítulo de libro publicado,Responsabilidad social: Perspectivas para la acción en Colombia,Colombia,2015,Responsabilidad Social: Perspectivas Para La Acción En Colombia.,ALEXANDER RODRIGUEZ BUSTAMANTE,1
00431,007,Capítulos de libro publicados,Otro capítulo de libro publicado,Aproximaciones al lugar de la familia en el fenómeno de la desaparición forzada en Colombia,Colombia,2013,Reflexiones Sobre La Infancia. Simposio Nacional De Investigaciones En Primera Infancia.,"ALEXANDER RODRIGUEZ BUSTAMANTE, ALEXANDER ALVIS RIZZO, CARMEN PATRICIA DUQUE SIERRA",1
00432,007,Capítulos de libro publicados,Otro capítulo de libro publicado,Entrenamiento deportivo en perspectiva de Desarrollo Humano. Red Iberoamericana de Pedagogía.,Colombia,2013,Simposio Internacional De Educación Y Pedagogía Por Proyectos De Vida,JOSE TOMAS CORTES DIAZ,1
00433,007,Capítulos de libro publicados,Otro capítulo de libro publicado,"La crisis de la Educación física en el mundo, una aproximación desde el punto de vista histórico",Colombia,2013,10° Congreso Argentino y 5° Latinoamericano,JESUS MARIA PINILLOS GARCIA,1
00434,007,Capítulos de libro publicados,Otro capítulo de libro publicado,La historia de la educación Física en Colombia: 75 años de la formación de profesionales.,Argentina,2012,La Educación Física En Latinoamérica. Orígenes Y Trayectorias De La Formación De Profesores,JESUS MARIA PINILLOS GARCIA,1
00435,007,Capítulos de libro publicados,Otro capítulo de libro publicado,"Algunas consideraciones acerca de la elección crítico social en el ¿Semillero de investigación en estudios de familia"" del programa de Desarrollo Familiar de la Fundación Universitaria Luis Amigó",Colombia,2008,La voz del semillero,EDISON FRANCISCO VIVEROS CHAVARRIA,1
00436,007,Capítulos de libro publicados,Otro capítulo de libro publicado,Estado del arte de los estudios sobre cárcel y violencia,Colombia,2001,Balance De Los Estudios Sobre Violencia En Antioquia,"LUZ MERY ARIAS MUNOZ, LINA MARIA QUINTERO GONZALEZ",1
00437,007,Capítulos de libro publicados,Otro capítulo de libro publicado,Familia y prisionalización,Colombia,1998,II Congreso Latinoamericano de Familia Siglo XXI,"LUZ MERY ARIAS MUNOZ, LINA MARIA QUINTERO, FLOR ESTELLA CASTRILLON",1
00438,007,Capítulos de libro publicados,Otro capítulo de libro publicado,"Mujer, familia y violencia: hablamos desde las mujeres (Exposición de una experiencia de investigación-acción participativa)",Colombia,1989,Familia y cambio en Colombia: Memorias del seminario taller sobre familia,"LUZ MERY ARIAS MUNOZ, ROSALBA OSORNO",1
00439,008,Capítulos de libro publicados,Capítulo de libro,"HABITABILIDAD DE LOS PARQUES PÚBLICOS, TRAS LA EMERGENCIA DEL COVID-19",Colombia,2026,Psicología Ambiental: Contextos de aplicación,"ISABEL CRISTINA MONSALVE CHAVERRA, KATY LUZ MILLAN OTERO, MAURICIO LOPEZ BONILLA",1
00440,008,Capítulos de libro publicados,Otro capítulo de libro publicado,Formación en Investigación en la Universidad de Antioquia: el Despliegue del Espíritu Investigativo y Científico en la Cotidianidad,Colombia,2024,Armonización Curricular en la UdeA: urdimbres y tramas de un tejido colectivo,"MAGDA VICTORIA DIAZ ALZATE, ELVIA MARIA GONZALEZ AGUDELO, CAROLINA ANDREA BENJUMEA HERRERA, JORGE IVAN FERNANDEZ ARBELAEZ",1
00441,008,Capítulos de libro publicados,Otro capítulo de libro publicado,Perspectiva de Género: Postura Educativa y Política para la Equidad de Género en la Universidad,Colombia,2024,Armonización Curricular en la UdeA: urdimbres y tramas de un tejido colectivo,"CAROLINA ANDREA BENJUMEA HERRERA, MAGDA VICTORIA DIAZ ALZATE, LIBARDO ANDRES AGUDELO GALLEGO, OSCAR EMILIO MARIN GARCES, MONICA LONDONO MARTINEZ",1
00442,008,Capítulos de libro publicados,Otro capítulo de libro publicado,Comprensión y juicio estético,Colombia,2024,Clinica de lo social: Hacia una psicología transdiciplinar.,,1
00443,008,Capítulos de libro publicados,Capítulo de libro,Enseñanza de la psicología ambiental en Colombia,Colombia,2024,La enseñanza de la psicología en pregrado en Colombia,"WILLIAN SIERRA BARON, KATY LUZ MILLAN OTERO, HENRY GRANADA ECHEVERRI",1
00444,008,Capítulos de libro publicados,Capítulo de libro,El agenciamiento y la acción colectiva como apuestas comunitarias para la sobrevivencia,Colombia,2024,Escucha y Narración: la lucha por el reconocimiento y la recuperación emocional,ANGELA MARITZA CARDONA CARDONA,1
00445,008,Capítulos de libro publicados,Otro capítulo de libro publicado,Relaciones entre empatía y reconciliación social en contextos de violencia y conflicto armado,Colombia,2024,Abordajes interdisciplinarios de experiencias sobre violencia social,"HEIDI SMITH PULIDO VARON, NICOLASA MARIA DURAN PALACIO, SARA ESTEFANIA DAVID VALLEJO",1
00446,008,Capítulos de libro publicados,Capítulo de libro,La prosocialidad y la construcción de paz en la niñez y la adolescencia víctimas del conflicto armado en Colombia,Colombia,2023,Perspectivas actuales sobre sociedad,"MARIA CRISTINA CORREA DUQUE, ANYERSON STITHS GOMEZ TABARES, ROBERTO MAURICIO ROMERO CARDENAS",1
00447,008,Capítulos de libro publicados,Capítulo de libro,Formalización y normalización de la unidad de gestión del talento humano en las MiPymes,Colombia,2022,iencia transdisciplinar en la nueva era,NICOLASA MARIA DURAN PALACIO,1
00448,008,Capítulos de libro publicados,Capítulo de libro,Fotografía y Memoria: Reconstrucción de una Experiencia Violenta a Través de la Imágen,Colombia,2022,Acontecimientos ¿ Subjetividades ¿ Políticas ¿ Tensiones en la vida colectiva: Claves de lectura educativa,JOSE ALCIDES CASTRO ACEVEDO,1
00449,008,Capítulos de libro publicados,Otro capítulo de libro publicado,La psicoterapia y la educación ante la pregunta sobre el amor,Colombia,2022,Amor,CAROLINA VALDES HENAO,1
00450,008,Capítulos de libro publicados,Capítulo de libro,Psicología Ambiental: ¿qué es y para qué?,Colombia,2022,Psicología ambiental: Experiencias,"OSCAR EDUARDO NAVARRO CARRASCAL, WILLIAN SIERRA BARON, KATY LUZ MILLAN OTERO",1
00451,008,Capítulos de libro publicados,Otro capítulo de libro publicado,Dinámica relacional de los migrantes venezolanos,Colombia,2022,Víctimas de guerra y derechos humanos,"KATY LUZ MILLAN OTERO, GLORIA JACINTA DUQUE GOMEZ, YESICA VILLA ZAPATA, LAURA MARIA MOLINA MILINA",1
00452,008,Capítulos de libro publicados,Capítulo de libro,Tendencias de investigación en Psicología Ambiental. Una revisión sistemática cualitativa (2009?2020),Colombia,2022,Psicología ambiental. Volumen II. Experiencias,"KATY LUZ MILLAN OTERO, WILLIAN SIERRA BARON",1
00453,008,Capítulos de libro publicados,Capítulo de libro,"Ser, hacer y tener: entre imaginarios y representaciones sociales en estudiantes de Argentina y Colombia",Colombia,2021,Investigación de fenómenos psicosociales: una aproximación para el encuentro con el otro,CAROLINA VALDES HENAO,1
00454,008,Capítulos de libro publicados,Capítulo de libro,Las relaciones en el marco de la sobrevivencia de las víctimas del conflicto armado colombiano,Colombia,2021,Investigación de fenómenos psicosociales: una aproximación para el encuentro con el otro,PAULA VANESSA SANCHEZ AGUDELO,1
00455,008,Capítulos de libro publicados,Capítulo de libro,Transformaciones de la investigación jurídica y sociojurídica de la subregión del eje cafetero de Colombia 2008 - 2018,Colombia,2021,Colombia: investigación sociojurídica,"KATY LUZ MILLAN OTERO, JORGE EDUARDO VASQUEZ SANTAMARIA",1
00456,008,Capítulos de libro publicados,Capítulo de libro,"Jóvenes, violencia y paz. Contexto e intencionalidad",Colombia,2020,Jóvenes,"ANYERSON STITHS GOMEZ TABARES, ELIZABETH GOMEZ ETAYO, CESAR NUNEZ, JUAN DAVID GIRALDO ROJAS, ANGELA PATRICIA ARANGO VASQUEZ",1
00457,008,Capítulos de libro publicados,Capítulo de libro,Vivir el contexto: exigencias y relaciones contrapuestas en jóvenes,Colombia,2020,Jóvenes,"ANYERSON STITHS GOMEZ TABARES, LILIANA GALLO CONSUEGRA, ELIZABETH GOMEZ ETAYO, ILVAR JOSUE CARANTON SANCHEZ, NORA MARGARITA VARGAS ZULUAGA, CESAR NUNEZ",1
00458,008,Capítulos de libro publicados,Capítulo de libro,"Concepto de experiencia humana, jóvenes y violencia",Colombia,2020,Jóvenes,"ANYERSON STITHS GOMEZ TABARES, CESAR NUNEZ, LILIANA GALLO CONSUEGRA, ELIZABETH GOMEZ ETAYO, NORA MARGARITA VARGAS ZULUAGA, ILVAR JOSUE CARANTON SANCHEZ",1
00459,008,Capítulos de libro publicados,Capítulo de libro,"Justicia restaurativa, cultura de paz y competencias psicosociales",Colombia,2020,Jóvenes,"ANYERSON STITHS GOMEZ TABARES, CESAR NUNEZ, ANGELA PATRICIA ARANGO VASQUEZ, JUAN DAVID GIRALDO ROJAS, ELIZABETH GOMEZ ETAYO",1
00460,008,Capítulos de libro publicados,Capítulo de libro,La prosocialidad como categoría de discusión en escenarios de reconciliación y construcción de paz,Colombia,2020,Jóvenes,"ANYERSON STITHS GOMEZ TABARES, CESAR NUNEZ, ANGELA PATRICIA ARANGO VASQUEZ, JUAN DAVID GIRALDO ROJAS",1
00461,008,Capítulos de libro publicados,Otro capítulo de libro publicado,El cuerpo como primer territorio político. El teatro en la resignificación de la historia de las mujeres,Colombia,2020,psicologia y praxis transformadoras,"MAGDA VICTORIA DIAZ ALZATE, MARIANA YEPES BUSTAMANTE",1
00462,008,Capítulos de libro publicados,Capítulo de libro,"Los desencuentros de la planeación con el espacio vivido en las viviendas de interés prioritario (VIP) en Medellín, Colombia",México,2020,Segregación y fragmentación socioespacial en ciudades. Nuevas formas de habitar la ciudad,"KATY LUZ MILLAN OTERO, JORGE EDUARDO VASQUEZ SANTAMARIA",1
00463,008,Capítulos de libro publicados,Capítulo de libro,Desafíos y oportunidades para la gestión del Talento Humano en Mipymes. Un estudio local,Colombia,2020,tendencia interdisciplinares en administración,"NICOLASA MARIA DURAN PALACIO, LAURA ELENA ZAPATA JIMENEZ",1
00464,008,Capítulos de libro publicados,Capítulo de libro,"De las Políticas a las Poéticas del Cuidado en Educación: Una Mirada Sobre la Subjetividad de Jóvenes Desplazados en San Jose del Palmar, Chocó",Colombia,2020,derechos humanos y violencia: gobierno y gobernanza. Reflexiones para la construcción de políticas pública en torno al desplazamiento forzado en Colombia,JOSE ALCIDES CASTRO ACEVEDO,1
00465,008,Capítulos de libro publicados,Otro capítulo de libro publicado,Emociones políticas y construcción de paz,Colombia,2020,psicologia y praxis transformadoras,"NICOLASA MARIA DURAN PALACIO, HEIDI SMITH PULIDO VARON",1
00466,008,Capítulos de libro publicados,Capítulo de libro,Narrativas de sobrevivencia y restauración con personas afectadas por el conflicto armado en Caldas,Colombia,2019,Reconstrucción de subjetividades e identidades en contextos de guerra y postguerra,PAULA VANESSA SANCHEZ AGUDELO,1
00467,008,Capítulos de libro publicados,Capítulo de libro,La experiencia del teatro: resignificación de historias y configuración de subjetividades políticas de mujeres víctimas del conflicto armado,Colombia,2019,Reconstrucción de subjetividades e identidades en contextos de guerra y postguerra,"MAGDA VICTORIA DIAZ ALZATE, MARIANA YEPES BUSTAMANTE",1
00468,008,Capítulos de libro publicados,Capítulo de libro,Capacidades relacionales para la construcción de paz en líderes comunitarios,Colombia,2019,Reconstrucción de subjetividades e identidades en contextos de guerra y postguerra,"NICOLASA MARIA DURAN PALACIO, HEIDI SMITH PULIDO VARON",1
00469,008,Capítulos de libro publicados,Capítulo de libro,"La locura moral o razonante, antes de la era Borderline (1904)",Colombia,2019,Letras de psiquiatría en la Biblioteca Médica. Las tesis de medicina y la asimilación del discurso psiquiátrico en Colombia,JAIRO GUTIERREZ AVENDANO,1
00470,008,Capítulos de libro publicados,Capítulo de libro,De la confianza ciudadana en la democracia representativa,Colombia,2018,Medio Ambiente y Desarrollo en Colombia- Serie documentos estudios legislativos,NICOLASA MARIA DURAN PALACIO,1
00471,008,Capítulos de libro publicados,Capítulo de libro,"Las relaciones para el bienestar, más allá de la falencia de los padres.",Colombia,2018,la transformación de la familia colombiana y su incidencia en los adolescentes,DORA LILIANA OSORIO TAMAYO,1
00472,008,Capítulos de libro publicados,Otro capítulo de libro publicado,Prosocialidad: una alternativa generativa para la investigación e intervención psicosocial en la infancia y la adolescencia,Colombia,2018,Segregación y fragmentación socioespacial en ciudades. Nuevas formas de habitar la ciudad,"ANYERSON STITHS GOMEZ TABARES, MARIELA NARVAEZ MARIN",1
00473,008,Capítulos de libro publicados,Otro capítulo de libro publicado,Fortalecimiento de la prosocialidad en contextos educativos: aportes a la construcción de ciudadanía y convivencia social en la infancia y la adolescencia,Colombia,2018,Segregación y fragmentación socioespacial en ciudades. Nuevas formas de habitar la ciudad,ANYERSON STITHS GOMEZ TABARES,1
00474,008,Capítulos de libro publicados,Otro capítulo de libro publicado,Riesgo suicida en estudiantes Universitarios: Factores psicológicos y sociales relacionados,Colombia,2018,Segregación y fragmentación socioespacial en ciudades. Nuevas formas de habitar la ciudad,ANYERSON STITHS GOMEZ TABARES,1
00475,008,Capítulos de libro publicados,Capítulo de libro,"Niñez, Adolescencia y tecnologías digitales en América Latina",España,2018,Entre Selfies y Whatsapps,"NORMAN DARIO MORENO CARMONA, DORA LILIANA OSORIO TAMAYO",1
00476,008,Capítulos de libro publicados,Capítulo de libro,TECNOLOGÍAS EN EL TRATAMIENTO DE LA LEPRA: FIGURAS DE LO OMINOSO EN LA HUMANIZACIÓN DE LA SALUD,Colombia,2017,La humanización de la slaud,HERWIN EDUARDO CARDONA QUITIAN,1
00477,008,Capítulos de libro publicados,Otro capítulo de libro publicado,"Prosocialidad: una propuesta alternativa para el trabajo con niños, niñas y adolescentes desvinculados de grupos armados ilegales",Colombia,2017,nfancias y Juventudes Iberoamericanas: transformaciones democráticas,ANYERSON STITHS GOMEZ TABARES,1
00478,008,Capítulos de libro publicados,Capítulo de libro,"Degeneración, delirios y nervios: etiología en la primera psiquiatría 1893-1912",Colombia,2017,ciencias de la vida. 1 tomo. colección sesquicentenario.,"JAIRO GUTIERREZ AVENDANO, JORGE HUMBERTO MARQUEZ VALDERRAMA",1
00479,008,Capítulos de libro publicados,Capítulo de libro,Posibilidades de la música y el arte para mejorar la memoria y el aprendizaje en niños,Colombia,2017,Hacia un concepto multifactorial del aprendizaje y la memoria. Aplicaciones tendientes a una visión neuropsicopedagógica (Vol. II),SONIA NATALIA COGOLLO OSPINA,1
00480,008,Capítulos de libro publicados,Otro capítulo de libro publicado,La convivencia escolar. Un asunto complejo entre el sistema social y la particularidad de la institución,Colombia,2017,Niñez,MAGDA VICTORIA DIAZ ALZATE,1
00481,008,Capítulos de libro publicados,Otro capítulo de libro publicado,La familia colombiana actual y su relación con problemas internalizados y externalizados en los adolescentes,España,2016,II International Congress of Clinical and Health Psychology on Children and Adolescents. Book of Abstracts,NORMAN DARIO MORENO CARMONA,1
00482,008,Capítulos de libro publicados,Capítulo de libro,"Caucasia, Territorio de Oro. Aproximación al papel de la minería en los procesos y construcción del territorio del bajo Cauca antioqueño entre 2000 y 2012.",Colombia,2016,Voces de indagación en la Maestría en Desarrollo: experiencias de formación investigativa,"HEIDI SMITH PULIDO VARON, SNEIDER HERNAN ROJAS MORA",1
00483,008,Capítulos de libro publicados,Capítulo de libro,"Del régimen asistencialista a la psiquiatría dinámica en las primeras instituciones de salud mental en Cundinamarca, Antioquia y Valle del Cauca, 1900-1968",Colombia,2015,Actualizando Discursos. Trazos De Historia De La Psiquiatría Y De La Salud Pública En El Contexto Iberoamericano,JAIRO GUTIERREZ AVENDANO,1
00484,008,Capítulos de libro publicados,Otro capítulo de libro publicado,Paz y posconflicto: compromiso de los ciudadanos para un horizonte imaginado,Colombia,2015,Imaginar La Paz En Colombia: Cavilaciones Desde La Academia,SONIA NATALIA COGOLLO OSPINA,1
00485,008,Capítulos de libro publicados,Capítulo de libro,Poéticas imágenes del horror: Memorias del conflicto colombiano a través de la obra de Juan Manuel Echavarría,Brasil,2015,Memória E Política,SONIA NATALIA COGOLLO OSPINA,1
00486,008,Capítulos de libro publicados,Capítulo de libro,"Jaramillo, C., Calderón, G., Holguín, H. y Le Gal, D. (2015). Representaciones sociales del tratamiento de las adicciones comportamentales por los profesionales de las ciencias sociales y de la salud. En Prevención y tratamiento de las adicciones desde lo psicosocial",Colombia,2015,Prevencion Y Tratamiento De Las Adicciones Desde Lo Psicosocial,DAMIEN LE GAL FRANCOIS,1
00487,008,Capítulos de libro publicados,Capítulo de libro,Enfoque Psicosocial del Suicidio,Colombia,2015,El Suicidio: Cuatro Perspectivas,JOHN JAIRO GARCIA PENA,1
00488,008,Capítulos de libro publicados,Otro capítulo de libro publicado,Historia y memoria: responsabilidad social de los maestros en la formación ciudadana,Colombia,2015,Responsabilidad Social: Perspectivas Para La Acción En Colombia.,SONIA NATALIA COGOLLO OSPINA,1
00489,008,Capítulos de libro publicados,Capítulo de libro,"La Responsabilidad Social vista desde 8 indicadores para la Paz en Colombia, durante 2002-2006",Colombia,2015,Responsabilidad Social: Perspectivas Para La Acción En Colombia.,MONICA ALZATE GARCIA,1
00490,008,Capítulos de libro publicados,Otro capítulo de libro publicado,Agresión y Violencia,España,2015,Psicología Social,"MONICA ALZATE GARCIA, MAR DURAN, JOSE MANUEL SABUCEDO",1
00491,008,Capítulos de libro publicados,Capítulo de libro,Aportes Psicosociales de la Población Civil para la Reconciliación de un País en Conflicto,Colombia,2015,Imaginar La Paz En Colombia: Cavilaciones Desde La Academia,"MONICA ALZATE GARCIA, XIANA VILAS CASTRO, CRISTINA GOMEZ ROMAN, JOSE MANUEL SABUCEDO CAMESELLE",1
00492,008,Capítulos de libro publicados,Otro capítulo de libro publicado,Paz y posconflicto: compromiso de los ciudadanos para un horizonte imaginado,Colombia,2015,Imaginar La Paz En Colombia: Cavilaciones Desde La Academia,"SONIA NATALIA COGOLLO OSPINA, NICOLASA MARIA DURAN PALACIO",1
00493,008,Capítulos de libro publicados,Otro capítulo de libro publicado,Desarrollo positivo del adolescente como protector de conductas de riesgo,México,2014,Psicología Latinoamericana: Experiencias,"NORMAN DARIO MORENO CARMONA, ALEXANDER ALVIS RIZZO",1
00494,008,Capítulos de libro publicados,Otro capítulo de libro publicado,Desarrollo positivo del adolescente como protector de conductas de riesgo,México,2014,Psicología Latinoamericana: Experiencias,"ALEXANDER ALVIS RIZZO, NORMAN DARIO MORENO CARMONA",1
00495,008,Capítulos de libro publicados,Otro capítulo de libro publicado,La experiencia formativo-investigativa en la deconstrucción del discurso del déficit: claves para liberar la psicología.,México,2014,Psicología Latinoamericana: Experiencias,NICOLASA MARIA DURAN PALACIO,1
00496,008,Capítulos de libro publicados,Otro capítulo de libro publicado,"EL DESARROLLO POSITIVO COMO FACTOR PROTECTOR EN ADOLESCENTES DE MEDELLÍN, COLOMBIA",Colombia,2014,La Investigación,"ALEXANDER ALVIS RIZZO, NORMAN DARIO MORENO CARMONA",1
00497,008,Capítulos de libro publicados,Otro capítulo de libro publicado,Las representaciones que los Medellinenses tienen de los estadounidenses y de los franceses.,Colombia,2014,La Investigación,DAMIEN LE GAL FRANCOIS,1
00498,008,Capítulos de libro publicados,Otro capítulo de libro publicado,LAS PRÁCTICAS ADECUADAS DE CRIANZA EN EL TRATAMIENTO DEL TRASTORNO NEGATIVISTA DESAFIANTE: UNA REFLEXIÓN A LA LUZ DE LA TEORÍA,Colombia,2014,La Investigación,"ALEXANDER ALVIS RIZZO, ANA CATALINA GOMEZ ARISTIZABAL, CLAUDIA MARCELA ARANA MEDINA, JUAN CARLOS RESTREPO BOTERO",1
00499,008,Capítulos de libro publicados,Otro capítulo de libro publicado,"Alteración y rehabilitación neurocognitiva de las funciones ejecutivas y de la cognición social, en niños que presentan conductas disruptivas: una revisión investigativa",Colombia,2014,La Investigación,"ALEXANDER ALVIS RIZZO, CLAUDIA MARCELA ARANA MEDINA, JUAN CARLOS RESTREPO BOTERO, ANA CATALINA GOMEZ ARISTIZABAL",1
00500,008,Capítulos de libro publicados,Otro capítulo de libro publicado,"El desarrollo positivo como factor protector en adolescentes de Medellín, Colombia",Colombia,2014,La Investigación,"NORMAN DARIO MORENO CARMONA, ALEXANDER ALVIS RIZZO",1
00501,008,Capítulos de libro publicados,Capítulo de libro,Las representaciones que los Medellinenses tienen de los estadounidenses y de los franceses.,Colombia,2014,La Investigación,DAMIEN LE GAL FRANCOIS,1
00502,008,Capítulos de libro publicados,Otro capítulo de libro publicado,Eight Cultures of Peace Indicators Applied to Colombian Conflict During 2002¿2006,Estados Unidos,2014,Psychosocial Approaches To Peace-Building In Colombia,"MONICA ALZATE GARCIA, JOSE MANUEL SABUCEDO, MAR DURAN",1
00503,008,Capítulos de libro publicados,Otro capítulo de libro publicado,Lo psicosocial como categoría transdisciplinar (Resumen),Colombia,2013,Memorias Iii Congreso De Psicología,NORMAN DARIO MORENO CARMONA,1
00504,008,Capítulos de libro publicados,Otro capítulo de libro publicado,Aproximaciones al lugar de la familia en el fenómeno de la desaparición forzada en Colombia,Colombia,2013,Reflexiones Sobre La Infancia. Simposio Nacional De Investigaciones En Primera Infancia.,"ALEXANDER ALVIS RIZZO, ALEXANDER RODRIGUEZ BUSTAMANTE, CARMEN PATRICIA DUQUE SIERRA",1
00505,008,Capítulos de libro publicados,Otro capítulo de libro publicado,Rehabilitación de la cognición social en personas con trastorno antisocial de la personalidad,Colombia,2013,Robert Ashley,"ALEXANDER ALVIS RIZZO, CLAUDIA MARCELA ARANA MEDINA, JUAN CARLOS RESTREPO BOTERO, JUAN CARLOS RESTREPO BOTERO",1
00506,008,Capítulos de libro publicados,Otro capítulo de libro publicado,¿Quién representa la ley en estos días? Algunas apreciaciones sobre la relación entre el Superyó y la agresión,Colombia,2013,Familia,RICARDO ALBERTO ANDRADE RODRIGUEZ,1
00507,008,Capítulos de libro publicados,Capítulo de libro,Validación de la Escala Prácticas Parentales en Adolescentes (PP-A),Colombia,2012,Análisis Comparativo De La Competencia Genérica Razonamiento Cuantitativo De La Prueba Saberpro Y Su Relación Con Los Cursos Ofrecidos Por El Departamento De Ciencias Básicas En Los Programas De Pregrado De La Funlam Y La U De M,NORMAN DARIO MORENO CARMONA,1
00508,008,Capítulos de libro publicados,Otro capítulo de libro publicado,¿Doscientos años de qué? Por una liberación del pensamiento colonial,Colombia,2011,Amor A La Tinta,NORMAN DARIO MORENO CARMONA,1
00509,008,Capítulos de libro publicados,Otro capítulo de libro publicado,EL ESPAÑOL HABLADO EN LAS COMUNIDADES HISPÁNICAS: INFORME PRESEEA 2007,España,2007,EL ESPAÑOL HABLADO EN LAS COMUNIDADES HISPÁNICAS: INFORME PRESEEA 2007,"RICARDO ALBERTO ANDRADE RODRIGUEZ, MARIA CLAUDIA GONZALEZ RATIVA",1
00510,009,Capítulos de libro publicados,Capítulo de libro,Significantes de la sociedad cordobesa ante la ejecución de la política pública para la reparación a víctimas del conflicto armado en Colombia,Colombia,2023,Diálogo de Saberes desde las Ciencias Económica,"VICTOR TERAN REALES, ESTELIO JOSE ANGULO, MAURICIO JAVIER BURGOS ALTAMIRANDA",1
00511,009,Capítulos de libro publicados,Capítulo de libro,Significantes de la sociedad cordobesa ante la ejecución de la política pública para la reparación a víctimas del conflicto armado en Colombia,Colombia,2023,Diálogo de Saberes desde las Ciencias Económica,ESTELIO JOSE ANGULO,1
00512,009,Capítulos de libro publicados,Capítulo de libro,Análisis del Parque Lineal Ronda del Sinú Centro como elemento dinamizador del desarrollo local sostenible en Montería - Colombia: una mirada desde los usuarios y expertos,Venezuela,2021,Gestión del conocimiento. Perspectiva multidisciplinaria. Volumen 40,"VICTOR TERAN REALES, CESAR AUGUSTO TERAN SIMANCAS, LAURA CRISTINA TERAN SIMANCAS, GEOVANNI ANTONIO URDANETA URDANETA, CARLOS ANDRES BURGOS GALEANO",1
00513,009,Capítulos de libro publicados,Capítulo de libro,Políticas públicas de conciencia ambiental: pilar estratégico de Montería como ciudad sostenible,Colombia,2020,Ciudades sostenibles: Un enfoque diferenciado del desarrollo de las ciudades,"ESTELIO JOSE ANGULO, MIREYA JOSEFINA SALAS DE GONZALEZ, MIGUEL EDUARDO NEGRON FUENMAYOR",1
00514,009,Capítulos de libro publicados,Capítulo de libro,Mujeres líderes de Derechos Humanos en el contexto del conflicto armado en Alto Sinú,Venezuela,2020,dialogo de Saberes Desde las Ciencias Económicas,"HUBER YECID CASTRO ESCOBAR, MARIA ALEJANDRA TABORDA CARO, LIGIA HERRERA CRIADO",1
00515,009,Capítulos de libro publicados,Capítulo de libro,Movimientos Sociales y Participación Política en Venezuela de los siglos XX y XXI,Venezuela,2020,dialogo de Saberes Desde las Ciencias Económicas,"ESTELIO JOSE ANGULO, ENADIS VARGAS HERNANDEZ, MIREYA JOSEFINA SALAS DE GONZALEZ, MIGUEL EDUARDO NEGRON FUENMAYOR",1
00516,009,Capítulos de libro publicados,Capítulo de libro,"Los retos que enfrenta la democracia en América latina: populismo, corrupción y COVID-19",Colombia,2020,Política y gestión pública en Suramérica.,VICTOR TERAN REALES,1
00517,009,Capítulos de libro publicados,Capítulo de libro,Análisis jurídico de la Democracia Representativa en Colombia,Colombia,2020,MEMORIAS V CONGRESO INTERNACIONAL EN GESTION PUBLICA,CARLOS RODRIGUEZ SANTOS,1
00518,009,Capítulos de libro publicados,Capítulo de libro,Relaciones psicosociales para construir ambientes familiares óptimos en medio de la pandemia por Covid-19,Venezuela,2020,dialogo de Saberes Desde las Ciencias Económicas,PAULJAVIER BEDOYA PASTRANA,1
00519,009,Capítulos de libro publicados,Capítulo de libro,Tecnologías de información y comunicación como medio de participación ciudadana inclusión y transformación social,Colombia,2018,Perspectivas en Ciencias Jurídicas y Políticas sobre la participación ciudadanía,"ESTELIO JOSE ANGULO, MARILU TIBISAY ACURERO LUZARDO, GERTRUDIS YACKELINE ZIRITT TREJO",1
00520,009,Capítulos de libro publicados,Capítulo de libro,Pensamiento de Nelson Mandela y los Procesos de Paz en la política contemporánea,Venezuela,2018,Formación educativa en el contexto social y mediaciones del aprendizaje Volumen III,"ESTELIO JOSE ANGULO, MIREYA JOSEFINA SALAS DE GONZALEZ, GIOVANNI ANTONIO GOTOPO ACOSTA",1
00521,009,Capítulos de libro publicados,Capítulo de libro,GERENCIA PARTICIPATIVA Y RESPONSABILIDAD SOCIAL EMPRESARIAL EN ORGANIZACIONES PETROLERAS,Venezuela,2018,Diálogos de saberes desde las ciencias económicas,"ESTELIO JOSE ANGULO, MIREYA JOSEFINA SALAS DE GONZALEZ, MARILU TIBISAY ACURERO LUZARDO",1
00522,009,Capítulos de libro publicados,Otro capítulo de libro publicado,"Tomo VI: Cultura, Innovación y Política Educativa",Colombia,2017,COLECCION INTERNACIONAL  DE INVESTIGACION EDUCATIVA,VICTOR TERAN REALES,1
00523,009,Capítulos de libro publicados,Otro capítulo de libro publicado,REPENSAR LAS CIENCIAS SOCIALES EN LATINOAMERICA Y EL CARIBE DESDE UNA PERSPECTIVA TRANSDISCIPLINARIA,Colombia,2017,Transdiscipina  complejidad aportes de las ciencias sociales en América Latina,ESTELIO JOSE ANGULO,1
00524,009,Capítulos de libro publicados,Capítulo de libro,MOVIMIENTOS SOCIALES Y PARTICIPACIÓN CIUDADANA: LAS TECNOLOGÍAS DE INFORMACIÓN Y COMUNICACIÓN HERRAMIENTAS DE INCLUSIÓN EN LATINOAMERICA Y EL CARIBE,Venezuela,2017,Conflictos y pos conflictos. Pasado y presente en América latina y el Caribe,"ESTELIO JOSE ANGULO, MARILU TIBISAY ACURERO LUZARDO, MIREYA JOSEFINA SALAS DE GONZALEZ",1
00525,009,Capítulos de libro publicados,Capítulo de libro,CONSTRUCCIÓN DE IDENTIDADES PARA LA PARTICIPACIÓN SOCIAL DEL DOCENTE,Venezuela,2016,DIÁLOGO DE SABERES DESDE LAS CIENCIAS ECONÓMICAS,"ESTELIO JOSE ANGULO, MIREYA JOSEFINA SALAS DE GONZALEZ",1
00526,009,Capítulos de libro publicados,Capítulo de libro,ESTRATEGIAS GERENCIALES Y EQUIPOS DE TRABAJO DE ALTO DESEMPEÑO PARA EL DESARROLLO ENDÓGENO EN INSTITUCIONES EDUCATIVAS,Venezuela,2016,Libro Estado,"MIREYA JOSEFINA SALAS DE GONZALEZ, ESTELIO JOSE ANGULO, MARILU TIBISAY ACURERO LUZARDO",1
00527,009,Capítulos de libro publicados,Capítulo de libro,EFECTIVIDAD DEL CURSO ESTRATEGIAS HOLÍSTICAS PARA EL APRENDIZAJE EN EDUCACIÓN,Venezuela,2016,CIENCIAS AUXILIARES AL DEPORTE,"ESTELIO JOSE ANGULO, MIREYA JOSEFINA SALAS DE GONZALEZ",1
00528,009,Capítulos de libro publicados,Capítulo de libro,"FESTIVAL DE LA DIVERSIDAD BIOCULTURAL, UNA OPORTUNIDAD PARA VISIBILIZAR LOS PROCESOS DE CONSTRUCCIÓN AMBIENTAL REGIONAL",Colombia,2015,Cordoba Biocultural,VICTOR TERAN REALES,1
00529,009,Capítulos de libro publicados,Capítulo de libro,"LA FORMACIÓN DE DINAMIZADORES EN EDUCACIÓN AMBIENTAL , UNA OPORTUNIDAD PARA TRANSFORMAR LA VIDA COTIDIANA DE LAS INSTITUCIONES EDUCATIVAS",Colombia,2014,Coleccion Iberoamericana  De Pedagogia,VICTOR TERAN REALES,1
00530,009,Capítulos de libro publicados,Otro capítulo de libro publicado,"LA FORMACIÓN DE DINAMIZADORES EN EDUCACIÓN AMBIENTAL, UNA OPORTUNIDAD PARA TRANSFORMAR LA VIDA COTIDIANA DE LAS INSTITUCIONES EDUCATIVAS¿,",España,2014,Coleccion Iberoamericana  De Pedagogia,"VICTOR TERAN REALES, MERI CARDONA OVIEDO",1
00531,009,Capítulos de libro publicados,Otro capítulo de libro publicado,"LA FORMACIÓN DE DINAMIZADORES EN EDUCACIÓN AMBIENTAL, UNA OPORTUNIDAD PARA TRANSFORMAR LA VIDA COTIDIANA DE LAS INSTITUCIONES EDUCATIVAS¿,",España,2014,Coleccion Iberoamericana  De Pedagogia,VICTOR TERAN REALES,1
00532,009,Capítulos de libro publicados,Capítulo de libro,perfil psicosocial comparativo de personas condenadas por delitos contra la seguridad publica,Colombia,2011,Psicologia Forense: Estudio De La Mente Criminal.,GUSTAVO ANTONIO BRUNAL GONZALEZ,1
00533,009,Capítulos de libro publicados,Otro capítulo de libro publicado,FUNDAMENTOS EPISTEMOLÒGICOS Y PEDAGÒGICOS DEL PROYECTO CAEC,Colombia,2008,Fundamnetos Conceptuales Y Metodològicos Para La Construcciòn De Cultura Ambiental,VICTOR TERAN REALES,1
00534,009,Capítulos de libro publicados,Otro capítulo de libro publicado,Formación de los partidos políticos en Colombia,Colombia,2008,Historia de las ideas politicasen Colombia,ALBERTO GOMEZ MARTINEZ,1
00535,009,Capítulos de libro publicados,Otro capítulo de libro publicado,UN ESPACIO PARA REFLEXIONAR ACERCA DEL PROCESO DE EDUCACION AMBIENTAL EN EL DPTO.DE CORDOBA,Colombia,2007,Apoyo Al Fortalecimiento De La Educacion Ambiental,VICTOR TERAN REALES,1
00536,009,Capítulos de libro publicados,Otro capítulo de libro publicado,Dínámicas de las familias desplazadas por la violencia en Montería y salud mental,Colombia,2006,UN CAMINO HACIA LA PAZ. PAZ Y SALUD MENTALEN COLOMBIA,VICTOR TERAN REALES,1
00537,009,Capítulos de libro publicados,Otro capítulo de libro publicado,RESUMEN DE INVESTIGACION PAUTAS DE CRIANZAS DE LAS FAMILIAS CORDOBESAS,Colombia,2000,PAUTAS Y PRACTICAS DE CRIANZAS EN FAMILIAS COLOMBIANAS,"VICTOR TERAN REALES, OSCAR ADOLFO, OSCAR BARRIOS CARABALLO",1
00538,010,Capítulos de libro publicados,Capítulo de libro,Aportes del caso de estudio para la identificación y abordaje de los factores de deserción en la metodología a distancia y virtual,Colombia,2020,La deserción en programas universitarios a distancia,"GERMAN ANDRES TORRES ESCOBAR, LAURA STELLA PARRA ESPITIA, ADRIANA BELTRAN ARIZA, CARLOS JAIRO CABANZO CARRENO, HEDRY OROZCO LARA",1
00539,010,Capítulos de libro publicados,Capítulo de libro,Aportes del caso de estudio para la identificación y abordaje de los factores de deserción en la metodología distancia y virtual,Colombia,2020,La deserción en programas universitarios a distancia,"LAURA STELLA PARRA ESPITIA, CARLOS JAIRO CABANZO CARRENO, GERMAN ANDRES TORRES ESCOBAR",1
00540,010,Capítulos de libro publicados,Capítulo de libro,Educación Virtual y deserción: discursos y lugares comunes,Colombia,2020,La deserción en programas universitarios a distancia,"LAURA STELLA PARRA ESPITIA, CARLOS JAIRO CABANZO CARRENO",1
00541,010,Capítulos de libro publicados,Capítulo de libro,Estrategias para el reconocimiento de los factores que inciden en la deserción,Colombia,2020,La deserción en programas universitarios a distancia,"GERMAN ANDRES TORRES ESCOBAR, HEDRY OROZCO LARA, ADRIANA BELTRAN ARIZA",1
00542,010,Capítulos de libro publicados,Capítulo de libro,Análisis de variables asociadas a la deserción académica,Colombia,2020,La deserción en programas universitarios a distancia,"GERMAN ANDRES TORRES ESCOBAR, CARLOS JAIRO CABANZO CARRENO",1
00543,010,Capítulos de libro publicados,Capítulo de libro,Tejidos Interculturales desde el Buen Vivir,Colombia,2019,Comprensión de lo social en clave del desarrollo humano,"WILMAN ANTONIO RODRIGUEZ CASTELLANOS, SANDRA LUZ CASTRO LESMES, PAULA ANDREA QUILINDO SALAZAR",1
00544,010,Capítulos de libro publicados,Capítulo de libro,Estres y aformtamiento en migrantes,Colombia,2018,Encuentro Nacional de Investigación Univerisdad Católica Lusi Amigó (Ciencia,"BENILDA LAYNE BERNAL, PEDRO ALVAREZ MASSI",1
00545,010,Capítulos de libro publicados,Capítulo de libro,"Habitantes de calle: Miradas antropológicas, educativas y psicosociales para la política de intervención social en Bogotá",Colombia,2018,Habitantes de calle: Miradas Antropológicas,SANDRA LUZ CASTRO LESMES,1
00546,010,Capítulos de libro publicados,Otro capítulo de libro publicado,Estrés y afrontamiento en migrantes,Colombia,2018,XXI Encuentro Nacional de Investigación (Universidad Católica Luis Amigó,"BENILDA LAYNE BERNAL, PEDRO ALVAREZ MASSI",1
00547,010,Capítulos de libro publicados,Otro capítulo de libro publicado,Atención al ciberbullying en el contexto Universitario,Colombia,2017,XX Encuentro Nacional de Investigación (Universidad Católica Luis Amigó 2017,"BENILDA LAYNE BERNAL, PEDRO ALVAREZ MASSI",1
00548,010,Capítulos de libro publicados,Otro capítulo de libro publicado,Filosofía para Niños y la construcción de Sentidos,Colombia,2008,Seminario Filosofía Para Niños En La Perspectiva De La Educación Social,EDILBERTO PEREGRINO LASSO CARDENAS,1
00549,010,Capítulos de libro publicados,Otro capítulo de libro publicado,del conocimiento simple al conocimiento complejo en educación,Colombia,2006,De Los Maestros Su Semilla,MARITZA LAYNE BERNAL,1
00550,011,Capítulos de libro publicados,Capítulo de libro,Creatividad y flexibilidad cognitiva en niños y niñas de preescolar,Colombia,2026,Consideraciones acerca de la crianza,"DUBIS MARCELA RINCON BARRETO, LUISA FERNANDA CORREA PEREZ, SILVIA INES RESTREPO SIERRA",1
00551,011,Capítulos de libro publicados,Otro capítulo de libro publicado,Familia y Escuela. Claves hacia una comprensión sistémica,Colombia,2025,Formar para transformar. Pedagogía familiar,ALEXANDER RODRIGUEZ BUSTAMANTE,1
00552,011,Capítulos de libro publicados,Capítulo de libro,Una nueva forma de medir el rendimiento académico bajo una visión multidimensional,Colombia,2025,Formar para transformar. Pedagogía familiar,"SANTIAGO ALBERTO MORALES MESA, LEIDYS HELENA RIVERA QUIROZ",1
00553,011,Capítulos de libro publicados,Otro capítulo de libro publicado,Un estudio sobre ciencia de datos en educación: familia/escuelas familiares y diversidad sexual.,Colombia,2025,EDUCACION E INTERCULTURALIDAD,ALEXANDER RODRIGUEZ BUSTAMANTE,1
00554,011,Capítulos de libro publicados,Capítulo de libro,Situación sobre el riesgo del consumo de sustancias psicoactivas en usuarios de Apprevenir entre 2021 y 2023-1,Colombia,2025,"""Las conductas prosociales y las conductas agresivas en perspectiva hacia la transformación psicosocial del adolescente",,1
00555,011,Capítulos de libro publicados,Capítulo de libro,Factores asociados a la empleabilidad de los egresados de algunos programas de ciencias sociales,Colombia,2025,Triangulaciones entre gestion educativa,"CATALINA GONZALEZ PENAGOS, LEIDYS HELENA RIVERA QUIROZ, ANA LUCILA POLO SALCEDO, MAGDALENA TRUJILLO ARANGO",1
00556,011,Capítulos de libro publicados,Capítulo de libro,Preferencias metodológicas de estudiantes universitarios en el periodo postpandemia,Colombia,2025,Triangulaciones entre gestion educativa,"LEIDYS HELENA RIVERA QUIROZ, CATALINA GONZALEZ PENAGOS, NESTOR EDUARDO FLOREZ OVIEDO",1
00557,011,Capítulos de libro publicados,Capítulo de libro,Inteligencia Artificial y Aprendizaje Automatizado en la cadena de suministros de las organizaciones,Colombia,2024,Gestion de las organizaciones una nueva opción,"NESTOR EDUARDO FLOREZ OVIEDO, CATALINA GONZALEZ PENAGOS, LEIDYS HELENA RIVERA QUIROZ",1
00558,011,Capítulos de libro publicados,Capítulo de libro,Desarrollo de conductas prosociales y agresivas en adolescentes,Colombia,2024,"""Las conductas prosociales y las conductas agresivas en perspectiva hacia la transformación psicosocial del adolescente",,1
00559,011,Capítulos de libro publicados,Capítulo de libro,"Exploración neuropsicológica, en un caso de trastorno dismórfico corporal",Colombia,2024,Alcances  en  neurociencias  cognitivas: Fundamentación  de  la  línea  de  investigación  en  neuro-ciencias y neurodesarrollo,DUBIS MARCELA RINCON BARRETO,1
00560,011,Capítulos de libro publicados,Capítulo de libro,Dependencia emocional: una problemática contemporánea en adolescentes,Colombia,2024,Abordajes interdisciplinarios de experiencias sobre violencia social,"LEIDY JOHANA ARANGO ARANGO, DIEGO ALEJANDRO CASTANO VELEZ, DIANA CAROLINA CUARTAS GALLON, YURY ALEJANDRA MAZO PULGARIN, JUAN SEBASTIAN MARIN RODRIGUEZ",1
00561,011,Capítulos de libro publicados,Otro capítulo de libro publicado,La semiocapitalización de las masculinidades. Deseos y emancipación publicitaria,México,2023,Representaciones visuales,"PABLO HOYOS, JORGE ANDRES JIMENEZ RODAS",1
00562,011,Capítulos de libro publicados,Capítulo de libro,El análisis del discurso narrativo en el estudio de la subjetividad,Colombia,2023,Violencia de pareja basada en género desde  la perspectiva de la víctima,"JORGE ANDRES JIMENEZ RODAS, EDWIN ALEXANDER HERNANDEZ ZAPATA, DIANA VANESSA VIVARES PORRAS",1
00563,011,Capítulos de libro publicados,Capítulo de libro,Movimiento y narración: devenir otros en el tiempo,Colombia,2023,Lecciones en Psicología Social,JORGE ANDRES JIMENEZ RODAS,1
00564,011,Capítulos de libro publicados,Capítulo de libro,"ESTUDIO DEL CONSUMO Y USO DE LOS VIDEOJUEGOS, LA LUDOPATÍA Y LA ADICCIÓN AL TRABAJO EN DOCENTES UNIVERSITARIOS",Colombia,2023,Ciencias Multidisciplinarias,"MAURICIO MEJIA LOBO, OLGA LUCILA GUARIN BECERRA, ANGELA MARIA SANCHEZ VILLARREAL",1
00565,011,Capítulos de libro publicados,Capítulo de libro,Maestro y empatía. Una posibilidad para resignificar el arte de enseñar desde la voz del docente,Colombia,2022,Amor,"DUBIS MARCELA RINCON BARRETO, JOSE FEDERICO AGUDELO TORRES, ALEXANDER RODRIGUEZ BUSTAMANTE, SANDRA MILENA RESTREPO ESCOBAR",1
00566,011,Capítulos de libro publicados,Otro capítulo de libro publicado,Urdimbres a propósüode la marca de la violencia contra la mujer,Colombia,2022,Violencias basadas en género: la otra tragedia de Colombia. Planteamientos académicos,GLORIA MARIA LOPEZ ARBOLEDA,1
00567,011,Capítulos de libro publicados,Capítulo de libro,Urdimbres a propósito de la marca de la violencia contra la mujer,Colombia,2022,Violencias basadas en género: la otra tragedia de Colombia. Planteamientos académicos,"ALEXANDER RODRIGUEZ BUSTAMANTE, DAVID GUTIERREZ GONZALEZ, SONIA ELENA LOPEZ PULGARIN, CRISTINA MARIA GIRALDO HURTADO, GLORIA MARIA LOPEZ ARBOLEDA",1
00568,011,Capítulos de libro publicados,Capítulo de libro,La e-salud al servicio de la prevención y el tratamiento de las adicciones,México,2022,Experiencias en ciberpsicología: hacia una nueva era de la psicología,SANDRA MILENA RESTREPO ESCOBAR,1
00569,011,Capítulos de libro publicados,Capítulo de libro,"Actitud frente al cambio en el contexto de la cuarentena, a causa del COVID -19, en un grupo de estudiantes de Medellín",Colombia,2021,Educación y COVID-19: reflexiones académicas en tiempos de pandemia,"DUBIS MARCELA RINCON BARRETO, SARA PAOLA MESA BENITEZ, SARA CAMILA NARVAEZ ROLDAN, RUTH DANIRYS MURILLO MOSQUERA, CAROLINA SUAREZ MARTINEZ, CATALINA QUINTERO LOPEZ",1
00570,011,Capítulos de libro publicados,Otro capítulo de libro publicado,De la farmacodependencia a la comprensión de las adicciones en el marco de la salud mental.,Colombia,2021,Sujetos,"ALEXANDER RODRIGUEZ BUSTAMANTE, ELIZABET RUIZ ZULUAGA, MARIA VICTORIA RESTREPO TOBON, DAVID IGNACIO MOLINA VELASQUEZ, JORGE HERNAN GONZALEZ CORTES, LUCAS DAVILA CANAS",1
00571,011,Capítulos de libro publicados,Otro capítulo de libro publicado,"Adicciones a la Heroina, Estrategias de Intervención",Colombia,2021,Sujetos,"LUISA FERNANDA CORREA PEREZ, JORGE MAURICIO CUARTAS ARIAS",1
00572,011,Capítulos de libro publicados,Otro capítulo de libro publicado,Repercusión neuropsicológica en niños y adolescentes con trastorno del espectro autista durante el confinamiento por COVID-19.,Colombia,2020,Reflexiones sobre estética,LINA MARIA GALLEGO RAMIREZ,1
00573,011,Capítulos de libro publicados,Otro capítulo de libro publicado,Impacto psicológico de la pandemia: Una revisión bibliográfica.,Colombia,2020,Reflexiones sobre estética,"LINA MARIA GALLEGO RAMIREZ, DANY ESTEBAN GALLEGO QUICENO",1
00574,011,Capítulos de libro publicados,Capítulo de libro,Impacto psicológico de la pandemia: Una revisión bibliográfica.,Colombia,2020,Reflexiones sobre estética,LINA MARIA GALLEGO RAMIREZ,1
00575,011,Capítulos de libro publicados,Otro capítulo de libro publicado,Consecuencias neuropsicológicas del consumo crónico de alcohol: Una mirada documental,Colombia,2020,Reflexiones sobre estética,LINA MARIA GALLEGO RAMIREZ,1
00576,011,Capítulos de libro publicados,Otro capítulo de libro publicado,Diseños y métodos de investigación,Colombia,2018,situaciones y retos de la investigación en latinoamérica,GUSTAVO ADOLFO CALDERON VALLEJO,1
00577,011,Capítulos de libro publicados,Otro capítulo de libro publicado,E-Salud una ventana abierta a la prevención de las adicciones,Colombia,2017,Educación digital y gestión del talento humano en iberoamérica,"SANDRA MILENA RESTREPO ESCOBAR, EDWIN ANDRES SEPULVEDA CARDONA",1
00578,011,Capítulos de libro publicados,Otro capítulo de libro publicado,"Relación entre los modelos, las prácticas y las necesidades preventivas en los programas de prevención del consumo de sustancias psicoactivas en Colombia",Colombia,2016,XIX ENCUENTRO NACIONAL DE INVESTIGACIÓN ¿Apropiación del conocimiento¿,GUSTAVO ADOLFO CALDERON VALLEJO,1
00579,011,Capítulos de libro publicados,Otro capítulo de libro publicado,Camino hacia la regulación del consumo de marihuana con fines medicinales en Colombia,Colombia,2015,"XVIII ENCUENTRO NACIONAL DE INVESTIGACIÓN ""La investigación una oportunidad social""","GUSTAVO ADOLFO CALDERON VALLEJO, LINA MARIA PAREJA HINCAPIE",1
00580,011,Capítulos de libro publicados,Otro capítulo de libro publicado,El síndrome amotivacional en consumidores de marihuana,Colombia,2015,XVIII ENCUENTRO NACIONAL DE INVESTIGACIÓN,SANDRA MILENA RESTREPO ESCOBAR,1
00581,011,Capítulos de libro publicados,Capítulo de libro,Representaciones sociales del tratamiento de las adicciones comportamentales por profesionales de las ciencias sociales y de la salud,Colombia,2015,Prevencion Y Tratamiento De Las Adicciones Desde Lo Psicosocial,"GUSTAVO ADOLFO CALDERON VALLEJO, HENRY HOLGUIN OSORIO",1
00582,011,Capítulos de libro publicados,Otro capítulo de libro publicado,Problemáticas conexas de las adicciones,Colombia,2015,Prevencion Y Tratamiento De Las Adicciones Desde Lo Psicosocial,SANDRA MILENA RESTREPO ESCOBAR,1
00583,011,Capítulos de libro publicados,Otro capítulo de libro publicado,Representaciones sociales del tratamiento de las adicciones comportamentales por profesionales de las ciencias sociales y de la salud,Colombia,2015,Prevencion Y Tratamiento De Las Adicciones Desde Lo Psicosocial,"GUSTAVO ADOLFO CALDERON VALLEJO, CESAR AOGUSTO JARAMILLO JARAMILLO, HENRY HOLGUIN OSORIO",1
00584,011,Capítulos de libro publicados,Otro capítulo de libro publicado,Factores de riesgo asociados al uso de drogas. Algunos aportes psicoanaliticos.,Colombia,2015,Drogas,NICOLAS IGNACIO URIBE ARAMBURO,1
00585,011,Capítulos de libro publicados,Otro capítulo de libro publicado,La escritura emocional en el proceso de resocialización del habitante de calle,Colombia,2014,La Investigación,SANDRA MILENA RESTREPO ESCOBAR,1
00586,011,Capítulos de libro publicados,Capítulo de libro,"Violencia, Psicologia Social y la influencia de las masas",Colombia,2014,Barras Bravas En El Futbol,NICOLAS IGNACIO URIBE ARAMBURO,1
00587,011,Capítulos de libro publicados,Capítulo de libro,La realidad vista en el campo,Colombia,2014,Barras Bravas En El Futbol,NICOLAS IGNACIO URIBE ARAMBURO,1
00588,011,Capítulos de libro publicados,Capítulo de libro,"Barras bravas, consumo de drogas y violencia. El caso de la Ciudad de Medellin.",Colombia,2014,Barras Bravas En El Futbol,NICOLAS IGNACIO URIBE ARAMBURO,1
00589,011,Capítulos de libro publicados,Otro capítulo de libro publicado,LA FAMILIA COMO FACTOR DE RIESGO O PROTECCIÓN EN EL CONSUMO DE DROGAS,Colombia,2013,Familia,GUILLERMO ALONSO CASTANO PEREZ,1
00590,011,Capítulos de libro publicados,Otro capítulo de libro publicado,La familia como factor de riesgo o proteccion en el consumo de drogas,Colombia,2013,Familia,GUILLERMO ALONSO CASTANO PEREZ,1
00591,011,Capítulos de libro publicados,Otro capítulo de libro publicado,La familia como factor de riesgo o proteccion en el consumo de drogas,Colombia,2013,Familia,GUILLERMO ALONSO CASTANO PEREZ,1
00592,011,Capítulos de libro publicados,Otro capítulo de libro publicado,La familia como factor de riesgo o proteccion en el consumo de drogas,Colombia,2013,Familia,"GUILLERMO ALONSO CASTANO PEREZ, GLORIA LUCIA SIERRA AGUDELO, OTROS AUTORES",1
00593,011,Capítulos de libro publicados,Otro capítulo de libro publicado,La familia como factor de riesgo o proteccion en el consumo de drogas,Colombia,2013,Familia,"GUILLERMO ALONSO CASTANO PEREZ, GLORIA LUCIA SIERRA AGUDELO, OTROS AUTORES",1
00594,011,Capítulos de libro publicados,Otro capítulo de libro publicado,La familia como factor de riesgo o proteccion en el consumo de drogas,Colombia,2013,Familia,"GUILLERMO ALONSO CASTANO PEREZ, GLORIA LUCIA SIERRA AGUDELO, OTROS AUTORES",1
00595,011,Capítulos de libro publicados,Otro capítulo de libro publicado,"Cocaína y derivados: Clorhidrato, pasta básica de cocaína y crak",Colombia,2013,Fundamentos De Medicina: Adicciones,SANDRA MILENA RESTREPO ESCOBAR,1
00596,011,Capítulos de libro publicados,Otro capítulo de libro publicado,Aportes de la Comunidad Terapéutica al Abordaje de las Adicciones,Colombia,2013,Fundamentos De Medicina: Adicciones,"CESAR AUGUSTO JARAMILLO JARAMILLO, ELVIA VELASQUEZ DE PABON",1
00597,011,Capítulos de libro publicados,Otro capítulo de libro publicado,Conductores de buses en Medellín y consumo de sustancias psicoactivas,Colombia,2013,Robert Ashley,GUSTAVO ADOLFO CALDERON VALLEJO,1
00598,011,Capítulos de libro publicados,Otro capítulo de libro publicado,Cafeína (xantinas) y bebidas energizantes,Colombia,2013,Fundamentos De Medicina: Adicciones,SANDRA MILENA RESTREPO ESCOBAR,1
00599,011,Capítulos de libro publicados,Otro capítulo de libro publicado,Drogas de síntesis y éxtasis,Colombia,2013,Fundamentos De Medicina: Adicciones,SANDRA MILENA RESTREPO ESCOBAR,1
00600,011,Capítulos de libro publicados,Otro capítulo de libro publicado,Estimulantes tipo anfetaminas y otros,Colombia,2013,Fundamentos De Medicina: Adicciones,SANDRA MILENA RESTREPO ESCOBAR,1
00601,011,Capítulos de libro publicados,Otro capítulo de libro publicado,Seducción desde la publicidad al consumo de bebidas alcohólicas,Colombia,2009,Proceedings Encuentro Nacional De Investigación En Posgrados (Enip 2009).,GUSTAVO ADOLFO CALDERON VALLEJO,1
00602,011,Capítulos de libro publicados,Otro capítulo de libro publicado,Nuevas Tendencias en Prevención de las drogodependencias,Colombia,2008,Psicoactivos: Cuestión De Todos,GUILLERMO ALONSO CASTANO PEREZ,1
00603,011,Capítulos de libro publicados,Otro capítulo de libro publicado,Aproximación conceptual en la calidad de vida,Colombia,2008,Kit Educativo: Universidades Preventivas,MARIA CAROLINA MONTOYA MONTOYA,1
00604,011,Capítulos de libro publicados,Otro capítulo de libro publicado,Construcción de currículo en la formación de formadores en la promoción de la calidad de vida,Colombia,2008,Kit Educativo: Universidades Preventivas,MARIA CAROLINA MONTOYA MONTOYA,1
00605,011,Capítulos de libro publicados,Otro capítulo de libro publicado,construcción de currículo en la formación de formadores en promoción de calidad de vida y problemáticas sociales,Colombia,2008,Kit Educativo: Universidades Preventivas,MARIA CAROLINA MONTOYA MONTOYA,1
00606,011,Capítulos de libro publicados,Otro capítulo de libro publicado,Escrito educativo,Colombia,2008,Kit Educativo: Universidades Preventivas,MARIA CAROLINA MONTOYA MONTOYA,1
00607,011,Capítulos de libro publicados,Otro capítulo de libro publicado,Consumo de Drogas en Universitarios Estrategias de Actuacion,Colombia,2008,Kit Educativo: Universidades Preventivas,GUILLERMO ALONSO CASTANO PEREZ,1
00608,011,Capítulos de libro publicados,Otro capítulo de libro publicado,Concepto de problema social,Colombia,2008,Kit Educativo: Universidades Preventivas,GUSTAVO ADOLFO CALDERON VALLEJO,1
00609,011,Capítulos de libro publicados,Otro capítulo de libro publicado,Modulo educativo. La investigación social,Colombia,2008,Kit Educativo: Universidades Preventivas,GUSTAVO ADOLFO CALDERON VALLEJO,1
00610,011,Capítulos de libro publicados,Otro capítulo de libro publicado,Opioides,Uruguay,2007,Programa Nacional de Atención a usuarios problemático de drogas. Ministerio de Salud Pública. Junta Nacional de Drogas,GUILLERMO ALONSO CASTANO PEREZ,1
00611,011,Capítulos de libro publicados,Otro capítulo de libro publicado,PROGRAMAS DE PREVENCION E INTERVENCIONES CULTURALMENTE APROPIADAS,Colombia,2005,Serie Formandonos En Prevención Integral.Prevención Y Desarrollo Humano,GUILLERMO ALONSO CASTANO PEREZ,1
00612,011,Capítulos de libro publicados,Otro capítulo de libro publicado,EL ENFOQUE PROPOSITIVO EN LA INTERVENCION DE PROBLEMATICAS SOCIALES. LOS FACTORES PROTECTORES,Colombia,2005,Serie Formandonos En Prevención Integral.Prevención Y Desarrollo Humano,GUILLERMO ALONSO CASTANO PEREZ,1
00613,011,Capítulos de libro publicados,Otro capítulo de libro publicado,UN NUEVO PARADIGMA: EL ENFOQUE PROPOSITIVO EN LA INTERVENCION DE PROBLEMATICAS SOCIALES,Colombia,2005,Serie Formandonos En Prevención Integral.Prevención Y Desarrollo Humano,GUILLERMO ALONSO CASTANO PEREZ,1
00614,011,Capítulos de libro publicados,Otro capítulo de libro publicado,PROYECTO FORMACION DE FORMADORES EN PREVENCION INTEGRAL: ESTRATEGIA DE DESARROLLO HUMANO Y COMUNITARIO. BREVE SINTESIS Y MEMORIA METODOLOGICA,Colombia,2005,Serie Formándonos En Prevención Integral. Módulo 1. Formando Formadores,GUILLERMO ALONSO CASTANO PEREZ,1
00615,011,Capítulos de libro publicados,Otro capítulo de libro publicado,EL ENFOQUE DE RIESGO EN LA PREVENCION DE PROBLEMATICAS SOCIALES,Colombia,2005,Serie Formandonos En Prevención Integral.Prevención Y Desarrollo Humano,GUILLERMO ALONSO CASTANO PEREZ,1
00616,011,Capítulos de libro publicados,Otro capítulo de libro publicado,Elementos teoricos y practicos de la prevencion integral propositiva,Colombia,2005,Serie Formandonos En Prevención Integral.Prevención Y Desarrollo Humano,ANGELA MARIA PARRA BASTIDAS,1
00617,011,Capítulos de libro publicados,Otro capítulo de libro publicado,Conceptualización del desarrollo humano para la acción de prevención integral,Colombia,2005,Serie Formandonos En Prevención Integral.Prevención Y Desarrollo Humano,GUSTAVO ADOLFO CALDERON VALLEJO,1
00618,011,Capítulos de libro publicados,Otro capítulo de libro publicado,La calidad de vida para la prevención integral,Colombia,2005,Serie Formandonos En Prevención Integral.Prevención Y Desarrollo Humano,GUSTAVO ADOLFO CALDERON VALLEJO,1
00619,011,Capítulos de libro publicados,Otro capítulo de libro publicado,Modelo de minimización del riesgo de la Institución ALIVI,Colombia,2002,Compilación de lecturas Modelo Reducción y Minimización del Riesgo,MARIA ADELAIDA STORTI CALDERON,1
00620,011,Capítulos de libro publicados,Otro capítulo de libro publicado,Estrategias de Reduccion de Daño en el contexto Colombiano. Estrategias de actuacion.,Colombia,2001,Nuevas Estrategias De Atención En Drogodependencias: La Minimisación De Riesgos,GUILLERMO ALONSO CASTANO PEREZ,1
00621,011,Capítulos de libro publicados,Otro capítulo de libro publicado,Los servicios de atencion a los usuarios de drogas a partir del enfoque de Reduccion de Daños,Colombia,2001,Nuevas Estrategias De Atención En Drogodependencias: La Minimisación De Riesgos,GUILLERMO ALONSO CASTANO PEREZ,1
00622,011,Capítulos de libro publicados,Otro capítulo de libro publicado,La Reduccion de Daños una respuesta a problematicas sociales y publicas en las grandes ciudades. Declaracion de la ciudad de Medellin,Colombia,2001,Nuevas Estrategias De Atención En Drogodependencias: La Minimisación De Riesgos,GUILLERMO ALONSO CASTANO PEREZ,1
00623,011,Capítulos de libro publicados,Otro capítulo de libro publicado,El desarrollo de la Reduccion de Daños en America Latina.,Colombia,2001,Nuevas Estrategias De Atención En Drogodependencias: La Minimisación De Riesgos,"GUILLERMO ALONSO CASTANO PEREZ, GRACIELA TOUZE",1
00624,011,Capítulos de libro publicados,Otro capítulo de libro publicado,Reduccion de Daños Breve Historia,Colombia,2001,Nuevas Estrategias De Atención En Drogodependencias: La Minimisación De Riesgos,GUILLERMO ALONSO CASTANO PEREZ,1
00625,011,Capítulos de libro publicados,Otro capítulo de libro publicado,Uso de sustancias psicoactivas por via endovenosa y SIDA en Colombia,Colombia,2001,Nuevas Estrategias De Atención En Drogodependencias: La Minimisación De Riesgos,GUILLERMO ALONSO CASTANO PEREZ,1
00626,011,Capítulos de libro publicados,Otro capítulo de libro publicado,Las Estrategias de Reduccion de daño en el tratamiento de Drogodependientes dificiles.,Colombia,2001,Nuevas Estrategias De Atención En Drogodependencias: La Minimisación De Riesgos,GUILLERMO ALONSO CASTANO PEREZ,1
00627,011,Capítulos de libro publicados,Otro capítulo de libro publicado,Normatividad Legal sobre Reduccion de Daños en Colombia,Colombia,2001,Nuevas Estrategias De Atención En Drogodependencias: La Minimisación De Riesgos,GUILLERMO ALONSO CASTANO PEREZ,1
00628,011,Capítulos de libro publicados,Otro capítulo de libro publicado,Los Riesgos de la Reduccion de Daños,Colombia,2001,Nuevas Estrategias De Atención En Drogodependencias: La Minimisación De Riesgos,GUILLERMO ALONSO CASTANO PEREZ,1
00629,011,Capítulos de libro publicados,Otro capítulo de libro publicado,Consumo de Inhalantes. Controles sociales en la calle. estrategias empiricas de Reduccion de Daños,Colombia,2001,Nuevas Estrategias De Atención En Drogodependencias: La Minimisación De Riesgos,GUILLERMO ALONSO CASTANO PEREZ,1
00630,011,Capítulos de libro publicados,Otro capítulo de libro publicado,Consumo de Heroina en Colombia,Colombia,2001,Nuevas Estrategias De Atención En Drogodependencias: La Minimisación De Riesgos,GUILLERMO ALONSO CASTANO PEREZ,1
00631,012,Capítulos de libro publicados,Capítulo de libro,Analítica de datos en la prensa colombiana: la representación del chavismo venezolano,Colombia,2025,Construcción de paz y conflicto armado: reflexiones desde el derecho y la publicidad,CARLOS MARIO BERRIO MENESES,1
00632,012,Capítulos de libro publicados,Otro capítulo de libro publicado,Formación en investigación cualitativa: trayectoria docente y aplicación desde la comunicación visual,Colombia,2025,Semillero de Investigación para docentes: formación,DAVID RICARDO CHAPARRO VILLA,1
00633,012,Capítulos de libro publicados,Capítulo de libro,Que entre el diablo y escoja. Representaciones del conflicto armado y sus actores a través del cine colombiano,Colombia,2024,Ocupaciones,"ALEJANDRA MARIA LAVERDE ROMAN, CARLOS MARIO BERRIO MENESES",1
00634,012,Capítulos de libro publicados,Capítulo de libro,"El humanismo en la construcción y consolidación de la nación, el territorio y la identidad colombiana",Colombia,2023,Territorio y economía civil: Reflexiones humanistas,JORGE ANDRES RICO ZAPATA,1
00635,012,Capítulos de libro publicados,Capítulo de libro,"El humanismo en la construcción y consolidación de la nación, el territorio y la identidad colombiana",Colombia,2023,Territorio y economía civil: Reflexiones humanistas,JORGE ANDRES RICO ZAPATA,1
00636,012,Capítulos de libro publicados,Capítulo de libro,"Periodismo Comunitario como memoria y visibilidad: las casas históricas de la Comuna 15, Guayabal Casas que hablan",Colombia,2022,Retos de la comunicación en la sociedad del conocimiento.,MARCOS VEGA SENA,1
00637,012,Capítulos de libro publicados,Capítulo de libro,Narrativas territoriales en cuatro periódicos comunitarios de Medellín y sus zonas rurales,España,2022,La representación de la ciudad en la sociedad contemporánea,MARCOS VEGA SENA,1
00638,012,Capítulos de libro publicados,Capítulo de libro,¿INCLUYEN LAS UNIVERSIDADES ACTIVIDADES FORMATIVAS RELACIONADAS CON PERIODISMO ALTERNATIVO Y POPULAR?,Colombia,2021,Periodismo universitario en el siglo XXI. Experiencias que transforman. Volumen II,"MARCOS VEGA SENA, MARIA JOSEFA RESTREPO BRAND, MARIELA MARQUEZ QUINTERO",1
00639,012,Capítulos de libro publicados,Capítulo de libro,Descubriendo el trabajo del fixer. Dilemas éticos y retos a la técnica en una experiencia de colaboración internacional entre periodistas universitarios,Colombia,2021,Periodismo universitario en el siglo XXI. Experiencias que transforman. Volumen II,MARCOS VEGA SENA,1
00640,012,Capítulos de libro publicados,Otro capítulo de libro publicado,Descubriendo el trabajo del fixer. Dilemas éticos y retos a la técnica en una experiencia de colaboración internacional entre periodistasuniversitarios,Colombia,2021,Periodismo universitario en el siglo XXI. Experiencias que transforman. Volumen II,"MARCOS VEGA SENA, JOAQUIN ALONSO GOMEZ MENESES, ALEJANDRO GONZALEZ OCHOA",1
00641,012,Capítulos de libro publicados,Otro capítulo de libro publicado,"Leo Burnett, el paso del periodismo al copy publicitario y la evolución del texto impreso a la narrativa digital.",Ecuador,2020,El apagón analógico y el despertar del periodismo digital,"JUAN DIEGO LOPEZ MEDINA, RAFAEL VARGAS CANO",1
00642,012,Capítulos de libro publicados,Capítulo de libro,Advertcaring: hibridación publicitaria para el bienestar,Colombia,2020,Ecociudades: Una experiencia urbana,JUAN DIEGO LOPEZ MEDINA,1
00643,012,Capítulos de libro publicados,Capítulo de libro,La crónica periodística como método de investigación,Colombia,2020,Comunicación,MARCOS VEGA SENA,1
00644,012,Capítulos de libro publicados,Otro capítulo de libro publicado,"Ecosistemas digitales para la formación: redes sociales, ebooks y ciencia 2.0",Colombia,2020,Piedra,"EDWIN ANDRES SEPULVEDA CARDONA, CARLOS SUAREZ QUICENO",1
00645,012,Capítulos de libro publicados,Otro capítulo de libro publicado,"Ecosistemas digitales para la formación: Redes sociales, ebooks y ciencia 2.0",Colombia,2020,Piedra,"CARLOS SUAREZ QUICENO, EDWIN ANDRES SEPULVEDA CARDONA",1
00646,012,Capítulos de libro publicados,Otro capítulo de libro publicado,Producciones digitales hipermediales desde la investigación y la docencia,Colombia,2020,Piedra,"CARLOS SUAREZ QUICENO, EDWIN ANDRES SEPULVEDA CARDONA",1
00647,012,Capítulos de libro publicados,Otro capítulo de libro publicado,Producciones digitales hipermediales desde la investigación y la docencia,Colombia,2020,Piedra,"EDWIN ANDRES SEPULVEDA CARDONA, CARLOS SUAREZ QUICENO",1
00648,012,Capítulos de libro publicados,Capítulo de libro,Relacionamiento estratégico para potenciar acciones de responsabilidad social empresarial (p. 128),Colombia,2020,Sosteniblidad,JUAN DIEGO LOPEZ MEDINA,1
00649,012,Capítulos de libro publicados,Otro capítulo de libro publicado,Experiencia Amazon,Colombia,2020,Piedra,"JUAN DIEGO LOPEZ MEDINA, EDWIN ANDRES SEPULVEDA CARDONA, ANNY CRISTINA CARDENAS LOPEZ, ANCIZAR VARGAS LEON, ASTRID LORENA CARMONA SUAREZ, CARLOS SUAREZ QUICENO",1
00650,012,Capítulos de libro publicados,Otro capítulo de libro publicado,Experiencia Amazon,Colombia,2020,Piedra,JUAN DIEGO LOPEZ MEDINA,1
00651,012,Capítulos de libro publicados,Otro capítulo de libro publicado,Agir com o signo da compreensao,Brasil,2019,Agir com o signo da compreensao,MARCOS VEGA SENA,1
00652,012,Capítulos de libro publicados,Capítulo de libro,La radio y la Comprensión cultural: conocer las músicas andinas de la contemporaneidad,Brasil,2019,Agir con o signo da compreensão,MARCOS VEGA SENA,1
00653,012,Capítulos de libro publicados,Otro capítulo de libro publicado,1. Descripción del contexto. 1.3 ¡Publicidad!...¿social?,Colombia,2019,responsableESTRATEGIAS DE PUBLICIDAD SOCIALCoyunturas sociales como oportunidad de mejoramiento de valor,JUAN DIEGO LOPEZ MEDINA,1
00654,012,Capítulos de libro publicados,Otro capítulo de libro publicado,"1. Descripción del contexto. 1.1. RSE, estrategias favorables para el valor de marca",Colombia,2019,responsableESTRATEGIAS DE PUBLICIDAD SOCIALCoyunturas sociales como oportunidad de mejoramiento de valor,JUAN DIEGO LOPEZ MEDINA,1
00655,012,Capítulos de libro publicados,Otro capítulo de libro publicado,3. Consideraciones finales,Colombia,2019,responsableESTRATEGIAS DE PUBLICIDAD SOCIALCoyunturas sociales como oportunidad de mejoramiento de valor,JUAN DIEGO LOPEZ MEDINA,1
00656,012,Capítulos de libro publicados,Otro capítulo de libro publicado,La pelada del Instagram,Colombia,2018,Letras para vivir: relatos y cuentos,EDWIN ANDRES SEPULVEDA CARDONA,1
00657,012,Capítulos de libro publicados,Capítulo de libro,"Comunicación visual en la era posdigital: hipertexto, skeumorfismo y material design",Colombia,2017,Sin perder de vista: Reflexiones teóricas sobre comunicación visual,EDWIN ANDRES SEPULVEDA CARDONA,1
00658,012,Capítulos de libro publicados,Otro capítulo de libro publicado,¿Ganar y tirar al arco¿. Comparación estadística entre el fútbol profesional de Colombia y Argentina,Colombia,2017,Libro de resúmenes,FERNANDO AQUILES DE LA SANTISI ARANGO NAVARRO,1
00659,012,Capítulos de libro publicados,Otro capítulo de libro publicado,"Relaciones Publicas, un estudio para su futuro",Colombia,2017,José Miguel Pereira (Editor),ANCIZAR VARGAS LEON,1
00660,012,Capítulos de libro publicados,Otro capítulo de libro publicado,De la sociedad red y de la información a la sociedad del conocimiento: una visión prospectiva desde la comunicación,Colombia,2017,José Miguel Pereira (Editor),ANCIZAR VARGAS LEON,1
00661,012,Capítulos de libro publicados,Otro capítulo de libro publicado,"Ciberidolatría, una esperanza destructiva para la familia.",Ecuador,2017,Sin Familia No Hay Futuro,JHOEEN SNEYDER ROJAS DIAZ,1
00662,012,Capítulos de libro publicados,Otro capítulo de libro publicado,"e-Salud, una ventana abierta a la prevención de las adicciones",Colombia,2017,Educación digital y gestión del talento humano en iberoamérica,"EDWIN ANDRES SEPULVEDA CARDONA, SANDRA MILENA RESTREPO ESCOBAR",1
00663,012,Capítulos de libro publicados,Capítulo de libro,"""Relaciones públicas: un estudio para su futuro""",Colombia,2017,José Miguel Pereira (Editor),"ANCIZAR VARGAS LEON, LINA MARIA GONZALEZ CORREA",1
00664,012,Capítulos de libro publicados,Capítulo de libro,De la sociedad red y de la información a la sociedad del conocimiento: una visión prospectiva desde la comunicación,Colombia,2017,José Miguel Pereira (Editor),ANCIZAR VARGAS LEON,1
00665,012,Capítulos de libro publicados,Otro capítulo de libro publicado,Análisis de seis publicaciones científicas en el campo de la comunicación en Colombia,Colombia,2016,José Miguel Pereira (Editor),LINA MARIA GONZALEZ CORREA,1
00666,012,Capítulos de libro publicados,Otro capítulo de libro publicado,Relaciones públicas: un estudio para su futuro,Colombia,2016,José Miguel Pereira (Editor),LINA MARIA GONZALEZ CORREA,1
00667,012,Capítulos de libro publicados,Otro capítulo de libro publicado,Andamiaje instruccional y diseño para lectura en pantalla,Colombia,2016,¿EDUcación y TECnología. Propuestas desde la investigación y la innovación educativa¿.,EDWIN ANDRES SEPULVEDA CARDONA,1
00668,012,Capítulos de libro publicados,Otro capítulo de libro publicado,"Transmedia storytelling y libros digitales, estrategias para la transferencia de conocimiento",Colombia,2016,¿EDUcación y TECnología. Propuestas desde la investigación y la innovación educativa¿.,EDWIN ANDRES SEPULVEDA CARDONA,1
00669,012,Capítulos de libro publicados,Capítulo de libro,"""Importancia del estado del arte en procesos de investigación y su relación con la metodología prospectiva""",Colombia,2016,XIX Encuentro Nacional de Investigación,LINA MARIA GONZALEZ CORREA,1
00670,012,Capítulos de libro publicados,Capítulo de libro,Comunicación y Prospectiva,Colombia,2016,Pensamiento Prospectivo y Estrategia,ANCIZAR VARGAS LEON,1
00671,012,Capítulos de libro publicados,Capítulo de libro,Aproximación al estado del arte de la planificación de cuentas en Colombia,España,2016,Tendencias Publicitarias en Iberoamerica. Diálogo de saberes y experiencias. Colección Mundo digital,"CLAUDIA INES VELEZ OCHOA, OMAR MUNOZ SANCHEZ",1
00672,012,Capítulos de libro publicados,Otro capítulo de libro publicado,Andamiaje instruccional y diseño para lectura en pantalla,España,2016,¿EDUcación y TECnología. Propuestas desde la investigación y la innovación educativa¿.,"CARLOS SUAREZ QUICENO, EDWIN ANDRES SEPULVEDA CARDONA",1
00673,012,Capítulos de libro publicados,Otro capítulo de libro publicado,"Los seriados de televisión de Estados Unidos, un acercamiento metodológico.",Colombia,2015,Televisión Y Construcción De Lo Público Cátedra Unesco De Comunicación,"FERNANDO AQUILES DE LA SANTISI ARANGO NAVARRO, ANCIZAR VARGAS LEON, MARIA CRISTINA LOAIZA PINEDA",1
00674,012,Capítulos de libro publicados,Otro capítulo de libro publicado,"Transmedia literacy, medios y sujetos en formación",Colombia,2015,XVIII ENCUENTRO NACIONAL DE INVESTIGACIÓN,"EDWIN ANDRES SEPULVEDA CARDONA, CARLOS SUAREZ QUICENO",1
00675,012,Capítulos de libro publicados,Capítulo de libro,Propaganda en el Posconflicto Colombiano,Colombia,2015,Imaginar La Paz En Colombia: Cavilaciones Desde La Academia,RAFAEL VARGAS CANO,1
00676,012,Capítulos de libro publicados,Capítulo de libro,"Creación micrositio en plataforma DICOM para mejorar resultados Saber Pro de estudiantes de Comunicación Social, de la Funlam",Colombia,2015,Seminario Internacional Sobre ¿La Responsabilidad Social Desde Una Perspectiva Crítica E Interdisciplinaria: Investigación En Comunicación-Educación Y Publicidad¿. 7-9 Mayo 2014,FERNANDO AQUILES DE LA SANTISI ARANGO NAVARRO,1
00677,012,Capítulos de libro publicados,Otro capítulo de libro publicado,La sociedad del conocimiento: ¿democratización de la información?,Colombia,2015,Seminario Internacional Comunicación-Educación Y Publicidad 2012 -2013,LINA MARIA GONZALEZ CORREA,1
00678,012,Capítulos de libro publicados,Capítulo de libro,Enlatados para consumo familiar,Colombia,2014,Televisión enlatada. Características ideológicas de los seriados de televisión estadounidense emitidos en Colombia entre 1955 y 1990,"FERNANDO AQUILES DE LA SANTISI ARANGO NAVARRO, ANCIZAR VARGAS LEON, MARIA CRISTINA LOAIZA PINEDA",1
00679,012,Capítulos de libro publicados,Capítulo de libro,La investigación: un compromiso con la sociedad,Colombia,2014,La Investigación,LINA MARIA GONZALEZ CORREA,1
00680,012,Capítulos de libro publicados,Otro capítulo de libro publicado,Estado del arte de la investigación en Comunicación. Hacia la formulación de un proyecto global,Colombia,2014,La Investigación,LINA MARIA GONZALEZ CORREA,1
00681,012,Capítulos de libro publicados,Otro capítulo de libro publicado,Diseño de experiencias de escritura: transmediación para crear contenidos mediáticos,Colombia,2014,Seminario Internacional Comunicación-Educación Y Publicidad 2012 -2013,EDWIN ANDRES SEPULVEDA CARDONA,1
00682,012,Capítulos de libro publicados,Otro capítulo de libro publicado,Hipertexto y relatos interactivos: contribuciones desde la comunicación y las TIC a los procesos de enseñanza ¿ aprendizaje de las competencias relacionadas con la escritura,Colombia,2014,Seminario Internacional Comunicación-Educación Y Publicidad 2012 -2013,"EDWIN ANDRES SEPULVEDA CARDONA, CARLOS SUAREZ QUICENO",1
00683,012,Capítulos de libro publicados,Capítulo de libro,Las teorías posmodernas de gestión de organizaciones,Colombia,2014,Seminario Internacional Comunicación-Educación Y Publicidad 2012 -2013,"ANCIZAR VARGAS LEON, LINA MARIA GONZALEZ CORREA",1
00684,012,Capítulos de libro publicados,Otro capítulo de libro publicado,Comunicación y Prospectiva,Colombia,2014,Pensamiento Prospectivo y Estrategia,ANCIZAR VARGAS LEON,1
00685,012,Capítulos de libro publicados,Otro capítulo de libro publicado,La responsabilidad social desde una perspectiva crítica e interdisciplinaria,Colombia,2014,Seminario Internacional Comunicación-Educación Y Publicidad 2012 -2013,LINA MARIA GONZALEZ CORREA,1
00686,012,Capítulos de libro publicados,Capítulo de libro,Estado del Arte de la Investigación en Comunicación: Hacia la Formulación de un Proyecto Global. Estudio de Caso Facultades de Medellín,Colombia,2014,Prospectiva de la educación como eje de desarrollo económico,LINA MARIA GONZALEZ CORREA,1
00687,012,Capítulos de libro publicados,Otro capítulo de libro publicado,Contenidos transmedia y crossmedia para la formación de competencias narrativas,Colombia,2013,Robert Ashley,EDWIN ANDRES SEPULVEDA CARDONA,1
00688,012,Capítulos de libro publicados,Otro capítulo de libro publicado,la familia en los enlatados estadounidenses en la TV colombiana (1954-1990),Colombia,2013,Robert Ashley,FERNANDO AQUILES DE LA SANTISI ARANGO NAVARRO,1
00689,012,Capítulos de libro publicados,Capítulo de libro,Proceso metodológico en torno a la construcción de un Manual de Branding para,Colombia,2013,Robert Ashley,RAFAEL VARGAS CANO,1
00690,012,Capítulos de libro publicados,Otro capítulo de libro publicado,Medios ciudadanos y construcción del derecho a la comunicación,España,2012,Ultimas Tendencias En Modelos De Investigación En El Eees Y En Otros Sistemas Actuales,CLAUDIA TERESA HERRERA CAICEDO,1
00691,012,Capítulos de libro publicados,Otro capítulo de libro publicado,Algunas precisiones sobre ciudadanía y derecho a la comunicación,Colombia,2012,Análisis Comparativo De La Competencia Genérica Razonamiento Cuantitativo De La Prueba Saberpro Y Su Relación Con Los Cursos Ofrecidos Por El Departamento De Ciencias Básicas En Los Programas De Pregrado De La Funlam Y La U De M,CLAUDIA TERESA HERRERA CAICEDO,1
00692,012,Capítulos de libro publicados,Otro capítulo de libro publicado,"""Algunas características ideológicas de los programas enlatados emitidos en la televisión colombiana entre 1955 y 1990",Colombia,2012,Análisis Comparativo De La Competencia Genérica Razonamiento Cuantitativo De La Prueba Saberpro Y Su Relación Con Los Cursos Ofrecidos Por El Departamento De Ciencias Básicas En Los Programas De Pregrado De La Funlam Y La U De M,FERNANDO AQUILES DE LA SANTISI ARANGO NAVARRO,1
00693,012,Capítulos de libro publicados,Otro capítulo de libro publicado,Nuestra estética contra su violencia. El principio dialógico de la etnografia audiovisual,Colombia,2012,Pensar La Comunicación. Rutas De Indagación En La Configuración De Un Saber. Tomo Iii,CESAR AUGUSTO TAPIAS HERNANDEZ,1
00694,012,Capítulos de libro publicados,Otro capítulo de libro publicado,Libros electrónicos interactivos: nuevos lectores y nuevas terminales de lectura,Colombia,2012,Seminario Internacional Comunicación-Educación Y Publicidad 2012 -2013,EDWIN ANDRES SEPULVEDA CARDONA,1
00695,012,Capítulos de libro publicados,Capítulo de libro,Los procesos de transferencia de conocimiento en algunas universidades de Colombia,Colombia,2012,Conferencia Ascolfa 2012. Encuentro Internacional De Investigación En Administración. ¿Desafíos De La Gerencia En Entornos Competitivos¿.,EDWIN ANDRES SEPULVEDA CARDONA,1
00696,012,Capítulos de libro publicados,Capítulo de libro,COMUNICACIÓN DE LA CIENCIA Y LA TECNOLOGÍA: UN ACERCAMIENTO AL MODELO DE PARTICIPACIÓN PÚBLICA,Colombia,2012,Organización Y Conocimiento,EDWIN ANDRES SEPULVEDA CARDONA,1
00697,012,Capítulos de libro publicados,Capítulo de libro,Construcción visual de la memoria en el espacio público. Memoria y olvido en la ciudad de Medellín,Brasil,2011,.)  Arte Público Y Espacios Políticos: Interacciones Y Fracturas En Las Ciudades Latinoamericanas,PAOLO ANTONIO VILLALBA STORTI,1
00698,012,Capítulos de libro publicados,Capítulo de libro,El combate de Medellín con la memoria. Hacia una recuperación culposa del pasado,Argentina,2011,Imaginando el espacio. Problemas,PAOLO ANTONIO VILLALBA STORTI,1
00699,012,Capítulos de libro publicados,Capítulo de libro,Entre el olvido y la conmemoración: convulsión anacrónica en el espacio público,Colombia,2010,Memorias Ix Encuentro De Estudiantes De Historia,PAOLO ANTONIO VILLALBA STORTI,1
00700,013,Capítulos de libro publicados,Otro capítulo de libro publicado,La historia y los nuevos paradigmas. Juan José Tamayo y la esperanza en la renovación teológica,España,2024,Juan José Tamayo. Teología y praxis de liberacion,MANUEL DAVID GOMEZ ERAZO,1
00701,013,Capítulos de libro publicados,Capítulo de libro,Liberation Themes in Latin American Literatures: The Case of Changó el gran putas by Manuel Zapata Olivella,Reino Unido,2023,Decolonizing Liberation Theologies,JUAN ESTEBAN LONDONO BETANCUR,1
00702,013,Capítulos de libro publicados,Capítulo de libro,Teología y contexto: perspectivas a futuro en la Universidad Católica Luis Amigó,Colombia,2023,Propuestas teológicas contemporáneas. Reflexiones bíblicas,"MANUEL DAVID GOMEZ ERAZO, JUAN ESTEBAN LONDONO BETANCUR",1
00703,013,Capítulos de libro publicados,Otro capítulo de libro publicado,"Mundo de la vida (Lebenswelt), calidad de vida y dignidad humana del investigador universitario. Análisis en un grupo focal colombiano.",España,2023,Avances en Educación Superior e Investigación Vol. 3,"MANUEL DAVID GOMEZ ERAZO, IVAN DARIO TORO JARAMILLO",1
00704,013,Capítulos de libro publicados,Capítulo de libro,Aproximaciones al síndrome del burnout en los clérigos. Discusiones emergentes.,Colombia,2023,Propuestas teológicas contemporáneas. Reflexiones bíblicas,DAVID OSWALDO ZAPATA TAMAYO,1
00705,013,Capítulos de libro publicados,Capítulo de libro,La amistad como lealtad social y alteridad: fraternidad en la literatura apócrifa judía de la época del segundo templo,España,2022,La hermandad desde la Biblia: aproximaciones textuales,JUAN SEBASTIAN HERNANDEZ VALENCIA,1
00706,013,Capítulos de libro publicados,Capítulo de libro,Fraternidad y sororidad en la poesía de Raúl Zurita,Colombia,2022,La hermandad desde la Biblia. Aproximaciones textuales,JUAN ESTEBAN LONDONO BETANCUR,1
00707,013,Capítulos de libro publicados,Capítulo de libro,"¿Es ""humano"" el transhumanismo? Visión desde los orígenes y el desarrollo del movimiento",Colombia,2021,Humanismo y trashumanismo: reflexiones desde las ciencias humanas y sociales,JUAN SEBASTIAN HERNANDEZ VALENCIA,1
00708,013,Capítulos de libro publicados,Capítulo de libro,POPULISMO REPERCUSIONES EN LA UNIVERSIDAD Y MOVIMIENTOS ESTUDIANTILES,Colombia,2021,Reflexiones académicas alredor del derecho,HERNAN ANDRES CARMONA GARZON,1
00709,013,Capítulos de libro publicados,Capítulo de libro,El problema de la comprensión en la investigación social. Un esbozo histórico y conceptual.,Colombia,2020,El arte de investigar con niños,DANIEL ESTEBAN QUIROZ OSPINA,1
00710,013,Capítulos de libro publicados,Capítulo de libro,Sobre lo femenino y el lazo social: una mirada a la violencia en Colombia,Colombia,2019,¿podemos construir la paz? perspectivas,KELLY VARGAS GARCIA,1
00711,013,Capítulos de libro publicados,Capítulo de libro,"Hölderlin, Hiperión y el ideal de transformación",Colombia,2019,Perspectivas del arte en Hölderlin,ANDRES ALFREDO CASTRILLON CASTRILLON,1
00712,013,Capítulos de libro publicados,Capítulo de libro,"La metamorfosis del pensamiento. Dialéctica sobre los conceptos de arte, naturaleza e historia en Kant y Hölderlin",Colombia,2019,Perspectivas del arte en Hölderlin,PALOMA MARIN ESCOBAR,1
00713,013,Capítulos de libro publicados,Otro capítulo de libro publicado,Re-nacer,Colombia,2018,Letras para vivir: relatos y cuentos,DAVID ESTEBAN ZULUAGA MESA,1
00714,013,Capítulos de libro publicados,Otro capítulo de libro publicado,Una experiencia piloto,Colombia,2018,Letras para vivir: relatos y cuentos,DAVID ESTEBAN ZULUAGA MESA,1
00715,013,Capítulos de libro publicados,Otro capítulo de libro publicado,Eurípides y la posición del georgós en la Atenas democrática,Colombia,2016,Jornadas de Reflexión Filosófica y Teológica. Pensar la actualidad,CARLOS ANDRES GALLEGO ARROYAVE,1
00716,013,Capítulos de libro publicados,Otro capítulo de libro publicado,Reivindicación del cuerpo en la cultura cristiana contemporánea,Colombia,2016,Jornadas de Reflexión Filosófica y Teológica: Pensar la Actualidad,JONATHAN ANDRES RUA PENAGOS,1
00717,013,Capítulos de libro publicados,Otro capítulo de libro publicado,El Secreto,Colombia,2015,Trilogía: Cuentos,LEIDY ANDREA RIOS RESTREPO,1
00718,013,Capítulos de libro publicados,Otro capítulo de libro publicado,"Orestes: entre la razón y la locura, la enfermedad y el ímpetu",Argentina,2015,Actas De Las Vii Jornadas Nacionales De Filosofía Antigua. El Cuerpo Y El Alma En La Filosofía Antigua,JHOANA ANDREA GUTIERREZ CADAVID,1
00719,013,Capítulos de libro publicados,Otro capítulo de libro publicado,El cuerpo andrajoso de Jerjes y el espectro puro de Darío. Hybris y sophrosyne en los personajes de Los persas.,Argentina,2015,Actas De Las Vii Jornadas Nacionales De Filosofía Antigua. El Cuerpo Y El Alma En La Filosofía Antigua,CARLOS ANDRES GALLEGO ARROYAVE,1
00720,013,Capítulos de libro publicados,Otro capítulo de libro publicado,La experiencia poética como absoluto hölderliniano,Colombia,2015,La Filosofía Hoy,JHOANA ANDREA GUTIERREZ CADAVID,1
00721,013,Capítulos de libro publicados,Otro capítulo de libro publicado,Lenguaje y vida: reflexión a partir del bello texto de Toni Morrison,Colombia,2015,La Filosofía Hoy,DAVID ESTEBAN ZULUAGA MESA,1
00722,013,Capítulos de libro publicados,Otro capítulo de libro publicado,Ontología entre el pensar y el poetizar de Heidegger y Hölderlin,Colombia,2015,La Filosofía Hoy,PALOMA MARIN ESCOBAR,1
00723,013,Capítulos de libro publicados,Capítulo de libro,EDUCAR EN Y PARA LA DEMOCRACIA: EL DESAFÍO DE AMÉRICA LATINA,Colombia,2014,Democracia O Engaño.,JESUS DAVID GIRADO SIERRA,1
00724,013,Capítulos de libro publicados,Otro capítulo de libro publicado,El cuerpo: ámbito de encuentro con el otro en la pedagogía amigoniana,Colombia,2014,Memorias Simposio Internacional De Educación Y Pedagogía De La Alteridad,JONATHAN ANDRES RUA PENAGOS,1
00725,013,Capítulos de libro publicados,Otro capítulo de libro publicado,Ética y Educación Física: una perspectiva curricular,Colombia,2013,Formación De Ciudadanías: Una Propuesta Para La Configuración De La Educación Física,JONATHAN ANDRES RUA PENAGOS,1
00726,013,Capítulos de libro publicados,Otro capítulo de libro publicado,La experiencia mística: su comprensión desde una perspectiva naturalizada,Colombia,2013,Ciencia Y Religión: Reflexiones En Torno A Una Racionalidad Incluyente,LINA MARCELA DE LA MILAGROSA CADAVID RAMIREZ,1
00727,013,Capítulos de libro publicados,Otro capítulo de libro publicado,A propósito de la Teología del Deporte,Uruguay,2012,Congreso Continental De Teología. La Teología De La Liberación En Prospectiva,JONATHAN ANDRES RUA PENAGOS,1
00728,013,Capítulos de libro publicados,Otro capítulo de libro publicado,Las Luchas por la Memoria en América Latina: un Camino hacia la Visibilización de las Víctimas y la Consolidación de una Justicia Restaurativa,Colombia,2012,Política Y Cultura En América Y Latina,JESUS DAVID GIRADO SIERRA,1
00729,013,Capítulos de libro publicados,Otro capítulo de libro publicado,Colombia: un Compromiso con la Memoria en medio del Conflicto,Colombia,2012,Conflicto,JESUS DAVID GIRADO SIERRA,1
00730,013,Capítulos de libro publicados,Otro capítulo de libro publicado,La investigación en la lógica del formato o la muerte del conocimiento,Colombia,2012,Un Café Para La Tarde : Cuento,DAVID ESTEBAN ZULUAGA MESA,1
00731,013,Capítulos de libro publicados,Otro capítulo de libro publicado,"Un café para la tarde : cuento, poesía y ensayo / Concursos de escritura FUNLAM 2011 . -- Medellín : Fundación Universitaria Luis Amigó, 2012",Colombia,2012,Un Café Para La Tarde : Cuento,MILTON ANDRES ORTIZ ESCOBAR,1
00732,013,Capítulos de libro publicados,Otro capítulo de libro publicado,Vahído en las cornisas,Colombia,2012,Distopía. Aullidos. La Comunicación Invisible : Cuento,MILTON ANDRES ORTIZ ESCOBAR,1
00733,013,Capítulos de libro publicados,Capítulo de libro,Identidad: categoría y modelo aplicados a la Fundación Universitaria Luis Amigó,Colombia,2011,Organización Y Conocimiento,"DAVID ESTEBAN ZULUAGA MESA, JUAN ANDRES CARDENAS DORIA",1
00734,013,Capítulos de libro publicados,Otro capítulo de libro publicado,La socociedad del consumo en la sociedad del riesgo: un entronque entre Gilles Lipovetsky y Ulrich Beck.,Colombia,2010,Urdimbres.,FREDY DE JESUS FERNANDEZ MARQUEZ,1
00735,013,Capítulos de libro publicados,Otro capítulo de libro publicado,AUTONOMÍA Y FORMACIÓN EN: JUAN JACOBO ROUSSEAU,Colombia,2010,Herramientas De Trabajo En Participacion Ciudadana Y Acciones Afirmativas,FREDY DE JESUS FERNANDEZ MARQUEZ,1
00736,013,Capítulos de libro publicados,Capítulo de libro,Polemistas católicos colombianos,España,2008,Teologia En America Latina. De Las Guerras De Independencia Hasta Finales Del Siglo Xix,IVAN DARIO TORO JARAMILLO,1
00737,013,Capítulos de libro publicados,Otro capítulo de libro publicado,Nietzsche: metafìsica para el artista globalizado,Colombia,2008,Aproximaciones al arte y la religión desde la antropología filosófica en el contexto de la postmodernidad y la globalización,VICTOR RAUL JARAMILLO RESTREPO,1
00738,013,Capítulos de libro publicados,Otro capítulo de libro publicado,Palabra y padecimiento.,Colombia,2002,La palabra detonante,VICTOR RAUL JARAMILLO RESTREPO,1
00739,014,Capítulos de libro publicados,Capítulo de libro,Propuesta estratégica para el aprovechamiento de retales: un estudio de caso en una empresa de madera,,2026,Sostenibilidad: miradas interdisciplinarias para el cambio,CANDY LORENA CHAMORRO GONZALEZ,1
00740,014,Capítulos de libro publicados,Capítulo de libro,Responsabilidad social en el sector transporte: una aproximación desde el caso de empresas de servicio masivo.,,2026,Gestión y sostenibilidad: enfoques desde las  ciencias administrativas,CANDY LORENA CHAMORRO GONZALEZ,1
00741,014,Capítulos de libro publicados,Capítulo de libro,Repensar el papel de la ética profesional dentro de la auditoría financiera.,Colombia,2025,Estudios sobre Ciencias Administrativas en el marco de los Objetivos de Desarrollo Sostenible,CANDY LORENA CHAMORRO GONZALEZ,1
00742,014,Capítulos de libro publicados,Capítulo de libro,Comportamientos fraudulentos en la disciplina contable,,2025,estudio sobre ciencias administrativas en el marco de los objetivos de desarrollo sostenible,SOL BEATRIZ VELEZ ESCOBAR,1
00743,014,Capítulos de libro publicados,Capítulo de libro,"Implicaciones de la corrupción en el sector educativo de América Latina: cobertura, calidad y conectividad tecnológica",,2025,Estudios en el marco de los ODS: una mirada desde las ciencias administrativas,SOL BEATRIZ VELEZ ESCOBAR,1
00744,014,Capítulos de libro publicados,Capítulo de libro,Globalización y desigualdad: el papel de las políticas económicas,Colombia,2025,Estudios sobre Ciencias Administrativas en el marco de los Objetivos de Desarrollo Sostenible,"RUBY STELLA CABRERA JARAMILLO, ALBEIRO AGUIRRE RIOS, JUAN JOSE ESPINAL PIEDRAHITA",1
00745,014,Capítulos de libro publicados,Capítulo de libro,Hacia una mayor justicia fiscal en Colombia: evaluación de la progresividad del impuesto sobre la renta de asalariados tras la reforma tributaria del año 2022,Colombia,2025,Estudios en el marco de los ODS: una mirada desde las ciencias administrativas,"RUBY STELLA CABRERA JARAMILLO, ALBEIRO AGUIRRE RIOS, JUAN JOSE ESPINAL PIEDRAHITA",1
00746,014,Capítulos de libro publicados,Capítulo de libro,Las relaciones interdisciplinarias de la inteligencia de negocios: un mundo de posibilidades en la cuarta revolución industrial?,Colombia,2024,INTELIGENCIA DE NEGOCIOS ¿EN BÚSQUEDA DEL OBJETO PERDIDO?,CANDY LORENA CHAMORRO GONZALEZ,1
00747,014,Capítulos de libro publicados,Capítulo de libro,Pequeños contribuyentes: punto de inflexión y reflexión sobre constitucionalidad del sistema tributario colombiano,Colombia,2021,Medio ambiente,RUBY STELLA CABRERA JARAMILLO,1
00748,014,Capítulos de libro publicados,Capítulo de libro,Mitigación de los residuos sólidos de tres constructoras de la ciudad de Medellín: un caso de éxito para implementar en el departamento de Bolívar,Colombia,2020,¿Residuos Sólidos Una nueva alternativa de aprovechamiento para los municipios de Bolívar,CANDY LORENA CHAMORRO GONZALEZ,1
00749,014,Capítulos de libro publicados,Capítulo de libro,Contabilidad verde y desarrollo sostenible: tendencias y perspectivas,Venezuela,2020,Tendencias en la investigación universitaria. Una visión desde latinoamerica,CANDY LORENA CHAMORRO GONZALEZ,1
00750,014,Capítulos de libro publicados,Capítulo de libro,La formación de estudiantes de las facultades y escuelas afiliadas a la asociación latinoamericana de facultades y escuelas de contaduría y administración,Colombia,2019,El reto de las organizaciones educativas de nivel superior del área económico-administrativa de México y América Latina en un entorno de desarrollo sostenible,"MARIELA VELASQUEZ PEREZ, CANDY LORENA CHAMORRO GONZALEZ",1
00751,014,Capítulos de libro publicados,Capítulo de libro,LA EDUCACIÓN DENTRO DEL MARCO DE LAS PRETENSIONES DE LA AGENDA 2015-2030,México,2019,El reto de las organizaciones educativas de nivel superior del área económico-administrativa de México y América Latina en un entorno de desarrollo sostenible,RUBY STELLA CABRERA JARAMILLO,1
00752,014,Capítulos de libro publicados,Capítulo de libro,LA LINGUISTICIDAD DE LA PLANIFICACIÓN DEL DESARROLLO SOSTENIBLE DESDE LOS SISTEMAS COMPLEJOS ADAPTATIVOS,Venezuela,2018,Tendencias en la Investigación Universitaria: una Visión desde Latinoamérica Volumen IV,"MARIA VICTORIA AGUDELO VARGAS, YAMARU DEL VALLE CHIRINOS ARAQUE, JORGE ARMANDO MUNOZ RUIZ, NATALIYA BARBERA ALVARADO",1
00753,014,Capítulos de libro publicados,Capítulo de libro,LA NEUROPLANIFICACIÓN: HERRAMIENTA FUNDAMENTAL EN EL PROCESO ESTRATÉGICO DE LAS UNIVERSIDADES PRIVADAS DEL ESTADO ZULIA DIGT,Venezuela,2018,Tendencias en la investigación universitaria. Una visión desde Latinoamérica,"MARIA VICTORIA AGUDELO VARGAS, YAMARU DEL VALLE CHIRINOS ARAQUE, JORGE ARMANDO MUNOZ RUIZ, JOSE ALEXANDER VELASQUEZ OCHOA",1
00754,014,Capítulos de libro publicados,Capítulo de libro,Pobreza infantil en México,México,2018,Investigación Multidisciplinaria,MARIA ELENA VALENCIA CORRALES,1
00755,014,Capítulos de libro publicados,Capítulo de libro,Hacia un pensum o programas académicos básicos para la formación de emprendedores sociales: areas de conocimiento y temas fundamentales,México,2018,Educar para el emprendimiento social,ALBA LUCIA GOMEZ RAMIREZ,1
00756,014,Capítulos de libro publicados,Capítulo de libro,Hacia un pénsum o programas académicos básicos para la formación de emprendedores sociales: Áreas de conocimiento y temas fundamentales,México,2018,Educar para el emprendimiento social,MARIA ELENA VALENCIA CORRALES,1
00757,014,Capítulos de libro publicados,Capítulo de libro,Emprendimiento social en la universidad: Desafío en contextos de desigualdad,México,2018,Educar para el emprendimiento social,ALBA LUCIA GOMEZ RAMIREZ,1
00758,014,Capítulos de libro publicados,Capítulo de libro,Emprendimiento social en tiempos decrisis:Una apuesta con todos y para todos,México,2018,Educar para el emprendimiento social,ALBA LUCIA GOMEZ RAMIREZ,1
00759,014,Capítulos de libro publicados,Capítulo de libro,Una Visión Ética de los Empresarios: Una Reflexión desde Macintyre,Ecuador,2016,Gestión Integral Administrativa,"MARIA VICTORIA AGUDELO VARGAS, NORKA JUDITH VILORIA ORTEGA",1
00760,014,Capítulos de libro publicados,Otro capítulo de libro publicado,Flujos y contraflujos de la estandarización contable,Colombia,2014,Testimonio Latinoamericano. Senda Y Rastro De La Contabilidad En Una Región Del Tiempo,ELKIN HORACIO QUIROS LIZARAZO,1
00761,014,Capítulos de libro publicados,Capítulo de libro,"La Historiografía Contable como Historia General. Fundamentos Teóricos, Requisitos y Situación Actual de la Investigación Histórica en Contabilidad",Colombia,2014,Horizontes Plurales E Identitarios,CARLOS ALBERTO MUNOZ RESTREPO,1
00762,014,Capítulos de libro publicados,Otro capítulo de libro publicado,El sentido de la lucha nacionalista: historia del gremio estudiantil contable en Colombia,Colombia,2014,Testimonio Latinoamericano. Senda Y Rastro De La Contabilidad En Una Región Del Tiempo,LILIAM BETANCUR JARAMILLO,1
00763,014,Capítulos de libro publicados,Capítulo de libro,La comunicación de la responsabilidad social empresarial en la estrategia de la empresa: reflexiones y presentación de un ejercicio de análisis,Colombia,2013,Discusiones Contemporáneas De La Gestión,ELKIN HORACIO QUIROS LIZARAZO,1
00764,014,Capítulos de libro publicados,Capítulo de libro,Aspectos métricos de la innovación en la universidad,Colombia,2012,Organización Y Conocimiento,ELKIN HORACIO QUIROS LIZARAZO,1
00765,014,Capítulos de libro publicados,Capítulo de libro,Proceso de consolidación del capital social en la ciudad de Medellín en el marco de los enfoques de desarrollo humano y responsabilidad social,Colombia,2008,Tuberculosis En Población Indigente De Medellín: Análisis De Los Patrones De Transmisión De Mycobacterium Tuberculosis Y Su Asociación Con Trastornos Mentales Y Factores Psicosociales,"ELKIN HORACIO QUIROS LIZARAZO, ALFREDO MANUEL GHISO COTOS, OLGA LUCIA ARBOLEDA ALVAREZ",1
00766,014,Capítulos de libro publicados,Otro capítulo de libro publicado,La responsabilidad social en las pymes de Medellín: aproximación a un diagnóstico,Colombia,2007,Responsabilidad Social,HERNAN CARLOS BUSTAMANTE GARCIA,1
