id,id_grupo,categoria,tipo_producto,titulo,ano,tipologia
00001,001,Consultorías científico-tecnológicas,Consultoría científica,Energías Renovables y Aplicaciones Rurales,2014,2
00002,001,Consultorías científico-tecnológicas,Consultoría científica,Registro Calificado para Ingeniería de Sistemas en Sede Funlam Montería,0,2
00003,001,Consultorías científico-tecnológicas,Consultoría científica,Registro Calificado Ingeniería de SIstemas para el Municipio de Apartado,0,2
00004,002,Consultorías científico-tecnológicas,Consultoría científica,"PREPARACIÓN Y DISEÑO DE LA SISTEMATIZACIÓN DE LA II CUMBRE INTERNACIONAL DE PAZ: VIDA, DIGNIDAD Y RECONCILIACIÓN",2022,2
00005,002,Consultorías científico-tecnológicas,Consultoría científica,Consultoría en delitos informáticos bajo secreto empresarial al Batallón de Inteligencia de Señales del Ejército Nacional de Colombia con incidencia y presencial nacional como parte del proyecto propaganda y guerra.,2022,2
00006,002,Consultorías científico-tecnológicas,Consultoría científica,Modelo de auditorías de Sistemas,2021,2
00007,002,Consultorías científico-tecnológicas,Consultoría científica,Auditoría a las tecnologías de la Información,2020,2
00008,002,Consultorías científico-tecnológicas,Consultoría científica,COMUNICACIONES COMO FACTOR DE RIESGO PARA EL SUICIDIO EN LA UNION FASE VI-2023,2023,2
00009,002,Consultorías científico-tecnológicas,Consultoría científica,"Instalación, priorización y enrutamiento de acuerdo al equipo psicosocial con referencia a la prevención del comportamiento suicida en Itagüí dn fase VI-2023",2023,2
00010,002,Consultorías científico-tecnológicas,Consultoría científica,Articulación y Convenio interistitucional sobre la prevención del comportamiento suicida en Itagüí en fase VI-2023,2023,2
00011,002,Consultorías científico-tecnológicas,Consultoría científica,COMO INFORMAR SUICIDIO EN ITAGUI FASE VI-2023,2023,2
00012,002,Consultorías científico-tecnológicas,Consultoría científica,"Lo psicosocial, articulación intersectorial el pro de la prevención del comportamiento suicida en Itagüí fase VI-2023",2023,2
00013,002,Consultorías científico-tecnológicas,Consultoría científica,PAREJA Y SUICIDIO EN ITAGUI FASE VI -2023,2023,2
00014,002,Consultorías científico-tecnológicas,Consultoría científica,TECNOLOGIAS VINCULO Y SUICIDIO EN LA UNION FASE VI-2023,2023,2
00015,002,Consultorías científico-tecnológicas,Consultoría científica,FACTORES DE RIESGO Y FACTORES PROTECTORES EN EL COMPORTAMIENTO SUICIDA EN LA UNION FASE VI-2023,2023,2
00016,002,Consultorías científico-tecnológicas,Consultoría científica,Producto de inovacion generada en la gestion empresarial por parte de los grupos de investigacion,2023,2
00017,002,Consultorías científico-tecnológicas,Consultoría científica,"Tecnología, vínculos y comportamiento suicida",2023,2
00018,002,Consultorías científico-tecnológicas,Consultoría científica,Factores de riesgo y protección en entornos educativos,2023,2
00019,002,Consultorías científico-tecnológicas,Consultoría científica,Comunicar suicidio en Santa Rosa de Osos en Fase 5 -2022,2022,2
00020,002,Consultorías científico-tecnológicas,Consultoría científica,AUTOPSIA PSICOLOGICA SANTA ROSA DE OSOS EN FASE VI-2023,2023,2
00021,002,Consultorías científico-tecnológicas,Consultoría científica,COMUNICAR SUICIDIO SANTA ROSA DE OSOS EN FASE VI-2023,2023,2
00022,002,Consultorías científico-tecnológicas,Consultoría científica,ENTREVISTA PARA EL INTENTO DEL SUICIDIO EN SANTA ROSA DE OSOS FASE VI-2023,2023,2
00023,002,Consultorías científico-tecnológicas,Consultoría científica,GRUPOS DE APOYO EN SANTA ROSA DE OSOS FASE VI-2023,2023,2
00024,002,Consultorías científico-tecnológicas,Consultoría científica,Ruta de prevención atención del comportamiento suicida en el ambito escolar con énfasis en la población infantil Santa RosaOsos en Fase VI -2023,2023,2
00025,002,Consultorías científico-tecnológicas,Consultoría científica,Ruta de prevención atención del comportamiento suicida en el ámbito escolar con énfasis en la población infantil Santa Rosa de Osos en Fase VI -2023,2023,2
00026,002,Consultorías científico-tecnológicas,Consultoría científica,VIOLENCIAS SOCIALES Y SUICIDIO EN SANTA ROSA DE OSOS FASE VI -2023,2023,2
00027,002,Consultorías científico-tecnológicas,Consultoría científica,PAPS PRIMEROS AUXILIOS PSICOLOGICOS EN EL INTENTO DE SUICIDIO LA UNION EN FASE VI-2023,2023,2
00028,002,Consultorías científico-tecnológicas,Consultoría científica,PAPS PRIMEROS AUXILIOS PSICOLOGICOS EN EL INTENTO DE SUICIDIO LA UNION EN FASE VI-2023,2023,2
00029,002,Consultorías científico-tecnológicas,Consultoría científica,TECNOLOGIAS VINCULO Y SUICIDIO EN LA UNION FASE VI-2023,2023,2
00030,002,Consultorías científico-tecnológicas,Consultoría científica,PREVENCION DEL SUICIDIO Y RUTA EN EL ENTORNO ESCOLAR EN LA UNION FASE VI-2023,2023,2
00031,002,Consultorías científico-tecnológicas,Consultoría científica,PREVENCION DEL SUICIDIO Y RUTA EN EL ENTORNO ESCOLAR EN LA UNION FASE VI-2023,2023,2
00032,002,Consultorías científico-tecnológicas,Consultoría científica,PSICOPATOLOGIA EN LA PREVENCION DEL COMPORTAMIENTO SUICIDA EN LA UNION FASE VI-2023,2023,2
00033,002,Consultorías científico-tecnológicas,Consultoría científica,FACTORES DE RIESGO Y FACTORES PROTECTORES EN EL COMPORTAMIENTO SUICIDA EN LA UNION FASE VI-2023,2023,2
00034,003,Consultorías científico-tecnológicas,Consultoría científica,"Transmitir los conocimientos necesarios para la adaptación del sistema contable-financiero actual de la empresa INVERSIONES MARÍN ROLDAN S.A.S., al protocolo exigido para la aplicación de las Normas Internacionales de Información Financiera (NIIF).",2018,2
00035,003,Consultorías científico-tecnológicas,Consultoría científica,"Transmitir los conocimientos necesarios para la adaptación del sistema contable-financiero actual de la empresa ÓSCAR GOEZ CONSTRUCCIONES S.A.S., al protocolo exigido para la aplicación de las Normas Internacionales de Información Financiera (NIIF).",2018,2
00036,003,Consultorías científico-tecnológicas,Consultoría científica,"Fortalecimiento del sistema de gestión en la aplicación del estilo liderazgo trasformador, para mejorar el clima organizacional y la satisfacción laboral",2020,2
00037,003,Consultorías científico-tecnológicas,Consultoría científica,"capacitación sobre la importancia de los grupos de intervención psicoterapéutica ""sobrevivientes del suicidio"" EN ENVIGADO FASE II",2019,2
00038,003,Consultorías científico-tecnológicas,Consultoría científica,Manejo de situaciones críticas de eventos suicidas en estudiantes escolarizados en el Carmen de Viboral en Fase 5- 2022,2022,2
00039,003,Consultorías científico-tecnológicas,Consultoría científica,"Formación a padres y madres de familia del ITI, Instituto Técnico Industrial Jorge Eliercer Gaitán en fase 5-2022",2022,2
00040,003,Consultorías científico-tecnológicas,Consultoría científica,"Foro municipal en el marco del mes de la salud mental,El carmen de Viboral en fase 5-2022",2022,2
00041,003,Consultorías científico-tecnológicas,Consultoría científica,Comunicar suicidio en Santa Rosa de Osos en Fase 5 -2022,2022,2
00042,003,Consultorías científico-tecnológicas,Consultoría científica,Capacitación sobre la mirada psicosocial de la problemática del suicidio MUNICIPIO DE ENVIGADO FASE II,2019,2
00043,003,Consultorías científico-tecnológicas,Consultoría científica,Primeros auxilios psicologicos en Santa Rosa de Osos en fase 5-2022,2022,2
00044,003,Consultorías científico-tecnológicas,Consultoría científica,Autopsias Psicologicas en Santa Rosa de Osos en fase 5-2022,2022,2
00045,003,Consultorías científico-tecnológicas,Consultoría científica,Costo socioeconómico y jurídico del suicidio en Santa Rosa de Osos en Fase 5 -2022,2022,2
00046,003,Consultorías científico-tecnológicas,Consultoría científica,"Vínculos,tecnología y sucidio en Santa Rosa de Osos en Fase 5 -2022",2022,2
00047,003,Consultorías científico-tecnológicas,Consultoría científica,Espirieducación en Santa Rosa de Osos en fase 5 -2022,2022,2
00048,003,Consultorías científico-tecnológicas,Consultoría científica,Revisión código dorado Municipal en Santa Rosa de Osos en fase 5-2022,2022,2
00049,003,Consultorías científico-tecnológicas,Consultoría científica,Capacitación sobre la comprensión psicopatológica del suicidio MUNICIPIO ENVIGADO EN FASE II,2019,2
00050,003,Consultorías científico-tecnológicas,Consultoría científica,AUTOPSIA PSICOLOGICA SANTA ROSA DE OSOS EN FASE VI-2023,2023,2
00051,003,Consultorías científico-tecnológicas,Consultoría científica,COMUNICAR SUICIDIO SANTA ROSA DE OSOS EN FASE VI-2023,2023,2
00052,003,Consultorías científico-tecnológicas,Consultoría científica,ENTREVISTA PARA EL INTENTO DEL SUICIDIO EN SANTA ROSA DE OSOS FASE VI-2023,2023,2
00053,003,Consultorías científico-tecnológicas,Consultoría científica,GRUPOS DE APOYO EN SANTA ROSA DE OSOS FASE VI-2023,2023,2
00054,003,Consultorías científico-tecnológicas,Consultoría científica,PRIMEROS AUXILIOS PSICOLOGICOS EN SANTA ROSA DE OSOS FASE VI-2023,2023,2
00055,003,Consultorías científico-tecnológicas,Consultoría científica,Ruta de prevención atención del comportamiento suicida en el ambito escolar con énfasis en la población infantil Santa RosaOsos en Fase VI -2023,2023,2
00056,003,Consultorías científico-tecnológicas,Consultoría científica,VIOLENCIAS SOCIALES Y SUICIDIO EN SANTA ROSA DE OSOS FASE VI -2023,2023,2
00057,003,Consultorías científico-tecnológicas,Consultoría científica,PAPS PRIMEROS AUXILIOS PSICOLOGICOS EN EL INTENTO DE SUICIDIO LA UNION EN FASE VI-2023,2023,2
00058,003,Consultorías científico-tecnológicas,Consultoría científica,Protocolo de como informar suicidio MUNICIPIO DE LA UNION EN FASE II,2019,2
00059,003,Consultorías científico-tecnológicas,Consultoría científica,PAPS PRIMEROS AUXILIOS PSICOLOGICOS EN EL INTENTO DE SUICIDIO LA UNION EN FASE VI-2023,2023,2
00060,003,Consultorías científico-tecnológicas,Consultoría científica,TECNOLOGIAS VINCULO Y SUICIDIO EN LA UNION FASE VI-2023,2023,2
00061,003,Consultorías científico-tecnológicas,Consultoría científica,PREVENCION DEL SUICIDIO Y RUTA EN EL ENTORNO ESCOLAR EN LA UNION FASE VI-2023,2023,2
00062,003,Consultorías científico-tecnológicas,Consultoría científica,PREVENCION DEL SUICIDIO Y RUTA EN EL ENTORNO ESCOLAR EN LA UNION FASE VI-2023,2023,2
00063,003,Consultorías científico-tecnológicas,Consultoría científica,PSICOPATOLIGIA EN LA PREVENCION DEL COMPORTAMIENTO SUICIDAD EN LA UNION FASE VI-2023,2023,2
00064,003,Consultorías científico-tecnológicas,Consultoría científica,FACTORES DE RIESGO Y FACTORES PROTECTORES EN EL COMPORTAMIENTO SUICIDA EN LA UNION FASE VI-2023,2023,2
00065,003,Consultorías científico-tecnológicas,Consultoría científica,COMUNICACIONES COMO FACTOR DE RIESGO PARA EL SUICIDIO EN LA UNION FASE VI-2023,2023,2
00066,003,Consultorías científico-tecnológicas,Consultoría científica,Acompañamiento en la construcción de la ruta de atención a la conducta suicida MUNICIPIO LA UNION EN FASE II,2019,2
00067,003,Consultorías científico-tecnológicas,Consultoría científica,"Instalación,priorización y enrutamiento de acuerdo al equipo psicosocial con referencia a la prevención del comportamiento suicida en Itagüí dn fase VI-2023",2023,2
00068,003,Consultorías científico-tecnológicas,Consultoría científica,Articulación y Convenio interistitucional sobre la prevención del comportamiento suicida en Itagüí en fase VI-2023,2023,2
00069,003,Consultorías científico-tecnológicas,Consultoría científica,COMO INFORMAR SUICIDIO EN ITAGUI FASE VI-2023,2023,2
00070,003,Consultorías científico-tecnológicas,Consultoría científica,"Lo psicosocial,articulación intersectorial el pro de la prevención del comportamiento suicida en Itagüí fase VI-2023",2023,2
00071,003,Consultorías científico-tecnológicas,Consultoría científica,PAREJA Y SUICIDIO EN ITAGUI FASE VI -2023,2023,2
00072,003,Consultorías científico-tecnológicas,Consultoría científica,"TECNOLOGIA,VINCULOS Y COMPORTAMIENTO SUICIDA EN ITAGUI EN FASE VI-2023",2023,2
00073,003,Consultorías científico-tecnológicas,Consultoría científica,FACTORES DE RIESGO Y DE PROTECCION EN ENTORNOS EDUCATIVOS EN ITAGUI EN FASE VI-2023,2023,2
00074,003,Consultorías científico-tecnológicas,Consultoría científica,Intervención en crisis y los factores de riesgo asociados al comportamiento suicida LA UNION EN FASE II,2019,2
00075,003,Consultorías científico-tecnológicas,Consultoría científica,Acompañamiento en la construcción de la ruta de atención MUNICIPIO LA UNION EN FASE II,2019,2
00076,003,Consultorías científico-tecnológicas,Consultoría científica,Acompañamiento para establecer compromisos para la elaboración y construcción de la ruta de atención de la conducta suicida LA UNION EN FASE II,2019,2
00077,003,Consultorías científico-tecnológicas,Consultoría científica,"Sensibilización con los medios de comunicación y organizaciones ""cómo informar suicidio"" MUNICIPIO DE LA UNION EN FASE II",2019,2
00078,003,Consultorías científico-tecnológicas,Consultoría científica,Importancia de la autopsia psicológica en la recolección de información para la prevención de la conducta suicida LA UNION FASE II,2019,2
00079,003,Consultorías científico-tecnológicas,Consultoría científica,Como informar suicidio MUNICIPIO DE ANDES EN FASE II,2019,2
00080,003,Consultorías científico-tecnológicas,Consultoría científica,Una mirada Psico-jurídica de la conducta suicida LA UNION EN FASE II,2019,2
00081,003,Consultorías científico-tecnológicas,Consultoría científica,Costos socioeconómicos de la conducta suicida LA UNION EN FASE II,2019,2
00082,003,Consultorías científico-tecnológicas,Consultoría científica,Consultoría en el Protocolo de Autopsia Psico Socio Patológica (PAPSI)LA UNION EN FASE II,2019,2
00083,003,Consultorías científico-tecnológicas,Consultoría científica,Consltoria Factores protectores psico-espirituales de la conducta suicida-espirieducación LA UNION EN FASE II,2019,2
00084,003,Consultorías científico-tecnológicas,Consultoría científica,Catedra Abierta U. de A. MUNICIPIO DE RIONEGRO EN FASE II,2019,2
00085,003,Consultorías científico-tecnológicas,Consultoría científica,Curso de prevencion del comportamiento suicida MUNICIPIO DE RIONEGRO EN FASE II,2019,2
00086,003,Consultorías científico-tecnológicas,Consultoría científica,Capacitación Prevención del Comportamiento suicida en el entorno escolar RIONEGRO EN FASE II,2019,2
00087,003,Consultorías científico-tecnológicas,Consultoría científica,II fase de capacitación al clero(sacerdotes de la Diócesis Sonsón Rionegro del oriente Antioqueñoen FASE II,2019,2
00088,003,Consultorías científico-tecnológicas,Consultoría científica,Foro de prevención del comportamiento suicida del oriente antioqueño RIONEGRO EN FASE II,2019,2
00089,003,Consultorías científico-tecnológicas,Consultoría científica,Sensibilización y formación a los líderes espiritales de las iglesias cristianas de Rionegro EN FASE II,2019,2
00090,003,Consultorías científico-tecnológicas,Consultoría científica,Espirieducación MUNICIPIO DE ANDES FASE II,2019,2
00091,003,Consultorías científico-tecnológicas,Consultoría científica,Curso de Prevención del comportamiento suicida RIONEGRO EN FASE II,2019,2
00092,003,Consultorías científico-tecnológicas,Consultoría científica,curso prevención del comportamiento suicida MUNICIPIO DE RIONEGRO EN FASE II,2019,2
00093,003,Consultorías científico-tecnológicas,Consultoría científica,Crso de prevencion del comportamiento suicida desde un enfoque interdisciplinario EN RIONEGRO FASE II,2019,2
00094,003,Consultorías científico-tecnológicas,Consultoría científica,Difundir a través de los medios de comunicación estrategias que van orientadas a la prevención de la conducta suicida en el municipio de la Unión,2019,2
00095,003,Consultorías científico-tecnológicas,Consultoría científica,Difundir a través de los medios de comunicación estrategias que van orientadas a la prvención de la conduca suicida en el municipio de la Unión II FASE,2019,2
00096,003,Consultorías científico-tecnológicas,Consultoría científica,rutas de atención del comportamiento suicida MUNICIPIO DE ANDES,2018,2
00097,003,Consultorías científico-tecnológicas,Consultoría científica,Señales de alerta y suicidio Municipio de Andes,2018,2
00098,003,Consultorías científico-tecnológicas,Consultoría científica,La prevención del suicidio es una posibilidad de todos y todas Municipio de Andes,2018,2
00099,003,Consultorías científico-tecnológicas,Consultoría científica,Construcción de las rutas de atención MUNICIPIO DE ANDES,2018,2
00100,003,Consultorías científico-tecnológicas,Consultoría científica,Como informar un suicidio. Prevención del comportamiento suicida MUNICIPIO DE ENVIGADO,2018,2
00101,003,Consultorías científico-tecnológicas,Consultoría científica,Mirada psicojurídica y costo socioeconómico del comportamiento suicida MUNICIPIO DE ANDES EN FASE II,2019,2
00102,003,Consultorías científico-tecnológicas,Consultoría científica,Continuación de grupos terapéuticos de la Unión,2018,2
00103,003,Consultorías científico-tecnológicas,Consultoría científica,La prevención del suicidio es una posibilidad de todos y todas Municipio de La Unión,2018,2
00104,003,Consultorías científico-tecnológicas,Consultoría científica,Como identificar señales de alerta y generar estrategias de intervención para la prevención del comportamiento suicida ENVIGADO,2018,2
00105,003,Consultorías científico-tecnológicas,Consultoría científica,lineamientos técnicos para una atención humanizada y efectiva del evento suicida Municipio de Andes en Fase III,2020,2
00106,003,Consultorías científico-tecnológicas,Consultoría científica,"Apoyo al apoyo, qrupos de apoyo. Municipio de Andes en fase III",2020,2
00107,003,Consultorías científico-tecnológicas,Consultoría científica,"Apoyo al apoyo, Telepsicología en época de la Pandemia. Municipio de Andes en Fase III",2020,2
00108,003,Consultorías científico-tecnológicas,Consultoría científica,"Apoyo al apoyo, intervención en crisis en la Pandemia. Municipio de Andes Fase III",2020,2
00109,003,Consultorías científico-tecnológicas,Consultoría científica,El comportamiento suicida integración sectorial MUNICIPIO DE ANDES FASE II,2019,2
00110,003,Consultorías científico-tecnológicas,Consultoría científica,"POSTVENCION,INTERVENCION DEL COMPORTAMIENTO SUICIDA MUNICIPIO DE ENVIGADO EN FASE III",2020,2
00111,003,Consultorías científico-tecnológicas,Consultoría científica,IMPORTANCIA DE LOS GRUPOS DE INTERVENCION EN MUNICIPIO DE ENVIGADO EN FASE III,2020,2
00112,003,Consultorías científico-tecnológicas,Consultoría científica,"POSTVENCION, INTERVENCION FAILIAR, SOBREVIVIENTES DEL SUICIDO MUNICIPIO DE ENVIGAO EN FASE III",2020,2
00113,003,Consultorías científico-tecnológicas,Consultoría científica,RUTAS DE ATENCION EN LA CONDUCTA SUICIDA EN MUNICIPIO LA UNION EN FASE III,2020,2
00114,003,Consultorías científico-tecnológicas,Consultoría científica,PRIMEROS AUXILIOS PSICOLOGICOS EN MUNICIPIO DE LA UNION EN FASE III,2020,2
00115,003,Consultorías científico-tecnológicas,Consultoría científica,ESPIRIEDUCACION EL COMPORTAMIENTO ESPIRITUAL EN LA CONDUCTA SUICIDA MUNICIPIO DE LA UNION EN FASE III,2020,2
00116,003,Consultorías científico-tecnológicas,Consultoría científica,PRIMER ENCUENTRO DE GRUPO DE CIUDAD MUNICIPIO DE RIONEGRO EN FASE III,2020,2
00117,003,Consultorías científico-tecnológicas,Consultoría científica,Consolidación de la ruta de atención local MUNICIPIO DE ANDES EN FASE II,2019,2
00118,003,Consultorías científico-tecnológicas,Consultoría científica,SEGUNDO ENCUENTRO DE CONSOLIDACION DE PROPUESTA CULTURA SALUD MUNICIPIO RIONEGRO EN FASE III,2020,2
00119,003,Consultorías científico-tecnológicas,Consultoría científica,TERCER ENCUENTRO DE GRUPO DE CIUDAD AVANCE EN LA PROPUESTA RIONEGRO EN FASE III,2020,2
00120,003,Consultorías científico-tecnológicas,Consultoría científica,CUARTO ENCUENTRO INVITADOS QUE ENRIQUECEN LA REVISION Y TRAZABILIDAD DE LAS PROPUESTAS RIONEGRO EN FASE III,2020,2
00121,003,Consultorías científico-tecnológicas,Consultoría científica,QUINTO ENCUENTRO CONSOLIDACION DE PROPUESTA DESDE ESTE COMITE DE LA SECRETARIA DE SALUD EN RIONEGRO FASE III,2020,2
00122,003,Consultorías científico-tecnológicas,Consultoría científica,PRIMER ENCUENTRO DE GRUPO DE CIUDAD CAPACITAR GRUPO PSICOSOCIAL LINEA ATENCION 24 HORAS EN RIONEGRO FASE III,2020,2
00123,003,Consultorías científico-tecnológicas,Consultoría científica,MESA DE COMUNICACION Y SALUD MENTAL MUNICIPIO DE RIONEGRO EN FASE III,2020,2
00124,003,Consultorías científico-tecnológicas,Consultoría científica,Prevención del suicidio en el contexto escolar,2019,2
00125,003,Consultorías científico-tecnológicas,Consultoría científica,SEGUNDA MESA REGIONAL DE COMUNICADORES PARA PENSAR CAMPAÑAS DE PREVENCION DEL SUICIDIO EN EL MARCO DEL CONFINAMIENTO RIONEGRO FASE III,2020,2
00126,003,Consultorías científico-tecnológicas,Consultoría científica,II MESA REGIONAL DE COMUNICADORES ANTIOQUIA PARA LA SOCIALIZACION DEL PROTOCOLO COMO INFORMAR SUICIDIO MUNICIPIO RIONEGRO EN FASE III,2020,2
00127,003,Consultorías científico-tecnológicas,Consultoría científica,"Capacitación sobre la mirada psicojurídica del comportamiento suicida ""una responsabilidad de todos y todas"" ENVIGADO EN FASE II",2019,2
00128,003,Consultorías científico-tecnológicas,Consultoría científica,"Comportamiento suicida, una mirada interdisciplinar departamento de Tarija (Bolivia) fase 1-2021",2021,2
00129,003,Consultorías científico-tecnológicas,Consultoría científica,"Enfermedad Mental y Suicidio,Departamento de Tarija (Bolivia) Fase1-2021",2021,2
00130,003,Consultorías científico-tecnológicas,Consultoría científica,"Vínculos afectivos y relacionales, factores del suicidio Departamento de Tarija(Bolivia) Fase 1 -2021",2021,2
00131,003,Consultorías científico-tecnológicas,Consultoría científica,Conformación de rutas de atención al suicidio Departamento de Tarija (Bolivia) Fase 1 -2021,2021,2
00132,003,Consultorías científico-tecnológicas,Consultoría científica,Lo Espíritu-religioso como factor protector del suicidio. Departamento de Tarija(Bolivia) Fase 1 - 2021,2021,2
00133,003,Consultorías científico-tecnológicas,Consultoría científica,Postvención y grupos de apoyo al suicidio. Departamento de Tarija (Bolivia) Fase 1 -2021,2021,2
00134,003,Consultorías científico-tecnológicas,Consultoría científica,Capacitación sobre la importancia de los vínculos como un factor protector para la prevención del suicidio ENVIGADO EN FASE II,2019,2
00135,003,Consultorías científico-tecnológicas,Consultoría científica,Posvención en el marco de muerte por suicidio.Municipio del Carmen de Viboral. Fase 1 -2021,2021,2
00136,003,Consultorías científico-tecnológicas,Consultoría científica,"Capacitación en Factores de Riesgo, Señales de Alerta y primeros auxilios. Municipio de Sabaneta, Fase 1 -2021",2021,2
00137,003,Consultorías científico-tecnológicas,Consultoría científica,"Comportamiento suicida una mirada interdisciplinar, Municipio de Sabaneta. Fase 1-2021",2021,2
00138,003,Consultorías científico-tecnológicas,Consultoría científica,"Capacitación sobre el suicidio en ambientes educativos. Municipio de Sabaneta, Fase 1-2021",2021,2
00139,003,Consultorías científico-tecnológicas,Consultoría científica,"Capacitación en implicaciones jurídicas y económicas del comportamiento suicida, municipio Sabaneta. Fase 1 -2021",2021,2
00140,003,Consultorías científico-tecnológicas,Consultoría científica,La importancia de la empatía en la prevención del comportamiento suicida. Municipio Santa Rosa. Fase 1 -2021,2021,2
00141,003,Consultorías científico-tecnológicas,Consultoría científica,"Salud mental positiva. Municipio de Santa Rosa de Osos, Fase 1 -2021",2021,2
00142,003,Consultorías científico-tecnológicas,Consultoría científica,"Prevención del Consumo de Sustancias Psicoactivas. Municipio de Santa Rosa de Osos, Fase 1-2021",2021,2
00143,003,Consultorías científico-tecnológicas,Consultoría científica,Consultoría para el fortalecimiento y la innovación en procesos estratégicos orientados a la autoevaluación y para la alta calidad institucional y de programas,2018,2
00144,003,Consultorías científico-tecnológicas,Consultoría científica,Consultoría para el fortalecimiento y la innovación en procesos estratégicos orientados a la planeación,2018,2
00145,003,Consultorías científico-tecnológicas,Consultoría científica,Procesos de Autoevaluación y calidad,2019,2
00146,003,Consultorías científico-tecnológicas,Consultoría científica,"Asesoría en el desarrollo del proyecto: ""Aspectos Curriculares que han fundamentado la formación de los profesionales de la Fundación Universitaria Monserrate en el marco de la responsabilidad social: una lectura a sus 60 años",0,2
00147,004,Consultorías científico-tecnológicas,Consultoría científica,Los objetivos de desarrollo sostenible -ODS- y las buenas prácticas de economía social y solidaria en el oriente antioqueño,2019,2
00148,004,Consultorías científico-tecnológicas,Consultoría científica,Elaboración del plan decenal de economía social y solidaria de Medellín,2015,2
00149,004,Consultorías científico-tecnológicas,Consultoría científica,Estudio de crecimiento y desarrollo económico de la Comuna 80 de Medellin (Contratante: Municipio de Medellin),2014,2
00150,004,Consultorías científico-tecnológicas,Consultoría científica,"Modelo de organización, articulación e intervención integral para la generación de circuitos económicos solidarios en territorios rurales y de postconflicto (Contratante: UAE OS Ministerio del Trabajo)",2015,2
00151,004,Consultorías científico-tecnológicas,Consultoría científica,Plan Estratégico a la Cámara de Comercio del Chocó,2014,2
00152,004,Consultorías científico-tecnológicas,Consultoría científica,Análisis prospectivo del sector lácteo en Colombia. Caso de estudio de la empresa Multilácteos San Félix,2020,2
00153,004,Consultorías científico-tecnológicas,Consultoría científica,Rediseño Consultoría Experiencial PHI,2020,2
00154,004,Consultorías científico-tecnológicas,Consultoría científica,LIDERAZGO Y TRABAJO EN EQUIPO PARA EL FORTALECIMIENTO DE LA EMPRESA SERVIPLAGAS,2017,2
00155,004,Consultorías científico-tecnológicas,Consultoría científica,Los objetivos de desarrollo sostenible - ODS- y las buenas prácticas de economía social y solidaria en el oriente antioqueño,2019,2
00156,004,Consultorías científico-tecnológicas,Consultoría científica,Buenas pr¿cticas del sector solidario en el Oriente Antioque¿o hacia la conformaci¿n de redes de cooperaci¿n solidaria,2014,2
00157,004,Consultorías científico-tecnológicas,Consultoría científica,"Realizar el curso de Econom¿a Solidaria a la Corporaci¿n de estudios, educaci¿n e investigaci¿n ambiental, CEAM, Marinilla - Antioquia",2015,2
00158,004,Consultorías científico-tecnológicas,Consultoría científica,Curso B¿sico de Cooperativismo a los asociados de la Cooperativa de Sachainchi en el municipio de Alejandr¿a.,2016,2
00159,004,Consultorías científico-tecnológicas,Consultoría científica,Elaboracion del plan decenal de economia social y solidaria de Medellin,2015,2
00160,004,Consultorías científico-tecnológicas,Consultoría científica,"Taller Formas Asociativas Comunitarias, a la Federaci¿n Comunal de Antioquia.",2016,2
00161,004,Consultorías científico-tecnológicas,Consultoría científica,Procesos formativos y de actualización pedagógica en 5 regiones del país,2017,2
00162,005,Consultorías científico-tecnológicas,Consultoría científica,Funcionamiento de la memoria y el aprendizaje en 46 niños de 5 años de edad del Centro Educativo Conduciendo la niñez,0,2
00163,005,Consultorías científico-tecnológicas,Consultoría científica,Funcionamiento de la memoria y el aprendizaje en 23 ni¿os de 5 a¿os de edad de la Instituci¿n Educativa Marco Fidel Su¿rez,0,2
00164,005,Consultorías científico-tecnológicas,Consultoría científica,Funcionamiento de la memoria y el aprendizaje en 5 ni¿os de la Corporaci¿n Educativa Nueva Gente,0,2
00165,005,Consultorías científico-tecnológicas,Consultoría científica,Funcionamiento de la memoria y el aprendizaje en 19 ni¿os del Centro Infantil Lunitas,2015,2
00166,005,Consultorías científico-tecnológicas,Consultoría científica,Funcionamiento de la memoria y del aprendizaje en 15 ni¿os del Colegio Colombo Brit¿nico,0,2
00167,005,Consultorías científico-tecnológicas,Consultoría científica,Funcionamiento de la memoria y el aprendizaje en 46 ni¿os de la Fundaci¿n Educativa Colegio San Juan Eudes,0,2
00168,005,Consultorías científico-tecnológicas,Consultoría científica,Funcionamiento de la memoria y el aprendizaje en 17 ni¿os del Hogar Infantil La Casa del Camino,0,2
00169,005,Consultorías científico-tecnológicas,Consultoría científica,Funcionamiento de la memoria y el aprendizaje en 19 ni¿os de la Instituci¿n Educativa Sebasti¿n de Belalcazar,0,2
00170,005,Consultorías científico-tecnológicas,Consultoría científica,Funcionamiento de la memoria y el aprendizaje en 14 ni¿os de la Instituci¿n Educativa Federico Ozanam,0,2
00171,005,Consultorías científico-tecnológicas,Consultoría científica,Funcionamiento de la memoria y el aprendizaje en 14 ni¿os de la Instituci¿n Educativa Lucrecio Jaramillo V¿lez,0,2
00172,005,Consultorías científico-tecnológicas,Consultoría científica,Funcionamiento de la memoria y el aprendizaje en 13 ni¿os de la Instituci¿n Educativa Rafael Uribe Uribe,2015,2
00173,005,Consultorías científico-tecnológicas,Consultoría científica,Funcionamiento de la memoria y el aprendizaje en 4 ni¿os del Centro Educativo Los Pioneros,0,2
00174,005,Consultorías científico-tecnológicas,Consultoría científica,Funcionamiento de la memoria y el aprendizaje en 3 ni¿os del Preescolar Hormiguitas Laboriosas,0,2
00175,005,Consultorías científico-tecnológicas,Consultoría científica,Funcionamiento de la memoria y el aprendizaje en 19 ni¿os del Centro Infantil Lunitas,2015,2
00176,005,Consultorías científico-tecnológicas,Consultoría científica,Funcionamiento de la memoria y el aprendizaje en 46 ni¿os de la Fundaci¿n Educativa Colegio San Juan Eudes,2015,2
00177,005,Consultorías científico-tecnológicas,Consultoría científica,Funcionamiento de la memoria y el aprendizaje en 14 ni¿os de la Instituci¿n Educativa Federico Ozanam,2015,2
00178,005,Consultorías científico-tecnológicas,Consultoría científica,Funcionamiento de la memoria y el aprendizaje en 17 ni¿os del Hogar Infantil La Casa del Camino,2015,2
00179,005,Consultorías científico-tecnológicas,Consultoría científica,Funcionamiento de la memoria y el aprendizaje en 10 ni¿os de la Instituci¿n Educativa Nuestra Se¿ora del Roc¿,2015,2
00180,005,Consultorías científico-tecnológicas,Consultoría científica,Funcionamiento de la memoria y el aprendizaje en 3 ni¿os del Preescolar Hormiguitas Laboriosas,2015,2
00181,005,Consultorías científico-tecnológicas,Consultoría científica,Funcionamiento de la memoria y el aprendizaje en 23 ni¿os de 5 a¿os de edad de la Instituci¿n Educativa Marco Fidel Su¿rez,2015,2
00182,005,Consultorías científico-tecnológicas,Consultoría científica,Funcionamiento de la memoria y el aprendizaje en 14 ni¿os de la Instituci¿n Educativa Lucrecio Jaramillo V¿lez,2015,2
00183,005,Consultorías científico-tecnológicas,Consultoría científica,Funcionamiento de la memoria y el aprendizaje en 46 ni¿os de 5 a¿os de edad del Centro Educativo Conduciendo la niñez,2015,2
00184,005,Consultorías científico-tecnológicas,Consultoría científica,Funcionamiento de la memoria y el aprendizaje en 4 ni¿os del Centro Educativo Los Pioneros,2015,2
00185,005,Consultorías científico-tecnológicas,Consultoría científica,Funcionamiento de la memoria y el aprendizaje en 5 ni¿os de la Corporaci¿n Educativa Nueva Gente,2015,2
00186,005,Consultorías científico-tecnológicas,Consultoría científica,Funcionamiento de la memoria y el aprendizaje en 19 ni¿os de la Instituci¿n Educativa Sebasti¿n de Belalcazar,2015,2
00187,005,Consultorías científico-tecnológicas,Consultoría científica,"Funcionamiento de la memoria y del aprendizaje en 15 ni¿os del Colegio Colombo Brit¿nico,",2015,2
00188,005,Consultorías científico-tecnológicas,Consultoría científica,APE-LEARNING Apoyo pedagógico especializado (APE) por medio del blended learning (Pedagogia hospitalaria B-learning).,2022,2
00189,005,Consultorías científico-tecnológicas,Consultoría científica,BIEN-ESTAR EN EL TRABAJO,2022,2
00190,006,Consultorías científico-tecnológicas,Consultoría científica,Consultoría y asistencia para mejorar la Calidad Educativa de los establecimientos educativos del municipio de Santa Rosa de Osos,2019,2
00191,006,Consultorías científico-tecnológicas,Consultoría científica,INFORME FUNCIONAMIENTO DE LA MEMORIA Y EL APRENDIZAJE DE UNA MUESTRA DE NIÑOS DE LA INSTITUCIÓN EDUCATIVA MARCO FIDEL SUÁREZ-DERIVADO PROYECTO DE INVESTIGACIÓN,2015,2
00192,006,Consultorías científico-tecnológicas,Consultoría científica,INCLU-LEARNING,2022,2
00193,006,Consultorías científico-tecnológicas,Consultoría científica,APE-LEARNING,2022,2
00194,006,Consultorías científico-tecnológicas,Consultoría científica,Consultoria y asistencia para promover la construcción de la convivencia escolar y el aprendizaje significativo en las aulas de las Instituciones Educativas del Municipio de la Estrella,2019,2
00195,006,Consultorías científico-tecnológicas,Consultoría científica,Consultoría y asistencia para mejorar la calidad Educativa de los establecimientos educativos del Municipio de Santa Rosa de Osos,2019,2
00196,006,Consultorías científico-tecnológicas,Consultoría científica,"Consultores para construir el Plan Educativo del Municipio de Copacabana, Antioquia.",2021,2
00197,006,Consultorías científico-tecnológicas,Consultoría científica,Consultoria y asistencia para mejorar la calidad educativa de los establecimientos educativos del municipio de Santa Rosa de Osos,2019,2
00198,006,Consultorías científico-tecnológicas,Consultoría científica,Consultoria y asistencia para promover la construcción de la convivencia escolar y el aprendizaje significativo en las aulas de las instituciones educativas del municipio de la Estrella,2019,2
00199,006,Consultorías científico-tecnológicas,Consultoría científica,Escuelas 4G Bajo la modalidad Blended Learning (B-Learning),2022,2
00200,006,Consultorías científico-tecnológicas,Consultoría científica,Estrategias para Promover la Motivación de los Estudiantes hacia el Aprendizaje,2018,2
00201,006,Consultorías científico-tecnológicas,Consultoría científica,Consultoría y asistencia para promover la construcción de la convivencia escolar y el aprendizaje significativo en las aulas de las instituciones Educativas del Municipio de la Estrella,2019,2
00202,006,Consultorías científico-tecnológicas,Consultoría científica,Aprendamos juntos sobre los hábitos saludables,2024,2
00203,006,Consultorías científico-tecnológicas,Consultoría científica,ESCUELAS4G Baio la modalidad Blended Learnin.,2022,2
00204,006,Consultorías científico-tecnológicas,Consultoría científica,Centro de Pensamiento Medellín es Amigó,0,2
00205,007,Consultorías científico-tecnológicas,Consultoría científica,Consultoría en acompañamiento psicosocial al área de Terapia Ocupacional del HOMO,2022,2
00206,008,Consultorías científico-tecnológicas,Consultoría científica,Fase I Evaluación de Impacto de la Estrategia Buen Comienzo Antioquia: Línea de Base y Efectos Tempranos del Programa Buen Comienzo Antioquia,2015,2
00207,008,Consultorías científico-tecnológicas,Consultoría científica,CATEDRA ABIERTA U. DE A. EN FASE II RIONEGRO,2019,2
00208,008,Consultorías científico-tecnológicas,Consultoría científica,CURSO DE PREVENCIÓN DEL COMPORTAMIENTO SUICIDA EN FASE II RIONEGRO,2019,2
00209,008,Consultorías científico-tecnológicas,Consultoría científica,CAPACITACIÓN EN PREVENCIÓN DEL COMPORTAMIENTO SUICIDA EN EL ENTORNO ESCOLAR EN FASE II RIONEGRO,2019,2
00210,008,Consultorías científico-tecnológicas,Consultoría científica,2FASE DE CAPACITACION AL CLERO (SACERDOTES DE LA DIOCESIS SONSON RIONEGRO DEL ORIENTE ANTIOQUEÑO EN FASE II,0,2
00211,008,Consultorías científico-tecnológicas,Consultoría científica,CURSO DE PREVENCIÓN DEL COMPORTAMIENTO SUICIDA EN FASE II SEPT19 RIONEGRO,2019,2
00212,008,Consultorías científico-tecnológicas,Consultoría científica,SENSIBILIZACION Y FORMACION A OS LIDERES ESPIRITUALES DE IGLESIAS CRISTIANAS EN RIONEGRO EN LA DETECION DE SEÑALES DE ALERTA DEL COMPORTAMIENTO SUICIDA EN FASE II,2019,2
00213,008,Consultorías científico-tecnológicas,Consultoría científica,CURSO DE PREVENCIÓN DEL COMPORTAMIENTO SUICIDA EN FASE II RIONEGRO SEPT 19,2019,2
00214,008,Consultorías científico-tecnológicas,Consultoría científica,FORO DE PREVENCION DEL COMPORTAMIENTO SUICIDA DEL ORIENTE ANTIOQUEÑO EN FASE II RIONEGRO,2019,2
00215,008,Consultorías científico-tecnológicas,Consultoría científica,CURSO DE PREVENCIÓN DEL COMPORTAMIENTO SUICIDA EN FASE II RIONEGRO SEPT26,2019,2
00216,008,Consultorías científico-tecnológicas,Consultoría científica,lineamientos técnicos para una atención humanizada y efectiva del evento suicida. Municipio de Andes FASE III,2020,2
00217,008,Consultorías científico-tecnológicas,Consultoría científica,"Apoyo al apoyo, qrupos de apoyo. Municipio de Andes en Fase III",2020,2
00218,008,Consultorías científico-tecnológicas,Consultoría científica,"Apoyo al apoyo, Telepsicología en época de la Pandemia. Municipio de Andes en FASE III",2020,2
00219,008,Consultorías científico-tecnológicas,Consultoría científica,"Apoyo al apoyo, intervención en crisis en la Pandemia. Municipio de Andes en Fase III",2020,2
00220,008,Consultorías científico-tecnológicas,Consultoría científica,"POSTVENCIÓN, INTERVENCIÓN DEL COMPORTAMIENTO SUICIDA ENVIGADO, FASE III",2020,2
00221,008,Consultorías científico-tecnológicas,Consultoría científica,"IMPORTANCIA DE LOS GRUPOS DE INTERVENCIÓN. ENVIGADO, FASE III",2020,2
00222,008,Consultorías científico-tecnológicas,Consultoría científica,"POSTVENCIÓN, INTERVENCIÓN DEL COMPORTAMIENTO SUICIDA ENVIGADO, FASE III",2020,2
00223,008,Consultorías científico-tecnológicas,Consultoría científica,"RUTAS DE ATENCIÓN DE LA CONDUCTA SUICIDA. LA UNIÓN, FASE III",2020,2
00224,008,Consultorías científico-tecnológicas,Consultoría científica,PRIMEROS AUXILIOS PSICOLOGICOS. LA UNIÓN. FASE III,2020,2
00225,008,Consultorías científico-tecnológicas,Consultoría científica,ESPIRIEDUCACIÓN. LA UNIÓN. FASE III,2020,2
00226,008,Consultorías científico-tecnológicas,Consultoría científica,PRIMER ENCUENTRO GRUPO CIUDAD RIONEGRO FASE III,2020,2
00227,008,Consultorías científico-tecnológicas,Consultoría científica,Consolidación de propuesta cultura de salud. Rionegro. FASE III,2020,2
00228,008,Consultorías científico-tecnológicas,Consultoría científica,Grupo de ciudad (tercer encuentro). Rionegro. FASE III,2020,2
00229,008,Consultorías científico-tecnológicas,Consultoría científica,Revisión y trazabilidad de propuestas. Rionegro. FASE III,2020,2
00230,008,Consultorías científico-tecnológicas,Consultoría científica,"Consolidación de propuesta desde el comité. Rionegro, FASE III",2020,2
00231,008,Consultorías científico-tecnológicas,Consultoría científica,Encuentro grupo de ciudad. Rionegro. FASE III,2020,2
00232,008,Consultorías científico-tecnológicas,Consultoría científica,Mesa de comunicación y salud mental. ¿Cómo informar suicido? Rionegro. FASE III,2020,2
00233,008,Consultorías científico-tecnológicas,Consultoría científica,Mesa regional de comunicadores y equipo de salud mental. Rionegro. FASE III,2020,2
00234,008,Consultorías científico-tecnológicas,Consultoría científica,"III Mesa regional de Antioquia, socialización protocolo como informar suicidio. Rionegro, FASE III",2020,2
00235,008,Consultorías científico-tecnológicas,Consultoría científica,"Comportamiento suicida, una mirada interdisciplinar. Municipio de Yacuiba (Bolivia),Fase 1 -2021",2021,2
00236,008,Consultorías científico-tecnológicas,Consultoría científica,Enfermedad mental y suicidio. Municipio de Yacuiba(Bolivia) Fase I -2021,2021,2
00237,008,Consultorías científico-tecnológicas,Consultoría científica,"Vínculos afectivos y relacionales, factores del suicidio. Municipio de Yacuiba(Bolivia) Fase I -2021",2021,2
00238,008,Consultorías científico-tecnológicas,Consultoría científica,Conformación de rutas de atención al suicidio Departamento de Tarija (Bolivia) Fase 1 -2021,2021,2
00239,008,Consultorías científico-tecnológicas,Consultoría científica,Lo Espíritu-religioso como factor protector del suicidio. Departamento de Tarija(Bolivia) Fase 1 - 2021,2021,2
00240,008,Consultorías científico-tecnológicas,Consultoría científica,Postvención y grupos de apoyo al suicidio. Departamento de Tarija (Bolivia) Fase 1 -2021,2021,2
00241,008,Consultorías científico-tecnológicas,Consultoría científica,Posvención en el marco de muerte por suicidio. municipio del Carmen de Viboral Fase 1 - 2021,2021,2
00242,008,Consultorías científico-tecnológicas,Consultoría científica,"comportamiento suicida, una mirada interdisciplinar Departamento de Sabaneta, Fase 1 -2021",2021,2
00243,008,Consultorías científico-tecnológicas,Consultoría científica,"Capacitación en factores de riesgo, señales de alerta y primeros auxilios. Municipio de Sabaneta, fase I -2021",2021,2
00244,008,Consultorías científico-tecnológicas,Consultoría científica,"capacitación sobre el suicidio en ambientes educativos. Municipio de Sabaneta, ase i - 2021",2021,2
00245,008,Consultorías científico-tecnológicas,Consultoría científica,"Capacitación en implicaciones jurídicas y económicas del comportamiento suicida. municipio de Sabaneta, fase I -2021",2021,2
00246,008,Consultorías científico-tecnológicas,Consultoría científica,"La importancia de la empatía en la prevención del comportamiento suicida. Municipio Santa Rosa de Osos, Fase 1 -2021",2021,2
00247,008,Consultorías científico-tecnológicas,Consultoría científica,"Salud mental positiva. Municipio de Santa Rosa de Osos, Fase 1 -2021",2021,2
00248,008,Consultorías científico-tecnológicas,Consultoría científica,"Prevención del Consumo de Sustancias Psicoactivas. Municipio de Santa Rosa de Osos, Fase 1-2021",2021,2
00249,008,Consultorías científico-tecnológicas,Consultoría científica,Manejo de situaciones críticas de eventos suicidas en estudiantes escolarizados en el Carmen de Viboral en Fase 5- 2022,2022,2
00250,008,Consultorías científico-tecnológicas,Consultoría científica,"Formación a padres y madres de familia del ITI, Instituto Técnico Industrial Jorge Eliercer Gaitán en fase 5-2022",2022,2
00251,008,Consultorías científico-tecnológicas,Consultoría científica,"Foro municipal en el marco del mes de la salud mental,El carmen de Viboral en fase 5-2022",2022,2
00252,008,Consultorías científico-tecnológicas,Consultoría científica,Comunicar suicidio en Santa Rosa de Osos en Fase 5 -2022,2022,2
00253,008,Consultorías científico-tecnológicas,Consultoría científica,Primeros auxilios psicologicos en Santa Rosa de Osos en fase 5-2022,2022,2
00254,008,Consultorías científico-tecnológicas,Consultoría científica,Autopsias Psicologicas en Santa Rosa de Osos en fase 5-2022,2022,2
00255,008,Consultorías científico-tecnológicas,Consultoría científica,Costo socioeconómico y jurídico del suicidio en Santa Rosa de Osos en Fase 5 -2022,2022,2
00256,008,Consultorías científico-tecnológicas,Consultoría científica,"Vínculos,tecnología y sucidio en Santa Rosa de Osos en Fase 5 -2022",2022,2
00257,008,Consultorías científico-tecnológicas,Consultoría científica,Espirieducación en Santa Rosa de Osos en fase 5 -2022,2022,2
00258,008,Consultorías científico-tecnológicas,Consultoría científica,Revisión código dorado Municipal en Santa Rosa de Osos en fase 5-2022,2022,2
00259,008,Consultorías científico-tecnológicas,Consultoría científica,AUTOPSIA PSICOLOGICA SANTA ROSA DE OSOS EN FASE VI-2023,2023,2
00260,008,Consultorías científico-tecnológicas,Consultoría científica,COMUNICAR SUICIDIO SANTA ROSA DE OSOS EN FASE VI-2023,2023,2
00261,008,Consultorías científico-tecnológicas,Consultoría científica,ENTREVISTA PARA EL INTENTO DEL SUICIDIO EN SANTA ROSA DE OSOS FASE VI-2023,2023,2
00262,008,Consultorías científico-tecnológicas,Consultoría científica,GRUPOS DE APOYO EN SANTA ROSA DE OSOS FASE VI-2023,2023,2
00263,008,Consultorías científico-tecnológicas,Consultoría científica,PRIMEROS AUXILIOS PSICOLOGICOS EN SANTA ROSA DE OSOS FASE VI-2023,2023,2
00264,008,Consultorías científico-tecnológicas,Consultoría científica,Ruta de prevención atención del comportamiento suicida en el ambito escolar con énfasis en la población infantil Santa RosaOsos en Fase VI -2023,2023,2
00265,008,Consultorías científico-tecnológicas,Consultoría científica,VIOLENCIAS SOCIALES Y SUICIDIO EN SANTA ROSA DE OSOS FASE VI -2023,2023,2
00266,008,Consultorías científico-tecnológicas,Consultoría científica,PAPS PRIMEROS AUXILIOS PSICOLOGICOS EN EL INTENTO DE SUICIDIO LA UNION EN FASE VI-2023,2023,2
00267,008,Consultorías científico-tecnológicas,Consultoría científica,PAPS PRIMEROS AUXILIOS PSICOLOGICOS EN EL INTENTO DE SUICIDIO LA UNION EN FASE VI-2023,2023,2
00268,008,Consultorías científico-tecnológicas,Consultoría científica,TECNOLOGIAS VINCULO Y SUICIDIO EN LA UNION FASE VI-2023,2023,2
00269,008,Consultorías científico-tecnológicas,Consultoría científica,PREVENCION DEL SUICIDIO Y RUTA EN EL ENTORNO ESCOLAR EN LA UNION FASE VI-2023,2023,2
00270,008,Consultorías científico-tecnológicas,Consultoría científica,PREVENCION DEL SUICIDIO Y RUTA EN EL ENTORNO ESCOLAR EN LA UNION FASE VI-2023,2023,2
00271,008,Consultorías científico-tecnológicas,Consultoría científica,PSICOPATOLOGIA EN LA PREVENCION DEL COMPORTAMIENTO SUICIDA EN LA UNION FASE VI-2023,2023,2
00272,008,Consultorías científico-tecnológicas,Consultoría científica,FACTORES DE RIESGO Y FACTORES PROTECTORES EN EL COMPORTAMIENTO SUICIDA EN LA UNION FASE VI-2023,2023,2
00273,008,Consultorías científico-tecnológicas,Consultoría científica,COMUNICACIONES COMO FACTOR DE RIESGO PARA EL SUICIDIO EN LA UNION FASE VI-2023,2023,2
00274,008,Consultorías científico-tecnológicas,Consultoría científica,"Instalación,priorización y enrutamiento de acuerdo al equipo psicosocial con referencia a la prevención del comportamiento suicida en Itagüí en fase VI-2023",2023,2
00275,008,Consultorías científico-tecnológicas,Consultoría científica,Articulación y Convenio interistitucional sobre la prevención del comportamiento suicida en Itagüí en fase VI-2023,2023,2
00276,008,Consultorías científico-tecnológicas,Consultoría científica,COMO INFORMAR SUICIDIO EN ITAGUI FASE VI-2023,2023,2
00277,008,Consultorías científico-tecnológicas,Consultoría científica,"Lo psicosocial,articulación intersectorial el pro de la prevención del comportamiento suicida en Itagüí fase VI-2023",2023,2
00278,008,Consultorías científico-tecnológicas,Consultoría científica,Señales de alerta comportamiento suicida Andes,2018,2
00279,008,Consultorías científico-tecnológicas,Consultoría científica,Construcción de rutas de atención al comportamiento suicida Andes,2018,2
00280,008,Consultorías científico-tecnológicas,Consultoría científica,Rutas de atención del comportamiento suicida Andes,2018,2
00281,008,Consultorías científico-tecnológicas,Consultoría científica,Detección de señales de alerta del comportamiento suicida Andes,2018,2
00282,008,Consultorías científico-tecnológicas,Consultoría científica,Conformación de grupos terapéuticos La unión,2018,2
00283,008,Consultorías científico-tecnológicas,Consultoría científica,Factores de riesgo asociados a la conducta suicida La unión,2018,2
00284,008,Consultorías científico-tecnológicas,Consultoría científica,Como informar el suicidio Envigado,2018,2
00285,008,Consultorías científico-tecnológicas,Consultoría científica,Detección de las señales de alerta del comportamiento suicida Envigado,2018,2
00286,008,Consultorías científico-tecnológicas,Consultoría científica,Consolidación de la ruta de atención local del evento suicida - Fase 2 Andes,2019,2
00287,008,Consultorías científico-tecnológicas,Consultoría científica,¿Como informar suicidio? - Andes. fase 2 Andes,2019,2
00288,008,Consultorías científico-tecnológicas,Consultoría científica,Espirieducación - Fase 2 Andes,2019,2
00289,008,Consultorías científico-tecnológicas,Consultoría científica,Mirada psicojuridica y costo socieconómico del comportamiento suicida - Fase 2 Andes,2019,2
00290,008,Consultorías científico-tecnológicas,Consultoría científica,"El comportamiento suicida, integración sectorial - Fase 2 Andes",2019,2
00291,008,Consultorías científico-tecnológicas,Consultoría científica,Prevención del suicidio en el contexto escolar. Una estrategia por la vida- Fase 2 Envigado,2019,2
00292,008,Consultorías científico-tecnológicas,Consultoría científica,"Mirada psicojuridica del comportamiento suicida ""Una responsabilidad de todos y todas fase 2 Envigado",2019,2
00293,008,Consultorías científico-tecnológicas,Consultoría científica,Protocolo de como informar suicidio. fase 2 La Unión,2019,2
00294,008,Consultorías científico-tecnológicas,Consultoría científica,Acompañamiento en la construcción de la ruta de atención a la conducta suicida Fase 2 La Unión,2019,2
00295,008,Consultorías científico-tecnológicas,Consultoría científica,Intervención en crisis y los factores de riesgo asociados al comportamiento suicida. fase 2 la Unión,2019,2
00296,008,Consultorías científico-tecnológicas,Consultoría científica,Acompañamiento en la construcción de la ruta de atención Fase 2 La unión,2019,2
00297,008,Consultorías científico-tecnológicas,Consultoría científica,Acompañamiento en la construcción de la ruta de atención. Fase 2 La unión,2019,2
00298,008,Consultorías científico-tecnológicas,Consultoría científica,"Sensibilización con los medios de comunicación y organizaciones ""cómo informar suicidio""para su prevención Fase 2 La Unión",2019,2
00299,008,Consultorías científico-tecnológicas,Consultoría científica,Importancia de la autopsia psicológica en la recolección de información para la prevención de la conducta suicida. fase 2 La Unión,2019,2
00300,008,Consultorías científico-tecnológicas,Consultoría científica,Una mirada Psico-jurídica de la conducta suicida. Fase 2 La unión,2019,2
00301,008,Consultorías científico-tecnológicas,Consultoría científica,Costos socioeconómicos de la conducta suicida fase 2 La Unión,2019,2
00302,008,Consultorías científico-tecnológicas,Consultoría científica,Consultoría en el Protocolo de Autopsia Psico Socio Patológica (PAPSI) fase 2 La Unión,2019,2
00303,008,Consultorías científico-tecnológicas,Consultoría científica,Consultoria en factores protectores psico-espirituales de la conducta suicida- Espirieducación Fase 2 La Unión,2019,2
00304,008,Consultorías científico-tecnológicas,Consultoría científica,Capacitación sobre la importancia de los vínculos como un factor protector para la prevención del suicidio Fase 2 Envigado,2019,2
00305,008,Consultorías científico-tecnológicas,Consultoría científica,"capacitación sobre la importancia de los grupos de intervención psicoterapéutica ""sobrevivientes del suicidio"" Fase 2 Envigado",2019,2
00306,008,Consultorías científico-tecnológicas,Consultoría científica,Capacitación sobre la mirada psicosocial de la problemática del suicidio fase 2 envigado,2019,2
00307,008,Consultorías científico-tecnológicas,Consultoría científica,Capacitación sobre la comprensión psicopatologica del suicidio. Fase 2 Envigado,2019,2
00308,008,Consultorías científico-tecnológicas,Consultoría científica,Difundir a través de los medios de comunicación estrategias que van orientadas a la prevención de la conducta suicida en el municipio de la Unión FASE II,2019,2
00309,008,Consultorías científico-tecnológicas,Consultoría científica,Difundir a través de los medios de comunicación estrategias que van orientadas a la prvención de la conduca suicida en el municipio de la Unión Fase 2 a través de programa televisivo,2019,2
00310,008,Consultorías científico-tecnológicas,Consultoría científica,Asesoria al Proyecto: Presencias Sin Rostros: Una Iniciativa de Construcción de Memoria Historica en el Departamento de Caldas,2018,2
00311,008,Consultorías científico-tecnológicas,Consultoría científica,"Consultor en Temas de Reparación Simbólica, Reconstrucción de Memoria Histórica y Diversidad Cultural de la Asociación de Víctimas de San Jose del Palmar, Choco",2019,2
00312,008,Consultorías científico-tecnológicas,Consultoría científica,Consultor en Pedagogías de las Diferencias de la Institución Educativa San Jose,2019,2
00313,008,Consultorías científico-tecnológicas,Consultoría científica,"Asesoria y Acampañamiento a la Institución Educativa San Jose, Para la Conformación del Comité Ambiental de la Institución",2019,2
00314,008,Consultorías científico-tecnológicas,Consultoría científica,Asesoría en la Creación de la Especialización en Educación Para la Diversidad en la Niñez,2019,2
00315,008,Consultorías científico-tecnológicas,Consultoría científica,"Asesoría y presentación del proyecto ""La prevención de suicidio es una posibilidad de todos y todas""",2018,2
00316,008,Consultorías científico-tecnológicas,Consultoría científica,Rutas de Atención del comportamiento suicida,2018,2
00317,008,Consultorías científico-tecnológicas,Consultoría científica,Señales de Alerta y Suicidio,2018,2
00318,008,Consultorías científico-tecnológicas,Consultoría científica,"Asesoría y presentación del proyecto ""La prevención de suicidio es una posibilidad de todos y todas""",2018,2
00319,008,Consultorías científico-tecnológicas,Consultoría científica,"Conformación de grupos psicoterapéuticos, para la atención de personas afectadas por la problemática del intento suicida y del suicidio consumado",2018,2
00320,008,Consultorías científico-tecnológicas,Consultoría científica,Como informar un suicidio. Prevención del comportamiento suicidó,2018,2
00321,008,Consultorías científico-tecnológicas,Consultoría científica,"Como identificar señales de alerta y generar estrategias de intervención, para la prevención del comportamiento suicida",2018,2
00322,008,Consultorías científico-tecnológicas,Consultoría científica,Espirieducación.,2019,2
00323,008,Consultorías científico-tecnológicas,Consultoría científica,Mirada psicojurídica y costo socioeconómico del comportamiento suicida.,2019,2
00324,008,Consultorías científico-tecnológicas,Consultoría científica,"El comportamiento suicida, integración sectorial.",2019,2
00325,008,Consultorías científico-tecnológicas,Consultoría científica,¿Cómo informar suicidio?,2019,2
00326,008,Consultorías científico-tecnológicas,Consultoría científica,Consolidación de la Ruta de atención local del evento suicida y elementos de acción en su activación.,2019,2
00327,008,Consultorías científico-tecnológicas,Consultoría científica,Acompañamiento en la construcción de la ruta de atención a la conducta suicida.,2019,2
00328,008,Consultorías científico-tecnológicas,Consultoría científica,Protocolo de cómo informar un suicidio,2019,2
00329,008,Consultorías científico-tecnológicas,Consultoría científica,Costos socioeconómicos de la conducta suicida,2019,2
00330,008,Consultorías científico-tecnológicas,Consultoría científica,"Factores protectores psicoespirituales del Comportamiento suicida, Espirieducación.",2019,2
00331,008,Consultorías científico-tecnológicas,Consultoría científica,"Mirada psicojurídica del comportamiento suicida, responsabilidad de todos y todas.",2019,2
00332,008,Consultorías científico-tecnológicas,Consultoría científica,"Capacitación sobre la importancia de los grupos de intervención psicoterapéutica, sobrevivientes del suicidio.",2019,2
00333,008,Consultorías científico-tecnológicas,Consultoría científica,La importancia de los vínculos como un factor protector para la prevención del suicidio.,2019,2
00334,008,Consultorías científico-tecnológicas,Consultoría científica,Mirada psicosocial de la problemática del suicidio.,2019,2
00335,008,Consultorías científico-tecnológicas,Consultoría científica,Comprensión psicopatológica del suicidio.,2019,2
00336,008,Consultorías científico-tecnológicas,Consultoría científica,Curso prevención del comportamiento suicida.,2019,2
00337,008,Consultorías científico-tecnológicas,Consultoría científica,Sensibilización y formación a los líderes espirituales de las iglesias cristianas de Rionegro y el oriente antioqueño en la formación para la detección de señales de alerta del comportamiento suicida.,2019,2
00338,008,Consultorías científico-tecnológicas,Consultoría científica,lineamientos técnicos para una atención humanizada y efectiva del evento suicida,2020,2
00339,008,Consultorías científico-tecnológicas,Consultoría científica,"Apoyo al apoyo, grupos de apoyo.",2020,2
00340,008,Consultorías científico-tecnológicas,Consultoría científica,"Apoyo al apoyo, Telepsicología en época de la Pandemia.",2020,2
00341,008,Consultorías científico-tecnológicas,Consultoría científica,"Apoyo al apoyo, intervención en crisis en la Pandemia.",2020,2
00342,008,Consultorías científico-tecnológicas,Consultoría científica,"Postvención, intervención del comportamiento suicida.",2020,2
00343,008,Consultorías científico-tecnológicas,Consultoría científica,"Importancia de los grupos de intervención (Conformación de grupos de sobrevivientes del suicidio, grupos terapéuticos y psicoeducación).",2020,2
00344,008,Consultorías científico-tecnológicas,Consultoría científica,Rutas de atención de la conducta suicida.,2020,2
00345,008,Consultorías científico-tecnológicas,Consultoría científica,Primeros auxilios psicológicos.,2020,2
00346,008,Consultorías científico-tecnológicas,Consultoría científica,Espirieducación: El componente espiritual en la prevención de la conducta suicida.,2020,2
00347,008,Consultorías científico-tecnológicas,Consultoría científica,Mesa regional de comunicadores de Antioquia para pensar campañas de prevención del suicidio en el marco del confinamiento.,2020,2
00348,008,Consultorías científico-tecnológicas,Consultoría científica,Mesa de comunicación y salud mental ¿Cómo informar suicidio?,2020,2
00349,008,Consultorías científico-tecnológicas,Consultoría científica,Encuentros de grupos de ciudad-Rionegro.,2020,2
00350,008,Consultorías científico-tecnológicas,Consultoría científica,Consolidación de la propuesta de cultura de salud.,2020,2
00351,008,Consultorías científico-tecnológicas,Consultoría científica,Enriquecimiento de la revisión y trazabilidad de propuestas.,2020,2
00352,008,Consultorías científico-tecnológicas,Consultoría científica,"La importancia de la empatía en la prevención del comportamiento suicida. Municipio Santa Rosa de Osos, Fase 1 -2021",2021,2
00353,008,Consultorías científico-tecnológicas,Consultoría científica,Salud mental positiva.,2021,2
00354,008,Consultorías científico-tecnológicas,Consultoría científica,Prevención del Consumo de Sustancias Psicoactivas.,2021,2
00355,008,Consultorías científico-tecnológicas,Consultoría científica,Posvención en el marco de muerte por suicidio,2021,2
00356,008,Consultorías científico-tecnológicas,Consultoría científica,"Comportamiento suicida, una mirada interdisciplinar.",2021,2
00357,008,Consultorías científico-tecnológicas,Consultoría científica,"Capacitación en factores de riesgo, señales de alerta y primeros auxilios. Municipio de Sabaneta, fase I -2021",2021,2
00358,008,Consultorías científico-tecnológicas,Consultoría científica,Capacitación sobre el suicidio en ambientes educativos.,2021,2
00359,008,Consultorías científico-tecnológicas,Consultoría científica,"Capacitación en implicaciones jurídicas y económicas del comportamiento suicida. municipio de Sabaneta, fase I -2021",2021,2
00360,008,Consultorías científico-tecnológicas,Consultoría científica,"Comportamiento suicida, una mirada interdisciplinar.",2021,2
00361,008,Consultorías científico-tecnológicas,Consultoría científica,"Enfermedad Mental y Suicidio, Departamento de Tarija (Bolivia) Fase1-2021",2021,2
00362,008,Consultorías científico-tecnológicas,Consultoría científica,"Vínculos afectivos y relacionales, factores del suicidio Departamento de Tarija(Bolivia) Fase 1 -2021",2021,2
00363,008,Consultorías científico-tecnológicas,Consultoría científica,Conformación de rutas de atención al suicidio Departamento de Tarija (Bolivia) Fase 1 -2021,2021,2
00364,008,Consultorías científico-tecnológicas,Consultoría científica,Lo espiritu-religioso como factor protector del suicidio.,2021,2
00365,008,Consultorías científico-tecnológicas,Consultoría científica,Postvención y grupos de apoyo al suicidio.,2021,2
00366,008,Consultorías científico-tecnológicas,Consultoría científica,Espirieducación en Santa Rosa de Osos en fase 5 -2022,2022,2
00367,008,Consultorías científico-tecnológicas,Consultoría científica,Revisión código dorado Municipal en Santa Rosa de Osos en fase 5-2022,2022,2
00368,008,Consultorías científico-tecnológicas,Consultoría científica,"Manejo de situaciones críticas de eventos suicidas en estudiantes escolarizados, El Carmen de Viboral en Fase 5 2022",2022,2
00369,008,Consultorías científico-tecnológicas,Consultoría científica,Comunicar suicidio en Santa Rosa de Osos en Fase 5 -2022,2022,2
00370,008,Consultorías científico-tecnológicas,Consultoría científica,"Formación a padres y madres de familia del ITI, Instituto Técnico Industrial Jorge Eliercer Gaitán en fase 5-2022",2022,2
00371,008,Consultorías científico-tecnológicas,Consultoría científica,"Vínculos, tecnología y suicidio en Santa Rosa de Osos en Fase 5 -2022",2022,2
00372,008,Consultorías científico-tecnológicas,Consultoría científica,Primeros auxilios psicológicos en Santa Rosa de Osos en fase 5-2022,2022,2
00373,008,Consultorías científico-tecnológicas,Consultoría científica,Costo socioeconómico y jurídico del suicidio en Santa Rosa de Osos en Fase 5 -2022,2022,2
00374,008,Consultorías científico-tecnológicas,Consultoría científica,Autopsias Psicológicas en Santa Rosa de Osos en fase 5-2022,2022,2
00375,008,Consultorías científico-tecnológicas,Consultoría científica,GRUPOS DE APOYO EN SANTA ROSA DE OSOS FASE VI-2023,2023,2
00376,008,Consultorías científico-tecnológicas,Consultoría científica,AUTOPSIA PSICOLOGICA SANTA ROSA DE OSOS EN FASE VI-2023,2023,2
00377,008,Consultorías científico-tecnológicas,Consultoría científica,COMUNICAR SUICIDIO SANTA ROSA DE OSOS EN FASE VI-2023,2023,2
00378,008,Consultorías científico-tecnológicas,Consultoría científica,Ruta de prevención atención del comportamiento suicida en el ambito escolar con énfasis en la población infantil Santa RosaOsos en Fase VI -2023,2023,2
00379,008,Consultorías científico-tecnológicas,Consultoría científica,VIOLENCIAS SOCIALES Y SUICIDIO EN SANTA ROSA DE OSOS FASE VI -2023,2023,2
00380,008,Consultorías científico-tecnológicas,Consultoría científica,PAPS PRIMEROS AUXILIOS PSICOLOGICOS EN EL INTENTO DE SUICIDIO LA UNION EN FASE VI-2023,2023,2
00381,008,Consultorías científico-tecnológicas,Consultoría científica,PREVENCION DEL SUICIDIO Y RUTA EN EL ENTORNO ESCOLAR EN LA UNION FASE VI-2023,2023,2
00382,008,Consultorías científico-tecnológicas,Consultoría científica,PSICOPATOLOGIA EN LA PREVENCION DEL COMPORTAMIENTO SUICIDA EN LA UNION FASE VI-2023,2023,2
00383,008,Consultorías científico-tecnológicas,Consultoría científica,FACTORES DE RIESGO Y FACTORES PROTECTORES EN EL COMPORTAMIENTO SUICIDA EN LA UNION FASE VI-2023,2023,2
00384,008,Consultorías científico-tecnológicas,Consultoría científica,"Instalación,priorización y enrutamiento de acuerdo al equipo psicosocial con referencia a la prevención del comportamiento suicida en Itagüí dn fase VI-2023",2023,2
00385,008,Consultorías científico-tecnológicas,Consultoría científica,COMO INFORMAR SUICIDIO EN ITAGUI FASE VI-2023,2023,2
00386,008,Consultorías científico-tecnológicas,Consultoría científica,"Lo psicosocial,articulación intersectorial el pro de la prevención del comportamiento suicida en Itagüí fase VI-2023",2023,2
00387,008,Consultorías científico-tecnológicas,Consultoría científica,FACORES DE RIESGO Y DE PROTECCIÓN EN ENTORNOS EDUCATIVOS EN ITAGUI FASE vi-2023,2023,2
00388,008,Consultorías científico-tecnológicas,Consultoría científica,PAREJA Y SUICIDIO EN ITAGUI FASE VI -2023,2023,2
00389,008,Consultorías científico-tecnológicas,Consultoría científica,Investigación relacional y colaborativa con poblaciones rurales,2018,2
00390,009,Consultorías científico-tecnológicas,,,,2
00391,010,Consultorías científico-tecnológicas,,,,2
00392,011,Consultorías científico-tecnológicas,Consultoría científica,Formación para padres de familia en habilidades para la vida y prevención de las adicciones las sustancias psicoactivas,2024,2
00393,011,Consultorías científico-tecnológicas,Consultoría científica,Abordaje Psicopedagógico de los Trastornos del Neurodesarrollo,2025,2
00394,011,Consultorías científico-tecnológicas,Consultoría científica,ACOMPAÑAMIENTO 4 EN LA RUTA DE ATENCIÓN EN FASE II LA UNION,2019,2
00395,011,Consultorías científico-tecnológicas,Consultoría científica,"SENSIBILIZACIÓN CON LOS MEDIOS DE COMUNICACIÓN Y ORGANIZACIONES DE ""CÓMO INFORMAR SUICIDIO"" PARA SU PREVENCIÓN EN LA UNION FASE II",2019,2
00396,011,Consultorías científico-tecnológicas,Consultoría científica,IMPORTANCIA DE LA AUTOPSIA PSICOLOGICA EN LA RECOLECCIÓN DE INFORMACIÓN PARA LA PREVENCIÓN DE LA CONDUCTA SUICIDA EN FASE II LA UNION,2019,2
00397,011,Consultorías científico-tecnológicas,Consultoría científica,UNA MIRADA PSICO-JURIDICA DE LA CONDUCTA SUICIDA EN FASE II LA UNION,2019,2
00398,011,Consultorías científico-tecnológicas,Consultoría científica,COSTOS SOCIOECONOMICOS DE LA CONDUCTA SUICIDA EN FASE II LA UNION,2019,2
00399,011,Consultorías científico-tecnológicas,Consultoría científica,CONSULTORIA EN EL PROTOCOLO DE AUTOPSIA PSICO SOCIO PATOLOGICS (PAPSI) EN FASE II LA UNION,2019,2
00400,011,Consultorías científico-tecnológicas,Consultoría científica,CONSULTORIA EN FACTORES PROTECTORES PSICO-ESPIRITUALES DE LA CONDUCTA SUICIDA-ESPIRIEDUCACIÓN EN LA UNION FASE II,2019,2
00401,011,Consultorías científico-tecnológicas,Consultoría científica,PROGRAMA RADIAL PARA DIFUNDIR A TRAVES DE LOS MEDIOS ESTRATEGIAS QUE VAN ORIENTADAS A LA PREVENCION DE LA CONDUCTA SUICIDA LA UNION EN FASE II,2019,2
00402,011,Consultorías científico-tecnológicas,Consultoría científica,PROGRAMATELEVISIVO DIFUNDIR A TRAVES DE LOS MEDIOS DE COMUNICACION ESTRATEGIAS ORIENTADAS A LA PREVENCION DE LA CONDUCTA SUICIDA LA UNION FASE II,2019,2
00403,011,Consultorías científico-tecnológicas,Consultoría científica,lineamientos técnicos para una atención humanizada y efectiva del evento suicida. Municipio de Andes en Fase III,2020,2
00404,011,Consultorías científico-tecnológicas,Consultoría científica,"Apoyo al apoyo, qrupos de apoyo. Municipio de Andes en Fase III",2020,2
00405,011,Consultorías científico-tecnológicas,Consultoría científica,"Apoyo al apoyo, Telepsicología en época de la Pandemia. Municipio de Andes en FASE III",2020,2
00406,011,Consultorías científico-tecnológicas,Consultoría científica,"Apoyo al apoyo, intervención en crisis en la Pandemia. Municipio de Andes en Fase III",2020,2
00407,011,Consultorías científico-tecnológicas,Consultoría científica,POSTVENCION. Intervención del comportamiento suicida en Envigado Fase III,2020,2
00408,011,Consultorías científico-tecnológicas,Consultoría científica,IMPORTANCIA DE LOS GRUPOS DE INTERVENCION EN MUNICIPIO DE ENVIGADO FASE III,2020,2
00409,011,Consultorías científico-tecnológicas,Consultoría científica,POSTVENCION.Intervención Familiar sobrevivientes del suicidio ENVIGADO EN FASE III,2020,2
00410,011,Consultorías científico-tecnológicas,Consultoría científica,RUTAS DE ATENCION DE LA CONDUCTA SUICIDA EN LOS DIFERENTES ESCENARIOS EN EL MUNICIPIO DE LA UNION FASE III,2020,2
00411,011,Consultorías científico-tecnológicas,Consultoría científica,PRIMEROS AUXILIOS PSICOLOGICOS MUNICIPIO LA UNION EN FASE III,2020,2
00412,011,Consultorías científico-tecnológicas,Consultoría científica,ESPIRIEDUCACION EL COMPONENTE ESPIRITUAL EN LA CONDUCTA SUICIDA MUNICIPIO LA UNION EN FASE III,2020,2
00413,011,Consultorías científico-tecnológicas,Consultoría científica,PRIMER ENCUENTRO DE GRUPO DE CIUDAD RIONEGRO EN FASE III,2020,2
00414,011,Consultorías científico-tecnológicas,Consultoría científica,SEGUNDO ENCUENTRO CONSOLIDACION DE PROPUESTA DE CULTURA DE SALUD RIONEGRO EN FASE III,2020,2
00415,011,Consultorías científico-tecnológicas,Consultoría científica,TERCER ENCUENTRO DE GRUPO DE CIUDAD EN RIONEGRO. AVANCE EN LA PROPUESTA EN FASE III,2020,2
00416,011,Consultorías científico-tecnológicas,Consultoría científica,CUARTO ENCUENTRO INVITADOS QUE ENRIQUECEN LA REVISION Y TRAZABILIDAD DE PROPUESTAS RIONEGRO FASE III,2020,2
00417,011,Consultorías científico-tecnológicas,Consultoría científica,QUINTO ENCUENTRO: CONSOLIDACION DE PROPUESTA DE ESTE COMITE EN RIONEGRO FASE III,2020,2
00418,011,Consultorías científico-tecnológicas,Consultoría científica,PRIMER ENCUENTRO DE GRUPO DE CIUDAD RIONEGRO EN MAYO FASE III,2020,2
00419,011,Consultorías científico-tecnológicas,Consultoría científica,MESA DE COMUNICACION Y SALUD MENTAL ¿COMO INFORMAR SUICIDIO? RIONEGRO EN FASE III,2020,2
00420,011,Consultorías científico-tecnológicas,Consultoría científica,II MESA REGIONAL DE COMUNICADORES PARA PENSAR CAMPAÑAS DE PREVENCION DEL SUICIDIO EN EL MARCO DEL CONFINAMIENTO.COMUNICADORES Y EQUIPO SALUD MENTAL RIONEGRO FASE III,2020,2
00421,011,Consultorías científico-tecnológicas,Consultoría científica,III MESA REGIONAL DE COMUNICADORES DE ANTIOQUIA PARA LA SOCIALIZACION DEL PROTOCOLO¿COMO INFORMAR SUICIO? RIONEGRO FASE III,2020,2
00422,011,Consultorías científico-tecnológicas,Consultoría científica,Consolidación de la ruta de atención local del evento suicida-Andes,2019,2
00423,011,Consultorías científico-tecnológicas,Consultoría científica,¿CÓMO INFORMAR SUICIDIO? EN FASE II ANDES,2019,2
00424,011,Consultorías científico-tecnológicas,Consultoría científica,ESPIRIEDUCACION EN FASE II ANDES,2019,2
00425,011,Consultorías científico-tecnológicas,Consultoría científica,MIRADA PSICOJURÍDICA Y COSTO SOCIOECONÓMICO DEL COMPORTAMIENTO SUICIDA EN ANDES FASE II,2019,2
00426,011,Consultorías científico-tecnológicas,Consultoría científica,"EL COMPORTAMIENTO SUICIDA, INTEGRACIÓN SECTORIAL EN ANDES FASE II",2019,2
00427,011,Consultorías científico-tecnológicas,Consultoría científica,"CAPACITACION LA MIRADA PSICOJURIDICA DEL COMPORTAMIENTO SUICIDA ""UNA RESPONSABILIDAD DE TODOS Y TODAS"" ENVIGADO EN FASE II",2019,2
00428,011,Consultorías científico-tecnológicas,Consultoría científica,"CAPACITACION SOBRE LA IMPORTANCIA DE LOS VINCULOS COMO UN FACTOR PROTECTOR, PARA LA PREVENCION DEL SUICIDIO EN ENVIGADO FASE II",2019,2
00429,011,Consultorías científico-tecnológicas,Consultoría científica,"CAPACITACION SOBRE LA IMPORTANCIA DE LOS GRUPOS DE INTERVENCION PSICOPERAPEUTICA ""SOBREVIVIENTES DEL SUICIDIO"" ENVIGADO FASE II",2019,2
00430,011,Consultorías científico-tecnológicas,Consultoría científica,CAPACITACION LA MIRADA PSICOSOCIAL DE LA PROBLEMATICA DEL SUICIDIO EN ENVIGADO EN FASE II,2019,2
00431,011,Consultorías científico-tecnológicas,Consultoría científica,CAPACITACION SOBRE LA COMPRENSION PSICOPATOLOGICA DEL SUICIDIO ENVIGADO EN FASE II,2019,2
00432,011,Consultorías científico-tecnológicas,Consultoría científica,PREVENCION DEL SUICIDIO EN EL CONTEXTO ESCOLAR.UNA ESTRATEGIA DE VIDA EN ENVIGADO FASE II,2019,2
00433,011,Consultorías científico-tecnológicas,Consultoría científica,CATEDRA ABIERTA U. DE A. EN FASE II RIONEGRO,2019,2
00434,011,Consultorías científico-tecnológicas,Consultoría científica,CURSO DE PREVENCIÓN DEL COMPORTAMIENTO SUICIDA EN FASE II RIONEGRO,2019,2
00435,011,Consultorías científico-tecnológicas,Consultoría científica,CAPACITACION EN PREVENCION DEL COMPORTAMIENTO SUICIDA EN EL ENTORNO ESCOLAR EN RIONEGRO FASE II,2019,2
00436,011,Consultorías científico-tecnológicas,Consultoría científica,2 FASE DE CAPACITACIÓN AL CLERO(SACERDOTES DE LA DIÓCESIS SONSON RIONEGRO DEL ORIENTE ANTIOQUEÑO) EN FASE II,2019,2
00437,011,Consultorías científico-tecnológicas,Consultoría científica,FORO DE PREVENCION DEL COMPORTAMIENTO SUICIDA DEL ORIENTE ANTIOQUEÑO EN FASE II ANDES,2019,2
00438,011,Consultorías científico-tecnológicas,Consultoría científica,FORO DE PREVENCION DEL COMPORTAMIENTO SUICIDA DEL ORIENTE ANTIOQUEÑO EN FASE II RIONEGRO,2019,2
00439,011,Consultorías científico-tecnológicas,Consultoría científica,SENSIBILIZACION Y FORMACION A OS LIDERES ESPIRITUALES DE IGLESIAS CRISTIANAS EN RIONEGRO EN LA DETECION DE SEÑALES DE ALERTA DEL COMPORTAMIENTO SUICIDA EN FASE II,2019,2
00440,011,Consultorías científico-tecnológicas,Consultoría científica,CURSO DE PREVENCIÓN DEL COMPORTAMIENTO SUICIDA EN FASE II RIONEGRO,2019,2
00441,011,Consultorías científico-tecnológicas,Consultoría científica,CURSO DE PREVENCION DEL COMPORTAMIENTO SUICIDA,2019,2
00442,011,Consultorías científico-tecnológicas,Consultoría científica,PROTOCOLO DE COMO INFORMAR SUICIDIO EN FASE II LA UNION,2019,2
00443,011,Consultorías científico-tecnológicas,Consultoría científica,ACOMPAÑAMIENTO EN LA CONSTRUCCION DE LA RUTA DE ATENCION A LA CONDUCTA SUICIDA EN LA UNION FASE II,2019,2
00444,011,Consultorías científico-tecnológicas,Consultoría científica,INTERVENCIÓN EN CRISIS Y LOS FACTORES DE RIESGO ASOCIADOS AL COMPORTAMIENTO SUICIDA EN LA UNION FASE II,2019,2
00445,011,Consultorías científico-tecnológicas,Consultoría científica,ACOMPAÑAMIENTO 3 EN LA CONSTRUCCIÓN DE LA RUTA DE ATENCIÓN A LA CONDUCTA SUICIDA EN LA UNION FASE II,2019,2
00446,011,Consultorías científico-tecnológicas,Consultoría científica,Cómo identificar señales de alerta y generar estrategias de intervención para la prevención del comportamiento suicida,2018,2
00447,011,Consultorías científico-tecnológicas,Consultoría científica,"Asesoría y presentación del proyecto ""La prevención del suicidio es una posibilidad de todos y todas""",2018,2
00448,011,Consultorías científico-tecnológicas,Consultoría científica,Espirieducación,2019,2
00449,011,Consultorías científico-tecnológicas,Consultoría científica,Mirada psicojurídica y socioeconómica del suicidio,2019,2
00450,011,Consultorías científico-tecnológicas,Consultoría científica,Consolidación de la ruta de atención,2019,2
00451,011,Consultorías científico-tecnológicas,Consultoría científica,Informar suicidio,2019,2
00452,011,Consultorías científico-tecnológicas,Consultoría científica,Suicidio Integración sectorial.,2019,2
00453,011,Consultorías científico-tecnológicas,Consultoría científica,"Conformación de grupos psicoterapeuticos, para la atención de personas afectadas por la problemática del intento suicida y del suicidio consumado",0,2
00454,011,Consultorías científico-tecnológicas,Consultoría científica,Prevención del suicidio en el contexto escolar. Una estrategia para la vida.,2019,2
00455,011,Consultorías científico-tecnológicas,Consultoría científica,"Capacitación sobre la importancia de los grupos de intervención psicoterapéutica. ""Sobrevivientes del suicidio""",2019,2
00456,011,Consultorías científico-tecnológicas,Consultoría científica,Capacitación sobre la importancia de los vinculos como un factor protector para la prevención del suicidio,2019,2
00457,011,Consultorías científico-tecnológicas,Consultoría científica,Capacitación sobre la mirada psicosocial de la problemática del suicidio,2019,2
00458,011,Consultorías científico-tecnológicas,Consultoría científica,Capacitación sobre la comprensión psicopatológica del suicidio,2019,2
00459,011,Consultorías científico-tecnológicas,Consultoría científica,"Capacitación sobre la mirada psicojurídica del comportamiento suicida ""una responsabilidad de todos y todas""",2019,2
00460,011,Consultorías científico-tecnológicas,Consultoría científica,Acompañamiento ruta de atención para la atención del comportamiento suicida,2019,2
00461,011,Consultorías científico-tecnológicas,Consultoría científica,Cómo informar suicidio,2019,2
00462,011,Consultorías científico-tecnológicas,Consultoría científica,Costos socioeconómicos de la conducta suicida,2019,2
00463,011,Consultorías científico-tecnológicas,Consultoría científica,Factores protectores del comportamiento suicida,2019,2
00464,011,Consultorías científico-tecnológicas,Consultoría científica,RUTAS DE ATENCIÓN DEL COMPORTAMIENTO SUICIDA,0,2
00465,011,Consultorías científico-tecnológicas,Consultoría científica,Importancia recolección de información de autopsia psicológica,2019,2
00466,011,Consultorías científico-tecnológicas,Consultoría científica,Intervención en crisis y factores de riesgo asociados al comportamiento suicida,2019,2
00467,011,Consultorías científico-tecnológicas,Consultoría científica,Mirada psicojurídica del suicidio,2019,2
00468,011,Consultorías científico-tecnológicas,Consultoría científica,Lineamientos técnicos para una atención humanizada y efectiva del evento suicida. Municipio de Andes en Fase III,2020,2
00469,011,Consultorías científico-tecnológicas,Consultoría científica,"Apoyo al apoyo, qrupos de apoyo. Municipio de Andes en fase III",2020,2
00470,011,Consultorías científico-tecnológicas,Consultoría científica,"Apoyo al apoyo, Telepsicología en época de la Pandemia. Municipio de Andes en Fase III",2020,2
00471,011,Consultorías científico-tecnológicas,Consultoría científica,"2Apoyo al apoyo, intervención en crisis en la Pandemia. Municipio de Andes Fase III",2020,2
00472,011,Consultorías científico-tecnológicas,Consultoría científica,SEÑALES DE ALERTA Y SUICIDIO,0,2
00473,011,Consultorías científico-tecnológicas,Consultoría científica,"POSTVENCION,INTERVENCION DEL COMPORTAMIENTO SUICIDA MUNICIPIO DE ENVIGADO EN FASE III",2020,2
00474,011,Consultorías científico-tecnológicas,Consultoría científica,IMPORTANCIA DE LOS GRUPOS DE INTERVENCION EN MUNICIPIO DE ENVIGADO EN FASE III,2020,2
00475,011,Consultorías científico-tecnológicas,Consultoría científica,"POSTVENCION, INTERVENCION FAMILIAR, SOBREVIVIENTES DEL SUICIDO MUNICIPIO DE ENVIGADO EN FASE III",2020,2
00476,011,Consultorías científico-tecnológicas,Consultoría científica,RUTAS DE ATENCION EN LA CONDUCTA SUICIDA EN LOS DIFERENTES ESCENARIOS EN MUNICIPIO LA UNION EN FASE III,2020,2
00477,011,Consultorías científico-tecnológicas,Consultoría científica,PRIMEROS AUXILIOS PSICOLOGICOS EN MUNICIPIO DE LA UNION EN FASE III,2020,2
00478,011,Consultorías científico-tecnológicas,Consultoría científica,ESPIRIEDUCACION EL COMPORTAMIENTO ESPIRITUAL EN LA CONDUCTA SUICIDA MUNICIPIO DE LA UNION EN FASE III,2020,2
00479,011,Consultorías científico-tecnológicas,Consultoría científica,PRIMER ENCUENTRO DE GRUPO DE CIUDAD EN RIONEGRO EN FASE III,2020,2
00480,011,Consultorías científico-tecnológicas,Consultoría científica,CONSTRUCCIÓN DE LAS RUTAS DE ATENCIÓN,0,2
00481,011,Consultorías científico-tecnológicas,Consultoría científica,SEGUNDO ENCUENTRO DE CONSOLIDACION DE PROPUESTA CULTURA SALUD MUNICIPIO RIONEGRO EN FASE III,2020,2
00482,011,Consultorías científico-tecnológicas,Consultoría científica,TERCER ENCUENTRO DE GRUPO DE CIUDAD AVANCE EN LA PROPUESTA RIONEGRO EN FASE III,2020,2
00483,011,Consultorías científico-tecnológicas,Consultoría científica,CUARTO ENCUENTRO INVITADOS QUE ENRIQUECEN LA REVISION Y TRAZABILIDAD DE LAS PROPUESTAS RIONEGRO EN FASE III,2020,2
00484,011,Consultorías científico-tecnológicas,Consultoría científica,QUINTO ENCUENTRO CONSOLIDACION DE PROPUESTA DESDE ESTE COMITE DE LA SECRETARIA DE SALUD EN RIONEGRO FASE III,2020,2
00485,011,Consultorías científico-tecnológicas,Consultoría científica,PRIMER ENCUENTRO DE GRUPO DE CIUDAD CAPACITAR GRUPO PSICOSOCIAL LINEA ATENCION 24 HORAS EN RIONEGRO FASE III,2020,2
00486,011,Consultorías científico-tecnológicas,Consultoría científica,MESA DE COMUNICACION Y SALUD MENTAL MUNICIPIO DE RIONEGRO EN FASE III,2020,2
00487,011,Consultorías científico-tecnológicas,Consultoría científica,SEGUNDA MESA REGIONAL DE COMUNICADORES PARA PENSAR CAMPAÑAS DE PREVENCION DEL SUICIDIO EN EL MARCO DEL CONFINAMIENTO RIONEGRO FASE III,2020,2
00488,011,Consultorías científico-tecnológicas,Consultoría científica,TERCERA MESA REGIONAL DE COMUNICADORES ANTIOQUIA PARA SOCIALIZAR PROTOCOLO DE COMO INFORMAR SUICIDIO EN RIONEGRO FASE III,2020,2
00489,011,Consultorías científico-tecnológicas,Consultoría científica,"Comportamiento suicida, una mirada interdisciplinar. Municipio de Yacuiba (Bolivia),Fase 1 -2021",2021,2
00490,011,Consultorías científico-tecnológicas,Consultoría científica,Enfermedad mental y suicidio. Municipio de Yacuiba(Bolivia) Fase I -2021,2021,2
00491,011,Consultorías científico-tecnológicas,Consultoría científica,"Vínculos afectivos y relacionales, factores del suicidio. Municipio de Yacuiba(Bolivia) Fase I -2021",2021,2
00492,011,Consultorías científico-tecnológicas,Consultoría científica,"Conformación de rutas de atención al suicido. Gobierno de Tarija (Bolivia), Fase I-2021",2021,2
00493,011,Consultorías científico-tecnológicas,Consultoría científica,"Lo espíritu-religioso como factor protector del suicidio. Gobierno de Tarija(Bolivia), Fase I-2021",2021,2
00494,011,Consultorías científico-tecnológicas,Consultoría científica,Posvención y grupos de apoyo al suicidio. Gobierno de Tarija (Bolivia) Fase I-2021,2021,2
00495,011,Consultorías científico-tecnológicas,Consultoría científica,Posvención en el marco de muerte por suicidio.Municipio del Carmen de Viboral. Fase 1 -2021,2021,2
00496,011,Consultorías científico-tecnológicas,Consultoría científica,"Comportamiento suicida una mirada interdisciplinar, Municipio de Sabaneta. Fase 1-2021",2021,2
00497,011,Consultorías científico-tecnológicas,Consultoría científica,"Capacitación en Factores de Riesgo, Señales de Alerta y primeros auxilios. Municipio de Sabaneta, Fase 1 -2021",2021,2
00498,011,Consultorías científico-tecnológicas,Consultoría científica,"Capacitación sobre el suicidio en ambientes educativos. Municipio de Sabaneta, Fase 1-2021",2021,2
00499,011,Consultorías científico-tecnológicas,Consultoría científica,"Capacitación en implicaciones jurídicas y económicas del comportamiento suicida. Municipio de Sabaneta, Fase I -2021",2021,2
00500,011,Consultorías científico-tecnológicas,Consultoría científica,La importancia de la empatía en la prevención del comportamiento suicida. Municipio Santa Rosa. Fase 1 -2021,2021,2
00501,011,Consultorías científico-tecnológicas,Consultoría científica,"Salud mental positiva. Municipios Santa Rosa de Osos, Fase 1 -2021",2021,2
00502,011,Consultorías científico-tecnológicas,Consultoría científica,"Prevención del consumo de sustancias Psicoactivas .Municipio Santa Rosa de Osos, Fase 1 -2021",2021,2
00503,011,Consultorías científico-tecnológicas,Consultoría científica,PRIMER ENCUENTRO DE GRUPO DE CIUDAD RIONEGRO EN MAYO FASE III,2020,2
00504,011,Consultorías científico-tecnológicas,Consultoría científica,MESA DE COMUNICACION Y SALUD MENTAL ¿COMO INFORMAR SUICIDIO? RIONEGRO EN FASE III,2020,2
00505,011,Consultorías científico-tecnológicas,Consultoría científica,II MESA REGIONAL DE COMUNICADORES PARA PENSAR CAMPAÑAS DE PREVENCION DEL SUICIDIO EN EL MARCO DEL CONFINAMIENTO.COMUNICADORES Y EQUIPO SALUD MENTAL RIONEGRO FASE III,2020,2
00506,011,Consultorías científico-tecnológicas,Consultoría científica,III MESA REGIONAL DE COMUNICADORES DE ANTIOQUIA PARA LA SOCIALIZACION DEL PROTOCOLO¿COMO INFORMAR SUICIO? RIONEGRO FASE III,2020,2
00507,011,Consultorías científico-tecnológicas,Consultoría científica,DISEÑO PEDAGOGICO Y EJECUCION DE LOS MODULOS DE REHABILITACION BASADA EN LA COMUNIDAD,2020,2
00508,011,Consultorías científico-tecnológicas,Consultoría científica,lineamientos técnicos para una atención humanizada y efectiva del evento suicida en Municipio de Andes fase III,2020,2
00509,011,Consultorías científico-tecnológicas,Consultoría científica,"Apoyo al apoyo, qrupos de apoyo. Municipio de Andes en Fase III",2020,2
00510,011,Consultorías científico-tecnológicas,Consultoría científica,"Apoyo al apoyo, Telepsicología en época de la Pandemia. Municipio de Andes FASE III",2020,2
00511,011,Consultorías científico-tecnológicas,Consultoría científica,"Apoyo al apoyo, intervención en crisis en la Pandemia. Municipio de Andes en Fase III",2020,2
00512,011,Consultorías científico-tecnológicas,Consultoría científica,POSTVENCION. Intervención del comportamiento suicida en Envigado Fase III,2020,2
00513,011,Consultorías científico-tecnológicas,Consultoría científica,IMPORTANCIA DE LOS GRUPOS DE INTERVENCION EN MUNICIPIO DE ENVIGADO FASE III,2020,2
00514,011,Consultorías científico-tecnológicas,Consultoría científica,POSTVENCION.Intervención Familiar sobrevivientes del suicidio ENVIGADO EN FASE III,2020,2
00515,011,Consultorías científico-tecnológicas,Consultoría científica,PRIMER ENCUENTRO DE GRUPO DE CIUDAD RIONEGRO EN FASE III,2020,2
00516,011,Consultorías científico-tecnológicas,Consultoría científica,SEGUNDO ENCUENTRO CONSOLIDACION DE PROPUESTA DE CULTURA DE SALUD RIONEGRO EN FASE III,2020,2
00517,011,Consultorías científico-tecnológicas,Consultoría científica,TERCER ENCUENTRO DE GRUPO DE CIUDAD EN RIONEGRO. AVANCE EN LA PROPUESTA EN FASE III,2020,2
00518,011,Consultorías científico-tecnológicas,Consultoría científica,CUARTO ENCUENTRO INVITADOS QUE ENRIQUECEN LA REVISION Y TRAZABILIDAD DE PROPUESTAS RIONEGRO FASE III,2020,2
00519,011,Consultorías científico-tecnológicas,Consultoría científica,QUINTO ENCUENTRO: CONSOLIDACION DE PROPUESTA DE ESTE COMITE EN RIONEGRO FASE III,2020,2
00520,011,Consultorías científico-tecnológicas,Consultoría científica,Prevención de riesgos psicosociales en la Escuela y la Comunidad: creyendo en la potencialidad,2022,2
00521,011,Consultorías científico-tecnológicas,Consultoría científica,Aprendamos juntos sobre los hábitos saludables.,2024,2
00522,011,Consultorías científico-tecnológicas,Consultoría científica,Asesoría-taller a parejas,2024,2
00523,011,Consultorías científico-tecnológicas,Consultoría científica,Aprendamos juntos sobre los habitos saludables,2024,2
00524,011,Consultorías científico-tecnológicas,Consultoría científica,Liderazgo consciente. Una experiencia gerencial.,2024,2
00525,011,Consultorías científico-tecnológicas,Consultoría científica,Familia y Escuela: Queremos lo mejor para ti. Escuela Familiar.,2024,2
00526,011,Consultorías científico-tecnológicas,Consultoría científica,Revisión metodológica de los proyectos que atienden a la poblaci¿n habitante de calle,2017,2
00527,011,Consultorías científico-tecnológicas,Consultoría científica,Grupo Focal en Salud Mental Comunitaria: Hablemos de salud mental comunitaria Prácticas sobre salud mental en una organización comunitaria de la ciudad de Medellín - Colombia,2023,2
00528,011,Consultorías científico-tecnológicas,Consultoría científica,Lo Espíritu-religioso como factor protector del suicidio. Departamento de Tarija(Bolivia) Fase 1 - 2021,2021,2
00529,011,Consultorías científico-tecnológicas,Consultoría científica,Postvención y grupos de apoyo al suicidio. Departamento de Tarija (Bolivia) Fase 1 -2021,2021,2
00530,011,Consultorías científico-tecnológicas,Consultoría científica,"Manejo de situaciones críticas de eventos suicidas en estudiantes escolarizados,El Carmen de Viboral en Fase 5 2022",2022,2
00531,011,Consultorías científico-tecnológicas,Consultoría científica,"Formación a padres y madres de familia del ITI, Instituto Técnico Industrial Jorge Eliercer Gaitán en fase 5-2022",2022,2
00532,011,Consultorías científico-tecnológicas,Consultoría científica,"Foro municipal en el marco del mes de la salud mental,El carmen de Viboral en fase 5-2022",2022,2
00533,011,Consultorías científico-tecnológicas,Consultoría científica,Comunicar suicidio en Santa Rosa de Osos en Fase 5 -2022,2022,2
00534,011,Consultorías científico-tecnológicas,Consultoría científica,Primeros auxilios psicologicos en Santa Rosa de Osos en fase 5-2022,2022,2
00535,011,Consultorías científico-tecnológicas,Consultoría científica,Autopsias Psicologicas en Santa Rosa de Osos en fase 5-2022,2022,2
00536,011,Consultorías científico-tecnológicas,Consultoría científica,Costo socioeconómico y jurídico del suicidio en Santa Rosa de Osos en Fase 5 -2022,2022,2
00537,011,Consultorías científico-tecnológicas,Consultoría científica,"Vínculos,tecnología y sucidio en Santa Rosa de Osos en Fase 5 -2022",2022,2
00538,011,Consultorías científico-tecnológicas,Consultoría científica,Espirieducación en Santa Rosa de Osos en fase 5 -2022,2022,2
00539,011,Consultorías científico-tecnológicas,Consultoría científica,Revisión código dorado Municipal en Santa Rosa de Osos en fase 5-2022,2022,2
00540,011,Consultorías científico-tecnológicas,Consultoría científica,AUTOPSIA PSICOLOGICA SANTA ROSA DE OSOS EN FASE VI-2023,2023,2
00541,011,Consultorías científico-tecnológicas,Consultoría científica,COMUNICAR SUICIDIO SANTA ROSA DE OSOS EN FASE VI-2023,2023,2
00542,011,Consultorías científico-tecnológicas,Consultoría científica,ENTREVISTA PARA EL INTENTO DEL SUICIDIO EN SANTA ROSA DE OSOS FASE VI-2023,2023,2
00543,011,Consultorías científico-tecnológicas,Consultoría científica,GRUPOS DE APOYO EN SANTA ROSA DE OSOS FASE VI-2023,2023,2
00544,011,Consultorías científico-tecnológicas,Consultoría científica,PRIMEROS AUXILIOS PSICOLOGICOS EN SANTA ROSA DE OSOS FASE VI-2023,2023,2
00545,011,Consultorías científico-tecnológicas,Consultoría científica,Ruta de prevención atención del comportamiento suicida en el ambito escolar con énfasis en la población infantil Santa RosaOsos en Fase VI -2023,2023,2
00546,011,Consultorías científico-tecnológicas,Consultoría científica,VIOLENCIAS SOCIALES Y SUICIDIO EN SANTA ROSA DE OSOS FASE VI -2023,2023,2
00547,011,Consultorías científico-tecnológicas,Consultoría científica,PAPS PRIMEROS AUXILIOS PSICOLOGICOS EN EL INTENTO DE SUICIDIO LA UNION EN FASE VI-2023,2023,2
00548,011,Consultorías científico-tecnológicas,Consultoría científica,PAPS PRIMEROS AUXILIOS PSICOLOGICOS EN EL INTENTO DE SUICIDIO LA UNION EN FASE VI-2023,2023,2
00549,011,Consultorías científico-tecnológicas,Consultoría científica,TECNOLOGIAS VINCULO Y SUICIDIO EN LA UNION FASE VI-2023,2023,2
00550,011,Consultorías científico-tecnológicas,Consultoría científica,PREVENCION DEL SUICIDIO Y RUTA EN EL ENTORNO ESCOLAR EN LA UNION FASE VI-2023,2023,2
00551,011,Consultorías científico-tecnológicas,Consultoría científica,PREVENCION DEL SUICIDIO Y RUTA EN EL ENTORNO ESCOLAR EN LA UNION FASE VI-2023,2023,2
00552,011,Consultorías científico-tecnológicas,Consultoría científica,PSICOPATOLOGIA EN LA PREVENCION DEL COMPORTAMIENTO SUICIDA EN LA UNION FASE VI-2023,2023,2
00553,011,Consultorías científico-tecnológicas,Consultoría científica,FACTORES DE RIESGO Y FACTORES PROTECTORES EN EL COMPORTAMIENTO SUICIDA EN LA UNION FASE VI-2023,2023,2
00554,011,Consultorías científico-tecnológicas,Consultoría científica,COMUNICACIONES COMO FACTOR DE RIESGO PARA EL SUICIDIO EN LA UNION FASE VI-2023,2023,2
00555,011,Consultorías científico-tecnológicas,Consultoría científica,"Instalación,priorización y enrutamiento de acuerdo al equipo psicosocial con referencia a la prevención del comportamiento suicida en Itagüí dn fase VI-2023",2023,2
00556,011,Consultorías científico-tecnológicas,Consultoría científica,Articulación y Convenio interistitucional sobre la prevención del comportamiento suicida en Itagüí en fase VI-2023,2023,2
00557,011,Consultorías científico-tecnológicas,Consultoría científica,COMO INFORMAR SUICIDIO EN ITAGUI FASE VI-2023,2023,2
00558,011,Consultorías científico-tecnológicas,Consultoría científica,"Lo psicosocial,articulación intersectorial el pro de la prevención del comportamiento suicida en Itagüí fase VI-2023",2023,2
00559,011,Consultorías científico-tecnológicas,Consultoría científica,PAREJA Y SUICIDIO EN ITAGUI FASE VI -2023,2023,2
00560,011,Consultorías científico-tecnológicas,Consultoría científica,"TECNOLOGIA,VINCULOS Y COMPORTAMIENTO SUICIDA EN ITAGUI EN FASE VI-2023",2023,2
00561,011,Consultorías científico-tecnológicas,Consultoría científica,FACORES DE RIESGO Y DE PROTECCIÓN EN ENTORNOS EDUCATIVOS EN ITAGUI FASE vi-2023,2023,2
00562,011,Consultorías científico-tecnológicas,Consultoría científica,consolidación de la ruta de atención local del evento suicida-Andes en FASE II,2019,2
00563,011,Consultorías científico-tecnológicas,Consultoría científica,ESPIRIEDUCACIÓN EN ANDES FASE II,2019,2
00564,011,Consultorías científico-tecnológicas,Consultoría científica,MIRADA PSICOJURÍDICA Y COSTO SOCIOECONÓMICO DEL COMPORTAMIENTO SUICIDA EN ANDES FASE II,2019,2
00565,011,Consultorías científico-tecnológicas,Consultoría científica,¿Como informar suicidio? EN ANDES FASE II,2019,2
00566,011,Consultorías científico-tecnológicas,Consultoría científica,"EL COMPORTAMIENTO SUICIDA, INTEGRACIÓN SECTORIAL EN ANDES FASE II",2019,2
00567,011,Consultorías científico-tecnológicas,Consultoría científica,CATEDRA ABIERTA U. DE A. EN FASE II,2019,2
00568,011,Consultorías científico-tecnológicas,Consultoría científica,CURSO DE PREVENCIÓN DEL COMPORTAMIENTO SUICIDA EN FASE II,2019,2
00569,011,Consultorías científico-tecnológicas,Consultoría científica,CAPACITACIÓN EN PREVENCIÓN DEL COMPORTAMIENTO SUICIDA EN EL ENTORNO ESCOLAR EN FASE II,2019,2
00570,011,Consultorías científico-tecnológicas,Consultoría científica,2 FASE DE CAPACITACIÓN AL CLERO(SACERDOTES DE LA DIÓCESIS SONSON RIONEGRO DEL ORIENTE ANTIOQUEÑO) EN FASE II,2019,2
00571,011,Consultorías científico-tecnológicas,Consultoría científica,FORO DE PREVENCION DEL COMPORTAMIENTO SUICIDA DEL ORIENTE ANTIOQUEÑO EN FASE II,2019,2
00572,011,Consultorías científico-tecnológicas,Consultoría científica,SENSIBILIZACION Y FORMACION A OS LIDERES ESPIRITUALES DE IGLESIAS CRISTIANAS EN RIONEGRO EN LA DETECION DE SEÑALES DE ALERTA DEL COMPORTAMIENTO SUICIDA EN FASE II,2019,2
00573,011,Consultorías científico-tecnológicas,Consultoría científica,CURSO DE PREVENCIÓN DEL COMPORTAMIENTO SUICIDA FORMAR LOS EQUIPOS PSICOSOCIALES DEL ORIENTE ANTIOQUEÑO LIDERADO POR RIONEGRO EN FASE II,2019,2
00574,011,Consultorías científico-tecnológicas,Consultoría científica,CURSO DE PREVENCIÓN DEL COMPORTAMIENTO SUICIDA EN FASE II,2019,2
00575,011,Consultorías científico-tecnológicas,Consultoría científica,PROTOCOLO COMO INFORMAR SUICIDIO EN LA UNION FASE II,2019,2
00576,011,Consultorías científico-tecnológicas,Consultoría científica,ACOMPAÑAMIENTO EN LA CONSTRUCCIÓN DE LA RUTA DE ATENCIÓN A LA CONDUCTA SUICIDA EN LA UNION FASE II,2019,2
00577,011,Consultorías científico-tecnológicas,Consultoría científica,INTERVENCIÓN EN CRISIS Y LOS FACTORES DE RIESGO ASOCIADOS AL COMPORTAMIENTO SUICIDA EN LA UNION FASE II,2019,2
00578,011,Consultorías científico-tecnológicas,Consultoría científica,ACOMPAÑAMIENTO 3 EN LA CONSTRUCCIÓN DE LA RUTA DE ATENCIÓN A LA CONDUCTA SUICIDA EN LA UNION FASE II,2019,2
00579,011,Consultorías científico-tecnológicas,Consultoría científica,ACOMPAÑAMIENTO 4 EN LA RUTA DE ATENCIÓN EN LA UNION FASE II,2019,2
00580,011,Consultorías científico-tecnológicas,Consultoría científica,"SENSIBILIZACIÓN CON LOS MEDIOS DE COMUNICACIÓN Y ORGANIZACIONES DE ""COMO INFORMAR SUICIDIO"" PARA SU PREVENCIÓN EN LA UNION FASE II",2019,2
00581,011,Consultorías científico-tecnológicas,Consultoría científica,IMPORTANCIA DE LA AUTOPSIA PSICOLOGICA EN LA RECOLECCIÓN DE INFORMACIÓN PARA LA PREVENCIÓN DE LA CONDUCTA SUICIDA EN FASE II,2019,2
00582,011,Consultorías científico-tecnológicas,Consultoría científica,UNA MIRADA PSICO-JURIDICA DE LA CONDUCTA SUICIDA EN FASE II,2019,2
00583,011,Consultorías científico-tecnológicas,Consultoría científica,COSTOS SOCIOECONOMICOS DE LA CONDUCTA SUICIDA EN FASE II,2019,2
00584,011,Consultorías científico-tecnológicas,Consultoría científica,CONSULTORIA EN EL PROTOCOLO DE AUTOPSIA PSICO SOCIO PATOLOGICS (PAPSI) EN FASE II,2019,2
00585,011,Consultorías científico-tecnológicas,Consultoría científica,CONSULTORIA EN FACTORES PROTECTORES PSICO-ESPIRITUALES DE LA CONDUCTA SUICIDA-ESPIRIEDUCACIÓN EN FASE II,2019,2
00586,011,Consultorías científico-tecnológicas,Consultoría científica,"CAPACITACION LA MIRADA SICOJURIDICA DEL COMPORTAMIENTO SUICIDA ""UNA RESPONSABILIDAD DE TODOS Y TODAS"" EN FASE II",2019,2
00587,011,Consultorías científico-tecnológicas,Consultoría científica,CAPACITACIÓN IMPORTANCIA DE LOS VINCULOS COMO UN FACTOR PROTECTOR EN LA PREVENCION DEL SUICIDIO EN FASE II,2019,2
00588,011,Consultorías científico-tecnológicas,Consultoría científica,"CAPACITACIÓN IMPORTANCIA DE LOS GRUPOS DE INTERVENCIÓN PSICOTERAPÉUTICA ""SOBREVIVIENTES DEL SUICIDIO EN FASE II",2019,2
00589,011,Consultorías científico-tecnológicas,Consultoría científica,CAPACITACIÓN SOBRE LA IRADA PSICOSOCIAL DE LA PROBLEMÁTICA DEL SUICIDIO EN FASE II,2019,2
00590,011,Consultorías científico-tecnológicas,Consultoría científica,CAPACITACIÓN SOBRE LA COMPRENSIÓN PSICOPATOLÓGICA EL SUICIDIO EN FASE II,2019,2
00591,011,Consultorías científico-tecnológicas,Consultoría científica,PREVENCIÓN DEL SUICIDIO EN EL CONTEXTO ESCOLAR. UNA ESTRATEGIA POR LA VIDA,2019,2
00592,011,Consultorías científico-tecnológicas,Consultoría científica,lineamientos técnicos para una atención humanizada y efectiva del evento suicida en Municipio de Andes fase III,2020,2
00593,011,Consultorías científico-tecnológicas,Consultoría científica,"Apoyo al apoyo, qrupos de apoyo. Municipio de Andes en Fase III",2020,2
00594,011,Consultorías científico-tecnológicas,Consultoría científica,"Apoyo al apoyo, Telepsicología en época de la Pandemia. Municipio de Andes en FASE III",2020,2
00595,011,Consultorías científico-tecnológicas,Consultoría científica,"Apoyo al apoyo, intervención en crisis en la Pandemia. Municipio de Andes en Fase III",2020,2
00596,011,Consultorías científico-tecnológicas,Consultoría científica,POSTVENCION. Intervención del comportamiento suicida en Envigado Fase III,2020,2
00597,011,Consultorías científico-tecnológicas,Consultoría científica,IMPORTANCIA DE LOS GRUPOS DE INTERVENCION EN MUNICIPIO DE ENVIGADO FASE III,2020,2
00598,011,Consultorías científico-tecnológicas,Consultoría científica,POSTVENCION.Intervención Familiar sobrevivientes del suicidio ENVIGADO EN FASE III,2020,2
00599,011,Consultorías científico-tecnológicas,Consultoría científica,RUTAS DE ATENCION DE LA CONDUCTA SUICIDA EN LOS DIFERENTES ESCENARIOS EN EL MUNICIPIO DE LA UNION FASE III,2020,2
00600,011,Consultorías científico-tecnológicas,Consultoría científica,PRIMEROS AUXILIOS PSICOLOGICOS MUNICIPIO LA UNION EN FASE III,2020,2
00601,011,Consultorías científico-tecnológicas,Consultoría científica,ESPIRIEDUCACION EL COMPONENTE ESPIRITUAL EN LA CONDUCTA SUICIDA MUNICIPIO LA UNION EN FASE III,2020,2
00602,011,Consultorías científico-tecnológicas,Consultoría científica,PRIMER ENCUENTRO DE GRUPO DE CIUDAD RIONEGRO EN FASE III,2020,2
00603,011,Consultorías científico-tecnológicas,Consultoría científica,SEGUNDO ENCUENTRO CONSOLIDACION DE PROPUESTA DE CULTURA DE SALUD RIONEGRO EN FASE III,2020,2
00604,011,Consultorías científico-tecnológicas,Consultoría científica,TERCER ENCUENTRO DE GRUPO DE CIUDAD EN RIONEGRO. AVANCE EN LA PROPUESTA EN FASE III,2020,2
00605,011,Consultorías científico-tecnológicas,Consultoría científica,CUARTO ENCUENTRO INVITADOS QUE ENRIQUECEN LA REVISION Y TRAZABILIDAD DE LAS PROPUESTAS RIONEGRO EN FASE III,2020,2
00606,011,Consultorías científico-tecnológicas,Consultoría científica,QUINTO ENCUENTRO: CONSOLIDACION DE PROPUESTA DE ESTE COMITE EN RIONEGRO FASE III,2020,2
00607,011,Consultorías científico-tecnológicas,Consultoría científica,PRIMER ENCUENTRO DE GRUPO DE CIUDAD RIONEGRO EN FASE III,2020,2
00608,011,Consultorías científico-tecnológicas,Consultoría científica,MESA DE COMUNICACION Y SALUD MENTAL ¿COMO INFORMAR SUICIDIO? RIONEGRO EN FASE III,2020,2
00609,011,Consultorías científico-tecnológicas,Consultoría científica,II MESA REGIONAL DE COMUNICADORES PARA PENSAR CAMPAÑAS DE PREVENCION DEL SUICIDIO EN EL MARCO DEL CONFINAMIENTO.COMUNICADORES Y EQUIPO SALUD MENTAL RIONEGRO FASE III,2020,2
00610,011,Consultorías científico-tecnológicas,Consultoría científica,III MESA REGIONAL DE COMUNICADORES DE ANTIOQUIA PARA LA SOCIALIZACION DEL PROTOCOLO¿COMO INFORMAR SUICIO? RIONEGRO FASE III,2020,2
00611,011,Consultorías científico-tecnológicas,Consultoría científica,"La importancia de la empatía en la prevención del comportamiento suicida. Municipio Santa Rosa de Osos, Fase 1 -2021",2021,2
00612,011,Consultorías científico-tecnológicas,Consultoría científica,"Salud mental positiva. Municipio de Santa Rosa de Osos, Fase 1 -2021",2021,2
00613,011,Consultorías científico-tecnológicas,Consultoría científica,"Prevención del Consumo de Sustancias Psicoactivas. Municipio de Santa Rosa de Osos, Fase 1-2021",2021,2
00614,011,Consultorías científico-tecnológicas,Consultoría científica,"comportamiento suicida, una mirada interdisciplinar Departamento de Sabaneta, Fase 1 -2021",2021,2
00615,011,Consultorías científico-tecnológicas,Consultoría científica,"Capacitación en factores de riesgo, señales de alerta y primeros auxilios. Municipio de Sabaneta, fase I -2021",2021,2
00616,011,Consultorías científico-tecnológicas,Consultoría científica,"Capacitación sobre suicido, en ambientes educativos. Municipio de Sabaneta, fase I .2021",2021,2
00617,011,Consultorías científico-tecnológicas,Consultoría científica,"Capacitación en implicaciones jurídicas y económicas del comportamiento suicida. municipio de Sabaneta, fase I -2021",2021,2
00618,011,Consultorías científico-tecnológicas,Consultoría científica,Posvención en el caso de muerte por suicidio. municipio del Carmen de Viboral Fase 1 - 2021,2021,2
00619,011,Consultorías científico-tecnológicas,Consultoría científica,"Comportamiento suicida, una mirada interdisciplinar departamento de Tarija (Bolivia) fase 1-2021",2021,2
00620,011,Consultorías científico-tecnológicas,Consultoría científica,"Enfermedad Mental y Suicidio, Departamento de Tarija (Bolivia) Fase1-2021",2021,2
00621,011,Consultorías científico-tecnológicas,Consultoría científica,"Vínculos afectivos y relacionales, factores del suicidio Departamento de Tarija(Bolivia) Fase 1 -2021",2021,2
00622,011,Consultorías científico-tecnológicas,Consultoría científica,Conformación de rutas de atención al suicidio Departamento de Tarija (Bolivia) Fase 1 -2021,2021,2
00623,012,Consultorías científico-tecnológicas,Consultoría científica,Consultoría Bajo Secreto Empresarial - Batallón de Inteligencia de señales Ejercito Nacional - Ministerio de Defensa Nacional,2022,2
00624,012,Consultorías científico-tecnológicas,Consultoría científica,"Apoyar la creaci¿n e implementaci¿n de mecanismos y dispositivos tecnol¿gicos para la promoci¿n de la lectura y el acceso a la informaci¿n a trav¿s de medios digitales, en el sistema de Bibliotecas P¿blicas de Medell¿",2017,2
00625,012,Consultorías científico-tecnológicas,Consultoría científica,Distribución local de contenidos digitales,2019,2
00626,012,Consultorías científico-tecnológicas,Consultoría científica,Distribución local de contenidos digitales en bibliotecas,2019,2
00627,012,Consultorías científico-tecnológicas,Consultoría científica,"IMPORTANCIA DE LOS GRUPOS DE INTERVENCIÓN. ENVIGADO, FASE III, Nombre comercial: , contrato/registro: 53213",2020,2
00628,012,Consultorías científico-tecnológicas,Consultoría científica,FORTALECER LOS PROCESOS DE POSVENCION DEL COMPORTAMIENTO SUICIDA DE PERSONAS EN RIESGO Y SUS FAMILIAS EN SANTA ROSA DE OSOS- FASE VI,2023,2
00629,012,Consultorías científico-tecnológicas,Consultoría científica,PAPS PRIMEROS AUXILIOS PSICOLOGICOS EN EL INTENTO DE SUICIDIO LA UNION EN FASE VI,2023,2
00630,012,Consultorías científico-tecnológicas,Consultoría científica,"POSTVENCIÓN, INTERVENCIÓN DEL COMPORTAMIENTO SUICIDA ENVIGADO, FASE III",2018,2
00631,012,Consultorías científico-tecnológicas,Consultoría científica,COMUNICAR SUICIDIO SANTA ROSA DE OSOS EN FASE VI,2023,2
00632,012,Consultorías científico-tecnológicas,Consultoría científica,Mesa regional de comunicadores y equipo de salud mental,2020,2
00633,012,Consultorías científico-tecnológicas,Consultoría científica,COMUNICACIONES COMO FACTOR DE RIESGO PARA EL SUICIDIO EN LA UNION FASE VI,2023,2
00634,012,Consultorías científico-tecnológicas,Consultoría científica,2FASE DE CAPACITACION AL CLERO (SACERDOTES DE LA DIOCESIS SONSON RIONEGRO DEL ORIENTE ANTIOQUEÑO EN FASE I,2019,2
00635,012,Consultorías científico-tecnológicas,Consultoría científica,"Prevención del Consumo de Sustancias Psicoactivas. Municipio de Santa Rosa de Osos, Fase 1",2021,2
00636,012,Consultorías científico-tecnológicas,Consultoría científica,"Vínculos,tecnología y sucidio en Santa Rosa de Osos en Fase 5",2022,2
00637,012,Consultorías científico-tecnológicas,Consultoría científica,"IMPORTANCIA DE LOS GRUPOS DE INTERVENCIÓN. ENVIGADO, FASE III",2020,2
00638,012,Consultorías científico-tecnológicas,Consultoría científica,COMO INFORMAR SUICIDIO EN ITAGUI FASE VI-2023,2023,2
00639,012,Consultorías científico-tecnológicas,Consultoría científica,Posvención en el marco de muerte por suicidio. municipio del Carmen de Viboral Fase 1,2021,2
00640,012,Consultorías científico-tecnológicas,Consultoría científica,"RUTAS DE ATENCIÓN DE LA CONDUCTA SUICIDA. LA UNIÓN, FASE III",2020,2
00641,012,Consultorías científico-tecnológicas,Consultoría científica,"Formación a padres y madres de familia del ITI, Instituto Técnico Industrial Jorge Eliécer Gaitán en fase 5-",2022,2
00642,012,Consultorías científico-tecnológicas,Consultoría científica,AUTOPSIA PSICOLOGICA SANTA ROSA DE OSOS EN FASE V,2023,2
00643,012,Consultorías científico-tecnológicas,Consultoría científica,Capacitación sobre el suicidio en ambientes educativos. Municipio de Sabaneta,2021,2
00644,012,Consultorías científico-tecnológicas,Consultoría científica,CAPACITACIÓN EN PREVENCIÓN DEL COMPORTAMIENTO SUICIDA EN EL ENTORNO ESCOLAR EN FASE II RIONEGRO,2019,2
00645,012,Consultorías científico-tecnológicas,Consultoría científica,"Salud mental positiva. Municipio de Santa Rosa de Osos, Fase 1",2021,2
00646,012,Consultorías científico-tecnológicas,Consultoría científica,Manejo de situaciones críticas de eventos suicidas en estudiantes escolarizados en el Carmen de Viboral en Fase 5-,2022,2
00647,012,Consultorías científico-tecnológicas,Consultoría científica,Articulación y Convenio interistitucional sobre la prevención del comportamiento suicida en Itagüí en fase VI-,2023,2
00648,012,Consultorías científico-tecnológicas,Consultoría científica,FORO DE PREVENCION DEL COMPORTAMIENTO SUICIDA DEL ORIENTE ANTIOQUEÑO EN FASE II RIONEGRO,2019,2
00649,012,Consultorías científico-tecnológicas,Consultoría científica,Grupo de ciudad (tercer encuentro). Rionegro. FASE III,2020,2
00650,012,Consultorías científico-tecnológicas,Consultoría científica,Revisión código dorado Municipal en Santa Rosa de Osos en fase 5,2022,2
00651,012,Consultorías científico-tecnológicas,Consultoría científica,"Salud mental positiva. Municipio de Santa Rosa de Osos, Fase",2021,2
00652,012,Consultorías científico-tecnológicas,Consultoría científica,Espirieducación en Santa Rosa de Osos en fase 5,2022,2
00653,012,Consultorías científico-tecnológicas,Consultoría científica,La importancia de la empatía en la prevención del comportamiento suicida,2021,2
00654,012,Consultorías científico-tecnológicas,Consultoría científica,Encuentro grupo de ciudad. Rionegro. FASE III,2020,2
00655,012,Consultorías científico-tecnológicas,Consultoría científica,"III Mesa regional de Antioquia, socialización protocolo como informar suicidio",2020,2
00656,012,Consultorías científico-tecnológicas,Consultoría científica,Mesa de comunicación y salud mental. ¿Cómo informar suicido? Rionegro. FASE III,2020,2
00657,012,Consultorías científico-tecnológicas,Consultoría científica,Consultoría en factores protectores psico-espirituales de la conducta suicida- Espirieducación Fase 2 La Unión,2019,2
00658,012,Consultorías científico-tecnológicas,Consultoría científica,"Difundir a través de los medios de comunicación estrategias que van orientadas a la prevención de la conducta suicida en el municipio de La Unión FASE II,",2019,2
00659,012,Consultorías científico-tecnológicas,Consultoría científica,"Capacitación sobre la importancia de los grupos de intervención psicoterapéutica ""sobrevivientes del suicidio"" Fase 2 Envigado",2019,2
00660,012,Consultorías científico-tecnológicas,Consultoría científica,VIOLENCIAS SOCIALES Y SUICIDIO EN SANTA ROSA DE OSOS FASE VI -2023,2023,2
00661,012,Consultorías científico-tecnológicas,Consultoría científica,"IMPORTANCIA DE LOS GRUPOS DE INTERVENCIÓN. ENVIGADO, FASE III",2020,2
00662,012,Consultorías científico-tecnológicas,Consultoría científica,AUTOPSIA PSICOLOGICA SANTA ROSA DE OSOS EN FASE VI,2023,2
00663,012,Consultorías científico-tecnológicas,Consultoría científica,"Lo psicosocial, articulación intersectorial el pro de la prevención del comportamiento suicida en Itagüí fase VI",2023,2
00664,012,Consultorías científico-tecnológicas,Consultoría científica,"La importancia de la empatía en la prevención del comportamiento suicida. Municipio Santa Rosa de Osos, Fase 1",2021,2
00665,012,Consultorías científico-tecnológicas,Consultoría científica,Encuentro grupo de ciudad. Rionegro. FASE III,2020,2
00666,012,Consultorías científico-tecnológicas,Consultoría científica,Consultoría en factores protectores psico-espirituales de la conducta suicida- Espirieducación Fase 2,2019,2
00667,012,Consultorías científico-tecnológicas,Consultoría científica,2FASE DE CAPACITACION AL CLERO (SACERDOTES DE LA DIOCESIS SONSON RIONEGRO DEL ORIENTE ANTIOQUEÑO EN FASE II,2019,2
00668,012,Consultorías científico-tecnológicas,Consultoría científica,Difundir a través de los medios de comunicación estrategias que van orientadas a la prevención de la conducta suicida en el municipio de la Unión Fase 2 a través de programa televisivo,2019,2
00669,012,Consultorías científico-tecnológicas,Consultoría científica,Difundir a través de los medios de comunicación estrategias que van orientadas a la prevención de la conducta suicida en el municipio de la Unión FASE II,2019,2
00670,012,Consultorías científico-tecnológicas,Consultoría científica,"Capacitación sobre la importancia de los grupos de intervención psicoterapéutica ""sobrevivientes del suicidio"" Fase 2 Envigado",2019,2
00671,012,Consultorías científico-tecnológicas,Consultoría científica,Cómo informar suicido Rionegro. FASE III,2020,2
00672,012,Consultorías científico-tecnológicas,Consultoría científica,LA AUTOPSIA PSICOLOGICA EN LA RECOLECCIÓN DE INFORMACIÓN PARA LA PREVENCIÓN DE LA CONDUCTA SUICIDA EN FASE II,2019,2
00673,012,Consultorías científico-tecnológicas,Consultoría científica,ESPIRIEDUCACION EL COMPONENTE ESPIRITUAL EN LA CONDUCTA SUICIDA MUNICIPIO LA UNION EN FASE III,2020,2
00674,012,Consultorías científico-tecnológicas,Consultoría científica,II MESA REGIONAL DE COMUNICADORES PARA PENSAR CAMPAÑAS DE PREVENCION DEL SUICIDIO EN EL MARCO DEL CONFINAMIENTO.COMUNICADORES Y EQUIPO SALUD MENTAL RIONEGRO FASE III,2020,2
00675,012,Consultorías científico-tecnológicas,Consultoría científica,Enfermedad Mental y Suicidio,2021,2
00676,012,Consultorías científico-tecnológicas,Consultoría científica,Fortalecer los conocimientos en psicopatología general y su relación con el suicidio en profesionales de la salud,2024,2
00677,012,Consultorías científico-tecnológicas,Consultoría científica,ASESORIA PARA LA CONSTRUCCION DE AUTOPSIA PSICOLOGICA EN SAN PEDRO DE LOS MILAGROS,2024,2
00678,012,Consultorías científico-tecnológicas,Consultoría científica,TECNOLOGIAS VINCULO Y SUICIDIO EN LA UNION FASE VI,2023,2
00679,012,Consultorías científico-tecnológicas,Consultoría científica,Costo socioeconómico y jurídico del suicidio en Santa Rosa de Osos en Fase 5,2022,2
00680,012,Consultorías científico-tecnológicas,Consultoría científica,FACTORES DE RIESGO Y DE PROTECCIÓN EN ENTORNOS EDUCATIVOS EN ITAGUI FASE VI,2023,2
00681,012,Consultorías científico-tecnológicas,Consultoría científica,EL COMPONENTE ESPIRITUAL EN LA CONDUCTA SUICIDA MUNICIPIO LA UNION EN FASE III,2020,2
00682,012,Consultorías científico-tecnológicas,Consultoría científica,"IMPORTANCIA DE LA AUTOPSIA PSICOLOGICA EN LA RECOLECCIÓN DE INFORMACIÓN PARA LA PREVENCIÓN DE LA CONDUCTA SUICIDA EN FASE II,",2019,2
00683,012,Consultorías científico-tecnológicas,Consultoría científica,II MESA REGIONAL DE COMUNICADORES PARA PENSAR CAMPAÑAS DE PREVENCION DEL SUICIDIO EN EL MARCO DEL CONFINAMIENTO.COMUNICADORES Y EQUIPO SALUD MENTAL RIONEGRO FASE III,2020,2
00684,012,Consultorías científico-tecnológicas,Consultoría científica,Fortalecer los conocimientos en psicopatología general y su relación con el suicidio en profesionales de la salud,2024,2
00685,012,Consultorías científico-tecnológicas,Consultoría científica,ASESORIA PARA LA CONSTRUCCION DE AUTOPSIA PSICOLOGICA EN SAN PEDRO DE LOS MILAGROS- 2024,2024,2
00686,012,Consultorías científico-tecnológicas,Consultoría científica,Posvención en el caso de muerte por suicidio. municipio del Carmen de Viboral Fase 1,2021,2
00687,012,Consultorías científico-tecnológicas,Consultoría científica,FACTORES DE RIESGO Y FACTORES PROTECTORES EN EL COMPORTAMIENTO SUICIDA EN LA UNION FASE VI,2023,2
00688,012,Consultorías científico-tecnológicas,Consultoría científica,GRUPOS DE APOYO EN SANTA ROSA DE OSOS FASE VI,2023,2
00689,012,Consultorías científico-tecnológicas,Consultoría científica,ACOMPAÑAMIENTO EN LA CONSTRUCCIÓN DE LA RUTA DE ATENCIÓN A LA CONDUCTA SUICIDA EN LA UNION FASE II,2019,2
00690,012,Consultorías científico-tecnológicas,Consultoría científica,Ruta de prevención atención del comportamiento suicida en el ámbito escolar con énfasis en la población infantil Santa Rosa Osos en Fase VI,2023,2
00691,012,Consultorías científico-tecnológicas,Consultoría científica,CURSO DE PREVENCIÓN DEL COMPORTAMIENTO SUICIDA FORMAR LOS EQUIPOS PSICOSOCIALES DEL ORIENTE ANTIOQUEÑO LIDERADO POR RIONEGRO EN FASE II,2019,2
00692,012,Consultorías científico-tecnológicas,Consultoría científica,PAREJA Y SUICIDIO EN ITAGUI FASE VI,2023,2
00693,012,Consultorías científico-tecnológicas,Consultoría científica,SENSIBILIZACION Y FORMACION A OS LIDERES ESPIRITUALES DE IGLESIAS CRISTIANAS EN RIONEGRO EN LA DETECION DE SEÑALES DE ALERTA DEL COMPORTAMIENTO SUICIDA EN FASE II,2019,2
00694,012,Consultorías científico-tecnológicas,Consultoría científica,Comunicar suicidio en Santa Rosa de Osos en Fase 5,2022,2
00695,012,Consultorías científico-tecnológicas,Consultoría científica,PRIMEROS AUXILIOS PSICOLOGICOS EN SANTA ROSA DE OSOS FASE VI,2023,2
00696,012,Consultorías científico-tecnológicas,Consultoría científica,"Foro Mnicipal en el marco del mes de la salud mental, El Carmen de Viboral en fase 5",2022,2
00697,012,Consultorías científico-tecnológicas,Consultoría científica,"COMO INFORMAR SUICIDIO"" PARA SU PREVENCIÓN EN LA UNION FASE II",2019,2
00698,012,Consultorías científico-tecnológicas,Consultoría científica,CUARTO ENCUENTRO INVITADOS QUE ENRIQUECEN LA REVISION Y TRAZABILIDAD DE LAS PROPUESTAS RIONEGRO EN FASE III,2020,2
00699,012,Consultorías científico-tecnológicas,Consultoría científica,Primeros auxilios psicológicos en Santa Rosa de Osos en fase 5,2022,2
00700,012,Consultorías científico-tecnológicas,Consultoría científica,INTERVENCIÓN EN CRISIS Y LOS FACTORES DE RIESGO ASOCIADOS AL COMPORTAMIENTO SUICIDA EN LA UNION FASE II,2019,2
00701,012,Consultorías científico-tecnológicas,Consultoría científica,"TECNOLOGIA,VÍNCULOS Y COMPORTAMIENTO SUICIDA EN ITAGUI EN FASE VI",2023,2
00702,012,Consultorías científico-tecnológicas,Consultoría científica,"Comportamiento suicida, una mirada interdisciplinar departamento de Tarija (Bolivia)",2021,2
00703,012,Consultorías científico-tecnológicas,Consultoría científica,PRIMEROS AUXILIOS PSICOLOGICOS MUNICIPIO LA UNION EN FASE III,2020,2
00704,012,Consultorías científico-tecnológicas,Consultoría científica,SEGUNDO ENCUENTRO CONSOLIDACION DE PROPUESTA DE CULTURA DE SALUD RIONEGRO EN FASE III,2020,2
00705,012,Consultorías científico-tecnológicas,Consultoría científica,QUINTO ENCUENTRO: CONSOLIDACION DE PROPUESTA DE ESTE COMITE EN RIONEGRO FASE III,2020,2
00706,012,Consultorías científico-tecnológicas,Consultoría científica,"Psicopatología y suicidio para la comunidad, Mesa de salud mental La Unión",2024,2
00707,012,Consultorías científico-tecnológicas,Consultoría científica,"Asesoría y presentación del proyecto ""La Prevención del suicidio es una posibilidad de todos y todas"": Identificar las señales de alerta en la prevención del suicidio",2018,2
00708,012,Consultorías científico-tecnológicas,Consultoría científica,Consolidación de la ruta de atención local del evento suicida -Andes,2018,2
00709,012,Consultorías científico-tecnológicas,Consultoría científica,Gestión de marca y posicionamiento en medios digitales,2020,2
00710,012,Consultorías científico-tecnológicas,Consultoría científica,Montaje del sistema de investigación institucional,2020,2
00711,012,Consultorías científico-tecnológicas,Consultoría científica,¿C¿mo hacer un mercadeo estrat¿gico sin altas inversiones de dinero?,2017,2
00712,012,Consultorías científico-tecnológicas,Consultoría científica,"Mediaci¿n, acompa¿amiento y educaci¿n en sostenibilidad para un corredor de exportaciones",2018,2
00713,012,Consultorías científico-tecnológicas,Consultoría científica,Construcción de rutas de atención del comportamiento suicida,2018,2
00714,012,Consultorías científico-tecnológicas,Consultoría científica,Cómo informar sobre el suicidio. Prevención del comportamiento suicida.,2018,2
00715,012,Consultorías científico-tecnológicas,Consultoría científica,Cómo identificar señales de alerta y generar estrategias de intervención en el comportamiento suicida,2018,2
00716,012,Consultorías científico-tecnológicas,Consultoría científica,Conformación de grupos psicoterapéuticos para la atención de personas afectadas por la problemática del intento suicida y suicidio consumado,2018,2
00717,012,Consultorías científico-tecnológicas,Consultoría científica,Métodos y aplicaciones de investigación para proyectos ministeriales,2019,2
00718,012,Consultorías científico-tecnológicas,Consultoría científica,Consolidación de la ruta de atención local del evento suicida - Andes,2019,2
00719,012,Consultorías científico-tecnológicas,Consultoría científica,Lineamientos técnicos para una atención humanizada y efectiva del evento suicida,2020,2
00720,012,Consultorías científico-tecnológicas,Consultoría científica,"Apoyo al apoyo, qrupos de apoyo.",2020,2
00721,012,Consultorías científico-tecnológicas,Consultoría científica,"Apoyo al apoyo, Telepsicología en época de la Pandemia.",2020,2
00722,012,Consultorías científico-tecnológicas,Consultoría científica,"Apoyo al apoyo, intervención en crisis en la Pandemia.",2020,2
00723,012,Consultorías científico-tecnológicas,Consultoría científica,Publicidad y Comunicación. Construcción de la identidad cultural en a zona norte de Antioquia. Caso San Pedro de los Milagros,2023,2
00724,012,Consultorías científico-tecnológicas,Consultoría científica,Publicidad y Comunicación. Construcción de la identidad cultural en a zona norte de Antioquia. Caso San Pedro de los Milagros,2023,2
00725,012,Consultorías científico-tecnológicas,Consultoría científica,"Participación en el panel de expertos del proyecto de investigación Análisis de Riesgo Político, Social, Económico e Internacional",2024,2
00726,012,Consultorías científico-tecnológicas,Consultoría científica,Consultoría bajo secreto empresarial - Batallón de Inteligencia de Señales Ejército Nacional - Ministerio de Defensa Nacional,2022,2
00727,012,Consultorías científico-tecnológicas,Consultoría científica,Consultoría al Batallón de Inteligencia de Señales del Ejército Nacional de Colombia,2022,2
00728,013,Consultorías científico-tecnológicas,,,,2
00729,014,Consultorías científico-tecnológicas,Consultoría científica,ADAPTACIÓN DEL SISTEMA CONTABLE-FINANCIERO DE LA EMPRESA COOPERATIVA MULTIACTIVA LUIS AMIGO,2018,2
