id,id_grupo,categoria,tipo_producto,titulo,ano,institucion,tipologia
00001,001,Eventos Científicos,Congreso,"II Congreso Internacional de Gestión, Economía y Finanzas GEF 2025",2025-10-24,UNIVERSIDAD CATOLICA LUIS AMIGO,3
00002,001,Eventos Científicos,Congreso,XIII Congreso Internacional Cerebro y Mente: La integración,2025-09-13,UNIVERSIDAD CATOLICA LUIS AMIGO,3
00003,001,Eventos Científicos,Congreso,MICRADS´25 - The 2025 Multidisciplinary International Conference of Research Applied to Defense and Security,2025-07-26,UNIVERSIDAD CATOLICA LUIS AMIGO,3
00004,001,Eventos Científicos,Congreso,XXVII Encuentro Nacional de Investigación (Universidad Católica Luis Amigó) 2024,2024-10-04,UNIVERSIDAD CATOLICA LUIS AMIGO,3
00005,001,Eventos Científicos,Congreso,XVII CONGRESO DE COMPUTACIÓN PARA EL DESARROLLO,2024-07-19,UNIVERSIDAD CATOLICA LUIS AMIGO,3
00006,001,Eventos Científicos,Otro,IEEE CCAC 2023: 2023 6th IEEE Colombian Conference on Automatic Control,2023-11-20,Ieee Circuits And System Society,3
00007,001,Eventos Científicos,Congreso,"CSEI 2023 V CONGRES OF COMPUTER, ELECTRONIC, AND INDUSTRIAL SCIENCE",2023-11-10,"Universidad Técnica de Ambato, UTA",3
00008,001,Eventos Científicos,Congreso,VI Congreso Internacional de Ingeniería de Sistemas,2023-11-03,UNIVERSIDAD CATOLICA LUIS AMIGO,3
00009,001,Eventos Científicos,Congreso,XIV Congreso de Aplicación de Tecnologías de la Información y Comunicaciones Avanzadas (ATICA2023),2023-10-20,UNIVERSIDAD CATOLICA LUIS AMIGO,3
00010,001,Eventos Científicos,Encuentro,XXVI Encuentro Nacional de Investigaciones,2023-09-14,UNIVERSIDAD CATOLICA LUIS AMIGO,3
00011,001,Eventos Científicos,Encuentro,XXVI Encuentro Nacional de Investigaciones,2023-09-14,UNIVERSIDAD CATOLICA LUIS AMIGO,3
00012,001,Eventos Científicos,Congreso,II Congreso Internacional SoPhIC 2023,2023-08-11,UNIVERSIDAD CATOLICA LUIS AMIGO,3
00013,001,Eventos Científicos,Congreso,XVI Congreso de Computación para el Desarrollo (COMPDES2023),2023-07-28,UNIVERSIDAD CATOLICA LUIS AMIGO,3
00014,001,Eventos Científicos,Encuentro,"IX Semana internacional de Ciencia, Tecnología e Innovación",2022-12-02,UNIVERSIDAD CATOLICA LUIS AMIGO,3
00015,001,Eventos Científicos,Congreso,XI Congreso Internacional de Materiales XI CIM 2022,2022-10-28,UNIVERSIDAD CATOLICA LUIS AMIGO,3
00016,001,Eventos Científicos,Encuentro,X Encuentro de investigadores de REDNICOL,2022-10-20,CORPORACIÓN UNIVERSITARIA IBEROAMERICANA,3
00017,001,Eventos Científicos,Encuentro,"XXV Encuentro Nacional de Investigación, Innovación y Creación Artística y Cultural",2022-09-16,UNIVERSIDAD CATOLICA LUIS AMIGO,3
00018,001,Eventos Científicos,Encuentro,XXV Encuentro Nacional de Investigación,2022-09-16,UNIVERSIDAD CATOLICA LUIS AMIGO,3
00019,001,Eventos Científicos,Congreso,I Congreso Internacional de Ingeniería Social - Una apuesta hacia el Desarrollo Sostenible,2022-09-02,UNIVERSIDAD CATOLICA LUIS AMIGO,3
00020,001,Eventos Científicos,Congreso,II Congreso Internacional de Investigación en Ingeniería,2022-08-23,UNIVERSIDAD CATOLICA LUIS AMIGO,3
00021,001,Eventos Científicos,Congreso,XXX International Materials Research Congress (IMRC2022) and International Conference on Advanced Materials (ICAM2021),2022-08-19,Sociedad Mexicana de Materiales,3
00022,001,Eventos Científicos,Congreso,VII Congreso Internacional de Entornos Virtuales y Desarrollo Humano,2022-08-05,UNIVERSIDAD CATOLICA LUIS AMIGO,3
00023,001,Eventos Científicos,Congreso,XV CONGRESO DE COMPUTACIÓN PARA EL DESARROLLO,2022-07-29,UNIVERSIDAD CATOLICA LUIS AMIGO,3
00024,001,Eventos Científicos,Simposio,32nd European Symposium of Applied Thermodynamics (ESAT),2022-07-20,UNIVERSIDAD CATOLICA LUIS AMIGO,3
00025,001,Eventos Científicos,Congreso,XII Congreso Internacional sobre Aplicación de Tecnologías de la Información y Comunicaciones Avanzadas ATICA2021,2021-11-26,UNIVERSIDAD CATOLICA LUIS AMIGO,3
00026,001,Eventos Científicos,Congreso,Congreso Internacional Academia Journals Ciudad de México 2021,2021-09-10,UNIVERSIDAD DE CALDAS,3
00027,001,Eventos Científicos,Encuentro,XXIV ENCUENTRO NACIONAL DE INVESTIGACIÓN,2021-09-10,UNIVERSIDAD CATOLICA LUIS AMIGO,3
00028,001,Eventos Científicos,Congreso,XXIV Encuentro Nacional de Investigación,2021-09-10,UNIVERSIDAD CATOLICA LUIS AMIGO,3
00029,001,Eventos Científicos,Encuentro,XXIV Encuentro Nacional de Investigaciones,2021-09-10,UNIVERSIDAD CATOLICA LUIS AMIGO,3
00030,001,Eventos Científicos,Congreso,XIV Congreso de Computación para el Desarrollo (COMPDES 2021),2021-07-30,UNIVERSIDAD CATOLICA LUIS AMIGO,3
00031,001,Eventos Científicos,Congreso,OSA Optical Sensors and Sensing Congress 2021,2021-07-23,The Optical Society of America (OSA),3
00032,001,Eventos Científicos,Congreso,"Congreso Nacional de Educación y Pedagogía en la UNAL, la Universidad Aprende, Educación en Contexto",2021-04-16,UNIVERSIDAD CATOLICA LUIS AMIGO,3
00033,001,Eventos Científicos,Congreso,XI Congreso Internacional ATICA - 2020,2020-11-27,UNIVERSIDAD CATOLICA LUIS AMIGO,3
00034,001,Eventos Científicos,Congreso,XI Congreso Internacional ATICA2020,2020-11-27,UNIVERSIDAD CATOLICA LUIS AMIGO,3
00035,001,Eventos Científicos,Seminario,Semana de la Ingeniería Civil: Charlas sobre instrumentación y control de obras de infraestructura,2020-10-23,UNIVERSIDAD CATOLICA LUIS AMIGO,3
00036,001,Eventos Científicos,Simposio,VI SIMPOSIO DE INVESTIGACIÓN 2020,2020-10-24,UNIVERSIDAD CATOLICA LUIS AMIGO,3
00037,001,Eventos Científicos,Simposio,VI Simposio de Investigación Uniremington - 2020,2020-10-24,UNIVERSIDAD CATOLICA LUIS AMIGO,3
00038,001,Eventos Científicos,Encuentro,XXIII encuentro nacional de investigación,2020-10-16,UNIVERSIDAD CATOLICA LUIS AMIGO,3
00039,001,Eventos Científicos,Encuentro,XXIII Encuentro Nacional de Investigación 2020,2020-10-16,UNIVERSIDAD CATOLICA LUIS AMIGO,3
00040,001,Eventos Científicos,Encuentro,XXIII Encuentro Nacional de Investigación,2020-10-16,UNIVERSIDAD CATOLICA LUIS AMIGO,3
00041,001,Eventos Científicos,Simposio,Simposio Internacional en Ciudadanías Emergentes,2020-09-25,UNIVERSIDAD CATOLICA LUIS AMIGO,3
00042,001,Eventos Científicos,Congreso,II Congreso Salud Mental Digital,2020-09-14,UNIVERSIDAD CATOLICA LUIS AMIGO,3
00043,001,Eventos Científicos,Congreso,"V Congreso Internacional sobre Ingeniería, Tecnología y Atomatización - CIITA 2019",2019-12-04,UNIVERSIDAD CATOLICA LUIS AMIGO,3
00044,001,Eventos Científicos,Encuentro,Primer encuentro Agroskills,2019-11-28,CORPORACIÓN INCUBADORA DE EMPRESAS DE BASE TECNOLÓGICA DEL ORIENTE ANTIOQUEÑO GENESIS,3
00045,001,Eventos Científicos,Congreso,X Congreso Internacional de Materiales CIM 2019,2019-10-25,UNIVERSIDAD  INDUSTRIAL DE SANTANDER,3
00046,001,Eventos Científicos,Congreso,"The Sixteenth International Conference on Civil, Structural & Environmental Engineering Computing civil-comp2019",2019-09-19,UNIVERSIDAD CATOLICA LUIS AMIGO,3
00047,001,Eventos Científicos,Encuentro,Encuentro Internacional de Educación en Ingeniería (EIEI ACOFI 2019),2019-09-13,UNIVERSIDAD CATOLICA LUIS AMIGO,3
00048,001,Eventos Científicos,Congreso,Encuentro Internacional de Educación en Ingeniería - ACOFI,2019-09-13,UNIVERSIDAD CATOLICA LUIS AMIGO,3
00049,001,Eventos Científicos,Congreso,XXII Encuentro Nacional de Investigación,2019-09-06,UNIVERSIDAD CATOLICA LUIS AMIGO,3
00050,001,Eventos Científicos,Congreso,VII Congreso Internacional sobre Tecnología e Innovación + Ciencia e Investigación CITICI - 2019,2019-05-24,UNIVERSIDAD CATOLICA LUIS AMIGO,3
00051,001,Eventos Científicos,Otro,Statistical Physics Approaches to Systems Biology,2019-02-15,UNIVERSIDAD CATOLICA LUIS AMIGO,3
00052,001,Eventos Científicos,Congreso,"VII semana de la tecnología, Creatividad e Innovación",2018-10-19,UNIVERSIDAD CATOLICA LUIS AMIGO,3
00053,001,Eventos Científicos,Encuentro,XXI Encuentro Nacional de Investigación,2018-09-07,UNIVERSIDAD CATOLICA LUIS AMIGO,3
00054,001,Eventos Científicos,Encuentro,XXI Encuentro Nacional de Investigación 2018,2018-09-07,UNIVERSIDAD CATOLICA LUIS AMIGO,3
00055,001,Eventos Científicos,Encuentro,"XXI Encuentro Nacional de Investigación ""Ciencia, Sociedad e Innovación""",2018-09-07,UNIVERSIDAD CATOLICA LUIS AMIGO,3
00056,001,Eventos Científicos,Otro,"XXI Encuentro Nacional de  Investigación ¿Ciencia, Sociedad e Innovación¿",2018-09-07,UNIVERSIDAD CATOLICA LUIS AMIGO,3
00057,001,Eventos Científicos,Encuentro,"XXI Encuentro Nacional de Investigación ¿Ciencia, Sociedad e Innovación¿",2018-09-07,UNIVERSIDAD CATOLICA LUIS AMIGO,3
00058,001,Eventos Científicos,Simposio,Simposio de investigación Ustamed 2017,2017-11-10,UNIVERSIDAD CATOLICA LUIS AMIGO,3
00059,001,Eventos Científicos,Congreso,IX Congreso Internacional de Computación y Telecomunicaciones,2017-10-13,UNIVERSIDAD CATOLICA LUIS AMIGO,3
00060,001,Eventos Científicos,Encuentro,"XX Encuentro Nacional de Investigación: Investigación, desarrollo e innovación",2017-09-08,UNIVERSIDAD CATOLICA LUIS AMIGO,3
00061,001,Eventos Científicos,Encuentro,XX Encuentro Nacional de Investigación,2017-09-08,UNIVERSIDAD CATOLICA LUIS AMIGO,3
00062,001,Eventos Científicos,Congreso,12th International Conference on Relativistic Effects in Heavy-Element Chemistry and Physics,2017-09-06,UNIVERSIDAD CATOLICA LUIS AMIGO,3
00063,001,Eventos Científicos,Congreso,11th Triennial Congress of the World Association of Theoretical and Computational Chemists,2017-09-01,UNIVERSIDAD CATOLICA LUIS AMIGO,3
00064,001,Eventos Científicos,Congreso,IX CONGRESO INTERNACIONAL DE FORMACIÓN Y MODELACIÓN EN CIENCIAS BÁSICAS,2017-05-05,UNIVERSIDAD CATOLICA LUIS AMIGO,3
00065,001,Eventos Científicos,Congreso,"V semana de la tecnología, Creatividad e Innovación",2016-10-13,UNIVERSIDAD CATOLICA LUIS AMIGO,3
00066,001,Eventos Científicos,Encuentro,XIX Encuentro Nacional de Investigaciones,2016-10-07,UNIVERSIDAD CATOLICA LUIS AMIGO,3
00067,001,Eventos Científicos,Encuentro,Encuentro Nacional de Investigacion FUNLAM 2016,2016-10-07,UNIVERSIDAD CATOLICA LUIS AMIGO,3
00068,001,Eventos Científicos,Congreso,Currents Topics in Theoretical Chemistry,2016-09-30,UNIVERSIDAD CATOLICA LUIS AMIGO,3
00069,001,Eventos Científicos,Encuentro,8° Encuentro local de semilleros de investigación RREDSI Nodo Caldas,2016-05-12,UNIVERSIDAD CATOLICA LUIS AMIGO,3
00070,001,Eventos Científicos,Congreso,VIII CONGRESO INTERNACIONAL DE FORMACIÓN Y MODELACIÓN EN CIENCIAS BÁSICAS,2016-05-06,UNIVERSIDAD CATOLICA LUIS AMIGO,3
00071,001,Eventos Científicos,Simposio,Primera Reunion Colombiana Sobre Leishmaniasis y Enfermedad de Chagas y XV Simposio Programa de Estudio y Control de Enfermedades Tropicales.,2016-04-29,UNIVERSIDAD CATOLICA LUIS AMIGO,3
00072,001,Eventos Científicos,Congreso,"Cuarto Congreso internacional Pedagogía y TIC, ""Educación superior en la era digital:Tendencias e innovaciones""",2015-12-04,UNIVERSIDAD CATOLICA LUIS AMIGO,3
00073,001,Eventos Científicos,Congreso,III Congreso Nacional de Pedagogía Amigoniana,2015-11-15,UNIVERSIDAD CATOLICA LUIS AMIGO,3
00074,001,Eventos Científicos,Congreso,3rd International Conference on Material Science,2015-10-24,UNIVERSIDAD CATOLICA LUIS AMIGO,3
00075,001,Eventos Científicos,Encuentro,Encuentro Internacional de Educación en Ingeniería -  ACOFI 2015,2015-09-18,CORPORACIÓN UNIVERSITARIA REMINGTON,3
00076,001,Eventos Científicos,Encuentro,XVIII ENCUENTRO NACIONAL DE INVESTIGACIÓN: LA INVESTIGACIÓN UNA OPORTUNIDAD SOCIAL,2015-09-10,UNIVERSIDAD CATOLICA LUIS AMIGO,3
00077,001,Eventos Científicos,Congreso,Encuentro Nacional de Investigación - FUNLAM 2015,2015-09-10,UNIVERSIDAD CATOLICA LUIS AMIGO,3
00078,001,Eventos Científicos,Congreso,Encuentro Nacional de Investigación FUNLAM 2015,2015-09-10,UNIVERSIDAD CATOLICA LUIS AMIGO,3
00079,001,Eventos Científicos,Congreso,XX congreso colombiano de matematicas,2015-07-24,CENTRO PARA LA FORMACIÓN CAFETERA SENA REGIONAL CALDAS,3
00080,001,Eventos Científicos,Congreso,11th INTERNATIONAL CONFERENCE ON MOBILE LEARNING 2015,2015-03-15,UNIVERSIDAD CATOLICA LUIS AMIGO,3
00081,001,Eventos Científicos,Congreso,V Congreso Iberoamericano de Ingeniería de Proyectos,2014-11-14,UNIVERSIDAD CATOLICA LUIS AMIGO,3
00082,001,Eventos Científicos,Congreso,Encuentro Nacional de Investigación,2014-10-20,UNIVERSIDAD CATOLICA LUIS AMIGO,3
00083,001,Eventos Científicos,Encuentro,Encuentro Nacional de Investigadores FUNLAM,2014-10-17,UNIVERSIDAD CATOLICA LUIS AMIGO,3
00084,001,Eventos Científicos,Encuentro,"Encuentro Nacional de Investigación - La investigación, un compromiso con la sociedad - 2014",2014-10-17,UNIVERSIDAD CATOLICA LUIS AMIGO,3
00085,001,Eventos Científicos,Encuentro,XVII ENCUENTRO NACIONAL DE INVESTIGACION FUNLAM-2014. LA INVESTIGACION UN COMPROMISO CON LA SOCIEDAD,2014-10-17,UNIVERSIDAD CATOLICA LUIS AMIGO,3
00086,001,Eventos Científicos,Congreso,Encuentro Nacional de Investigación - FUNLAM 2014,2014-10-17,UNIVERSIDAD CATOLICA LUIS AMIGO,3
00087,001,Eventos Científicos,Encuentro,XVI Encuentro Nacional de Investigación FUNLAM 2014,2014-10-17,UNIVERSIDAD CATOLICA LUIS AMIGO,3
00088,001,Eventos Científicos,Encuentro,Encuentro Nacional de Investigación FUNLAM 2014,2014-10-17,UNIVERSIDAD CATOLICA LUIS AMIGO,3
00089,001,Eventos Científicos,Encuentro,Encuentro Nacional de Investigación Funlam 2014,2014-10-17,UNIVERSIDAD CATOLICA LUIS AMIGO,3
00090,001,Eventos Científicos,Congreso,Memorias del Encuentro Nacional de Investigación- Funlam 2014,2014-10-17,Funlam,3
00091,001,Eventos Científicos,Encuentro,Encuentro Internacional de Educación en Ingeniería -  ACOFI 2014,2014-10-10,Universidad Autónoma Latinoamericana - Unaula,3
00092,001,Eventos Científicos,Congreso,Encuentro Nacional de Investigación Funlam 2014,2014-10-10,UNIVERSIDAD CATOLICA LUIS AMIGO,3
00093,001,Eventos Científicos,Encuentro,Encuentro Internacional de Educación en Ingeniería - ACOFI 2014,2014-10-10,UNIVERSIDAD CATOLICA LUIS AMIGO,3
00094,001,Eventos Científicos,Congreso,Encuentro Nacional de Educación en Ingeniería ACOFI 2014,2014-10-10,Asociación Colombiana de Facultades de Ingeniería - ACOFI,3
00095,001,Eventos Científicos,Congreso,XXXVReunión del Grupo de Electroquímica de la Real Sociedad Española de Química,2014-07-16,UNIVERSIDAD CATOLICA LUIS AMIGO,3
00096,001,Eventos Científicos,Simposio,SIMPOSIO INTERNACIONAL SOBRE CALIDAD DE ENERGÍA ELÉCTRICA,2013-11-30,UNIVERSIDAD NACIONAL DE COLOMBIA SEDE MEDELLÍN,3
00097,001,Eventos Científicos,Congreso,"II Semana de la Tecnología, Creatividad e Innovación",2013-10-18,UNIVERSIDAD CATOLICA LUIS AMIGO,3
00098,001,Eventos Científicos,Encuentro,"II Semana de la tecnología, creatividad e innovación",2013-10-18,UNIVERSIDAD CATOLICA LUIS AMIGO,3
00099,001,Eventos Científicos,Encuentro,Encuentro Nacional de Investigación - Transformación de la dinámica investigativa,2013-09-13,UNIVERSIDAD CATOLICA LUIS AMIGO,3
00100,001,Eventos Científicos,Encuentro,Primer encuentro nacional de maestros en formación: Medios y mediaciones:  Nuevas tendencias pedagógicas y didácticas 2013,2013-09-13,Tipo de vinculación,3
00101,001,Eventos Científicos,Encuentro,Encuentro Nacional de Investigacion FUNLAM 2013,2013-09-13,UNIVERSIDAD CATOLICA LUIS AMIGO,3
00102,001,Eventos Científicos,Encuentro,Encuentro Nacional de Investigación FUNLAM,2013-09-12,UNIVERSIDAD CATOLICA LUIS AMIGO,3
00103,001,Eventos Científicos,Congreso,Encuentro Nacional de Investigación Funlam 2013,2013-09-06,UNIVERSIDAD CATOLICA LUIS AMIGO,3
00104,001,Eventos Científicos,Encuentro,XVI Encuentro Nacional de Investigación,,,3
00105,001,Eventos Científicos,Encuentro,Encuentro Nacional de Investigación Funlam 2013,2013-09-01,UNIVERSIDAD CATOLICA LUIS AMIGO,3
00106,001,Eventos Científicos,Encuentro,II Encuentro Interno de Semilleros de Investigación UNAC 2013,2014-05-23,Corporación Universitaria Adventista,3
00107,001,Eventos Científicos,Congreso,V Congreso internacional de formación y modelación en ciencias básicas,,,3
00108,001,Eventos Científicos,Congreso,IX CONGRESO Informática Salud 2013,,,3
00109,001,Eventos Científicos,Congreso,IV Congreso iberoamericano Soporte al Conocimiento con Tecnología SOCOTE 2012,2012-10-01,UNIVERSIDAD PONTIFICIA BOLIVARIANA SECCIONAL BUCARAMANGA,3
00110,001,Eventos Científicos,Encuentro,Memorias del Encuentro Nacional de Investigación 2012. Hacia la transformación de la dinámica investigativa,,,3
00111,001,Eventos Científicos,Encuentro,Encuentro Nacional de Investigación Funlam 2012,2012-08-07,UNIVERSIDAD CATOLICA LUIS AMIGO,3
00112,001,Eventos Científicos,Encuentro,XIII encuentro nacional de Investigadores Funlam,2010-09-24,UNIVERSIDAD CATOLICA LUIS AMIGO,3
00113,001,Eventos Científicos,Encuentro,XXXVIII Reunion Anual de la Sociedad Argentina de Fisica,2015-12-04,Consejo Nacional de Investigaciones Científicas y Técnicas,3
00114,001,Eventos Científicos,Seminario,Seminario ¿Arquitectura y ciudad Sostenible¿,,REVISTAS ESCALA,3
00115,001,Eventos Científicos,Congreso,"Congreso internacional de pedagogía y cultura solidaria ""Tradición e innovación",,DANSOCIAL,3
00116,001,Eventos Científicos,Encuentro,Encuentro de investigadores y profesores de economía solidaria,,PONTIFICIA UNIVERSIDAD JAVERIANA,3
00117,001,Eventos Científicos,Otro,"VII en cuentro de investigadores ""La ciencia y la tecnologìa al servicio del desarrollo humano y social""",,,3
00118,001,Eventos Científicos,Seminario,"Recostrucción del tejido social, respuesta desde la Administracióm",,Asociación Colombiana De Facultades De Administración,3
00119,001,Eventos Científicos,Otro,Coloquio internacional prospectiva de la economia solidaria,,,3
00120,001,Eventos Científicos,Otro,Coloquio Ciudadanía y Administración Pública en el próximo milenio,,Escuela Superior De Administración Pública,3
00121,001,Eventos Científicos,Seminario,Planeación Ambiental Municipal para el desarrollo urbano sostenible en América latina,,Ministerio Del Medio Ambiente,3
00122,002,Eventos Científicos,Congreso,Tercer Congreso Internacional de Variabilidad y Cambio Climático,2026-05-22,División de Investigación Universidad Nacional de Colombia Sede Bogotá,3
00123,002,Eventos Científicos,Seminario,Seminario internacional de Turistificación y Vivienda Vertical,2026-04-30,UNIVERSIDAD CATOLICA LUIS AMIGO,3
00124,002,Eventos Científicos,Congreso,XIII Jornada Internacional. Valoración probatoria y perspectivas latinoamericanas,2025-11-13,FACULTAD DE DERECHO Y CIENCIAS HUMANAS-FUNLAM,3
00125,002,Eventos Científicos,Encuentro,XVIII Coloquio de investigación,2025-11-12,FACULTAD DE DERECHO Y CIENCIAS HUMANAS-FUNLAM,3
00126,002,Eventos Científicos,Simposio,XVI Jornadas de Investigación Jurídica y Sociojurídica,2025-11-07,UNIVERSIDAD CATOLICA LUIS AMIGO,3
00127,002,Eventos Científicos,Congreso,Socialización del Proyecto de Investigación titulado Sistematización de Experiencias de Clínica Jurídica: Centro Regional Manizales 2023-2024,2025-10-31,"Universidad Católica Luis Amigó, Manizales",3
00128,002,Eventos Científicos,Seminario,Seminario de Actualización en Derecho Público,2025-10-30,UNIVERSIDAD CATOLICA LUIS AMIGO,3
00129,002,Eventos Científicos,Seminario,Barra académica: La voz de los jueces,2025-10-29,FACULTAD DE DERECHO Y CIENCIAS HUMANAS-FUNLAM,3
00130,002,Eventos Científicos,Congreso,XII Jornada internacional. Nuevos desafíos en el derecho de propiedad. Tensiones derechos humanos y derechos reales,2025-10-23,FACULTAD DE DERECHO Y CIENCIAS HUMANAS-FUNLAM,3
00131,002,Eventos Científicos,Seminario,"VI SEMINARIO NACIONAL ICON-S ""DEMOCRACIA, DERECHOS HUMANOS E INTELIGENCIA ARTIFICIAL""",2025-10-24,UNIVERSIDAD CATOLICA LUIS AMIGO,3
00132,002,Eventos Científicos,Congreso,Semana Internacional del Derecho 2025,2025-10-10,UNIVERSIDAD CATOLICA LUIS AMIGO,3
00133,002,Eventos Científicos,Seminario,"1er Seminario Internacional de Investigación: Estudios de movilidad y arquitectura inteligente, sustentable y saludable",2025-10-03,UNIVERSIDAD CATOLICA LUIS AMIGO,3
00134,002,Eventos Científicos,Encuentro,XXVIII Encuentro Nacional de Investigación,2025-09-11,UNIVERSIDAD CATOLICA LUIS AMIGO,3
00135,002,Eventos Científicos,Encuentro,XXVIII Encuentro Nacional de Investigaciones,2025-09-11,UNIVERSIDAD CATOLICA LUIS AMIGO,3
00136,002,Eventos Científicos,Encuentro,XXVIII Encuentro Nacional de Investigaciones,2025-09-11,UNIVERSIDAD CATOLICA LUIS AMIGO,3
00137,002,Eventos Científicos,Seminario,El Algoritmo de Sugerencia de Riesgo del Ministerio Público de Chile. Un caso de Discriminación Algorítmica,2025-08-21,UNIVERSIDAD CATOLICA LUIS AMIGO,3
00138,002,Eventos Científicos,Seminario,El Algoritmo de Sugerencia de Riesgo del Ministerio Público de Chile. Un caso de Discriminación Algorítmica,2025-08-21,UNIVERSIDAD CATOLICA LUIS AMIGO,3
00139,002,Eventos Científicos,Congreso,XI Jornadas Internacionales de Derecho. El algoritmo de sugerencia de riesgo del Ministerio Público de Chile,2025-08-22,FACULTAD DE DERECHO Y CIENCIAS HUMANAS-FUNLAM,3
00140,002,Eventos Científicos,Congreso,Primer Congreso Internacional Transdisciplinario de Investigación en Sostenibilidad y Agenda 2023,2025-07-17,UNIVERSIDAD CATOLICA LUIS AMIGO,3
00141,002,Eventos Científicos,Congreso,22nd Colloquium of the IUCN Academy of Environmental Law,2025-07-04,UNIVERSIDAD CIENTIFICA DEL SUR,3
00142,002,Eventos Científicos,Congreso,58 ICA 2025 CONGRESO INTERNACIONAL DE AMERICANISTAS,2025-07-04,UNIVERSIDAD CATOLICA LUIS AMIGO,3
00143,002,Eventos Científicos,Otro,Coloquio Extraordinario 2025-1,2025-05-28,UNIVERSIDAD CATOLICA LUIS AMIGO,3
00144,002,Eventos Científicos,Congreso,XIX Encuentro Regional - Red de Centros y Grupos de Investigación Jurídica y Sociojurídica - Nodo Antioquia,2025-05-16,UNIVERSIDAD CATOLICA LUIS AMIGO,3
00145,002,Eventos Científicos,Encuentro,Primer Coloquio Internacional de Investigación Jurídica y Sociojurídica,2025-05-16,UNIVERSIDAD DE CALDAS,3
00146,002,Eventos Científicos,Otro,XVII Coloquio de Investigación Promoviendo la Cultura Investigativa,2025-05-16,UNIVERSIDAD CATOLICA LUIS AMIGO,3
00147,002,Eventos Científicos,Encuentro,XVII Coloquio de investigación,2025-05-16,FACULTAD DE DERECHO Y CIENCIAS HUMANAS-FUNLAM,3
00148,002,Eventos Científicos,Otro,30th Inter-American Human Rights Moot Court Competition,2025-05-16,American University Washington collage of law,3
00149,002,Eventos Científicos,Simposio,Talks Amigó IV,2025-05-06,UNIVERSIDAD CATOLICA LUIS AMIGO,3
00150,002,Eventos Científicos,Seminario,Nulidad de los Actos Administrativos: Aspectos Claves y Desafíos Contemporáneos,2025-05-05,UNIVERSIDAD CATOLICA LUIS AMIGO,3
00151,002,Eventos Científicos,Congreso,Nulidad de los actos administrativos: Aspectos clave y desafíos contemporaneos,2025-05-05,FACULTAD DE DERECHO Y CIENCIAS HUMANAS-FUNLAM,3
00152,002,Eventos Científicos,Seminario,Seminario de actualización y profundización en derecho civil II,2025-04-29,UNIVERSIDAD CATOLICA LUIS AMIGO,3
00153,002,Eventos Científicos,Seminario,Seminario de actualización y profundización en derecho civil I,2025-04-28,FACULTAD DE DERECHO Y CIENCIAS HUMANAS-FUNLAM,3
00154,002,Eventos Científicos,Encuentro,Barra académica en Derecho Comercial,2025-04-22,FACULTAD DE DERECHO Y CIENCIAS HUMANAS-FUNLAM,3
00155,002,Eventos Científicos,Taller,Debate: Argumentación jurídica en el marco de los derechos humanos,2025-04-11,FACULTAD DE DERECHO Y CIENCIAS HUMANAS-FUNLAM,3
00156,002,Eventos Científicos,Encuentro,Cafética: Un espacio para pensar y conversar sobre ética,2025-03-25,UNIVERSIDAD CATOLICA LUIS AMIGO,3
00157,002,Eventos Científicos,Seminario,Seminario de actualización y profundización en derecho penal,2025-03-19,FACULTAD DE DERECHO Y CIENCIAS HUMANAS-FUNLAM,3
00158,002,Eventos Científicos,Seminario,Seminario de actualización y profundización en derecho público,2025-03-12,FACULTAD DE DERECHO Y CIENCIAS HUMANAS-FUNLAM,3
00159,002,Eventos Científicos,Otro,Coloquio Extraordinario 2025-1,2025-03-10,UNIVERSIDAD CATOLICA LUIS AMIGO,3
00160,002,Eventos Científicos,Taller,Conciliaton ICBF y Universidad Católica Luis Amigó,2025-02-28,UNIVERSIDAD CATOLICA LUIS AMIGO,3
00161,002,Eventos Científicos,Seminario,Claves para escribir y publicar un artículo en una revista indexada,2025-02-26,UNIVERSIDAD CATOLICA LUIS AMIGO,3
00162,002,Eventos Científicos,Seminario,Claves para Escribir y Publicar un Artículo en una Revista Indexada,2025-02-26,UNIVERSIDAD CATOLICA LUIS AMIGO,3
00163,002,Eventos Científicos,Seminario,Seminario de actualización y profundización en derecho laboral,2025-02-21,UNIVERSIDAD CATOLICA LUIS AMIGO,3
00164,002,Eventos Científicos,Taller,Claves para escribir y publicar un artículo en revista indexada.,2025-11-06,UNIVERSIDAD CATOLICA LUIS AMIGO,3
00165,002,Eventos Científicos,Seminario,'`1er Seminario lnternacional de Estudios Juridico-Poll'ticos: Aproximaciones pragmaticas comparadas en torno a la Politica y el Derecho,2024-11-27,Univ. Veracruzana,3
00166,002,Eventos Científicos,Otro,"XVI Coloquio de Investigación ""Promoviendo la Cultura Investigativa""",2024-11-20,UNIVERSIDAD CATOLICA LUIS AMIGO,3
00167,002,Eventos Científicos,Encuentro,Socialización Proyecto de Investigación: La Constitución Ecológica de 1991 en Colombia: Tensiones entre la Protección Ambiental y los Modelos de Desarrollo Extractivistas.,2024-11-14,"Universidades Caldas, Autonoma, Nacional, Manizales, Católica, Luis Amigó",3
00168,002,Eventos Científicos,Congreso,"I Congreso Latinoamericano Derecho, Ciencia y Artes",2024-11-07,Universidad de Atacama,3
00169,002,Eventos Científicos,Congreso,"I Congreso Latinoamericano Derecho, Ciencia y Artes, en el marco de la I Convención Presencial REDALC: Encuentro Latinoamericano de Saberes",2024-11-08,UNIVERSIDAD CATOLICA LUIS AMIGO,3
00170,002,Eventos Científicos,Encuentro,I Convención Presencial: Encuentro Latinoamericano de Saberes,2024-11-08,Universidad de Atacama,3
00171,002,Eventos Científicos,Otro,VI COLOQUIO SEMILLEROS EN FAMILIA,2024-10-16,UNIVERSIDAD CATOLICA LUIS AMIGO,3
00172,002,Eventos Científicos,Otro,IX Coloquios de Derecho Animal,2024-10-15,Universidad Central de Chile Región Coquimbo,3
00173,002,Eventos Científicos,Encuentro,¿Políticas públicas para superar la pobreza en Colombia: una evaluación costo beneficio en la era post covid-19¿,2024-10-07,"Universidad Católica Luis Amigó, Manizales",3
00174,002,Eventos Científicos,Encuentro,"XXVII Encuentro Nacional de Investigación,",2024-10-04,UNIVERSIDAD CATOLICA LUIS AMIGO,3
00175,002,Eventos Científicos,Seminario,Capacitación en Inteligencia Artificial: Usos y Peligros de la Desinformación,2024-10-01,UNIVERSIDAD CATOLICA LUIS AMIGO,3
00176,002,Eventos Científicos,Encuentro,XXVII Encuentro Nacional de Investigación,2024-10-04,UNIVERSIDAD CATOLICA LUIS AMIGO,3
00177,002,Eventos Científicos,Encuentro,XXVII Encuentro Nacional de Investigaciones,2024-10-04,UNIVERSIDAD CATOLICA LUIS AMIGO,3
00178,002,Eventos Científicos,Encuentro,XXVII Encuentro Nacional de Investigación,2024-10-04,UNIVERSIDAD CATOLICA LUIS AMIGO,3
00179,002,Eventos Científicos,Seminario,Perspectivas Jurídicas en Panamá,2024-09-27,UNIVERSIDAD CATOLICA LUIS AMIGO,3
00180,002,Eventos Científicos,Congreso,"V Congreso Internacional de Ética, Ciencia y Educación",2024-09-27,UNIVERSIDAD CATOLICA LUIS AMIGO,3
00181,002,Eventos Científicos,Seminario,Derechos constitucionales y su reconocimiento jurisprudencial,2024-09-24,UNIVERSIDAD CATOLICA LUIS AMIGO,3
00182,002,Eventos Científicos,Otro,VI Coloquio de la Red Colombiana de Coordinadores de Doctorados en Educación,2024-09-20,UNIVERSIDAD DE ANTIOQUIA,3
00183,002,Eventos Científicos,Seminario,5to Curso de Actualización Jurídica Internacional,2024-09-19,UNIVERSIDAD CATOLICA LUIS AMIGO,3
00184,002,Eventos Científicos,Otro,Diálogos sobre reparación simbólica para la construcción de paz,2024-08-30,UNIVERSIDAD  INDUSTRIAL DE SANTANDER,3
00185,002,Eventos Científicos,Congreso,Primer Congreso de Estudios Interdisciplinarios del Ambiente y la Sostenibilidad,2024-08-09,UNIVERSIDAD SURCOLOMBIANA,3
00186,002,Eventos Científicos,Otro,l¿école d¿été Administrations publiques et Nations autochtones : agir ensemble de l¿École nationale d¿administration publique et de l¿Observatoire des administrations publiques autochtones (OAPA),2024-06-20,Universidad De Quebec,3
00187,002,Eventos Científicos,Otro,Usil International Week,2024-11-29,UNIVERSIDAD SAN IGNACIO DE LOYOLA,3
00188,002,Eventos Científicos,Otro,XV Coloquio de Investigación: Promoviendo la Cultura Investigativa,2024-05-24,UNIVERSIDAD CATOLICA LUIS AMIGO,3
00189,002,Eventos Científicos,Encuentro,"XV Coloquio de Investigación ""Promoviendo la Cultura Investigativa""",2024-05-24,UNIVERSIDAD CATOLICA LUIS AMIGO,3
00190,002,Eventos Científicos,Otro,Conferencia Internacional: Autonomía Local en los Estados Modernos. Desafíos y Perspectivas,2024-04-22,Universidad Nacional de Tucumán,3
00191,002,Eventos Científicos,Seminario,Seminario: Estado de Derecho: historia y porvenir,2024-04-17,Universidad Autónoma Latinoamericana - Unaula,3
00192,002,Eventos Científicos,Seminario,Seminario Internacional de Investigación Procesos de gentrificación y verticalización de la ciudad,2024-04-19,ARIZONA STATE UNIVERSITY (ASU),3
00193,002,Eventos Científicos,Encuentro,XVIII Encuentro Regional. Red de Grupos y Centros de Investigación Jurídica y Sociojurídica.,2024-04-15,UNIVERSIDAD CATOLICA LUIS AMIGO,3
00194,002,Eventos Científicos,Otro,CÁTEDRA DERECHOS HUMANOS Y VEEDURÍAS CIUDADANAS,2024-03-22,UNIVERSIDAD CATOLICA LUIS AMIGO,3
00195,002,Eventos Científicos,Seminario,Conversatorio: Tips para fortalecer las habilidades en la escritura científica,2024-02-28,UNIVERSIDAD CATOLICA LUIS AMIGO,3
00196,002,Eventos Científicos,Seminario,Seminario De Actualización y Profundización En Derecho Penal,2024-02-22,UNIVERSIDAD CATOLICA LUIS AMIGO,3
00197,002,Eventos Científicos,Seminario,El Complicado Encaje De La Inteligencia Artificial En Los Servicios Digitales Y La Protección De Los Derechos Humanos En La Unión Europea,2024-02-12,UNIVERSIDAD CATOLICA LUIS AMIGO,3
00198,002,Eventos Científicos,Congreso,V Congreso Internacional de Aprendizaje Jurídico Activo,2023-11-30,UNIVERSIDAD AUTONOMA DE MÉXICO DISTRITO FEDERAL,3
00199,002,Eventos Científicos,Seminario,Seminario ¡Vení te cuento! experiencias de trabajo con familias,2023-11-17,UNIVERSIDAD CATOLICA LUIS AMIGO,3
00200,002,Eventos Científicos,Seminario,Seminario ¡Vení te cuento! experiencias de trabajo con familias,2023-11-17,UNIVERSIDAD CATOLICA LUIS AMIGO,3
00201,002,Eventos Científicos,Encuentro,XV Jornada de Inclusión con Perspectiva de Género: Mecanismos e indicadores de eficacia,2023-11-09,UNIVERSIDAD AUTÓNOMA DEL ESTADO DE MÉXICO,3
00202,002,Eventos Científicos,Seminario,Enfoques Contemporáneos en Derecho Público: un Diálogo Interdisciplinario,2023-11-02,UNIVERSIDAD CATOLICA LUIS AMIGO,3
00203,002,Eventos Científicos,Encuentro,"Fortalecimiento de la aplicación del Régimen Sancionatorio Ambiental en la Jurisdicción de Corpocaldas, desde la Educación Ambiental en el período 2020-2022",2023-10-31,UNIVERSIDAD CATOLICA LUIS AMIGO,3
00204,002,Eventos Científicos,Encuentro,"CONFERENCIA ""POBREZA EN COLOMBIA: UNA MIRADA DESDE LAS POLÍTICAS PÚBLICAS, LOS DERECHOS HUMANOS Y EL ACCESO A LA JUSTICIA",2023-10-25,UNIVERSIDAD CATOLICA LUIS AMIGO,3
00205,002,Eventos Científicos,Congreso,I Diálogo Inter y Transdisciplinario sobre el Agua,2023-10-26,UNIVERSIDAD CATOLICA LUIS AMIGO,3
00206,002,Eventos Científicos,Encuentro,Encuentro de Experiencias Exitosas de Aula Transformando la educación: Relatos inspiradores de docentes universitarios,2023-10-19,UNIVERSIDAD CATOLICA LUIS AMIGO,3
00207,002,Eventos Científicos,Encuentro,II ENCUENTRO EXPERIENCIAS EXITOSAS DE AULA,2023-10-19,UNIVERSIDAD CATOLICA LUIS AMIGO,3
00208,002,Eventos Científicos,Encuentro,Experiencias exitosas en el aula 2023,2023-10-19,UNIVERSIDAD CATOLICA LUIS AMIGO,3
00209,002,Eventos Científicos,Seminario,"Seminario Taller Internacional, las formas de construcción en producción científica.",2023-10-20,Universidad autónoma de tlaxcala,3
00210,002,Eventos Científicos,Congreso,III Congreso Internacional de Estudiantes de Derecho,2023-10-13,Universidad de Atacama,3
00211,002,Eventos Científicos,Seminario,Seminario de Chat GPT e Inteligencia Artificial,2023-09-21,UNIVERSIDAD CATOLICA LUIS AMIGO,3
00212,002,Eventos Científicos,Congreso,Congreso internacional de Ciencias Sociales Paso del Norte,2023-09-22,Universidad Autónoma de Ciudad de Juarez,3
00213,002,Eventos Científicos,Encuentro,XXVI Encuentro Nacional de Investigación,2023-09-14,UNIVERSIDAD CATOLICA LUIS AMIGO,3
00214,002,Eventos Científicos,Encuentro,XXVI Encuentro Nacional de Investigaciones,2023-09-14,UNIVERSIDAD CATOLICA LUIS AMIGO,3
00215,002,Eventos Científicos,Otro,V Coloquio de semilleros de investigación en familia,2023-09-07,UNIVERSIDAD CATOLICA LUIS AMIGO,3
00216,002,Eventos Científicos,Simposio,I Simposio de Educación Superior. Perspectivas disciplinares alrededor de los Derechos Humanos,2023-09-08,Corporación Universitaria de Sabaneta,3
00217,002,Eventos Científicos,Seminario,Seminario de Acciones Constitucionales: Herramientas para el Cambio y la Justicia,2023-08-31,UNIVERSIDAD CATOLICA LUIS AMIGO,3
00218,002,Eventos Científicos,Congreso,Congreso Internacional de Derecho Procesal,2023-08-25,UNIVERSIDAD CATOLICA LUIS AMIGO,3
00219,002,Eventos Científicos,Congreso,CONGRESO INTERNACIONAL DE DERECHO PROCESAL,2023-08-25,UNIVERSIDAD CATOLICA LUIS AMIGO,3
00220,002,Eventos Científicos,Encuentro,"Curso Internacional ""Derechos fundamentalesy su control de regularidad""",2023-08-20,AGUSTIN DE HIPONA CENTRO DE ESTUDIOS DE POSGRADO,3
00221,002,Eventos Científicos,Encuentro,"II ENCUENTRO DEBATES CONTEMPORÁNEOS SOBRE DERECHO AMBIENTAL ¿CAMBIO CLIMÁTICO, GESTIÓN DEL RIESGO DE DESASTRES Y ENFOQUES JURÍDICOS DIFERENCIALES¿",2023-08-01,UNIVERSIDAD CATOLICA LUIS AMIGO,3
00222,002,Eventos Científicos,Encuentro,"II Encuentro del Grupo de Debates Contemporáneos en Derecho Ambiental: Cambio Climático, Gestión del Riesgo de Desastres y Enfoques Diferenciales",2023-08-01,UNIVERSIDAD CATOLICA LUIS AMIGO,3
00223,002,Eventos Científicos,Congreso,"V Bienal Latinoamericana y Caribeña en Primeras infancias, niñeces y juventudes",2023-07-21,Universidad De Manizales - Umanizales,3
00224,002,Eventos Científicos,Otro,"V Bienal Latinoamericana y Caribeña en Primeras infancias, Niñeces y Juventudes",2023-07-21,UNIVERSIDAD CATOLICA LUIS AMIGO,3
00225,002,Eventos Científicos,Otro,Inter-American Human Rights Moot Court Competition,2023-05-17,American University,3
00226,002,Eventos Científicos,Congreso,"Congreso Internacional de Investigación sobre Intervenciones en Crisis de la Coparentalidad: ""Nuevas orientaciones en justicia para las familias del siglo XXI""",2023-05-13,Universidad Alberto Hurtado,3
00227,002,Eventos Científicos,Seminario,Seminario de Derecho Constitucional y Derecho Administrativo: Avances y Desafíos,2023-05-04,UNIVERSIDAD CATOLICA LUIS AMIGO,3
00228,002,Eventos Científicos,Encuentro,XVII Encuentro Regional de la Red de Grupos y Centros de Investigación Jurídica y Sociojurídica - Red Sociojurídica,2023-05-03,UNIVERSIDAD CATOLICA LUIS AMIGO,3
00229,002,Eventos Científicos,Encuentro,XVII Encuentro Nacional de la Red Sociojurídica Nodo Antioquia - Transformaciones de la investigación jurídica y sociojuríidica,2023-05-03,UNIVERSIDAD CATOLICA LUIS AMIGO,3
00230,002,Eventos Científicos,Encuentro,XVII Encuentro regional Red de Centros de Investigación Jurídica y Sociojurídica. Nodo Antioquia,2023-05-03,UNIVERSIDAD CATOLICA LUIS AMIGO,3
00231,002,Eventos Científicos,Otro,Coloquio de Investigación en Derecho 2023,2023-04-21,UNIVERSIDAD CATOLICA DE ORIENTE,3
00232,002,Eventos Científicos,Congreso,III Congreso Internacional de derecho procesal en familia,2023-04-22,UNIVERSIDAD CATOLICA LUIS AMIGO,3
00233,002,Eventos Científicos,Otro,Conferencia Internacional Segundo Encuentro Colombiano ¿ Boliviano por el Agua,2023-04-20,UNIVERSIDAD CATOLICA LUIS AMIGO,3
00234,002,Eventos Científicos,Seminario,Seminario permanente de investigación Sociológica,2023-03-30,universidad autónoma de baja california,3
00235,002,Eventos Científicos,Otro,VII Workshop RIDOT,2023-03-29,UNIVERSIDAD CATOLICA LUIS AMIGO,3
00236,002,Eventos Científicos,Otro,"CONFERENCIA INTERNACIONAL: NARRATIVAS MEMORIALES EN TORNO A LA FIGURA DE DESAPARICIÓN DE PERSONAS EN ARGENTINA, DESDE LOS OCHENTA HASTA HOY",2023-03-23,UNIVERSIDAD CATOLICA LUIS AMIGO,3
00237,002,Eventos Científicos,Seminario,Seminario Internacional de Investigación Ciudad y Mujer. Experiencias de vida cotidiana,2023-03-09,Universidad de Guadalajara,3
00238,002,Eventos Científicos,Congreso,1er Congreso Estatal de Inclusión Social e Igualdad de Género,2022-11-25,universidad autónoma de baja california,3
00239,002,Eventos Científicos,Seminario,XLIV Semana Cultural,2022-11-05,universidad autónoma de baja california,3
00240,002,Eventos Científicos,Seminario,Seminario de Actualización y Profundización en Derecho Administrativo,2022-10-27,UNIVERSIDAD CATOLICA LUIS AMIGO,3
00241,002,Eventos Científicos,Encuentro,XXII Encuentro Nacional de la Red Sociojuridica,2022-10-28,UNIVERSIDAD LIBRE SECCIONAL CALI,3
00242,002,Eventos Científicos,Encuentro,XXII Encuentro Nacional de Investigación,2022-10-28,UNIVERSIDAD CATOLICA LUIS AMIGO,3
00243,002,Eventos Científicos,Otro,Coloquio Internacional Sustainable Real Estate ESPI,2022-10-21,UNIVERSIDAD CATOLICA LUIS AMIGO,3
00244,002,Eventos Científicos,Congreso,XV Convención Científica UNICA 2022,2022-10-21,Universidad de Ciego  de Ávila ¿Máximo Gómez Báez¿,3
00245,002,Eventos Científicos,Otro,"III Foro de Ingeniería, Ciencias Ambientales e Innovación",2022-10-14,Universidad Católica del Norte,3
00246,002,Eventos Científicos,Congreso,XII Congreso Internacional de Pedagogía Universitaria y Didáctica del Derecho,2022-10-13,UNIVERSIDAD DE CHILE,3
00247,002,Eventos Científicos,Congreso,XII Congreso de Pedagogía Universitaria y Didáctica del Derecho,2022-10-12,UNIVERSIDAD DE CHILE,3
00248,002,Eventos Científicos,Seminario,8vo Jornada de Sociología 2022. Encrucijadas y Resiliencias Sociales,2022-10-07,universidad autónoma de baja california,3
00249,002,Eventos Científicos,Congreso,III Coloquio Nacional de Estudios Feministas y de Género,2022-10-08,UNIVERSIDAD DE ANTIOQUIA,3
00250,002,Eventos Científicos,Congreso,"Tercer ciclo de actualización jurídica internacional a estudiantes de UPAEP campus Tehuacán, México",2022-09-23,UNIVERSIDAD CATOLICA LUIS AMIGO,3
00251,002,Eventos Científicos,Encuentro,I ENCUENTRO EXPERIENCIAS EXITOSAS DE AULA,2022-09-22,UNIVERSIDAD CATOLICA LUIS AMIGO,3
00252,002,Eventos Científicos,Encuentro,Primer encuentro del Grupo de Debates Contemporáneos en Derecho Ambiental: ¿Constitucionalismo Ambiental en América Latina y el Caribe,2022-09-21,UNIVERSIDAD CATOLICA LUIS AMIGO,3
00253,002,Eventos Científicos,Seminario,XVII Seminario de la Red Iberoamericana de Investigación en Globalización y Territorio - RII,2022-09-23,UNIVERSIDAD CATOLICA LUIS AMIGO,3
00254,002,Eventos Científicos,Encuentro,XXV Encuentro Nacional de Investigación,2022-09-20,UNIVERSIDAD CATOLICA LUIS AMIGO,3
00255,002,Eventos Científicos,Otro,Primer encuentro del Grupo de Debates Contemporáneos en Derecho Ambiental: Constitucionalismo Ambiental en América Latina y el Caribe,2022-09-20,UNIVERSIDAD CATOLICA LUIS AMIGO,3
00256,002,Eventos Científicos,Encuentro,Primer Encuentro del Grupo de Debates Contemporáneos en Derecho Ambiental. Constitucionalismo ambiental en América Latina y el Caribe.,2022-09-20,UNIVERSIDAD CATOLICA LUIS AMIGO,3
00257,002,Eventos Científicos,Encuentro,XXV Encuentro Nacional de Investigación,2022-09-16,UNIVERSIDAD CATOLICA LUIS AMIGO,3
00258,002,Eventos Científicos,Congreso,II Congreso Regional de Clínicas Jurídicas: Educación Clínica: una apuesta pedagógica y de litigio estratégico en búsqueda de un verdadero acceso a la justicia.,2022-08-26,Instituto Tecnológico Autónomo de México,3
00259,002,Eventos Científicos,Encuentro,"Summer School sobre ¿Acceso a la Justicia en Perspectiva Interdisciplinaria y Transnacional¿, organizada por la Facultad de Jurisprudencia de la Universidad de Brescia Italia",2022-07-09,UNIVERSIDAD CATOLICA LUIS AMIGO,3
00260,002,Eventos Científicos,Seminario,"Retos para el cierre de brechas de género. A propósito de la propuesta de Medellín como Distrito Especial de Ciencia, Tecnología e Innovación",2022-06-09,Municipio De Medellin,3
00261,002,Eventos Científicos,Otro,Democracia y género en la familia,2022-06-01,ALCALDIA DE MEDELLIN,3
00262,002,Eventos Científicos,Seminario,Seminario Psicología Política: Una perspectiva Actual,2022-05-27,UNIVERSIDAD CATOLICA LUIS AMIGO,3
00263,002,Eventos Científicos,Otro,V Jornada Internacional de Investigación Predoctoral en Derecho,2022-05-26,UNIVERSIDAD DE ZARAGOZA,3
00264,002,Eventos Científicos,Encuentro,XIV Encuentro de Investigación Jurídica y Sociojurídica,2022-05-26,UNIVERSIDAD CATOLICA LUIS AMIGO,3
00265,002,Eventos Científicos,Encuentro,I Jornada Nacional de Difusión de Proyectos de Investigación,2022-05-27,Universidad SanGregorio de Porto Viejo,3
00266,002,Eventos Científicos,Taller,Conversatorio entre palabras: rock y política,2022-05-18,UNIVERSIDAD CATOLICA LUIS AMIGO,3
00267,002,Eventos Científicos,Otro,"Conversatorio Memoria, Perdón y Literatura",2022-05-17,UNIVERSIDAD CATOLICA LUIS AMIGO,3
00268,002,Eventos Científicos,Otro,XVI Encuentro Regional de la Red de Grupos y Centros de Investigación Jurídica y Sociojurídica - Red Sociojurídica,2022-04-29,Red de Grupos y Centros de Investigacion Jurídica y Sociojurídica,3
00269,002,Eventos Científicos,Congreso,II Congreso Internacional de derecho procesal en familia,2022-04-30,UNIVERSIDAD CATOLICA LUIS AMIGO,3
00270,002,Eventos Científicos,Encuentro,XVI Encuentro Regional de la RED SOCIOJURÍDICA La investigación jurídica y sociojurídica desde sus distintos enfoques,2022-04-29,UNIVERSIDAD DE MEDELLIN,3
00271,002,Eventos Científicos,Encuentro,XVI Encuentro regional Red de Centros de Investigación Jurídica y Sociojurídica. Nodo Antioquia,2022-04-29,UNIVERSIDAD CATOLICA LUIS AMIGO,3
00272,002,Eventos Científicos,Congreso,II Congreso Internacional de Derecho Procesal en Familia,2022-04-30,UNIVERSIDAD CATOLICA LUIS AMIGO,3
00273,002,Eventos Científicos,Congreso,II Congreso Internacional en Derecho de Familia,2022-04-30,UNIVERSIDAD CATOLICA LUIS AMIGO,3
00274,002,Eventos Científicos,Congreso,XVI Encuentro Regional de la Red de Grupos y Centros de Investigación Jurídica y Sociojurídica - Red Sociojurídica,2022-04-28,UNIVERSIDAD CATOLICA LUIS AMIGO,3
00275,002,Eventos Científicos,Encuentro,II ENCUENTRO DE LA RED URTERAM AL/UE,2022-04-22,UNIVERSIDAD EXTERNADO DE COLOMBIA,3
00276,002,Eventos Científicos,Encuentro,Saberes Experiencias y Construcción Social del Conocimiento,2022-04-20,UNIVERSIDAD DE ANTIOQUIA,3
00277,002,Eventos Científicos,Encuentro,Charla Los delitos sexuales a la vista del proyecto de ley 483 de 2020,2022-04-07,UNIVERSIDAD CATOLICA LUIS AMIGO,3
00278,002,Eventos Científicos,Congreso,XXI Congreso Internacional de Derecho,2022-03-25,UNIVERSIDAD CATOLICA LUIS AMIGO,3
00279,002,Eventos Científicos,Simposio,Foro Académico. Participación Democrática y políticas públicas,2022-03-09,UNIVERSIDAD CATOLICA LUIS AMIGO,3
00280,002,Eventos Científicos,Encuentro,LA SEMANA DE LA MUJER EN AGUSTÍN DE HIPONA. CENTRO DE ESTUDIOS,2022-03-10,AGUSTIN DE HIPONA CENTRO DE ESTUDIOS DE POSGRADO,3
00281,002,Eventos Científicos,Congreso,IX Jornadas Internacionales de Derecho,2022-03-03,UNIVERSIDAD CATOLICA LUIS AMIGO,3
00282,002,Eventos Científicos,Congreso,IX Jornadas Internacionales de derecho: Casación y prueba digital,2022-03-03,UNIVERSIDAD CATOLICA LUIS AMIGO,3
00283,002,Eventos Científicos,Encuentro,Charla Acceso del sector empresarial a la administración de justicia,2022-02-15,UNIVERSIDAD CATOLICA LUIS AMIGO,3
00284,002,Eventos Científicos,Congreso,II Congreso Mundial. Análisis contemporáneo e interdisciplinar de los derechos fundamentales.,2021-11-29,UNIVERSIDAD CATOLICA LUIS AMIGO,3
00285,002,Eventos Científicos,Encuentro,VIII Jornadas de Investigación Jurídica y Sociojurídica,2021-11-17,UNIVERSIDAD CATOLICA LUIS AMIGO,3
00286,002,Eventos Científicos,Otro,X Coloquio de Investigación Promoviendo la Cultura Investigativa,2021-11-12,UNIVERSIDAD CATOLICA LUIS AMIGO,3
00287,002,Eventos Científicos,Congreso,VII Seminario Internacional De Familia: Familia En Tiempos Complejos De Transición IV Congreso Internacional De Investigadores En Estudios De Las Familias IV Encuentro De La Red De Estudios Sobre Familias En México Y América Latina.,2021-11-12,Universidad De La Frontera -Chile,3
00288,002,Eventos Científicos,Seminario,Seminario de actualización y profundización en Derecho Público,2021-11-04,UNIVERSIDAD CATOLICA LUIS AMIGO,3
00289,002,Eventos Científicos,Otro,Perspectiva constitucional ambiental desde la investigación formativa,2021-10-28,Universidad Autónoma Latinoamericana - Unaula,3
00290,002,Eventos Científicos,Encuentro,XXI ENCUENTRO NACIONAL E INTERNACIONAL Red de Grupos y Centros de Investigación Jurídica y Sociojurídica Postpandemia y crisis del Estado,2021-10-23,Red de Grupos y Centros de Investigacion Jurídica y Sociojurídica,3
00291,002,Eventos Científicos,Congreso,XXI ENCUENTRO NACIONAL E INTERNACIONAL Red de Grupos y Centros de Investigación Jurídica y Sociojurídica Postpandemia y crisis del Estado,2021-10-23,UNIVERSIDAD CATOLICA LUIS AMIGO,3
00292,002,Eventos Científicos,Encuentro,XXI ENCUENTRO NACIONAL E INTERNACIONAL Red de Grupos y Centros de Investigación Jurídica y Sociojurídica Postpandemia y crisis del Estado,2021-10-23,universidad del meta,3
00293,002,Eventos Científicos,Seminario,Seminario Internacional de Investigadores en Violencia y Conflicto,2021-10-21,UNIVERSIDAD DE MEDELLIN,3
00294,002,Eventos Científicos,Otro,VII Seminario Internacional sobre el proceso y la justicia,2021-10-08,UNIVERSIDAD CATOLICA LUIS AMIGO,3
00295,002,Eventos Científicos,Congreso,VII Seminario Internacional sobre el proceso y la justicia,2021-10-09,UNIVERSIDAD DE MEDELLIN,3
00296,002,Eventos Científicos,Congreso,"X Congreso Internacional de Investigación: Retos del Derecho ante la pospandemia. La Consulta Previa como derecho fundamental de las comunidades indígenas en Jardín, Antioquia.",2021-09-21,UNIVERSIDAD CATOLICA LUIS AMIGO,3
00297,002,Eventos Científicos,Encuentro,"XXIV Encuentro Nacional de Investigación, realizado por la Universidad Católica Luis Amigó",2021-09-10,UNIVERSIDAD CATOLICA LUIS AMIGO,3
00298,002,Eventos Científicos,Encuentro,XXIV Encuentro Nacional de Investigación,2021-09-10,UNIVERSIDAD CATOLICA LUIS AMIGO,3
00299,002,Eventos Científicos,Congreso,XXIV Encuentro Nacional de Investigación,2021-09-10,UNIVERSIDAD CATOLICA LUIS AMIGO,3
00300,002,Eventos Científicos,Encuentro,XXIV Encuentro Nacional de Investigación,2021-09-10,UNIVERSIDAD CATOLICA LUIS AMIGO,3
00301,002,Eventos Científicos,Seminario,Segundo Curso de Actualización Jurídica. Ponencia en Justicia Digital.,2021-09-06,universidad popular autónoma del estado de puebla  UPAEP,3
00302,002,Eventos Científicos,Otro,Escuela Internacional en Ciencia Política,2021-08-30,UNIVERSIDAD NACIONAL DE COLOMBIA,3
00303,002,Eventos Científicos,Seminario,VIII Jornadas internacionales de Derecho. Los treinta años de la Constitución Política de 1991.,2021-08-27,UNIVERSIDAD CATOLICA LUIS AMIGO,3
00304,002,Eventos Científicos,Congreso,"IV Bienal latinoamericana y caribeña, en primera infancia niñez y juventud",2021-08-06,UNIVERSIDAD CATOLICA LUIS AMIGO,3
00305,002,Eventos Científicos,Congreso,CONGRESO INTERNACIONAL DE DERECHO PROCESAL EN FAMILIA,2021-06-12,UNIVERSIDAD CATOLICA LUIS AMIGO,3
00306,002,Eventos Científicos,Congreso,Congreso Internacional de Derecho Procesal en Familia,2021-06-12,UNIVERSIDAD CATOLICA LUIS AMIGO,3
00307,002,Eventos Científicos,Encuentro,XI ENCUENTRO NODO ANTIOQUIA: de la Red de Grupos y Centros de Investigación Jurídica y Socio Jurídica REDSOCIOJURÍDICA,2021-06-04,Red de Grupos y Centros de Investigacion Jurídica y Sociojurídica,3
00308,002,Eventos Científicos,Encuentro,XV ENCUENTRO NODO ANTIOQUIA: de la Red de Grupos y Centros de Investigación Jurídica y Socio Jurídica RED SOCIOJURÍDICA,2021-06-04,Universidad Remington,3
00309,002,Eventos Científicos,Seminario,Conversatorio Análisis Económico de la Responsabilidad Civil Extracontractual,2021-06-02,UNIVERSIDAD CATOLICA LUIS AMIGO,3
00310,002,Eventos Científicos,Otro,IX Coloquio de Investigación Promoviendo la Cultura Investigativa,2021-05-25,UNIVERSIDAD CATOLICA LUIS AMIGO,3
00311,002,Eventos Científicos,Otro,"IX Coloquio de Investigación ""Promoviendo la Cultura Investigativa""",2021-05-25,UNIVERSIDAD CATOLICA LUIS AMIGO,3
00312,002,Eventos Científicos,Otro,IX Coloquio de Investigación en Derecho ¿Promoviendo la cultura investigativa¿,2021-05-25,UNIVERSIDAD CATOLICA LUIS AMIGO,3
00313,002,Eventos Científicos,Encuentro,Conversatorio Investigación Jurídica Normas APA para abogados,2021-05-13,UNIVERSIDAD CATOLICA LUIS AMIGO,3
00314,002,Eventos Científicos,Seminario,Seminario de actualización y profundización en Derecho Público. Participación con la ponencia denominada aspectos relevantes de la acción de tutela en Colombia.,2021-05-07,UNIVERSIDAD CATOLICA LUIS AMIGO,3
00315,002,Eventos Científicos,Seminario,Seminario de actualización y profundización en Derecho Público,2021-05-07,UNIVERSIDAD CATOLICA LUIS AMIGO,3
00316,002,Eventos Científicos,Otro,Conferencia: La víctima en el proceso penal y su representación jurídica,2021-04-21,UNIVERSIDAD CATOLICA LUIS AMIGO,3
00317,002,Eventos Científicos,Encuentro,Foro la víctima dentro del proceso penal y su representación jurídica,2021-04-21,UNIVERSIDAD CATOLICA LUIS AMIGO,3
00318,002,Eventos Científicos,Otro,Conversatorio Sistema de Autocontrol y Gestión del Riesgo Integral,2021-04-20,UNIVERSIDAD CATOLICA LUIS AMIGO,3
00319,002,Eventos Científicos,Seminario,Conversatorio Aula Abierta en Violencias de Género,2021-04-16,UNIVERSIDAD CATOLICA LUIS AMIGO,3
00320,002,Eventos Científicos,Otro,Cátedra Abierta Facultad de Ingenierías de la Universidad de Antioquia,2021-04-01,UNIVERSIDAD DE ANTIOQUIA,3
00321,002,Eventos Científicos,Encuentro,VIII Coloquio de investigación en Derecho ¿Promoviendo cultura investigativa¿,2021-03-19,UNIVERSIDAD CATOLICA LUIS AMIGO,3
00322,002,Eventos Científicos,Otro,"La naturaleza como sujeto especial de derechos. Una mirada jurídica, social ambiental",2021-02-24,UNIVERSIDAD DE IBAGUÉ,3
00323,002,Eventos Científicos,Encuentro,"XX Encuentro Nacional e Internacional de la Red de Grupos y Centros de Investigación Jurídica y Socio Jurídica -Red Socio Jurídica-,",2020-12-12,UNIVERSIDAD CATOLICA LUIS AMIGO,3
00324,002,Eventos Científicos,Encuentro,XX Encuentro Nacional e Internacional de la Red de Grupos y Centros de Investigación Jurídica y Socio Jurídica -Red Socio Jurídica-,2020-12-12,UNIVERSIDAD LIBRE SECCIONAL BARRANQUILLA,3
00325,002,Eventos Científicos,Encuentro,XX Encuentro Nacional e Internacional de la Red de Grupos y Centros de Investigación Jurídica y Sociojurídica. Miradas jurídicas y socijurídicas de la pandemia,2020-12-11,UNIVERSIDAD LIBRE SECCIONAL BARRANQUILLA,3
00326,002,Eventos Científicos,Otro,Cátedra cirtual: Justicia penal para adolescentes en México en el marco del Sistema Acusatorio y Oral. Un análisis de Derecho comparado,2020-11-26,Universidad de Sonora,3
00327,002,Eventos Científicos,Seminario,XVI Seminario Internacional de la Red Iberoamericana de Investigadores sobre Globalización y Territorio,2020-11-27,Universidade Regional de Blumenau,3
00328,002,Eventos Científicos,Congreso,IV CEC 2020 Congreso Ecuatoriano de Estudios de la Ciudad,2020-11-21,UNIVERSIDAD CATOLICA LUIS AMIGO,3
00329,002,Eventos Científicos,Encuentro,"VII Coloquio de Investigación ""Promoviendo la Cultura Investigativa""",2020-11-20,UNIVERSIDAD CATOLICA LUIS AMIGO,3
00330,002,Eventos Científicos,Encuentro,VII Coloquio de Investigación ¿Promoviendo la Cultura Investigativa¿,2020-11-17,UNIVERSIDAD CATOLICA LUIS AMIGO,3
00331,002,Eventos Científicos,Otro,VII Coloquio de Investigación: Construyendo cultura investigativa,2020-11-20,UNIVERSIDAD CATOLICA LUIS AMIGO,3
00332,002,Eventos Científicos,Encuentro,X Encuentro Nacional de Clínicas Jurídicas,2020-11-13,UNIVERSIDAD ICESI,3
00333,002,Eventos Científicos,Encuentro,X Encuentro Nacional de Clínicas Jurídicas,2020-11-13,UNIVERSIDAD CATOLICA LUIS AMIGO,3
00334,002,Eventos Científicos,Otro,Conferencia: El feminicidio,2020-11-09,UNIVERSIDAD CATOLICA LUIS AMIGO,3
00335,002,Eventos Científicos,Otro,"Conversatorio Derechos de acceso, ambiente y mujer",2020-11-07,UNIVERSIDAD CATOLICA DE ORIENTE,3
00336,002,Eventos Científicos,Otro,"Conversatorio Derechos de acceso, ambiente y mujer",2020-11-07,UNIVERSIDAD CATOLICA LUIS AMIGO,3
00337,002,Eventos Científicos,Encuentro,XIV Encuentro del Nodo Antioquia,2020-11-06,UNIVERSIDAD CATOLICA LUIS AMIGO,3
00338,002,Eventos Científicos,Encuentro,Incidente de reparación integral y la victima dentro del proceso penal colombiano.,2020-10-26,UNIVERSIDAD CATOLICA LUIS AMIGO,3
00339,002,Eventos Científicos,Encuentro,"In Situ Los sentidos de la creación artística. Sonidos, letras, imágenes y cuerpo.",2020-10-23,UNIVERSIDAD CATOLICA LUIS AMIGO,3
00340,002,Eventos Científicos,Congreso,"II Congreso Internacional: Ciencias Jurídicas, Complejidad e Innovación desde la Mirada del Aprendizaje.",2020-11-13,Universidad de Atacama,3
00341,002,Eventos Científicos,Congreso,"I CONGRESO INTERNACIONAL: CIENCIAS JURÍDICAS, COMPLEJIDAD E INNOVACIÓN DESDE LA MIRADA DEL APRENDIZAJE; III CONGRESO NACIONAL de CHILE, LA EDUCACIÓN DEL DERECHO: UNA MIRADA DESDE EL ESTUDIANTE; y el I CONGRESO NACIONAL de MÉXICO, EN CIENCIAS JURÍDICAS, COMPLEJIDAD E INNOVACIÓN DESDE LA MIRADA DEL APRENDIZAJE.",2020-11-16,Universidad de Atacama,3
00342,002,Eventos Científicos,Encuentro,XXIII Encuentro Nacional de Investigación,2020-10-16,UNIVERSIDAD CATOLICA LUIS AMIGO,3
00343,002,Eventos Científicos,Encuentro,"XXIII Encuentro Nacional de Investigación, realizado por la Universidad Católica Luis Amigó",2020-10-16,UNIVERSIDAD CATOLICA LUIS AMIGO,3
00344,002,Eventos Científicos,Encuentro,XXIII ENCUENTRO NACIONAL DE INVESTIGACIÓN,2020-10-16,UNIVERSIDAD CATOLICA LUIS AMIGO,3
00345,002,Eventos Científicos,Encuentro,"XXIII Encuentro Nacional de Investigación, Universidad Católica Luis Amigó",2020-10-16,UNIVERSIDAD CATOLICA LUIS AMIGO,3
00346,002,Eventos Científicos,Encuentro,XXIII Encuentro Nacional de Investigadores Universidad Católica Luis Amigó,2020-10-16,UNIVERSIDAD CATOLICA LUIS AMIGO,3
00347,002,Eventos Científicos,Otro,"Conversatorio: Metodologías de la Investigación Jurídica: ""Normas APA Séptima versión. Precisiones sobre las fuentes jurídicas.",2020-10-14,UNIVERSIDAD CATOLICA LUIS AMIGO,3
00348,002,Eventos Científicos,Encuentro,Conferencia de actualización en gestión fiscal y sistema de responsabilidad fiscal,2020-10-14,UNIVERSIDAD CATOLICA LUIS AMIGO,3
00349,002,Eventos Científicos,Encuentro,XIII Encuentro Nacional de Investigadores,2020-10-16,UNIVERSIDAD CATOLICA LUIS AMIGO,3
00350,002,Eventos Científicos,Otro,"Modernización del Proceso Penal en Tiempos de COVID 19"", en Diplomado Virtual del Colegio de Abogados de Lima - Perú, denominado: El Proceso Penal en Tiempos de Covid-19: Prisión Preventiva, Delitos Cometidos por Policías, Delitos de Corrupción y Comunes en Estado de Emergencia.",2020-10-09,UNIVERSIDAD CATOLICA LUIS AMIGO,3
00351,002,Eventos Científicos,Encuentro,"Conversatorio Metodologías de Investigación Jurídica: ""La historia de vida como estrategia de investigación en Derecho¿",2020-10-09,UNIVERSIDAD CATOLICA LUIS AMIGO,3
00352,002,Eventos Científicos,Otro,Conversatorio Acceso a la información ambiental y el incremento del riesgo en tiempos de pandemia,2020-10-09,UNIVERSIDAD CATOLICA LUIS AMIGO,3
00353,002,Eventos Científicos,Otro,Conversatorio: Responsabilidad Penal de la Empresa,2020-10-08,UNIVERSIDAD CATOLICA LUIS AMIGO,3
00354,002,Eventos Científicos,Encuentro,"Conferencia ""Responsabilidad penal en la empresa""",2020-10-08,UNIVERSIDAD CATOLICA LUIS AMIGO,3
00355,002,Eventos Científicos,Otro,Conversatorio: Hablemos de victimología; análisis del Derecho Penal y la Criminología,2020-10-06,UNIVERSIDAD CATOLICA LUIS AMIGO,3
00356,002,Eventos Científicos,Otro,Conversatorio Hablemos de Victimología: ¿Análisis desde el Derecho Penal y la Criminología¿,2020-10-06,UNIVERSIDAD CATOLICA LUIS AMIGO,3
00357,002,Eventos Científicos,Seminario,Jornadas de reflexión: Investigar en Didáctica de las Lenguas (cohorte 2),2020-10-03,UNIVERSIDAD CATOLICA LUIS AMIGO,3
00358,002,Eventos Científicos,Otro,Capacitación en pruebas Saber Pro en Derecho,2020-09-25,UNIVERSIDAD CATOLICA LUIS AMIGO,3
00359,002,Eventos Científicos,Encuentro,"Conversatorio Metodologías de Investigación Jurídica: ""Uso de Bibliometrix para revisiones bibliográficas""",2020-09-25,UNIVERSIDAD CATOLICA LUIS AMIGO,3
00360,002,Eventos Científicos,Seminario,Seminario de Investigación Segregación y Fragmentación Urbana. Análisis de procesos y efectos socioespaciales de nuevas formas de exclusión social,2020-09-25,UNIVERSIDAD CATOLICA LUIS AMIGO,3
00361,002,Eventos Científicos,Congreso,"Seminario internacional virtual el derecho frente a la emergencia sanitaria covid 19 y sus consecuencias, sobre Justicia Digital en Colombia",2020-09-19,UNIVERSIDAD CATOLICA LUIS AMIGO,3
00362,002,Eventos Científicos,Seminario,SEMINARIO INTERNACIONAL VIRTUAL ¿EL DERECHO FRENTE A LA EMERGENCIA SANITARIA COVID ¿ 19 Y SUS CONSECUENCIAS¿,2020-09-19,UNIVERSIDAD CATOLICA LUIS AMIGO,3
00363,002,Eventos Científicos,Seminario,Seminario Internacional Virtual ¿EL DERECHO FRENTE A LA EMERGENCIA SANITARIA DEL COVID-19 Y SUS CONSECUENCIAS¿,2020-09-19,UNIVERSIDAD CATOLICA LUIS AMIGO,3
00364,002,Eventos Científicos,Seminario,Seminario un café con nuestros graduados del área de Derecho,2020-09-15,UNIVERSIDAD CATOLICA LUIS AMIGO,3
00365,002,Eventos Científicos,Seminario,Jornadas de reflexión: Investigar en Didáctica de las Lenguas (cohorte 1),2020-09-12,UNIVERSIDAD CATOLICA LUIS AMIGO,3
00366,002,Eventos Científicos,Congreso,II Congreso Internacional Ciudadanía Espacio Público y Territorio,2020-09-04,UNIVERSIDAD CATOLICA LUIS AMIGO,3
00367,002,Eventos Científicos,Encuentro,Paradigmas en la Contratación del Talento Humano del Sector Salud,2020-08-25,UNIVERSIDAD CATOLICA LUIS AMIGO,3
00368,002,Eventos Científicos,Seminario,"II Seminario de Archivos, Derechos Humanos, Memoria Histórica y Transparencia",2020-07-31,Centro Nacional de Memoria Histórica,3
00369,002,Eventos Científicos,Otro,Cambios procesales en en épocas del Covid-19. Aspectos prácticos del proceso virtual.,2020-06-18,Universidad Autónoma Latinoamericana - Unaula,3
00370,002,Eventos Científicos,Encuentro,21 años Facultad de Derecho Universidad Católica de Oriente,2020-06-06,UNIVERSIDAD CATOLICA DE ORIENTE,3
00371,002,Eventos Científicos,Otro,"Conservatorio Todos nos reinventamos, incluidas las políticas publicas: impactos económicos y sociales del Covid-19 en el futuro de Antioquia y Medellìn",2020-05-28,UNIVERSIDAD CATOLICA LUIS AMIGO,3
00372,002,Eventos Científicos,Otro,"Conversatorio Todos nos reinventamos, incluidas las políticas publicas: Impactos economicos y sociales del COVID-19 en el futuro de Antioquia y Medellin",2020-05-28,UNIVERSIDAD CATOLICA LUIS AMIGO,3
00373,002,Eventos Científicos,Seminario,Conferencia Derecho Constitucional Vs Producción normativa en tiempos de Covid-19,2020-05-26,UNIVERSIDAD CATOLICA LUIS AMIGO,3
00374,002,Eventos Científicos,Otro,Derecho Constitucional Vs Producción Normativa en tiempos de COVID-19,2020-05-26,UNIVERSIDAD CATOLICA LUIS AMIGO,3
00375,002,Eventos Científicos,Otro,VI Coloquio en Investigación: Promoviendo la cultura investigativa,2020-05-20,UNIVERSIDAD CATOLICA LUIS AMIGO,3
00376,002,Eventos Científicos,Otro,VI coloquio en investigación: promoviendo la cultura investigativa,2020-05-19,UNIVERSIDAD CATOLICA LUIS AMIGO,3
00377,002,Eventos Científicos,Otro,VI coloquio de investigación: promoviendo la cultura investigativa,,UNIVERSIDAD CATOLICA LUIS AMIGO,3
00378,002,Eventos Científicos,Otro,VI Coloquio en Investigación Promoviendo la cultura investigativa,2020-05-19,UNIVERSIDAD CATOLICA LUIS AMIGO,3
00379,002,Eventos Científicos,Otro,VI Coloquio en Investigación: Promoviendo la cultura investigativa,2020-05-19,UNIVERSIDAD CATOLICA LUIS AMIGO,3
00380,002,Eventos Científicos,Encuentro,"VI Coloquio de Investigación ""Promoviendo la Cultura Investigativa""",2020-05-22,UNIVERSIDAD CATOLICA LUIS AMIGO,3
00381,002,Eventos Científicos,Otro,VI Coloquio en Investigación: Promoviendo la cultura investigativa,2020-05-19,UNIVERSIDAD CATOLICA LUIS AMIGO,3
00382,002,Eventos Científicos,Otro,VI Coloquio en Investigación: Promoviendo la cultura investigativa,2020-05-19,UNIVERSIDAD CATOLICA LUIS AMIGO,3
00383,002,Eventos Científicos,Seminario,"Coloquio de investigación en Derecho ""Promoviendo cultura investigativa""",2020-05-22,UNIVERSIDAD CATOLICA LUIS AMIGO,3
00384,002,Eventos Científicos,Otro,VI Coloquio de Investigación: Construyendo cultura investigativa,2020-05-19,UNIVERSIDAD CATOLICA LUIS AMIGO,3
00385,002,Eventos Científicos,Otro,Alcances y dimensiones de los derechos de acceso en el panorama jurídico de Colombia,2020-05-16,UNIVERSIDAD CATOLICA DE ORIENTE,3
00386,002,Eventos Científicos,Otro,ACE: REFLEJOS PARA LA CONSTRUCCIÓN DEL PERDÓN EN EL CONFLICTO ARMADO INTERNO DE COLOMBIA,2020-05-15,Institución Universitaria Visión de las Américas,3
00387,002,Eventos Científicos,Otro,IV JORNADA DE INVESTIGACION JURÍDICA Y SOCIOJURÍDICA,2020-05-15,UNIVERSIDAD CATOLICA LUIS AMIGO,3
00388,002,Eventos Científicos,Encuentro,V JORNADAS DE INVESTIGACIÓN JURÍDICA Y SOCIOJURÍDICA,2020-05-15,UNIVERSIDAD CATOLICA LUIS AMIGO,3
00389,002,Eventos Científicos,Seminario,Conferencia Sistema Penitenciario y Carcelario en Colombia,2020-05-08,UNIVERSIDAD CATOLICA LUIS AMIGO,3
00390,002,Eventos Científicos,Encuentro,I Encuentro Internacional de Investigación: Impacto del COVID-19 desde la perspectiva socioeconómica en el contexto global,2020-04-29,UNIVERSIDAD CATOLICA LUIS AMIGO,3
00391,002,Eventos Científicos,Encuentro,I Encuentro Internacional de Investigación: Impacto del COVID-19 desde la perspectiva socio-económica en el contexto global,2020-04-29,Universidad Politécnica de Guanajuato,3
00392,002,Eventos Científicos,Encuentro,Jornadas Internacionales de Derechos y Garantías Constitucionales (En el marco del Convenio marco de Colaboración con CIP LEX),2020-04-24,UNIVERSIDAD CATOLICA LUIS AMIGO,3
00393,002,Eventos Científicos,Otro,Sistema Penitenciario y Carcelario,,UNIVERSIDAD CATOLICA LUIS AMIGO,3
00394,002,Eventos Científicos,Otro,Seminario de profundización en el área de Derecho Privado Civil I,2020-03-31,UNIVERSIDAD CATOLICA LUIS AMIGO,3
00395,002,Eventos Científicos,Encuentro,"Ciclo de conferencias de Investigación: ""Enseñanza y aprendizaje de la Clínica del Derecho""",2020-03-12,UNIVERSIDAD CATOLICA LUIS AMIGO,3
00396,002,Eventos Científicos,Otro,Ciclo de Conferencias de Investigación 2020,2020-03-12,UNIVERSIDAD CATOLICA LUIS AMIGO,3
00397,002,Eventos Científicos,Simposio,SIMPOSIO INTERNACIONAL DE DERECHO PENAL Y LITIGACIÓN ORAL,2020-02-21,UNIVERSIDAD CATOLICA LUIS AMIGO,3
00398,002,Eventos Científicos,Congreso,Congreso Internacional de Derecho Penal y Política Criminal.,2019-11-26,UNIVERSIDAD CATOLICA LUIS AMIGO,3
00399,002,Eventos Científicos,Simposio,Incidencias del Derecho y las Nuevas Tecnologías,2019-11-19,UNIVERSIDAD CATOLICA LUIS AMIGO,3
00400,002,Eventos Científicos,Seminario,"II Seminario Internacional Ruralidad, Escuela y Territorio ""Construcción de territorios de paz en tiempos de pos-acuerdo¿",2019-09-20,Universidad Sur Colombiana De Neiva,3
00401,002,Eventos Científicos,Otro,Sexto Curso Internacional Especializado en Derechos Humanos,2018-12-07,Universidad Católica Luis Amigó,3
00402,002,Eventos Científicos,Encuentro,5 CONCURSO INTERNACIONAL DE DERECHOS HUMANOS,2018-11-30,UNIVERSIDAD CATOLICA LUIS AMIGO,3
00403,002,Eventos Científicos,Otro,II Jornada de Investigación Jurídica y Sociojurídica Programa de Derecho U. Luis Amigó Manizales,2018-11-15,UNIVERSIDAD CATOLICA LUIS AMIGO,3
00404,002,Eventos Científicos,Otro,Jornadas de capacitación y sensibilización: la violencia de género. Un obstáculo para el desarrollo de la sociedad,2018-11-15,Alcaldia Municipal De Manizales,3
00405,002,Eventos Científicos,Otro,II Jornada de Investigación Jurídica y Sociojurídica Programa de Derecho U. Luis Amigó Manizales,2018-11-16,UNIVERSIDAD CATOLICA LUIS AMIGO,3
00406,002,Eventos Científicos,Encuentro,Primer Encuentro de Programas de Derecho de la ciudad de Manizales,2018-10-24,UNIVERSIDAD CATOLICA LUIS AMIGO,3
00407,002,Eventos Científicos,Congreso,III JORNADAS INTERNACIONALES DE DERECHO,2018-10-20,UNIVERSIDAD CATOLICA LUIS AMIGO,3
00408,002,Eventos Científicos,Seminario,SEMINARIO DERECHOS HUMANOS,2018-10-11,UNIVERSIDAD CATOLICA LUIS AMIGO,3
00409,002,Eventos Científicos,Simposio,SIMPOSIO DE INVESTIGACIÓN,2018-09-26,UNIVERSIDAD CATOLICA LUIS AMIGO,3
00410,002,Eventos Científicos,Otro,CUMBRE LÍDERES POR LA EDUCACIÓN,2018-09-20,Revista Semana,3
00411,002,Eventos Científicos,Seminario,Seminario-Taller: Construcción de documentos maestros y gestión curricular,2018-09-21,Universidad Santo Tomás - Sede Bogotá,3
00412,002,Eventos Científicos,Encuentro,Encuentro sobre Derechos Humanos y Taller de Protección Internacional de Derechos Humanos,2018-09-14,Universidad de Sonora,3
00413,002,Eventos Científicos,Congreso,Jornada Internacional de Derecho Penal y Procesal Penal y Café Jurídico Universitario,2018-09-14,Universidad De Sonora,3
00414,002,Eventos Científicos,Encuentro,Jornada Internacional de Derecho Penal y Derecho Procesal Penal,2018-09-15,Universidad de Sonora,3
00415,002,Eventos Científicos,Encuentro,"Mesa redonda: Derechos Humanos, Derecho Internacional Humanitario y Derecho Penal Internacional",2018-09-13,SUPREMA CORTE DE JUSTICIA DE LA NACIÓN,3
00416,002,Eventos Científicos,Congreso,Jornada Internacional de Derecho Penal y Procesal Penal y Café Jurídico Universitario,2018-09-13,Universidad De Sonora,3
00417,002,Eventos Científicos,Encuentro,II JORNADA INTERNACIONAL DE DERECHO,2018-08-08,UNIVERSIDAD CATOLICA LUIS AMIGO,3
00418,002,Eventos Científicos,Congreso,II JORNADA INTERNACIONAL DE DERECHO,2018-08-08,UNIVERSIDAD CATOLICA LUIS AMIGO,3
00419,002,Eventos Científicos,Encuentro,X Encuentro de Investigación Jurídica y Sociojurídica Nodo Eje Cafetero,2018-05-17,UNIVERSIDAD CATOLICA LUIS AMIGO,3
00420,002,Eventos Científicos,Otro,III JORNADA DE INVESTIGACION JURÍDICA Y SOCIOJURÍDICA,2018-05-18,UNIVERSIDAD CATOLICA LUIS AMIGO,3
00421,002,Eventos Científicos,Encuentro,I JORNADA INTERNACIONAL DE DERECHO,2018-05-03,UNIVERSIDAD CATOLICA LUIS AMIGO,3
00422,002,Eventos Científicos,Encuentro,CONVERSATORIO SOBRE LA CRISIS EN SIRIA Y EL ORIENTE MEDIO,2018-05-03,UNIVERSIDAD CATOLICA LUIS AMIGO,3
00423,002,Eventos Científicos,Encuentro,1 JORNADA INTERNACIONAL DE DERECHO,2018-05-03,UNIVERSIDAD CATOLICA LUIS AMIGO,3
00424,002,Eventos Científicos,Otro,I Foro amigoniano de participación democrática,2018-03-08,UNIVERSIDAD CATOLICA LUIS AMIGO,3
00425,002,Eventos Científicos,Congreso,Congreso Internacional  de Derecho Penal y Derechos Humanos,2018-03-01,UNIVERSIDAD CATOLICA LUIS AMIGO,3
00426,002,Eventos Científicos,Congreso,Congreso Internacional en Derecho penal y DDHH:,2018-03-01,UNIVERSIDAD CATOLICA LUIS AMIGO,3
00427,002,Eventos Científicos,Otro,Foro ¿La Extradición. Falta de legitimidad o incapacidad del Estado colombiano: historia¿,2017-08-14,UNIVERSIDAD CATOLICA LUIS AMIGO,3
00428,002,Eventos Científicos,Seminario,"""Nuevo código de policía""",2016-12-02,Secretaría De Gobierno Distrital,3
00429,002,Eventos Científicos,Encuentro,"""La justicia transicional: verdades y mentiras de los procesos de paz en Colombia"".",2016-10-07,UNIVERSIDAD CATOLICA LUIS AMIGO,3
00430,002,Eventos Científicos,Seminario,Código Nacional de Policía y Convivencia,2016-08-25,UNIVERSIDAD CATOLICA LUIS AMIGO,3
00431,002,Eventos Científicos,Otro,"Justicia transicional ""verdades y mentiras de los procesos de paz en Colombia"".",2016-08-18,UNIVERSIDAD CATOLICA LUIS AMIGO,3
00432,002,Eventos Científicos,Encuentro,VIII Encuentro Nodo Eje Cafetero de Investigación Jurídica y Sociojurídica,2016-05-10,UNIVERSIDAD CATOLICA LUIS AMIGO,3
00433,002,Eventos Científicos,Encuentro,Semana de la internacionalización,2016-03-17,UNIVERSIDAD CATOLICA LUIS AMIGO,3
00434,002,Eventos Científicos,Congreso,I Congreso de Internacionalización de la profesión jurídica,2015-10-17,UNIVERSIDAD CATOLICA LUIS AMIGO,3
00435,002,Eventos Científicos,Otro,"la Mesa de trabajo: ""Justicia Restaurativa",2015-09-09,UNIVERSIDAD CATOLICA LUIS AMIGO,3
00436,002,Eventos Científicos,Otro,"""Muerte por piedad, Eutanasia"".",2015-08-27,UNIVERSIDAD CATOLICA LUIS AMIGO,3
00437,002,Eventos Científicos,Otro,Foro Violencia contra la mujer: Feminicidio. efectuado por la Facultad de Derecho y Ciencias Políticas,2015-08-13,UNIVERSIDAD CATOLICA LUIS AMIGO,3
00438,002,Eventos Científicos,Otro,Diplomatura en Derecho Notarial,2015-07-23,UNIVERSIDAD CATOLICA LUIS AMIGO,3
00439,002,Eventos Científicos,Seminario,"""Derecho Internacional Humanitario""; Cátedra abierta: ""Las Relaciones internacionales, Reflexiones y Avances""",2015-05-20,UNIVERSIDAD CATOLICA LUIS AMIGO,3
00440,002,Eventos Científicos,Seminario,Foro internacional derecho penitenciario y política criminal,2015-05-15,UNIVERSIDAD CATOLICA LUIS AMIGO,3
00441,002,Eventos Científicos,Seminario,Foro Delitos Informáticos y Ciber Seguridad,2015-05-12,UNIVERSIDAD CATOLICA LUIS AMIGO,3
00442,002,Eventos Científicos,Simposio,Conferencia proceso contravencional y conciliación en tránsito.,2015-05-06,UNIVERSIDAD CATOLICA LUIS AMIGO,3
00443,002,Eventos Científicos,Simposio,Foro la Fiducia Mercantil,2015-04-21,UNIVERSIDAD CATOLICA LUIS AMIGO,3
00444,002,Eventos Científicos,Seminario,"Seminario primeras jornadas de criminología, nuevo discurso criminológico, positivista y  mecanismos efectivos de control social",2015-04-17,UNIVERSIDAD CATOLICA LUIS AMIGO,3
00445,002,Eventos Científicos,Seminario,Foro la Actualidad de la Filosofía del Derecho,2015-04-14,UNIVERSIDAD CATOLICA LUIS AMIGO,3
00446,002,Eventos Científicos,Seminario,Jornadas de Derecho Penal: una mirada al proceso de extradición en Colombia y al sistema   Penal Acusatorio Colombiano,2015-03-20,UNIVERSIDAD CATOLICA LUIS AMIGO,3
00447,002,Eventos Científicos,Seminario,Jornadas de Derecho Penal con el tema una mirada al proceso de extradición en Colombia,2015-03-19,UNIVERSIDAD CATOLICA LUIS AMIGO,3
00448,002,Eventos Científicos,Encuentro,Foro la Actualidad del Derecho Público,2015-03-10,UNIVERSIDAD CATOLICA LUIS AMIGO,3
00449,002,Eventos Científicos,Simposio,Foro Democracia y Liderazgo,2015-03-09,UNIVERSIDAD CATOLICA LUIS AMIGO,3
00450,002,Eventos Científicos,Congreso,Congreso Internacional de Derecho Comparado,2015-02-24,UNIVERSIDAD CATOLICA LUIS AMIGO,3
00451,002,Eventos Científicos,Otro,"Foro Regional, para establecer la Nueva Política de Drogas en Colombia",2014-11-27,Ministerio De Justicia Y Del Derecho - Minjusticia,3
00452,002,Eventos Científicos,Seminario,Vulneración a la última ratio y presunción de inocencia del derecho penal,2014-10-16,UNIVERSIDAD CATOLICA LUIS AMIGO,3
00453,002,Eventos Científicos,Seminario,organizador del evento: Del contrainterogatorio,2014-08-23,UNIVERSIDAD CATOLICA LUIS AMIGO,3
00454,002,Eventos Científicos,Otro,CONFERENCIA: FILOSOFIA DEL DERECHO PRIVADO. DR CARLOS PETIT,2013-11-06,UNIVERSIDAD CATOLICA LUIS AMIGO,3
00455,002,Eventos Científicos,Seminario,SEMINARIO TEORIA DEL DERECHO. Dr Lucas Arrimada (UBA Argentina),2013-10-01,UNIVERSIDAD CATOLICA LUIS AMIGO,3
00456,002,Eventos Científicos,Encuentro,IV ENCUENTRO INTERNACIONAL JUSTICIA CONSTITUCIONAL. COORGANIZA U CALDAS Y FUNLAM,2013-09-28,UNIVERSIDAD DE CALDAS,3
00457,002,Eventos Científicos,Otro,I FORO DE DERECHO PUBLICO: SOBRE LA PAZ Y LA REPARACION,2013-09-03,UNIVERSIDAD CATOLICA LUIS AMIGO,3
00458,002,Eventos Científicos,Encuentro,Encuentro Nacional de Investigación Funlam 2013,,UNIVERSIDAD CATOLICA LUIS AMIGO,3
00459,002,Eventos Científicos,Congreso,CONGRESO INTERNACIONAL DE FILOSOFIA DEL DERECHO. U LIBRE E INSTITUTO NEWTON PAIVA,2013-04-19,UNIVERSIDAD LIBRE DE COLOMBIA,3
00460,002,Eventos Científicos,Congreso,III CONGRESO INTERNACIONAL JUSTICIA CONSTITUCIONAL. COORGANIZA U CALDAS Y FUNLAM,2012-12-01,UNIVERSIDAD DE CALDAS,3
00461,002,Eventos Científicos,Congreso,IV Congreso iberoamericano Soporte al Conocimiento con Tecnología SOCOTE 2012,,UNIVERSIDAD PONTIFICIA BOLIVARIANA SECCIONAL BUCARAMANGA,3
00462,002,Eventos Científicos,Otro,CONFERENCIA INTERRUPCION VOLUNTARIA DEL EMBARAZO EN COLOMBIA,,UNIVERSIDAD CATOLICA LUIS AMIGO,3
00463,002,Eventos Científicos,Otro,FORO EDUCATIVO: REFLEXIONES SOBRE LA CONSTRUCCION DE UNA CULTURA DE PAZ EN EL AMBITO SOCIOEDUCATIVO,,UNIVERSIDAD CATOLICA LUIS AMIGO,3
00464,002,Eventos Científicos,Simposio,SIMPOSIO SOBRE LA LEY DE ATENCION INTEGRAL A VICTIMAS,,UNIVERSIDAD CATOLICA LUIS AMIGO,3
00465,002,Eventos Científicos,Encuentro,"Primer Encuentro de Participacion, Ciudadania y Ambiente",,UNIVERSIDAD CATOLICA LUIS AMIGO,3
00466,002,Eventos Científicos,Seminario,responsabilidad civil extracontractual,,UNIVERSIDAD CATOLICA LUIS AMIGO,3
00467,002,Eventos Científicos,Seminario,Responsabilidad Civil Extracontractual,,UNIVERSIDAD CATOLICA LUIS AMIGO,3
00468,002,Eventos Científicos,Otro,"""AL FIN, ¿QUE SON LOS PRINCIPIOS?""",,Institución Universitaria Visión de las Américas,3
00469,002,Eventos Científicos,Seminario,"Seminario Conflicto Interno en Colombia ""Constitución, Nación y Conflicto""",,CORPORACIÓN UNIVERSITARIA REMINGTON,3
00470,002,Eventos Científicos,Otro,Evento académico del día del Abogado: Ejercicio de la profesión de la abogacia: Ventajas y Responsabilidades legales y disciplinarias.,,UNIVERSIDAD CATOLICA LUIS AMIGO,3
00471,002,Eventos Científicos,Encuentro,III Encuentro Nodo Antioquia de la Red de Grupos y Centros de Investigación Jurídica y Socio Jurídica de Colombia,,UNIVERSIDAD CES,3
00472,002,Eventos Científicos,Otro,Cátedra Libre: Emergencia Social en Salud,2010-03-01,UNIVERSIDAD CATOLICA LUIS AMIGO,3
00473,002,Eventos Científicos,Otro,Cátedra Libre: Emergencia Social en Salud,,UNIVERSIDAD CATOLICA LUIS AMIGO,3
00474,002,Eventos Científicos,Otro,Muestra Empresarial,,Corporacion Universitaria UdeColombia,3
00475,002,Eventos Científicos,Seminario,Seminario de Propiedad Intelectual,,UNIVERSIDAD CATOLICA LUIS AMIGO,3
00476,002,Eventos Científicos,Seminario,Seminario de Propiedad Intelectual,,UNIVERSIDAD CATOLICA LUIS AMIGO,3
00477,002,Eventos Científicos,Otro,Foro de Decanos Experiencias significativas en la enseñanza del Derecho,,UNIVERSIDAD CATOLICA LUIS AMIGO,3
00478,002,Eventos Científicos,Seminario,Seminario de Propiedad Intelectual,2009-09-01,UNIVERSIDAD CATOLICA LUIS AMIGO,3
00479,002,Eventos Científicos,Simposio,II Seminario Internacional de Derecho e Interes Publico Derechos Constitucionales,,UNIVERSIDAD CATOLICA LUIS AMIGO,3
00480,002,Eventos Científicos,Seminario,"II Seminario Internacional de Derecho e Interés Público ""Derechos Constitucionales""",,UNIVERSIDAD CATOLICA LUIS AMIGO,3
00481,002,Eventos Científicos,Seminario,"II Seminario Internacional de Derecho e Interés Público ""Derechos Constitucionales""",,UNIVERSIDAD CATOLICA LUIS AMIGO,3
00482,002,Eventos Científicos,Encuentro,I Encuentro Nodo Antioquia de la Red de Centro y Grupos de Investigación Jurídica y Sociojurídica,,"Universidad Católica de Oriente, Fundación Universitaria Luis Amigó, Universidad Autonoma Latinoamericana y Universidad San Buenaventura",3
00483,002,Eventos Científicos,Otro,Reunión de la Mesa Nacional de dialogo de Reasentamientos Urbanos de la Universidad de Los Andes,,Universidad de Los Andes y Fundación Universitaria Luis Amigó,3
00484,002,Eventos Científicos,Otro,I Foro Internacional de Derecho e Interés Público,,UNIVERSIDAD CATOLICA LUIS AMIGO,3
00485,003,Eventos Científicos,Congreso,XIV Congreso Iberoamericano de Ingeniería de Alimentos (CIBIA XIV) and IX Congreso Ecuatoriano de Ingeniería en Alimentos (CEIAL IX),2024-10-10,UNIVERSIDAD CATOLICA LUIS AMIGO,3
00486,003,Eventos Científicos,Congreso,"XIV Congreso Internacional sobre Estudios Nutricionales y Alimentación, Politécnico de Portalegre",2024-10-04,UNIVERSIDAD CATOLICA LUIS AMIGO,3
00487,003,Eventos Científicos,Congreso,III CONGRESO INTERNACIONAL DE CIENCIAS EMPRESARIALES Y AFINES 2024,2024-05-10,UNIVERSIDAD FRANCISCO DE PAULA SANTANDER,3
00488,003,Eventos Científicos,Encuentro,Publicación con Propósito: Claves para Redactar Artículos Científicos Exitosos.,2023-11-22,Escuela Pomponazzi,3
00489,003,Eventos Científicos,Encuentro,Catedra Abierta Administrando Ando,2022-10-26,UNIVERSIDAD CATOLICA LUIS AMIGO,3
00490,003,Eventos Científicos,Encuentro,XXV ENCUENTRO NACIONAL DE INVESTIGACIÓN,2022-09-16,UNIVERSIDAD CATOLICA LUIS AMIGO,3
00491,003,Eventos Científicos,Encuentro,XXV ENCUENTRO NACIONAL DE INVESTIGACIÓN,2022-09-16,UNIVERSIDAD CATOLICA LUIS AMIGO,3
00492,003,Eventos Científicos,Congreso,VIII Congreso Internacional Dossier 2022,2022-06-09,UNIVERSIDAD CATOLICA LUIS AMIGO,3
00493,003,Eventos Científicos,Encuentro,"2.º ENCUENTRO LATINOAMERICANO DE INVESTIGACIÓN FORMATIVA EN ADMINISTRACIÓN,CONTABILIDAD Y ECONOMÍA 2022",2022-05-26,UNIVERSIDAD CATOLICA LUIS AMIGO,3
00494,003,Eventos Científicos,Congreso,II Congreso Internacional de Investigación en Turismo 2022,2022-05-13,UNIVERSIDAD EXTERNADO DE COLOMBIA,3
00495,003,Eventos Científicos,Congreso,Congreso Iberoamericano de Ingeniería de Alimentos (CIBIA XIII) 2022,2022-03-18,UNIVERSIDAD DE ANTIOQUIA,3
00496,003,Eventos Científicos,Congreso,Congreso Iberoamericano de Ingeniería de Alimentos,2022-03-18,UNIVERSIDAD CATOLICA LUIS AMIGO,3
00497,003,Eventos Científicos,Simposio,IV Simposio Internacional RAIS,2021-11-13,UNIVERSIDAD CATOLICA LUIS AMIGO,3
00498,003,Eventos Científicos,Congreso,XXIV encuentro nacional de investigación,2021-10-08,UNIVERSIDAD CATOLICA LUIS AMIGO,3
00499,003,Eventos Científicos,Congreso,5TH INTERNATIONAL CONFERENCE ON PSYCHOLOGY AND EDUCATION (PSYEDU® 2020),2020-12-04,UNIVERSIDAD CATOLICA LUIS AMIGO,3
00500,003,Eventos Científicos,Congreso,5TH INTERNATIONAL CONFERENCE ON PSYCHOLOGY AND EDUCATION (PSYEDU® 2020),,UNIVERSIDAD CATOLICA LUIS AMIGO,3
00501,003,Eventos Científicos,Encuentro,IV Encuentro Internacional de Investigación Universitaria - ENIIU 2020,2020-11-13,UNIVERSIDAD NACIONAL ABIERTA Y A DISTANCIA,3
00502,003,Eventos Científicos,Otro,Semana de Investigación,2020-11-13,UNIVERSIDAD CATOLICA LUIS AMIGO,3
00503,003,Eventos Científicos,Taller,Clase espejo entre la Universidad Católica Luis Amigó (Colombia) y la Universidad la Salle Noroeste (México),2020-10-23,"Universidad La Salle Noroeste, A.C.",3
00504,003,Eventos Científicos,Simposio,"III Feria gastronómica 2020: ""Desarrollo sostenible y consumidor responsable""",2020-10-16,UNIVERSIDAD CATOLICA LUIS AMIGO,3
00505,003,Eventos Científicos,Encuentro,XXIII Encuentro Nacional de Investigaciones,2020-10-16,UNIVERSIDAD CATOLICA LUIS AMIGO,3
00506,003,Eventos Científicos,Encuentro,XXIII Encuentro Nacional de Investigación,2020-10-16,UNIVERSIDAD CATOLICA LUIS AMIGO,3
00507,003,Eventos Científicos,Encuentro,XXIII encuentro nacional de investigación,2020-10-16,UNIVERSIDAD CATOLICA LUIS AMIGO,3
00508,003,Eventos Científicos,Encuentro,XXIII Encuentro Nacional de Investigación,2020-10-16,UNIVERSIDAD CATOLICA LUIS AMIGO,3
00509,003,Eventos Científicos,Taller,Clase espejo entre la Universidad Católica Luis Amigó (Colombia) y la Universidad Politécnica de Guanajuato (México),2020-10-09,UNIVERSIDAD CATOLICA LUIS AMIGO,3
00510,003,Eventos Científicos,Congreso,Congresso Brasileiro de Inovação e Tecnologia na Gastronomia e Ciência de Alimentos,2020-10-09,UNIVERSIDADE FEDERAL DO CEARA,3
00511,003,Eventos Científicos,Encuentro,XXIII Encuentro Nacional de Investigación,2020-09-25,UNIVERSIDAD CATOLICA LUIS AMIGO,3
00512,003,Eventos Científicos,Congreso,VIII Congreso Internacional de Emprendimiento e Innovación,2020-09-09,UNIVERSIDAD CATOLICA LUIS AMIGO,3
00513,003,Eventos Científicos,Simposio,Los ODS a 10 años de su cumplimiento: ¿cómo vamos y hacia dónde vamos?,2020-08-27,INSTITUCIÓN UNIVERSITARIA POLITÉCNICO GRANCOLOMBIANO,3
00514,003,Eventos Científicos,Seminario,Momento Fenalco Solidario,2020-07-29,UNIVERSIDAD CATOLICA LUIS AMIGO,3
00515,003,Eventos Científicos,Otro,primer foro internacional Post COVID19 - desafíos del Futuro,2020-08-10,UNIVERSIDAD CATOLICA LUIS AMIGO,3
00516,003,Eventos Científicos,Seminario,Segundo ciclo de conferencias gastronómicas: perspectivas tecnológicas y culturales en la transformación y el consumo de café,2020-05-26,UNIVERSIDAD CATOLICA LUIS AMIGO,3
00517,003,Eventos Científicos,Congreso,Segundo congreso internacional de jóvenes investigadores (virtual): Science Tubers 2.0,2020-05-22,UNIVERSIDAD CATOLICA LUIS AMIGO,3
00518,003,Eventos Científicos,Encuentro,I encuentro Internacional de Investigación: Impacto del COVUD-19 desde la perspectiva socioeconomica en el contexto global,2020-04-29,UNIVERSIDAD CATOLICA LUIS AMIGO,3
00519,003,Eventos Científicos,Seminario,Seminario internacional: de lo global a lo local : nuevas estrategias endógenas para el crecimiento post covid19,2020-05-22,Universidad Nacional y Autónoma de Mexico,3
00520,003,Eventos Científicos,Congreso,"Encuentro Internacional de Investigadores en Administración 2019, y III Congreso Iberoamericano de Investigación sobre MIPYME (FAEDPYME)",2019-11-20,UNIVERSIDAD EXTERNADO DE COLOMBIA,3
00521,003,Eventos Científicos,Seminario,Seminario de la facultad de Ciencias,2019-11-13,UNIVERSIDAD CATOLICA LUIS AMIGO,3
00522,003,Eventos Científicos,Encuentro,VI Encuentro de Investigación en Finanzas,2019-10-30,INSTITUTO TECNOLÓGICO METROPOLITANO -ITM-,3
00523,003,Eventos Científicos,Encuentro,VI Encuentro de Investigación en Finanzas  - REDAFIn,2019-10-29,ASOCIACIÓN RED ACADÉMICA EN FINANZAS,3
00524,003,Eventos Científicos,Encuentro,VI encuentro de investigación en finanzas,2019-10-30,INSTITUTO TECNOLÓGICO METROPOLITANO -ITM-,3
00525,003,Eventos Científicos,Encuentro,XIV encuentro de formación Investigativa,2019-10-23,ASOCIACIÓN RED ACADÉMICA EN FINANZAS,3
00526,003,Eventos Científicos,Congreso,XI COngreso de Administración,2019-10-19,UNIVERSIDAD CATOLICA LUIS AMIGO,3
00527,003,Eventos Científicos,Simposio,"II Feria gastronómica 2019: sector de bebidas, como eje de la dinámica alimentaria y cultural de la sociedad",2019-10-18,UNIVERSIDAD CATOLICA LUIS AMIGO,3
00528,003,Eventos Científicos,Congreso,ENCUENTRO LATINOAMERICANO DE EDUCACIÓN,2019-10-11,UNIVERSIDAD CATOLICA LUIS AMIGO,3
00529,003,Eventos Científicos,Encuentro,"Momentos del certificado en responsabilidad social ""formula 2020""",2019-10-01,corporación fenalco solidario antioquia,3
00530,003,Eventos Científicos,Congreso,"VII Congreso Internacional de Emprendimiento-AFIDE, X International Summer School of Entrepreneurship y II Congreso Internacional de Sostenibilidad e Innovación, 'Emprendimiento e innovación, oportunidades para todos'",2019-09-28,UNIVERSIDAD CATOLICA LUIS AMIGO,3
00531,003,Eventos Científicos,Congreso,VII Congreso Internacional de Emprendimiento e Innovación,2019-09-28,UNIVERSIDAD CATOLICA LUIS AMIGO,3
00532,003,Eventos Científicos,Encuentro,XXII Encuentro Nacional de Investigación,2019-09-06,UNIVERSIDAD CATOLICA LUIS AMIGO,3
00533,003,Eventos Científicos,Congreso,XXII Encuentro Nacional de Investigaciones,2019-09-06,UNIVERSIDAD CATOLICA LUIS AMIGO,3
00534,003,Eventos Científicos,Encuentro,XXII Encuentro Nacional de Investigación,2019-09-06,UNIVERSIDAD CATOLICA LUIS AMIGO,3
00535,003,Eventos Científicos,Encuentro,XXII Encuentro Nacional de Investigación Universidad Católica Luis Amigó,2019-09-06,UNIVERSIDAD CATOLICA LUIS AMIGO,3
00536,003,Eventos Científicos,Congreso,XXIII Congreso Internacional de Investigación en Ciencias Administrativas,2019-05-24,UNIVERSIDAD CATOLICA LUIS AMIGO,3
00537,003,Eventos Científicos,Seminario,Primer ciclo de conferencias gastronómicas: una mirada interdisciplinaria al sector de alimentos y bebidas,2019-05-16,UNIVERSIDAD CATOLICA LUIS AMIGO,3
00538,003,Eventos Científicos,Encuentro,VII Jornadas de Investigación ITM: el conocimiento con sentido humano,2020-05-09,UNIVERSIDAD CATOLICA LUIS AMIGO,3
00539,003,Eventos Científicos,Taller,Capacitación NVIVO,2019-03-20,Centro De Investigaciones En Salud Cis Upb.,3
00540,003,Eventos Científicos,Otro,conferencia generación del valor,2018-12-04,UNIVERSIDAD CATOLICA LUIS AMIGO,3
00541,003,Eventos Científicos,Simposio,Simposio de investigación USTAMED 2018,2018-11-30,UNIVERSIDAD CATOLICA LUIS AMIGO,3
00542,003,Eventos Científicos,Simposio,USTAMED 2018,2018-11-30,UNIVERSIDAD CATOLICA LUIS AMIGO,3
00543,003,Eventos Científicos,Simposio,Ustamed 2018,2018-11-30,UNIVERSIDAD CATOLICA LUIS AMIGO,3
00544,003,Eventos Científicos,Simposio,Ustamed 2018,2018-11-30,UNIVERSIDAD CATOLICA LUIS AMIGO,3
00545,003,Eventos Científicos,Otro,"CONFERENCIA GENERACIÓN DLE VALOR UN ENFOQUE, ADMINISTRATIVO, FINANCIERO Y DE RESPONSABILIDAD SOCIAL",2018-11-16,UNIVERSIDAD CATOLICA LUIS AMIGO,3
00546,003,Eventos Científicos,Congreso,"Décimo Congreso de Administración de Empresas ""Economías para el Desarrollo Sustentable""",2018-10-27,UNIVERSIDAD CATOLICA LUIS AMIGO,3
00547,003,Eventos Científicos,Congreso,Segunda Conferencia Internacional LASIN,2018-09-29,UNIVERSIDAD CATOLICA LUIS AMIGO,3
00548,003,Eventos Científicos,Congreso,Segunda Conferencia Internacional LASIN,2018-09-29,UNIVERSIDAD CATOLICA LUIS AMIGO,3
00549,003,Eventos Científicos,Encuentro,XXI ENCUENTRO NACIONAL DE INVESTIGACIÓN,2018-09-07,UNIVERSIDAD CATOLICA LUIS AMIGO,3
00550,003,Eventos Científicos,Congreso,XXI Encuentro Nacional de investigación. La selección de personal Ind Calidad y moda,2018-09-07,UNIVERSIDAD CATOLICA LUIS AMIGO,3
00551,003,Eventos Científicos,Encuentro,"XXI Encuentro Nacional de Investigación, ""Ciencia, Sociedad e Innovación""",2018-09-07,UNIVERSIDAD CATOLICA LUIS AMIGO,3
00552,003,Eventos Científicos,Encuentro,XXI Encuentro Nacional de Investigación Ciencia_Sociedad e Innovación,2018-09-07,UNIVERSIDAD CATOLICA LUIS AMIGO,3
00553,003,Eventos Científicos,Otro,blockchain en los negocios,2018-08-29,UNIVERSIDAD CATOLICA LUIS AMIGO,3
00554,003,Eventos Científicos,Congreso,III Bienal Ltinoaemericana,2018-08-02,UNIVERSIDAD CATOLICA LUIS AMIGO,3
00555,003,Eventos Científicos,Congreso,III Bienal Latinoamericano y caribeño de infancia y juventudes,2018-07-31,UNIVERSIDAD CATOLICA LUIS AMIGO,3
00556,003,Eventos Científicos,Taller,Modelo Gestión del Liderazgo Institucional,2018-06-20,Universidad Autónoma de Chiapas,3
00557,003,Eventos Científicos,Taller,Como gerenciar el liderazgo situacional,2018-06-20,Universidad Autónoma de Chiapas,3
00558,003,Eventos Científicos,Taller,Inteligencia Emocional,2018-06-20,Universidad Autónoma de Chiapas,3
00559,003,Eventos Científicos,Taller,Como gerenciar el liderazgo situacional para docentes,2018-06-20,Universidad Autónoma de Chiapas,3
00560,003,Eventos Científicos,Taller,Liderazgo Situacional,2018-06-19,Universidad Autónoma de Chiapas,3
00561,003,Eventos Científicos,Taller,Gerencia Integral del Servicio,2018-06-19,Universidad Autónoma de Chiapas,3
00562,003,Eventos Científicos,Seminario,V Seminario Internacional Tendencias del Management,2018-06-07,FUNDACIÓN UNIVERSITARIA CATÓLICA DEL NORTE,3
00563,003,Eventos Científicos,Simposio,"Simposio de Investigación en Pedagogía, Infancia y Desarrollo Infantil: Neuroeducación en la Infancia",2018-05-25,UNIVERSIDAD CATOLICA LUIS AMIGO,3
00564,003,Eventos Científicos,Simposio,"Simposio de Investigación en Pedagogía, Infancia y Desarrollo Infantil: Neuroeducación en la Infancia",2018-05-25,UNIVERSIDAD CATOLICA LUIS AMIGO,3
00565,003,Eventos Científicos,Congreso,II CONGRESO NACIONAL RETOS PROFESIONALES EN UN CONTEXTO CAMBIANTE,2018-05-26,UNIVERSIDAD CATOLICA LUIS AMIGO,3
00566,003,Eventos Científicos,Congreso,2 Congreso Nacional retos profesionales en un contexto cambiante,2018-05-26,Corporación Universitaria Americana,3
00567,003,Eventos Científicos,Congreso,2 Congreso Nacional retos profesionales en un contexto cambiante,2018-05-26,Corporación Universitaria Americana,3
00568,003,Eventos Científicos,Simposio,2 congreso Nacional retos profesionales en un contexto cambiante.,2018-05-26,Corporación Universitaria Americana,3
00569,003,Eventos Científicos,Simposio,PRIMER SIMPOSIO INTERNACIONAL DE LA RED AMIGONIANA DE INNOVACIÓN SOCIAL - RAIS,2018-05-18,UNIVERSIDAD CATOLICA LUIS AMIGO,3
00570,003,Eventos Científicos,Simposio,I Simposio Internacional Red Amigoniana de Innovación Social,2018-05-18,UNIVERSIDAD CATOLICA LUIS AMIGO,3
00571,003,Eventos Científicos,Simposio,Primer Simposio Internacional de la Red Amigoniana de Innovación social - RAIS,2018-05-18,UNIVERSIDAD CATOLICA LUIS AMIGO,3
00572,003,Eventos Científicos,Simposio,RAIS,2018-05-18,UNIVERSIDAD CATOLICA LUIS AMIGO,3
00573,003,Eventos Científicos,Encuentro,XII Encuentro Estudiantil: Experiencias Investigativas,2018-05-15,UNIVERSIDAD CATOLICA LUIS AMIGO,3
00574,003,Eventos Científicos,Simposio,Primer Simposio Internacional de la Red Amigoniana de Innovación Social RAIS,2018-05-17,UNIVERSIDAD CATOLICA LUIS AMIGO,3
00575,003,Eventos Científicos,Encuentro,"Cuarto Encuentro Formativo ""Modalidad Presencial y Virtual para Distintas Ciudades"" - Neuropsicología en la Infancia y su Intervención en el Aula",2018-05-08,UNIVERSIDAD CATOLICA LUIS AMIGO,3
00576,003,Eventos Científicos,Taller,VI CONGRESO INTERNACIONAL DE EMPRENDIMIENTO AFIDE,2018-04-27,UNIVERSIDAD CATOLICA LUIS AMIGO,3
00577,003,Eventos Científicos,Congreso,VI Congreso AFIDE,2018-04-27,UNIVERSIDAD CATOLICA LUIS AMIGO,3
00578,003,Eventos Científicos,Congreso,VI Congreso AFIDE,2018-04-27,UNIVERSIDAD CATOLICA LUIS AMIGO,3
00579,003,Eventos Científicos,Congreso,VI Congreso de AFIDE,2018-04-27,UNIVERSIDAD CATOLICA LUIS AMIGO,3
00580,003,Eventos Científicos,Congreso,Congreso AFIDE 2018,2018-04-27,UNIVERSIDAD CATOLICA LUIS AMIGO,3
00581,003,Eventos Científicos,Encuentro,Conferencia la Revolución Individual,2018-03-15,UNIVERSIDAD CATOLICA LUIS AMIGO,3
00582,003,Eventos Científicos,Taller,CURSO DE ANALISIS DE INFORMACION EN INVESTIGACION CUALITATIVA APOYADO EN EL SOFTWARE ATLAS TI,2018-05-08,UNIVERSIDAD CATOLICA LUIS AMIGO,3
00583,003,Eventos Científicos,Encuentro,Primer Coloquio de Investigación para la Maestría en Neuropsicopedagogía,2018-02-02,UNIVERSIDAD CATOLICA LUIS AMIGO,3
00584,003,Eventos Científicos,Congreso,CONGRESO INTERNACIONAL DE INTERDISCIPLINARIEDAD Y DESARROLLO CIID 2017,2017-11-25,UNIVERSIDAD CATOLICA LUIS AMIGO,3
00585,003,Eventos Científicos,Congreso,"Congreso internacional interdisciplinaridad y desarrollo, diálogo entre saberes con perspectiva global.",2017-11-25,UNIVERSIDAD CATOLICA LUIS AMIGO,3
00586,003,Eventos Científicos,Congreso,Lecciones de investigación para la competitividad empresarial,2017-11-25,UNIVERSIDAD CATOLICA LUIS AMIGO,3
00587,003,Eventos Científicos,Simposio,Simposio USTAMED 2017,2017-11-24,UNIVERSIDAD CATOLICA LUIS AMIGO,3
00588,003,Eventos Científicos,Simposio,Simposio USTAMED 2017,2017-11-10,UNIVERSIDAD CATOLICA LUIS AMIGO,3
00589,003,Eventos Científicos,Congreso,"I Congreso internacional de investigación, desarrollo tecnológico e innovación en comercio y desarrollo económico.",2017-11-10,"Laboratorio De Suelos, Universidad Nacional De Colombia",3
00590,003,Eventos Científicos,Congreso,"Noveno Congreso de Administración de Empresas ""Gestión de la Innovación Empresarial",2017-10-28,UNIVERSIDAD CATOLICA LUIS AMIGO,3
00591,003,Eventos Científicos,Congreso,Congreso Reflexiones sobre administración tendencias actuales de investigación administrativa,2017-10-07,UNIVERSIDAD CATOLICA LUIS AMIGO,3
00592,003,Eventos Científicos,Congreso,Primera Conferencia Internacional LASIN,2017-09-29,UNIVERSIDAD CATOLICA LUIS AMIGO,3
00593,003,Eventos Científicos,Congreso,Primer Congreso de la Sociedad Colombiana de Neuropsicología,2017-09-23,CORPORACIÓN UNIVERSITARIA MINUTO DE DIOS - UNIMINUTO,3
00594,003,Eventos Científicos,Otro,Liderazgo Situacional,2017-09-19,INSTITUCIÓN UNIVERSITARIA SALAZAR Y HERRERA,3
00595,003,Eventos Científicos,Otro,Liderazgo Situacional,2017-09-19,INSTITUCIÓN UNIVERSITARIA SALAZAR Y HERRERA,3
00596,003,Eventos Científicos,Encuentro,XX Encuentro Nacional de Investigación,2017-09-08,UNIVERSIDAD CATOLICA LUIS AMIGO,3
00597,003,Eventos Científicos,Encuentro,XX Encuentro Nacional de Investigación  La planeación estratégica,2017-09-08,UNIVERSIDAD CATOLICA LUIS AMIGO,3
00598,003,Eventos Científicos,Encuentro,"XX Encuentro Nacional de Investigación ""Investigación, Desarrollo e Innovación""",2017-09-08,UNIVERSIDAD CATOLICA LUIS AMIGO,3
00599,003,Eventos Científicos,Encuentro,XX Encuentro Nacional de Investigación Clima organizacional Ind calidad y moda,2017-09-08,UNIVERSIDAD CATOLICA LUIS AMIGO,3
00600,003,Eventos Científicos,Encuentro,XX Encuentro Nacional de Investigación,2017-09-08,UNIVERSIDAD CATOLICA LUIS AMIGO,3
00601,003,Eventos Científicos,Encuentro,XX Encuentro Nacional de Investigación,2017-09-08,UNIVERSIDAD CATOLICA LUIS AMIGO,3
00602,003,Eventos Científicos,Encuentro,XX Encuentro Nacional de Investigación,2017-09-08,UNIVERSIDAD CATOLICA LUIS AMIGO,3
00603,003,Eventos Científicos,Seminario,Día de la Ciencia con el Alma,2017-05-25,UNIVERSIDAD DE ANTIOQUIA,3
00604,003,Eventos Científicos,Congreso,V Congreso Internacional de Emprendimiento AFIDE 2017,2017-05-19,UNIVERSIDAD CATOLICA LUIS AMIGO,3
00605,003,Eventos Científicos,Simposio,Simposio de Investigación Ustamed 2016,2016-11-11,UNIVERSIDAD CATOLICA LUIS AMIGO,3
00606,003,Eventos Científicos,Simposio,Simposio de Investigación Ustamed 2016,2016-10-28,UNIVERSIDAD CATOLICA LUIS AMIGO,3
00607,003,Eventos Científicos,Congreso,"Octavo  Congreso de Administración de Empresas ""Dimensiones Gerenciales del Administrador de Empresas del siglo XXI""",2016-10-29,UNIVERSIDAD CATOLICA LUIS AMIGO,3
00608,003,Eventos Científicos,Congreso,COGESTEC 2016 5to Congreso internacional de gestión tecnológica y de la innovación,2016-10-27,UNIVERSIDAD CATOLICA LUIS AMIGO,3
00609,003,Eventos Científicos,Seminario,CONFERENCIA INAUGURAL SEMANA DE LA ADMINISTRACION - ETICA Y SOCIEDAD,2016-10-27,UNIVERSIDAD CATOLICA LUIS AMIGO,3
00610,003,Eventos Científicos,Encuentro,XIX Encuentro nacional de investigación Funlam. Apropiación del Conocimiento,2016-10-16,UNIVERSIDAD CATOLICA LUIS AMIGO,3
00611,003,Eventos Científicos,Encuentro,XIX Encuentro nacional de investigación Funlam.,2016-10-16,UNIVERSIDAD CATOLICA LUIS AMIGO,3
00612,003,Eventos Científicos,Congreso,"II Bienal Iberoamericana de Infancias y Juventudes, transformaciones democráticas, justicia social y procesos de construcción de paz. Manizales",2016-10-16,Universidad De Manizales - Umanizales,3
00613,003,Eventos Científicos,Encuentro,XIX Encuentro Nacional de Investigación,2016-10-07,UNIVERSIDAD CATOLICA LUIS AMIGO,3
00614,003,Eventos Científicos,Encuentro,XIX Encuentro Nacional de Investigación ¿Apropiación social del conocimiento¿,2016-10-07,UNIVERSIDAD CATOLICA LUIS AMIGO,3
00615,003,Eventos Científicos,Encuentro,"XIX Encuentro Nacional de Investigación, ¿Apropiación social del conocimiento""",2016-10-06,UNIVERSIDAD CATOLICA LUIS AMIGO,3
00616,003,Eventos Científicos,Encuentro,XIX Encuentro Nacional de Investigación Funlam,2016-10-07,UNIVERSIDAD CATOLICA LUIS AMIGO,3
00617,003,Eventos Científicos,Encuentro,XIX Encuentro de Investigación apropiaciación social del conocimiento,2016-10-07,UNIVERSIDAD CATOLICA LUIS AMIGO,3
00618,003,Eventos Científicos,Encuentro,XIX Encuentro Nacional de investigación,2016-10-07,UNIVERSIDAD CATOLICA LUIS AMIGO,3
00619,003,Eventos Científicos,Congreso,51 Consejo Latinoamericano de Escuelas de Administración CLADEA 2106: La Innovación en las Escuelas de Negocios,2016-10-04,CONCEJO LATINOAMERICANO DE ESCUELAS DE ADMINISTRACION,3
00620,003,Eventos Científicos,Encuentro,Semana del Administrador de Empresas,2016-09-24,UNIVERSIDAD CATOLICA LUIS AMIGO,3
00621,003,Eventos Científicos,Seminario,IV taller internacional de realización de Tesis Doctorales,2016-07-16,Universidad Iberoamericana,3
00622,003,Eventos Científicos,Taller,Curso Visibilidad y Pertinencia de la Investigación Científica,2016-07-22,UNIVERSIDAD CATOLICA LUIS AMIGO,3
00623,003,Eventos Científicos,Seminario,SEMINARIO:HERRAMIENTAS DE GOOGLE,2016-06-29,Institucion Universitaria Escolme,3
00624,003,Eventos Científicos,Congreso,CIREI 2016,2016-06-12,UNIVERSIDAD CATOLICA LUIS AMIGO,3
00625,003,Eventos Científicos,Congreso,CURSO PAUTAS PARA LA PUBLICACION DE ARTICULOS CIENTIFICOS,2016-08-20,UNIVERSIDAD CATOLICA LUIS AMIGO,3
00626,003,Eventos Científicos,Encuentro,Conferencia ASCOLFA 2016,2016-05-03,UNIVERSIDAD CATOLICA LUIS AMIGO,3
00627,003,Eventos Científicos,Taller,CURSO VIRTUAL DE IDENTIDAD AMIGONIANA NIVEL I,2016-05-31,UNIVERSIDAD CATOLICA LUIS AMIGO,3
00628,003,Eventos Científicos,Congreso,"Educación científica y ciudadanía en el siglo XXI: actas del VIII Congreso Iberoamericano de Educación Científica y del II Congreso Internacional de Pedagogía, Didáctica y TIC aplicadas a la Educación (CIEDUC 2015) España.",2015-11-14,Universidad de Alcalá,3
00629,003,Eventos Científicos,Congreso,II Congreso Internacional y III Congreso Nacional de la Red de Investigadores en Administración: Hacía la Construcción de la Talentología,2015-10-31,Corporación Universitaria Americana,3
00630,003,Eventos Científicos,Congreso,"Séptimo Congreso de Administración de Empresas""Organizaciones Humanas y Sustentables""",2015-10-31,UNIVERSIDAD CATOLICA LUIS AMIGO,3
00631,003,Eventos Científicos,Encuentro,"Encuentro Nacional De Investigación 2015: La Investigación, Una Oportunidad Social.",2015-10-25,UNIVERSIDAD CATOLICA LUIS AMIGO,3
00632,003,Eventos Científicos,Congreso,Congreso Iberolatinoamericano de Gestion Tecnologica ALTEC 2015,2015-10-22,UNIVERSIDAD CATOLICA LUIS AMIGO,3
00633,003,Eventos Científicos,Seminario,Curso de Cooperativismo,2015-10-13,Confederación de Cooperativas CONFECOOP ANTIOQUIA.,3
00634,003,Eventos Científicos,Congreso,Congreso Internacional e nacional en educación: tendencias en investigación y formación de maestros.,2015-09-20,CORPORACION UNIVERSITARIA LASALLISTA,3
00635,003,Eventos Científicos,Encuentro,XVIII Encuentro Nacional de Investigaciones,2015-09-10,UNIVERSIDAD CATOLICA LUIS AMIGO,3
00636,003,Eventos Científicos,Congreso,Congreso Iberoamericano de Educación,2015-06-14,CIEDUC,3
00637,003,Eventos Científicos,Otro,Panel internacional contexto económico y social de algunos países latinoamericanos,2015-03-02,UNIVERSIDAD CATOLICA LUIS AMIGO,3
00638,003,Eventos Científicos,Congreso,"XIV Jornadas  y II Congreso internacional Investigar en educación y educar en investigación, avances y perspectivas.",2015-02-08,UNIVERSIDAD PONTIFICIA BOLIVARIANA,3
00639,003,Eventos Científicos,Encuentro,Encuentro Internacional de Investigadores en Administración 2014,2014-11-20,UNIVERSIDAD CATOLICA LUIS AMIGO,3
00640,003,Eventos Científicos,Congreso,"Congreso Iberoamericano de Ciencia, Tecnología e Innovación.",2014-11-08,"Organización De Estados Iberoamericanos Para La Educación, La Ciencia Y La",3
00641,003,Eventos Científicos,Encuentro,Encuentro Nacional de Investigación-  La investigación un compromiso con la sociedad ¿ Funlam.,2014-10-25,UNIVERSIDAD CATOLICA LUIS AMIGO,3
00642,003,Eventos Científicos,Congreso,Primer congreso de Pensamiento latinoamericano,2014-10-22,UNIVERSIDAD CATOLICA LUIS AMIGO,3
00643,003,Eventos Científicos,Encuentro,Encuentro Nacional de Investigación 2014,2014-10-17,UNIVERSIDAD CATOLICA LUIS AMIGO,3
00644,003,Eventos Científicos,Encuentro,Encuentro Nacional de Investigación - La investigación un compromiso con la sociedad ¿ Funlam.,2014-10-12,UNIVERSIDAD CATOLICA LUIS AMIGO,3
00645,003,Eventos Científicos,Congreso,VII Congreso Internacional de Prospectiva Estratégica y Estudios de Futuro,2014-10-12,UNIVERSIDAD NACIONAL ABIERTA Y A DISTANCIA,3
00646,003,Eventos Científicos,Congreso,CLADEA 2014,2014-09-05,Universidad Ramon Llull,3
00647,003,Eventos Científicos,Otro,7ma Expociencias Latinoamerica ESI-AMLAT,2014-07-18,UNIVERSIDAD EAFIT,3
00648,003,Eventos Científicos,Congreso,Primera Bienal Latinoamericana de Infancia y Juventudes,2014-06-29,Universidad De Manizales - Umanizales,3
00649,003,Eventos Científicos,Congreso,"Congreso Virtual Internacional sobre Contaduría y Administración, CICA2014.",2014-06-06,CICA,3
00650,003,Eventos Científicos,Simposio,"Simposio Internacional de Educación, Pedagogía y Formación.  REDIPE",2014-06-06,Red Iberoamericana de Pedagogía,3
00651,003,Eventos Científicos,Congreso,"II Congreso Internacional en temas y problemas de investigación en educación, sociedad, ciencia y tecnología.",2013-11-29,UNIVERSIDAD CATOLICA LUIS AMIGO,3
00652,003,Eventos Científicos,Congreso,"VI Congreso Internacional de Prospectiva Estratégica y Estudios de Futuro  ""Retos y Desafíos de las Ciudades del Futuro: Innovadoras, Inclusivas, Sostenibles y Sustentables""",2013-11-16,UNIVERSIDAD CATOLICA LUIS AMIGO,3
00653,003,Eventos Científicos,Simposio,III Simposio de Investigaciones en Primera Infancia,2013-10-30,UNIVERSIDAD CATOLICA LUIS AMIGO,3
00654,003,Eventos Científicos,Congreso,"Congreso de Investigación y Pedagogía IP /Maestría en Educación/ Facultad de Ciencias de la Educación. ¿ Tunja: UPTC, no. 2 (2013)",,,3
00655,003,Eventos Científicos,Encuentro,Encuentro Nacional de investigación FUNLAM septiembre 2013 ENCUENTRO NACIONAL DE INVESTIGACIÓN Transformación de la dinámica investigativa,,,3
00656,003,Eventos Científicos,Otro,ACACIA 2013,2013-04-04,UNIVERSIDAD CATOLICA LUIS AMIGO,3
00657,003,Eventos Científicos,Encuentro,Gestión y conocimiento grupo Goras,,UNIVERSIDAD CATOLICA LUIS AMIGO,3
00658,003,Eventos Científicos,Congreso,V Congreso internacional de prospectiva estratégica y estudios de futuro,,,3
00659,003,Eventos Científicos,Encuentro,Encuentro Nacional de investigación FUNLAM 2012,,,3
00660,003,Eventos Científicos,Congreso,ACACIA 2012,2012-05-25,UNIVERSIDAD CATOLICA LUIS AMIGO,3
00661,003,Eventos Científicos,Encuentro,"Conferencia Ascolfa, desafio de la gerencia en entornos competitivos, encuentro internacional de investigación en adminsitración",,UNIVERSIDAD CATOLICA LUIS AMIGO,3
00662,003,Eventos Científicos,Encuentro,ENCUENTRO INTERNACIONAL DE INVESTIGACION EN ADMINISTRACION,2011-10-25,UNIVERSIDAD EXTERNADO DE COLOMBIA,3
00663,003,Eventos Científicos,Encuentro,Organización y conocimiento,,UNIVERSIDAD CATOLICA LUIS AMIGO,3
00664,003,Eventos Científicos,Congreso,ACACIA 2011,2011-05-20,UNIVERSIDAD CATOLICA LUIS AMIGO,3
00665,003,Eventos Científicos,Encuentro,"Encuentro de la Red en Filosofía, Teoría y educación en Administración",2011-05-13,UNIVERSIDAD PONTIFICIA BOLIVARIANA,3
00666,003,Eventos Científicos,Encuentro,Organización y conocimiento,,UNIVERSIDAD CATOLICA LUIS AMIGO,3
00667,003,Eventos Científicos,Congreso,II Congreso Internacional de Administración:  Investigación Evolución y Estrategia,,,3
00668,004,Eventos Científicos,Congreso,"II Congreso Internacional de Gestión, Economía y Finanzas GEF 2025",2025-10-24,UNIVERSIDAD DE CALDAS,3
00669,004,Eventos Científicos,Congreso,"Congreso Internacional de Gestión, Economía y Finanzas",2025-10-24,UNIVERSIDAD CATOLICA LUIS AMIGO,3
00670,004,Eventos Científicos,Congreso,ECIE 2025 European Conference on Innovation and Entrepreneurship,2025-09-26,UNIVERSIDAD CATOLICA LUIS AMIGO,3
00671,004,Eventos Científicos,Encuentro,XXVIII Encuentro Nacional de Investigaciones,2025-09-11,UNIVERSIDAD CATOLICA LUIS AMIGO,3
00672,004,Eventos Científicos,Congreso,IV Congreso Internacional de Ciencias Empresariales y Afines,2025-07-16,UNIVERSIDAD CATOLICA LUIS AMIGO,3
00673,004,Eventos Científicos,Congreso,CICEA 2025 IV Congreso internacional de Ciencias Empresariales y Afines,2025-05-16,UNIVERSIDAD CATOLICA DE ORIENTE,3
00674,004,Eventos Científicos,Encuentro,VI Encuentro internacional de Semilleros de investigación,2025-05-09,UNIVERSIDAD CATOLICA LUIS AMIGO,3
00675,004,Eventos Científicos,Congreso,I Congreso Internacional para la Innovación y Desarrollo Empresarial,2024-11-13,UNIVERSIDAD CATOLICA LUIS AMIGO,3
00676,004,Eventos Científicos,Congreso,"I Congreso Internacional de Gestión, Economía y Finanzas GEF 2024",2024-10-25,UNIVERSIDAD DE CALDAS,3
00677,004,Eventos Científicos,Congreso,"I Congreso Internacional de Gestión, Economía y Finanzas ¿ GEF 2024",2024-10-25,UNIVERSIDAD DE CALDAS,3
00678,004,Eventos Científicos,Encuentro,"XXVII Encuentro Nacional de Investigación, realizado por la Universidad Católica Luis Amigó del 01 al 04 de octubre de 2024",2024-11-04,UNIVERSIDAD CATOLICA LUIS AMIGO,3
00679,004,Eventos Científicos,Encuentro,"X Semana Internacional de Ciencia, Tecnología e innovación",2023-11-24,INSTITUCIÓN UNIVERSITARIA POLITÉCNICO GRANCOLOMBIANO SEDE MEDELLÌN,3
00680,004,Eventos Científicos,Congreso,2nd INTERNATIONAL CONFERENCE ON MULTIDISCIPLINARY APPROACHES IN TECHNOLOGY AND SOCIAL DEVELOPMENT (ICMATSD-2023),2023-07-14,UNIVERSIDAD CATOLICA LUIS AMIGO,3
00681,004,Eventos Científicos,Otro,Foro de investigación 2023,2023-05-17,UNIVERSIDAD CATOLICA LUIS AMIGO,3
00682,004,Eventos Científicos,Otro,Foro de investigación 2023,2023-05-17,UNIVERSIDAD CATOLICA LUIS AMIGO,3
00683,004,Eventos Científicos,Congreso,"IX SEMANA INTERNACIONAL DE CIENCIA, TECNOLOGÍA E INNOVACIÓN",2022-12-02,Universidad Francisco De Paula Santander Ocaña,3
00684,004,Eventos Científicos,Encuentro,X Encuentro de Investigadores REDNICOL,2022-10-20,UNIVERSIDAD CATOLICA LUIS AMIGO,3
00685,004,Eventos Científicos,Encuentro,XXV Encuentro Nacional de Investigación,2022-09-16,UNIVERSIDAD CATOLICA LUIS AMIGO,3
00686,004,Eventos Científicos,Encuentro,XXV Encuentro Nacional de Investigación,2022-09-17,UNIVERSIDAD CATOLICA LUIS AMIGO,3
00687,004,Eventos Científicos,Encuentro,XXV Encuentro Nacional de Investigación,2022-09-14,UNIVERSIDAD CATOLICA LUIS AMIGO,3
00688,004,Eventos Científicos,Congreso,I CONGRESO INTERNACIONAL DE LAS CIENCIAS EMPRESARIALES Y AFINES 2022,2022-06-17,UNIVERSIDAD CATOLICA LUIS AMIGO,3
00689,004,Eventos Científicos,Congreso,Congreso Internacional de las Ciencias Empresariales y Afines,2022-06-17,UNIVERSIDAD CATOLICA LUIS AMIGO,3
00690,004,Eventos Científicos,Congreso,VIII Congreso internacional DOSSIER 2022,2022-06-09,Universidad Francisco De Paula Santander Ocaña,3
00691,004,Eventos Científicos,Encuentro,IV ENCUENTRO DE SEMILLEROS DE INVESTIGACIÓN,2022-04-29,UNIVERSIDAD CATOLICA LUIS AMIGO,3
00692,004,Eventos Científicos,Encuentro,"III Encontro Ibérico de Doutorandos em Direito,",2022-03-25,UNIVERSIDAD CATOLICA LUIS AMIGO,3
00693,004,Eventos Científicos,Otro,IX COLOQUIO DOCTORAL REDAC,2021-11-12,UNIVERSIDAD EAFIT,3
00694,004,Eventos Científicos,Encuentro,X Encuentro Internacional de investigación y espiritu empresarial,2021-10-28,UNIVERSIDAD FRANCISCO DE PAULA SANTANDER,3
00695,004,Eventos Científicos,Congreso,EXPOTECH 2021,2021-10-01,UNIVERSIDAD NACIONAL ABIERTA Y A DISTANCIA,3
00696,004,Eventos Científicos,Encuentro,XXIV Encuentro Nacional de Investigación,2021-09-10,UNIVERSIDAD CATOLICA LUIS AMIGO,3
00697,004,Eventos Científicos,Congreso,GLOBAL RESEARCH CONFERENCE ON MARKETING AND ENTREPRENEURSHIP,2021-07-29,UNIVERSIDAD CATOLICA LUIS AMIGO,3
00698,004,Eventos Científicos,Congreso,VII Congreso Internacional Dossier 2021,2021-06-03,UNIVERSIDAD FRANCISCO DE PAULA SANTANDER,3
00699,004,Eventos Científicos,Congreso,"I CONGRESO INTERNACIONAL DE CIENCIAS SOCIALES ECONÓMICAS, FINANCIERAS, ADMINISTRATIVAS Y CONTABLES",2021-05-22,UNIVERSIDAD DE CALDAS,3
00700,004,Eventos Científicos,Congreso,"I Congreso Internacional de ciencias sociales, económicas, financieras, administrativas y contables",2021-05-22,UNIVERSIDAD DE CALDAS,3
00701,004,Eventos Científicos,Congreso,"I Congreso Internacional de ciencias sociales, económicas, financieras, administrativas y contables",2021-05-22,UNIVERSIDAD DE CALDAS,3
00702,004,Eventos Científicos,Encuentro,IX Encuentro Internacional de Investigación y Espíritu Empresarial,2020-10-30,UNIVERSIDAD CATOLICA LUIS AMIGO,3
00703,004,Eventos Científicos,Encuentro,IX Encuentro Internacional de Investigación y Espíritu Empresarial,2020-10-30,UNIVERSIDAD FRANCISCO DE PAULA SANTANDER,3
00704,004,Eventos Científicos,Encuentro,IX Encuentro Internacional de Investigación y Espíritu Empresarial,2020-10-30,UNIVERSIDAD FRANCISCO DE PAULA SANTANDER,3
00705,004,Eventos Científicos,Congreso,IX Encuentro Internacional de Investigación y Espíritu Empresarial,2020-10-30,Universidad Francisco De Paula Santander Ocaña,3
00706,004,Eventos Científicos,Congreso,IX Encuentro Internacional de Investigación y Espíritu Empresarial,2020-10-30,Universidad Francisco De Paula Santander Ocaña,3
00707,004,Eventos Científicos,Congreso,III Congreso Internacional y competitividad empresarial,2020-10-29,UNIVERSIDAD CATOLICA LUIS AMIGO,3
00708,004,Eventos Científicos,Encuentro,Encuentro Nacional de Semilleros de investigación Universidad Católica Luis Amigó,2020-10-29,UNIVERSIDAD CATOLICA LUIS AMIGO,3
00709,004,Eventos Científicos,Congreso,3er Congreso Internacional de Logística,2020-10-26,UNIVERSIDAD CATOLICA LUIS AMIGO,3
00710,004,Eventos Científicos,Encuentro,Relatos sobre experiencias investigativas,2020-10-20,TECNOLOGICO DE ANTIOQUIA INSTITUCION UNIVERSITARIA,3
00711,004,Eventos Científicos,Congreso,XXIII Encuentro Nacional de Investigación,2020-11-16,UNIVERSIDAD CATOLICA LUIS AMIGO,3
00712,004,Eventos Científicos,Encuentro,"Impacto del ODS 9, industria, innovación e infraestructura en el modelo de exportación de pymes",2020-10-14,Universidad de Cuauhtemoc,3
00713,004,Eventos Científicos,Encuentro,XXIII Encuentro Nacional de Investigación,2020-09-25,UNIVERSIDAD CATOLICA LUIS AMIGO,3
00714,004,Eventos Científicos,Congreso,Los ODS a 10 años de su cumplimiento ¿Cómo vamos y hacia dónde vamos?,2020-08-26,INSTITUCIÓN UNIVERSITARIA POLITÉCNICO GRANCOLOMBIANO,3
00715,004,Eventos Científicos,Seminario,Educando para la internacionalización,2020-06-05,UNIVERSIDAD CATOLICA DE ORIENTE,3
00716,004,Eventos Científicos,Simposio,XXII Simposio Internacional de Métodos Matemáticos Aplicados a las Ciencias SIMMAC 2020,2020-02-28,Universidad de Costa Rica,3
00717,004,Eventos Científicos,Encuentro,Encuentro Internacional de Investigadores en Administración edición 2019,2019-11-20,UNIVERSIDAD CATOLICA LUIS AMIGO,3
00718,004,Eventos Científicos,Congreso,"VI SEMANA INTERNACIONAL DE CIENCIA, TECNOLOGÍA E INNOVACIÓN",2019-11-22,UNIVERSIDAD FRANCISCO DE PAULA SANTANDER,3
00719,004,Eventos Científicos,Otro,Foro de Administración 2019,2019-11-06,UNIVERSIDAD NACIONAL DE COLOMBIA SEDE MANIZALES,3
00720,004,Eventos Científicos,Otro,Coloquio  Internacional: Los Retos de la Investigación a la Solución de Problemáticas Sociales,2019-10-23,UNIVERSIDAD CATOLICA LUIS AMIGO,3
00721,004,Eventos Científicos,Otro,Los retos de la investigación a la solución de problemáticas sociales,2019-10-23,UNIVERSIDAD CATOLICA LUIS AMIGO,3
00722,004,Eventos Científicos,Otro,Los retos de la Investigación a la solución de problemáticas sociales,2019-10-23,UNIVERSIDAD CATOLICA LUIS AMIGO,3
00723,004,Eventos Científicos,Otro,Coloquio Internacional: Los Retos de la Investigación a la Solución de Problemáticas Sociales,2019-10-23,UNIVERSIDAD CATOLICA LUIS AMIGO,3
00724,004,Eventos Científicos,Encuentro,2do Encuentro Nacional de Semilleros de Investigación del Programa de Negocios Internacionales,2019-09-26,UNIVERSIDAD CATOLICA LUIS AMIGO,3
00725,004,Eventos Científicos,Congreso,"VI CONGRESO INTERNACIONAL, INDUSTRIA, ORGANIZACIONES Y LOGÍSTICA CIIO 2019",2019-08-23,UNIVERSIDAD CATOLICA LUIS AMIGO,3
00726,004,Eventos Científicos,Congreso,European Marketing Acacemic - EMAC,2019-05-31,UNIVERSIDAD CATOLICA LUIS AMIGO,3
00727,004,Eventos Científicos,Congreso,Tercer congreso internacional de administración,2019-05-24,Universidad Nacional de Colombia Sede Manizales,3
00728,004,Eventos Científicos,Simposio,"II Simposio Internacional RAIS ¿Cultura solidaria, base de la innovación social",2019-04-12,UNIVERSIDAD CATOLICA LUIS AMIGO,3
00729,004,Eventos Científicos,Congreso,"I Congreso internacional de economía pública, social y cooperativa de CIRIEC en México",2018-12-06,"CORPORACIÓN CIRIEC COLOMBIA - Centro de Investigación e Información sobre la economía pública, social y solidaria de Colombia",3
00730,004,Eventos Científicos,Congreso,XII Foro Internacional de Desarrollo Territorial y Congreso Internacional Gestión Territorial para el Desarrollo Rural,2018-11-09,UNIVERSIDAD CATOLICA LUIS AMIGO,3
00731,004,Eventos Científicos,Otro,Socialización del proyecto Dinámicas Exportadoras en Antioquia,2018-10-26,UNIVERSIDAD CATOLICA LUIS AMIGO,3
00732,004,Eventos Científicos,Congreso,10mo Congreso internacional de Administración de Empresas.Economías para el desarrollo sustentable,2018-10-27,UNIVERSIDAD CATOLICA LUIS AMIGO,3
00733,004,Eventos Científicos,Encuentro,IV Encuentro de semilleros de investigación,2018-10-05,UNIVERSIDAD CATOLICA LUIS AMIGO,3
00734,004,Eventos Científicos,Encuentro,VI Encuentro de investigadores REDNICOL,2018-10-04,UNIVERSIDAD CATOLICA LUIS AMIGO,3
00735,004,Eventos Científicos,Simposio,Primer simposio de seguridad  y salud en el trabajo: La Responsabilidad social empresarial en el sistema de seguridad y salud en el trabajo,2018-09-20,Corporación Universitaria Minuto De Dios - Sede Bello,3
00736,004,Eventos Científicos,Congreso,"Congreso Internacional de Investigación, Desarrollo e innovación en negocios internacionales de Villavicencio Cinivi 2018",2018-09-21,UNIVERSIDAD SANTO TOMAS VILLAVICENCIO,3
00737,004,Eventos Científicos,Encuentro,1er Encuentro Nacional de Semilleros de Investigación del Programa de Negocios Internacionales,2018-09-19,UNIVERSIDAD CATOLICA LUIS AMIGO,3
00738,004,Eventos Científicos,Simposio,GLOBAL RESEARCH SYMPOSIUM ON MARKETING AND ENTREPRENEURSHIP,2018-08-09,UNIVERSIDAD CATOLICA LUIS AMIGO,3
00739,004,Eventos Científicos,Congreso,"32 Congreso Internacional CIRIEC. La economía pública, social y cooperativa, en la revolución digital",2018-06-01,"CORPORACIÓN CIRIEC COLOMBIA - Centro de Investigación e Información sobre la economía pública, social y solidaria de Colombia",3
00740,004,Eventos Científicos,Otro,Conferencia Banca ëtica,2018-05-05,UNIVERSIDAD CATOLICA LUIS AMIGO,3
00741,004,Eventos Científicos,Encuentro,XX Encuentro Nacional de Investigación,2017-09-08,UNIVERSIDAD CATOLICA LUIS AMIGO,3
00742,004,Eventos Científicos,Simposio,SIMPOSIO DE INVESTIGACIÓN USTAMED,2016-10-28,UNIVERSIDAD CATOLICA LUIS AMIGO,3
00743,004,Eventos Científicos,Encuentro,IX Encuentro de Investigadores Latinoamericanos en Cooperativismo,2016-10-15,UNIVERSIDAD ANDINA SIMÓN BOLIVAR,3
00744,004,Eventos Científicos,Encuentro,XIX Encuentro de Investigación Funlam,2016-10-07,UNIVERSIDAD CATOLICA LUIS AMIGO,3
00745,004,Eventos Científicos,Congreso,31 Congreso Internacional CIRIEC. Las políticas públicas frente a los retos sociales y democráticos de la globalización,2016-09-23,CIRIEC Internacional,3
00746,004,Eventos Científicos,Encuentro,Encuentro de investigaciones de la Funlam,2016-09-23,Universidad Católica Luis Amigó,3
00747,004,Eventos Científicos,Congreso,VII Congreso Nacional de Investigadores de Economía Solidaria,2016-09-21,UNIVERSIDAD CATOLICA LUIS AMIGO,3
00748,004,Eventos Científicos,Congreso,V Congreso Latinoamericano de Historia Económica -CLADHE V-,2016-07-21,University of São Paulo,3
00749,004,Eventos Científicos,Otro,Sextas Jornadas Uruguayas de Historia Económica,2015-12-04,UNIVERSIDAD CATOLICA LUIS AMIGO,3
00750,004,Eventos Científicos,Otro,IV Foro Diocesano Economía Social y Solidaria,2015-10-08,FUNDACIÓN UNIVERSITARIA CATÓLICA DEL NORTE,3
00751,004,Eventos Científicos,Encuentro,Encuentro Internacional de Investigadores sobre empresas gestionadas por sus trabajadores,2015-10-06,UNIVERSIDAD CATOLICA LUIS AMIGO,3
00752,004,Eventos Científicos,Encuentro,Encuentro Nacional de Investigación Funlam 2015,2015-09-10,UNIVERSIDAD CATOLICA LUIS AMIGO,3
00753,004,Eventos Científicos,Seminario,Seminario de reflexión Red UNICOSOL,2015-07-07,UNIVERSIDAD CATOLICA LUIS AMIGO,3
00754,004,Eventos Científicos,Encuentro,VIII Encuentro de Investigadores Latinoamericanos de la ACI,2014-11-11,UNIVERSIDAD CATOLICA DE COLOMBIA,3
00755,004,Eventos Científicos,Encuentro,VIII Encuentro de Investigadores Latinoamericanos ACI,2014-11-11,UNIVERSIDAD CATOLICA LUIS AMIGO,3
00756,004,Eventos Científicos,Congreso,"30 Congreso Internacional CIRIEC. La economía pública, social y cooperativa: respuestas innovadoras a problemáticas globales",2014-10-31,CIRIEC Argentina,3
00757,004,Eventos Científicos,Encuentro,Encuentro Nacional de Investigación de la FUNLAM,2014-10-17,UNIVERSIDAD CATOLICA LUIS AMIGO,3
00758,004,Eventos Científicos,Congreso,"Logística, Innovación y Desarrollo Tecnológico",2016-08-06,UNIVERSIDAD CATOLICA LUIS AMIGO,3
00759,004,Eventos Científicos,Seminario,"La Economía solidaria en las políticas públicas, una aproximación al desarrollo",2014-05-16,Personería De Medellín,3
00760,004,Eventos Científicos,Encuentro,III Encuentro Nacional y II Internacional de Investigación y Espíritu Empresarial,2013-11-07,Universidad Francisco De Paula Santander Ocaña,3
00761,004,Eventos Científicos,Congreso,Congreso Continental de Derecho Cooperativo,2013-10-11,Corporación Para El Desarrollo de La Comunidad,3
00762,004,Eventos Científicos,Otro,IX Conferencia regional ISTR-LAC,2013-08-30,ISTR,3
00763,004,Eventos Científicos,Encuentro,Novena Conferencia del ISTR,2013-08-30,LA SOCIEDAD INTERNACIONAL PARA LA INVESTIGACIÓN DEL TERCER SECTOR,3
00764,004,Eventos Científicos,Congreso,Congreso Internacional de ADHILAC. La economía social y solidaria en la historia de América Latina,2012-09-26,Asociación de Historiadores de Latinoamerica y del Caribe,3
00765,004,Eventos Científicos,Congreso,Congreso de CIRIEC Colombia,2012-03-31,Ciriec Colombia,3
00766,004,Eventos Científicos,Encuentro,Sexto Encuentro de Investigadores Latinoamericanos De Cooperativismo,2010-10-15,ACI Americas,3
00767,004,Eventos Científicos,Otro,Cátedra abierta: capital social ámbitos para su formación y sostenibilidad,,UNIVERSIDAD CATOLICA LUIS AMIGO,3
00768,004,Eventos Científicos,Otro,Cátedra Abierta Francisco Luis Jiménez 3,,FUNLAM,3
00769,004,Eventos Científicos,Otro,Cátedra Abierta Francisco Luis Jiménez 2,,FUNLAM,3
00770,004,Eventos Científicos,Seminario,La Organización Solidaria como Propuesta Alternativa para el Desarrollo Económico y Social: Análisis de Casos,,"Funlam, Unircoop, Pontificia Universidad Javeriana, Universidad Central de Venezuela, Universidad Católica del Ecuador y Universidad de San Gil",3
00771,004,Eventos Científicos,Otro,Cátedra Abierta Francisco Luis Jiménez 1,,FUNLAM,3
00772,004,Eventos Científicos,Encuentro,VI Encuentro investigadores de la FUNLAM:VI Encuentro investigadores de la FUNLAM: rupturas y reconfiguraciones en lo social,,FUNLAM,3
00773,004,Eventos Científicos,Encuentro,IV Encuentro Nacional de Investigadores,,FUNLAM,3
00774,004,Eventos Científicos,Congreso,III Encuentro Nacional de Investigadores,,UNIVERSIDAD CATOLICA LUIS AMIGO,3
00775,004,Eventos Científicos,Taller,Taller sobre programas y líneas de investigación,,UNIVERSIDAD CATOLICA LUIS AMIGO,3
00776,004,Eventos Científicos,Congreso,II Encuentro Nacional de Investigadores,,UNIVERSIDAD CATOLICA LUIS AMIGO,3
00777,004,Eventos Científicos,Taller,Taller  Comercialización de Productos Agropecuarios,,Tipo de vinculación,3
00778,004,Eventos Científicos,Congreso,Semillero de Investigadores para docentes del Programa de Administración de Empresas con Énfasis en Economía Solidaria,,FUNLAM,3
00779,004,Eventos Científicos,Encuentro,I Encuentro Nacional de Investigadores,,UNIVERSIDAD CATOLICA LUIS AMIGO,3
00780,004,Eventos Científicos,Taller,Taller en Administración de Organizaciones de Economía Solidaria,,Tipo de vinculación,3
00781,004,Eventos Científicos,Taller,Taller Legislación y Estatutos en Organizaciones de Economía Solidaria,,Tipo de vinculación,3
00782,005,Eventos Científicos,Congreso,III Congreso Internacional sobre educación virtual: inteligencia artificial y desafíos éticos,2025-10-22,UNIVERSIDAD CATOLICA LUIS AMIGO,3
00783,005,Eventos Científicos,Simposio,"VI Simposio de Investigaciones: ""El conocimiento en salud y sus determinantes como herramienta para avanzar a una ciudad saludable"".",2025-10-08,UNIVERSIDAD CATOLICA LUIS AMIGO,3
00784,005,Eventos Científicos,Congreso,XIII Congreso Internacional Cerebro y Mente: La integración,2025-09-13,UNIVERSIDAD CATOLICA LUIS AMIGO,3
00785,005,Eventos Científicos,Congreso,XIII Congreso Internacional Cerebro y Mente: La integración,2025-09-13,Asociación Latinoamericana de Neuropsicología,3
00786,005,Eventos Científicos,Encuentro,XXVIII Encuentro Nacional de Investigación (Universidad Católica Luis Amigó),2025-09-11,UNIVERSIDAD CATOLICA LUIS AMIGO,3
00787,005,Eventos Científicos,Encuentro,XXVIII Encuentro Nacional de Investigaciones,2025-09-11,UNIVERSIDAD CATOLICA LUIS AMIGO,3
00788,005,Eventos Científicos,Seminario,"Seminario ¿Ruido y Salud Pública: Actualización normativa y efectos en salud, desarrollando la ponencia Impactos del ruido en la salud mental",2025-08-28,UNIVERSIDAD CATOLICA LUIS AMIGO,3
00789,005,Eventos Científicos,Congreso,Congreso Colombiano de Psicología 2025,2025-08-16,UNIVERSIDAD CATOLICA LUIS AMIGO,3
00790,005,Eventos Científicos,Congreso,Congreso Colombiano de Psicología 2025,2025-08-16,UNIVERSIDAD CATOLICA LUIS AMIGO,3
00791,005,Eventos Científicos,Congreso,Congreso Colombiano de Psicología 2025,2025-08-16,UNIVERSIDAD CATOLICA LUIS AMIGO,3
00792,005,Eventos Científicos,Congreso,CONGRESO COLOMBIANO DE PSICOLOGÍA 2025,2025-08-16,UNIVERSIDAD CATOLICA LUIS AMIGO,3
00793,005,Eventos Científicos,Encuentro,XXVII Encuentro Nacional de Investigación,2024-10-04,UNIVERSIDAD CATOLICA LUIS AMIGO,3
00794,005,Eventos Científicos,Encuentro,XXVII Encuentro Nacional de Investigación,2024-10-04,UNIVERSIDAD CATOLICA LUIS AMIGO,3
00795,005,Eventos Científicos,Encuentro,Encuentro Nacional de Investigación (Universidad Católica Luis Amigó),2024-10-04,UNIVERSIDAD CATOLICA LUIS AMIGO,3
00796,005,Eventos Científicos,Congreso,20th Annual Conference of the Italian Association for Cognitive Sciences,2024-09-20,ITALIAN ASSOCIATION FOR COGNITIVE SCIENCES (AISC),3
00797,005,Eventos Científicos,Congreso,33rd International Congress of Psychology,2024-07-26,International Union of Psychological Science,3
00798,005,Eventos Científicos,Encuentro,3er. encuentro virtual de investigadores de posgrados y I foro de la Revista Inclusión y Desarrollo,2024-05-30,UNIVERSIDAD CATOLICA LUIS AMIGO,3
00799,005,Eventos Científicos,Congreso,VIII CONGRESO INTERNACIONAL DE PSICOLOGÍA FIUC,2024-03-22,UNIVERSIDAD CATOLICA LUIS AMIGO,3
00800,005,Eventos Científicos,Congreso,4th SEJyD meeting,2023-12-02,Sociedad Española de Psicología Experimental,3
00801,005,Eventos Científicos,Encuentro,XXVI Encuentro Nacional de Investigación,2023-09-14,UNIVERSIDAD CATOLICA LUIS AMIGO,3
00802,005,Eventos Científicos,Congreso,11TH WORLD CONGRESS OF NEUROSCIENCE (IBRO 2023),2023-09-13,International Brain Research Organization,3
00803,005,Eventos Científicos,Congreso,Congreso Colombiano de Psicología,2023-08-19,Asociación Colombiana de Facultades de Psicología Ascofapsi,3
00804,005,Eventos Científicos,Congreso,Congreso Colombiano de Psicología,2023-08-19,Asociación Colombiana de Facultades de Psicología Ascofapsi,3
00805,005,Eventos Científicos,Congreso,39° Congreso Interamericano de Psicología (CIP 2023),2023-06-30,Sociedad interamericana de psicología,3
00806,005,Eventos Científicos,Congreso,39° Congreso Interamericano de Psicología (CIP 2023),2023-06-30,Sociedad interamericana de psicología,3
00807,005,Eventos Científicos,Encuentro,I ENCUENTRO INTERNACIONAL EN NEUROCIENCIAS BÁSICAS Y APLICADAS: Avances y Actualización,2022-11-24,UNIVERSIDAD CATOLICA LUIS AMIGO,3
00808,005,Eventos Científicos,Congreso,1er Congreso Nacional e Internacional: Aperturas Interdisciplinarias en Psicología,,UNIVERSIDAD CATOLICA LUIS AMIGO,3
00809,005,Eventos Científicos,Seminario,Seminario: Actualidad sobre la Evaluación Neuropsicopedagógica en los Procesos de Enseñanza/Aprendizaje,2021-06-11,UNIVERSIDAD CATOLICA LUIS AMIGO,3
00810,005,Eventos Científicos,Seminario,Aportes de la neuropsicopedagogía al contexto escolar,2021-05-28,UNIVERSIDAD CATOLICA LUIS AMIGO,3
00811,005,Eventos Científicos,Congreso,II Congreso Internacional Salud Mental Digital 2020,2020-08-14,UNIVERSIDAD CATOLICA LUIS AMIGO,3
00812,005,Eventos Científicos,Congreso,"24 th Annual CyberPsychology, CyberTherapy & Social Networking Conference (CYPSY24)",2019-06-26,Norfolk State University,3
00813,005,Eventos Científicos,Congreso,12th ICPLR 2018 - International Conference on Psychology & Language Research,2018-07-13,Global Psychology and Language Research Association,3
00814,005,Eventos Científicos,Congreso,12th ICPLR 2018 - International Conference on Psychology & Language Research,2018-07-13,Global Psychology and Language Research Association,3
00815,005,Eventos Científicos,Congreso,12th ICPLR 2018 - International Conference on Psychology & Language Research,2018-07-13,Global Psychology and Language Research Association,3
00816,005,Eventos Científicos,Congreso,59th Conference of Experimental Psychologists,2017-03-29,Bielefeld University,3
00817,005,Eventos Científicos,Encuentro,XIX Encuentro Nacional de Investigación,2016-10-07,UNIVERSIDAD CATOLICA LUIS AMIGO,3
00818,005,Eventos Científicos,Congreso,IX CONGRESO INTERNACIONAL CEREBRO Y MENTE -LA INTEGRACIÓN- El Futuro de la Neuropsicología: ¿Hacia dónde vamos?,2016-05-21,UNIVERSIDAD CATOLICA LUIS AMIGO,3
00819,005,Eventos Científicos,Congreso,Congreso Internacional de psicología clínica y de la salud con niños y adolescentes,2015-11-21,UNIVERSIDAD CATOLICA LUIS AMIGO,3
00820,005,Eventos Científicos,Encuentro,XVIII Encuentro Nacional de Investigaciones,2015-09-10,UNIVERSIDAD CATOLICA LUIS AMIGO,3
00821,005,Eventos Científicos,Encuentro,Encuentro nacional de investigación. Una oportunidad social,2015-10-10,UNIVERSIDAD CATOLICA LUIS AMIGO,3
00822,005,Eventos Científicos,Congreso,Congreso Colombiano de Psicología,2015-09-05,PSICOLOGÍA HOY COLEGIO COLOMBIANO DE PSICÓLOGOS,3
00823,005,Eventos Científicos,Congreso,Congreso Interamericano de Psicología,,Sociedad Interaméricana De Psicología,3
00824,005,Eventos Científicos,Congreso,I Congreso Internacional sobre ética profesional y Responsabilidad Social Universitaria,2015-05-05,UNIVERSIDAD CATOLICA LUIS AMIGO,3
00825,005,Eventos Científicos,Encuentro,XVII Encuentro Nacional de Investigaciones,2014-10-17,UNIVERSIDAD CATOLICA LUIS AMIGO,3
00826,005,Eventos Científicos,Congreso,III Congreso Internacional de Psicología y Educación. Perspectivas frente a quien ser o que hacer dentro del paradigma.,2014-08-17,Psycology Investigation,3
00827,005,Eventos Científicos,Otro,"Topicos de actualización en Neurobiología III. Excitotoxicidad y cognición en enfermedades neurodegenerativas: Aspectos básicos, clínicos y sociales.",,,3
00828,005,Eventos Científicos,Congreso,Topicos de actualización en neurobiología III,,Universidad De Guadalajara,3
00829,005,Eventos Científicos,Congreso,"XVIII Convención científica Nacional. Ciencia, tecnología, sociedad e innovación",,Servicio Nacional de Aprendizaje Sena Sede Cali,3
00830,006,Eventos Científicos,Encuentro,IX ENCUENTRO DE PRÁCTICAS SIGNIFICATIVAS E INVESTIGACIÓN,2025-11-15,UNIVERSIDAD CATOLICA LUIS AMIGO,3
00831,006,Eventos Científicos,Seminario,XVII jornada de pedagogia,2025-10-16,UNIVERSIDAD CATOLICA LUIS AMIGO,3
00832,006,Eventos Científicos,Otro,Congreso Internacional de Pedagogía Infantil,2025-10-17,"Universidad Catolica Luis Amigó, Medellin",3
00833,006,Eventos Científicos,Otro,"Pasantía Internacional - SÃO PAULO ¿ BRASIL Educación Educación, espiritualidad espiritualidad y derechos derechos humanos",2025-10-19,UNIVERSIDAD CATOLICA LUIS AMIGO,3
00834,006,Eventos Científicos,Congreso,15o Congreso Internacional sobre Revistas Científicas,2025-10-10,Universidad De Tarapaca,3
00835,006,Eventos Científicos,Encuentro,Ciencia y Conciencia XXVIII Encuentro Nacional de Investigaciones,2025-09-14,UNIVERSIDAD CATOLICA LUIS AMIGO,3
00836,006,Eventos Científicos,Encuentro,XXVIII Encuentro Nacional de Investigación,,UNIVERSIDAD CATOLICA LUIS AMIGO,3
00837,006,Eventos Científicos,Congreso,Primer Congreso Internacional de Directivos Docentes diálogo de saberes entre directivos docentes que hacen posible la escuela,2025-09-05,"Universidad Catolica Luis Amigó, Medellin",3
00838,006,Eventos Científicos,Otro,: Cuidar los comienzos en las transiciones educativas¿ Foro Regional Comfenalco Antioquia- Pintada,2025-08-15,"Universidad Catolica Luis Amigó, Medellin",3
00839,006,Eventos Científicos,Taller,programa de colaboración virtual Conexión Global,2025-11-03,CORPORACION UNIVERSIDAD DE LA COSTA,3
00840,006,Eventos Científicos,Congreso,Niños niñas coproductores de conocimiento-Foro Internacional de Educación Inicial,2025-07-23,"Universidad Catolica Luis Amigó, Medellin",3
00841,006,Eventos Científicos,Encuentro,VIII ENCUENTRO DE PRÁCTICAS SIGNIFICATIVAS E INVESTIGACIÓN,2025-05-17,UNIVERSIDAD CATOLICA LUIS AMIGO,3
00842,006,Eventos Científicos,Seminario,Seminario Diversas formas de ser niño y niña: una reflexión desde el cuidado y la participación infantil,2025-04-25,UNIVERSIDAD CATOLICA LUIS AMIGO,3
00843,006,Eventos Científicos,Otro,Capítulo de memorias - Estrategias docentes: retos para el acompañamiento socioemocional a estudiantes en prácticas pedagógicas,,UNIVERSIDAD CATOLICA LUIS AMIGO,3
00844,006,Eventos Científicos,Simposio,19th National & 7th International Symposium on Foreign Language Research.,2024-11-15,UNIVERSIDAD CATOLICA LUIS AMIGO,3
00845,006,Eventos Científicos,Congreso,3rd International Congress on Pedagogical Mediation in Language Learning,2024-06-13,UNIVERSIDAD CATOLICA LUIS AMIGO,3
00846,006,Eventos Científicos,Otro,Coautoría y prácticas de coescritura de artículos científicos,2024-05-14,UNIVERSIDAD CATOLICA LUIS AMIGO,3
00847,006,Eventos Científicos,Otro,La escritura científica en los clubes de revista,2024-04-17,UNIVERSIDAD CATOLICA LUIS AMIGO,3
00848,006,Eventos Científicos,Otro,Escribir para publicar en los semilleros de investigación,2024-02-28,UNIVERSIDAD CATOLICA LUIS AMIGO,3
00849,006,Eventos Científicos,Encuentro,Divulgación del conocimiento: Socialización de resultados de investigación en la I.E. Colegio Luis Amigó,2023-11-02,UNIVERSIDAD CATOLICA LUIS AMIGO,3
00850,006,Eventos Científicos,Congreso,3° Encuentro Nacionala e Internacional de Estudiantes y Graduados de Carreras de Licenciatura: Urdimbres y Tramas en el campo de la investigacion en Humanidades y Ciencias Sociales,2023-10-28,UNIVERSIDAD CATOLICA LUIS AMIGO,3
00851,006,Eventos Científicos,Otro,"Perspectivas Actuales en la Investigación Educativa sobre Sustancias Psicoactivas: Comprendiendo, Abordando y Educando",2023-10-23,UNIVERSIDAD CATOLICA LUIS AMIGO,3
00852,006,Eventos Científicos,Otro,"Perspectivas Actuales en la Investigación Educativa sobre Sustancias Psicoactivas: Comprendiendo, Abordando y Educando",2023-10-23,UNIVERSIDAD CATOLICA LUIS AMIGO,3
00853,006,Eventos Científicos,Encuentro,Vinculación entre educación y trabajo en el nivel superior universitario: un estudio de casos múltiples entre la Universidad Católica Luis amigó (Colombia) y Universidad Católica de Salta (Argentina),2023-10-20,Universidad Católica de Salta,3
00854,006,Eventos Científicos,Encuentro,III Encuentro de la Red Internacional Universitaria para el desarrollo de la investigación y las publicaciones científicas (ERII) y XVII Jornada de Investigación Desarrollo e Innovación de la Universidad Católica de Salta,2023-10-20,Universidad Católica de Salta,3
00855,006,Eventos Científicos,Encuentro,I Encuentro de Experiencias Exitosas de Aula,2023-10-19,UNIVERSIDAD CATOLICA LUIS AMIGO,3
00856,006,Eventos Científicos,Congreso,58th ASOCOPI Annual and 4th International Conference,2023-10-14,UNIVERSIDAD CATOLICA LUIS AMIGO,3
00857,006,Eventos Científicos,Congreso,58th ASOCOPI Annual and 4th International Conference,2023-10-14,UNIVERSIDAD CATOLICA LUIS AMIGO,3
00858,006,Eventos Científicos,Congreso,"III Congreso Internacional de Literacidad: Entramado Conocimiento, Cultura y Justicia",2023-10-06,Universidad de Guadalajara,3
00859,006,Eventos Científicos,Encuentro,XXVI Encuentro Nacional de Investigación,2023-09-14,UNIVERSIDAD CATOLICA LUIS AMIGO,3
00860,006,Eventos Científicos,Encuentro,XXVI Encuentro Nacional de Investigación,2023-09-14,UNIVERSIDAD CATOLICA LUIS AMIGO,3
00861,006,Eventos Científicos,Encuentro,XXVI Encuentro Nacional de Investigación,2023-09-14,UNIVERSIDAD CATOLICA LUIS AMIGO,3
00862,006,Eventos Científicos,Congreso,Congreso Internacional en Ciencias de la Educación,2023-08-18,Universidad De Sonora,3
00863,006,Eventos Científicos,Congreso,II Congreso Internacional SoPhIC 2023,2023-08-11,UNIVERSIDAD CATOLICA LUIS AMIGO,3
00864,006,Eventos Científicos,Seminario,"Seminario Internacional ""Cuestiones cruciales en el Autismo""",2023-07-29,Comfenalco-Antioquia,3
00865,006,Eventos Científicos,Encuentro,"V Bienal Latinoamericana y caribeña en primeras infancias, niñeces y juventudes",2023-07-21,Universidad De Manizales - Umanizales,3
00866,006,Eventos Científicos,Congreso,"V Bienal Latinoamericana y caribeña en Infancias, niñeces y Juventudes",2023-07-21,UNIVERSIDAD CATOLICA LUIS AMIGO,3
00867,006,Eventos Científicos,Congreso,"V Bienal Latinoamericana y caribeña en Infancias, niñeces y Juventudes",2023-07-21,UNIVERSIDAD CATOLICA LUIS AMIGO,3
00868,006,Eventos Científicos,Encuentro,Conferencia consumo de sustancias psicoactivas: retos de la educación hoy,2023-05-19,UNIVERSIDAD CATOLICA LUIS AMIGO,3
00869,006,Eventos Científicos,Otro,Consumo de sustancias psicoactivas: retos de la educación hoy,2023-04-21,UNIVERSIDAD CATOLICA LUIS AMIGO,3
00870,006,Eventos Científicos,Taller,"Taller - Capacitación ""Saber y parecer: expresión oral y corporal""",2023-03-10,Universidad Pontificia Bolivariana Seccional Medellín,3
00871,006,Eventos Científicos,Congreso,1er Congreso Iberoamericano del Pensamiento Transformacional,2023-03-12,Universidad de Granada,3
00872,006,Eventos Científicos,Otro,Club de revistas,2023-08-25,UNIVERSIDAD CATOLICA LUIS AMIGO,3
00873,006,Eventos Científicos,Congreso,"3er Congreso Internacional Virtual de Psicología, Educación Especial y Ciencias de la Salud",2023-01-27,CECEIC,3
00874,006,Eventos Científicos,Encuentro,I Coloquio del Grupo de Investigación en Procesos de Construcción y Transformación Social - TRAYECTOS,2022-11-20,Corporación Universitaria Minuto De Dios - Sede Bello,3
00875,006,Eventos Científicos,Otro,VII Coloquio de investigación Una mirada a las infancias desde la investigación interdisciplinaria realizado por la Red Interuniversitaria de Buen Comienzo,2022-11-18,UNIVERSIDAD CATOLICA LUIS AMIGO,3
00876,006,Eventos Científicos,Congreso,13o Congresso Brasileiro de Linguística Aplicada,2022-11-11,Associação de Linguística Aplicada do Brasil,3
00877,006,Eventos Científicos,Encuentro,"Segunda Charla formativa ""Decreto 1330 de julio 25 de 2019 desde la mirada de las transformaciones de la enseñanza docente",2022-11-02,UNIVERSIDAD CATOLICA LUIS AMIGO,3
00878,006,Eventos Científicos,Encuentro,La ciencia como escritura. Encuentro de centros y programas de escritura,2022-10-28,UNIVERSIDAD CATOLICA LUIS AMIGO,3
00879,006,Eventos Científicos,Simposio,XII Simposio Internacional de Investigación en Educación y Ciencias Sociales,2022-10-29,UNIVERSIDAD CATOLICA LUIS AMIGO,3
00880,006,Eventos Científicos,Simposio,XII Simposio Internacional de Investigación en Educación y Ciencias Sociales,2022-10-29,UNIVERSIDAD CATOLICA LUIS AMIGO,3
00881,006,Eventos Científicos,Simposio,XII Simposio Internacional de Investigación en Educación y Ciencias Sociales.,2022-10-29,UNIVERSIDAD CATOLICA LUIS AMIGO,3
00882,006,Eventos Científicos,Encuentro,"Primera Charla formativa ""Decreto 1330 de julio 25 de 2019 desde la mirada de las transformaciones de la enseñanza docente",2022-10-26,UNIVERSIDAD CATOLICA LUIS AMIGO,3
00883,006,Eventos Científicos,Congreso,"Interrogating and Contrasting English Language Teachers¿ Ideologies, Realities and Practices",2022-10-15,UNIVERSIDAD CATOLICA LUIS AMIGO,3
00884,006,Eventos Científicos,Congreso,57th ASOCOPI Annual and 3rd International Conference,2022-10-15,UNIVERSIDAD CATOLICA LUIS AMIGO,3
00885,006,Eventos Científicos,Congreso,"III Congreso internacional de Ética, ciencia y educación",2022-09-23,UNIVERSIDAD CATOLICA LUIS AMIGO,3
00886,006,Eventos Científicos,Encuentro,XXV Encuentro Nacional de Investigación,2022-09-23,UNIVERSIDAD CATOLICA LUIS AMIGO,3
00887,006,Eventos Científicos,Encuentro,"XXV Encuentro Nacional de Investigación, Innovación y Creación Artística y Cultural",2022-09-16,UNIVERSIDAD CATOLICA LUIS AMIGO,3
00888,006,Eventos Científicos,Encuentro,XXV Encuentro Nacional de Investigación,2022-09-16,UNIVERSIDAD CATOLICA LUIS AMIGO,3
00889,006,Eventos Científicos,Encuentro,XXV Encuentro Nacional de Investigación,2022-09-16,UNIVERSIDAD CATOLICA LUIS AMIGO,3
00890,006,Eventos Científicos,Encuentro,XXV Encuentro Nacional de Investigación,2022-09-10,UNIVERSIDAD CATOLICA LUIS AMIGO,3
00891,006,Eventos Científicos,Congreso,XI Congreso Internacional de Psicología y Educación,2022-09-02,UNIVERSIDAD CATOLICA LUIS AMIGO,3
00892,006,Eventos Científicos,Encuentro,XXI Encuentro de Educación Infantil. Educación inclusiva: una mirada desde la neurodiversidad,2022-08-27,UNIVERSIDAD PONTIFICIA BOLIVARIANA,3
00893,006,Eventos Científicos,Congreso,1er Congreso Nacional e Internacional: Aperturas Interdisciplinarias en Psicología,2022-08-27,UNIVERSIDAD CATOLICA LUIS AMIGO,3
00894,006,Eventos Científicos,Encuentro,"FORO DEPARTAMENTAL DE SOCIALIZACIÓN DE RESULTADOS EN EL CORREGIMIENTO DE SANTA CECILIA, DEPARTAMENTO DE RISARALDA DEL PROYECTO ""RECONSTRUCCIÓN DE MEMORIA HISTÓRICA",2022-07-26,UNIVERSIDAD CATOLICA LUIS AMIGO,3
00895,006,Eventos Científicos,Encuentro,"FORO DEPARTAMENTAL DE SOCIALIZACIÓN DE RESULTADOS EN LA CIUDAD DE ARMENIA DEL PROYECTO ""RECONSTRUCCIÓN DE MEMORIA HISTÓRICA¿",2022-07-25,UNIVERSIDAD CATOLICA LUIS AMIGO,3
00896,006,Eventos Científicos,Encuentro,"FORO DEPARTAMENTAL DE SOCIALIZACIÓN DE RESULTADOS EN LA CIUDAD DE MANIZALES DEL PROYECTO ""RECONSTRUCCIÓN DE MEMORIA HISTÓRICA¿",2022-07-25,UNIVERSIDAD CATOLICA LUIS AMIGO,3
00897,006,Eventos Científicos,Congreso,57th ASOCOPI Annual and 3rd internacional Confeence,2022-07-15,UNIVERSIDAD CATOLICA LUIS AMIGO,3
00898,006,Eventos Científicos,Congreso,CONGRESO IBEROAMERICANO: LA EDUCACIÓN Y LA CONSTRUCCIÓN DE PAZ,2022-05-20,UNIVERSIDAD DE CALDAS,3
00899,006,Eventos Científicos,Congreso,Congreso Iberoamericano: La educación y la Construcción de Paz,2022-05-20,Corporación Universitaria de Sabaneta,3
00900,006,Eventos Científicos,Congreso,Congreso Internacional de Pedagogía,2022-05-14,UNIVERSIDAD CATOLICA DE ORIENTE,3
00901,006,Eventos Científicos,Encuentro,Socialización de prácticas significativas e Investigación Formativa 2022-1,2022-05-14,UNIVERSIDAD CATOLICA LUIS AMIGO,3
00902,006,Eventos Científicos,Otro,Grupos de Escritura en el Posgrado y Más Allá: Un Recorrido Investigativo,2022-05-05,UNIVERSIDAD CATOLICA LUIS AMIGO,3
00903,006,Eventos Científicos,Otro,Contexto histórico de la Constitución Política de 1991,2022-03-25,UNIVERSIDAD CATOLICA LUIS AMIGO,3
00904,006,Eventos Científicos,Congreso,II CONGRESO INTERNACIONAL DE INVESTIGACIÓN E INNOVACIÓN EN EDUCACIÓN,2022-03-05,Universidad Pedagógica Experimental Libertador - Instituto Pedagógico de Caracas,3
00905,006,Eventos Científicos,Congreso,II Congreso Internacional de Investigación e Innovación en Educación,2022-03-05,Universidad Pedagógica Experimental Libertador - Instituto Pedagógico de Caracas,3
00906,006,Eventos Científicos,Congreso,"XV CONGRESO INTERNACIONAL DE EDUCACIÓN E INNOVACIÓN""",2023-07-15,UNIVERSIDAD CATOLICA LUIS AMIGO,3
00907,006,Eventos Científicos,Simposio,III Coloquio de posgrados de doctorados en Educación,2021-11-25,UNIVERSIDAD DE SAN BUENAVENTURA - SEDE MEDELLÍN,3
00908,006,Eventos Científicos,Otro,III Coloquio de Posgrados. Doctorados en Educación y Afines: Soluciones Glocales Desde la Investigación en Educación y Afines,2021-11-25,UNIVERSIDAD PONTIFICIA BOLIVARIANA,3
00909,006,Eventos Científicos,Otro,Tercer Coloquio de Posgrados Red Colombiana de Doctorados en Educación,2021-11-25,UNIVERSIDAD CATOLICA LUIS AMIGO,3
00910,006,Eventos Científicos,Congreso,Piauí-Iowa Conference on Language & Literature: Emerging Theories and Practices,2021-11-20,Fundação Universidade Federal Do Piauí,3
00911,006,Eventos Científicos,Congreso,Encuentro Latinoamericano de metodología de las ciencias sociales (EL MECS),2021-11-11,UNIVERSIDAD CATOLICA LUIS AMIGO,3
00912,006,Eventos Científicos,Seminario,Tercer Webinar de Facultad de Educación y Humanidades: Calidad educativa en tiempos de Covid 19,2021-10-27,UNIVERSIDAD CATOLICA LUIS AMIGO,3
00913,006,Eventos Científicos,Congreso,21° Congreso Internacional en Adicciones,2021-10-27,UNIVERSIDAD CATOLICA LUIS AMIGO,3
00914,006,Eventos Científicos,Encuentro,Encuentro internacional de la Comunidad de Aprendizaje IAD y el II Foro internacional IAD en Colombia,2021-10-29,UNIVERSIDAD CATOLICA LUIS AMIGO,3
00915,006,Eventos Científicos,Congreso,56th ASOCOPI Online Annual and 2nd International Conference,2021-10-16,Asociación Colombiana de Profesores de Inglés,3
00916,006,Eventos Científicos,Taller,I COLOQUIO MIGRACIÓN Y DESPLAZAMIENTO: RETOS DE LA EDUCACIÓN,2021-10-13,UNIVERSIDAD CATOLICA LUIS AMIGO,3
00917,006,Eventos Científicos,Taller,CATORCE TALLERES REGIONALES DEL PROYECTO RECONSTRUCCIÓN DE MEMORIA HISTÓRICA DEL PROCESO DE REINTEGRACIÓN,2022-03-18,UNIVERSIDAD CATOLICA LUIS AMIGO,3
00918,006,Eventos Científicos,Simposio,III Simposio - INEM Medellín: Jóvenes Investigadores Agentes de Cambio,2021-09-23,"Inem, José Feliz De Restrepo. Medellín",3
00919,006,Eventos Científicos,Simposio,"Retrofuturos: sostenibilidad, futuros deseables y tecnopoéticas",2021-09-24,UNIVERSIDAD CATOLICA LUIS AMIGO,3
00920,006,Eventos Científicos,Encuentro,XII Encuentro de la Red Colombiana de Investigación en Didáctica de las Ciencias Sociales,2021-09-17,UNIVERSIDAD NACIONAL ABIERTA Y A DISTANCIA,3
00921,006,Eventos Científicos,Encuentro,XXIV Encuentro Nacional de Investigación-2021,2021-09-17,UNIVERSIDAD CATOLICA LUIS AMIGO,3
00922,006,Eventos Científicos,Congreso,Escuela de Verano - Saberes UPB - Retrofuturos,2021-09-15,UNIVERSIDAD PONTIFICIA BOLIVARIANA,3
00923,006,Eventos Científicos,Congreso,XXIV Encuentro Nacional de Investigación,2021-09-10,UNIVERSIDAD CATOLICA LUIS AMIGO,3
00924,006,Eventos Científicos,Congreso,XXIV Encuentro Nacional de Investigación,2021-09-10,UNIVERSIDAD CATOLICA LUIS AMIGO,3
00925,006,Eventos Científicos,Congreso,XXIV Encuentro Nacional de Investigación,2021-09-10,UNIVERSIDAD CATOLICA LUIS AMIGO,3
00926,006,Eventos Científicos,Taller,Writing Multiple Choice Items,2021-09-03,UNIVERSIDAD DE CALDAS,3
00927,006,Eventos Científicos,Taller,programa de colaboración virtual Conexión Global,2025-11-07,UNIVERSIDAD CATOLICA LUIS AMIGO,3
00928,006,Eventos Científicos,Congreso,II Congreso Internacional de Prácticas Pedagógicas,2021-07-15,UNIVERSIDAD CATOLICA LUIS AMIGO,3
00929,006,Eventos Científicos,Simposio,III SIMPOSIO REGIONAL EN EDUCACIÓN Y CIENCIAS SOCIALES 2021,2021-06-23,UNIVERSIDAD CATOLICA LUIS AMIGO,3
00930,006,Eventos Científicos,Otro,Semana del Maestro Reflexiones Investigativas Experiencias de Práctica,2021-05-20,UNIVERSIDAD CATOLICA LUIS AMIGO,3
00931,006,Eventos Científicos,Otro,Transforming ¿La Medellín Futuro¿ Planificación en Retrospectiva:Más allá del Qué y el Cómo.,2021-05-19,Secretaría de Educación de Medellín,3
00932,006,Eventos Científicos,Simposio,"III Coloquio de posgrados: Doctorados en Educación y afines, Red Colombiana de Doctorados en Educación",,UNIVERSIDAD CATOLICA LUIS AMIGO,3
00933,006,Eventos Científicos,Otro,V Jornadas de Ciencias Sociales y Humanidades Universidad la Salle,,"Universidad La Salle Noroeste, A.C.",3
00934,006,Eventos Científicos,Seminario,Seminario Taller Enfoques y estrategias del Nuevo Currículo Nacional ¿ Educación Inicial,2020-11-26,Universidad Cesar Vallejo,3
00935,006,Eventos Científicos,Congreso,"II. Congreso Internacional de Posgrado en Educación, Red de Investigación de Posgrado en Educación",2020-11-28,Red de Investigación  de posgrado en educación,3
00936,006,Eventos Científicos,Congreso,"II. Congreso Internacional de Posgrado en Educación, Red de Investigación de Posgrado en Educación",2020-11-29,UNIVERSIDAD CATOLICA LUIS AMIGO,3
00937,006,Eventos Científicos,Encuentro,XVII Encuentro estudiantil. Experiencias investigativas,2020-11-18,UNIVERSIDAD CATOLICA LUIS AMIGO,3
00938,006,Eventos Científicos,Encuentro,XVII Encuentro Estudiantil de Experiencias Investigativas: Maestro Investigador y Realidad Social,2020-11-13,UNIVERSIDAD CATOLICA LUIS AMIGO,3
00939,006,Eventos Científicos,Otro,Segundo Coloquio de Posgrados Red Colombiana de Doctorados en Educación,2020-11-12,UNIVERSIDAD CATOLICA LUIS AMIGO,3
00940,006,Eventos Científicos,Encuentro,I Encuentro de Universidades Católicas: Socialización de Experiencias Significativas en Proyección Social Frente a La Realidad Social Actual,2020-11-06,UNIVERSIDAD CATÓLICA DE MANIZALES,3
00941,006,Eventos Científicos,Simposio,IV Coloquio sobre Interdisciplinariedad en la Formación del Licenciado en Lenguas Extranjeras - CIFLEX,2020-10-31,UNIVERSIDAD CATOLICA LUIS AMIGO,3
00942,006,Eventos Científicos,Encuentro,Semana de la psicología: Celebración de la Salud Mental,2020-10-16,UNIVERSIDAD CATOLICA LUIS AMIGO,3
00943,006,Eventos Científicos,Encuentro,XXIII Encuentro Nacional de Investigación,2020-10-16,UNIVERSIDAD CATOLICA LUIS AMIGO,3
00944,006,Eventos Científicos,Congreso,55th ASOCOPI Online Annual Conference and 15th Biennial CA & CB Regional TESOL Group Conference,2020-10-10,Institucion Educativa Inem Jose Felix De Restrepo,3
00945,006,Eventos Científicos,Otro,Transforming ¿La Medellín Futuro¿ Reflexiones y Prácticas sobre Evaluación en Escenarios Actuales de Formación,2020-09-29,Secretaría de Educación de Medellín,3
00946,006,Eventos Científicos,Simposio,"II Simposio INEM-Medellín. Investigando en el INEM: 50 años de ciencia, arte y virtud",2020-09-24,Institucion Educativa Inem Jose Felix De Restrepo,3
00947,006,Eventos Científicos,Encuentro,¿El desarrollo de capacidades en la primera infancia para el encuentro con la lógica matemática¿,2020-09-14,UNIVERSIDAD CATOLICA LUIS AMIGO,3
00948,006,Eventos Científicos,Encuentro,XXIII ENCUENTRO NACIONAL DE INVESTIGACION (Universidad Católica Luis Amigó),2020-09-16,UNIVERSIDAD CATOLICA LUIS AMIGO,3
00949,006,Eventos Científicos,Seminario,"Cátedras de la línea de investigación educación, infancia y familia.",2020-08-24,UNIVERSIDAD CATOLICA LUIS AMIGO,3
00950,006,Eventos Científicos,Encuentro,n Situ Diálogos doctorales en la Universidad Católica Luis Amigó. Reflexiones en tiempos de cambio.,2020-06-16,UNIVERSIDAD CATOLICA LUIS AMIGO,3
00951,006,Eventos Científicos,Encuentro,XVI Encuentro estudiantil. Experiencias investigativas,2020-05-15,UNIVERSIDAD CATOLICA LUIS AMIGO,3
00952,006,Eventos Científicos,Encuentro,"Tercer encuentro: ""Desarrollo del pensamiento crítico en el contexto educativo""",2020-04-21,UNIVERSIDAD CATOLICA LUIS AMIGO,3
00953,006,Eventos Científicos,Encuentro,FORO: EXPERIENCIAS Y ABORDAJES CRÍTICOS DE LA FORMACIÓN EN ATENCIÓN PRIMARIA EN SALUD,2020-02-28,UNIVERSIDAD NACIONAL DE COLOMBIA,3
00954,006,Eventos Científicos,Congreso,Congreso Latinoamericano de educación rural,2019-11-21,UNIVERSIDAD DE ANTIOQUIA,3
00955,006,Eventos Científicos,Congreso,Congreso Latinoamericano de Educación Rural,2019-11-21,UNIVERSIDAD CATOLICA LUIS AMIGO,3
00956,006,Eventos Científicos,Congreso,"IIICongreso Internacional Tendencias en la Investigación Universitaria, Una visión para Latinoamérica",2019-11-22,UNIVERSIDAD CATOLICA LUIS AMIGO,3
00957,006,Eventos Científicos,Taller,I Foro de convivencia escolar y aprendizaje significativo en el aula,2019-11-14,UNIVERSIDAD CATOLICA LUIS AMIGO,3
00958,006,Eventos Científicos,Seminario,Segundo Coloquio de Posgrados: Doctorados y Maestrías en Educación,2019-11-12,UNIVERSIDAD PONTIFICIA BOLIVARIANA,3
00959,006,Eventos Científicos,Encuentro,Academic Sessions X: Teacher Identities,2019-11-09,UNIVERSIDAD CATOLICA LUIS AMIGO,3
00960,006,Eventos Científicos,Encuentro,XV Encuentro estudiantil: Experiencias Investigativas.,2019-11-06,UNIVERSIDAD CATOLICA LUIS AMIGO,3
00961,006,Eventos Científicos,Congreso,LA RESPONSABILIDAD SOCIAL EN EL EJERCICIO CIUDADANO,2019-11-07,CORPORACIÓN UNIVERSITARIA MINUTO DE DIOS - UNIMINUTO,3
00962,006,Eventos Científicos,Otro,Tercer foro departamental del Centro de Pensamiento Pedagógico,2019-11-01,UNIVERSIDAD CATOLICA LUIS AMIGO,3
00963,006,Eventos Científicos,Otro,Foro Departamental Cultura Escolar y Profesionalidad Docente,2019-11-01,UNIVERSIDAD CATOLICA LUIS AMIGO,3
00964,006,Eventos Científicos,Otro,"Foro Departamental Centro de Pensamiento Pedagógico, cultura escolar y profesionalidad docente",,UNIVERSIDAD CATOLICA LUIS AMIGO,3
00965,006,Eventos Científicos,Simposio,I Foro por la Calidad de la Educación Zona Norte,2019-10-31,UNIVERSIDAD CATOLICA LUIS AMIGO,3
00966,006,Eventos Científicos,Simposio,Primer simposio formación y profesionalidad docente,2019-10-31,UNIVERSIDAD DE ANTIOQUIA,3
00967,006,Eventos Científicos,Simposio,Primer Simposio Formación y Profesionalidad Docente,2019-10-31,UNIVERSIDAD CATOLICA LUIS AMIGO,3
00968,006,Eventos Científicos,Encuentro,VII Encuentro de investigadores y V Encuentro de semilleros de Rednicol,2019-10-25,INSTITUCIÓN UNIVERSITARIA SALAZAR Y HERRERA,3
00969,006,Eventos Científicos,Congreso,Bilingual and Multilingual Processes. ASOCOPI 54th Annual Conference.,2020-09-12,Institucion Educativa Inem Jose Felix De Restrepo,3
00970,006,Eventos Científicos,Congreso,Primer Congreso Internacional de Práctica Pedagógica,2019-10-04,UNIVERSIDAD CATOLICA LUIS AMIGO,3
00971,006,Eventos Científicos,Encuentro,Encuentro Nacional de Investigación,2019-09-24,UNIVERSIDAD CATOLICA LUIS AMIGO,3
00972,006,Eventos Científicos,Encuentro,XIV Encuentro nacional de practicas y II Encuentro internacional,2019-09-13,FUNDACION UNIVERSITARIA DE POPAYAN,3
00973,006,Eventos Científicos,Encuentro,XXII Encuentro nacional de investigación. Universidad Católica luis Amigó. La integralidad formativa: una visión humanista.,2019-09-06,UNIVERSIDAD CATOLICA LUIS AMIGO,3
00974,006,Eventos Científicos,Encuentro,XXII Encuentro Nacional de Investigación,2019-09-06,UNIVERSIDAD CATOLICA LUIS AMIGO,3
00975,006,Eventos Científicos,Encuentro,XXII Encuentro Nacional de INvestigación,2019-09-06,UNIVERSIDAD CATOLICA LUIS AMIGO,3
00976,006,Eventos Científicos,Encuentro,XXII Encuentro Nacional de Investigación,2019-09-06,UNIVERSIDAD CATOLICA LUIS AMIGO,3
00977,006,Eventos Científicos,Seminario,"Diálogos sobre ciudadanía, diversidad y paz",2019-08-24,UNIVERSIDAD CATOLICA LUIS AMIGO,3
00978,006,Eventos Científicos,Encuentro,"Diálogos sobre ciudadanía, diversidad y paz.",,UNIVERSIDAD CATOLICA LUIS AMIGO,3
00979,006,Eventos Científicos,Congreso,"IV Congreso internacional de Política Educativa en América Latina: Educación desde América Latina: paradigmas, innovaciones, experiencias",2019-07-05,UNIVERSIDAD CATOLICA LUIS AMIGO,3
00980,006,Eventos Científicos,Congreso,IV Congreso Internacional de Política Educativa en América Latina,2019-07-05,CLACSO,3
00981,006,Eventos Científicos,Seminario,Diversidad Lingüística.Formación inicial y permanente de profesores de lenguas extranjeras,2019-07-03,UNIVERSIDAD CATOLICA LUIS AMIGO,3
00982,006,Eventos Científicos,Seminario,se´ptimo Seminario Internacional de Desarrollo profesional para Docentes de Lenguas Extranjeras,2019-07-03,UNIVERSIDAD CATOLICA LUIS AMIGO,3
00983,006,Eventos Científicos,Seminario,"7mo Seminario Internacional de Desarrollo Profesional de los Docentes de Lenguas Extranjeras: Diversidad Lingüística, Formación Inicial y Permanente de Profesores de Lenguas Extranjeras",2019-07-03,UNIVERSIDAD DE ANTIOQUIA,3
00984,006,Eventos Científicos,Encuentro,VIII FORO SOCIAL MUNDIAL DE LA SALUD Y SEGURIDAD SOCIAL,2019-06-28,UNIVERSIDAD NACIONAL DE COLOMBIA,3
00985,006,Eventos Científicos,Encuentro,I Encuentro se Semilleros de Investigación Politécnico Grancolombiano,2019-06-11,UNIVERSIDAD CATOLICA LUIS AMIGO,3
00986,006,Eventos Científicos,Congreso,XI Congreso Internacional de Ciencias Sociales y Humanas,2019-05-25,UNIVERSIDAD CATOLICA LUIS AMIGO,3
00987,006,Eventos Científicos,Congreso,"XI Congreso Internacional de Ciencias Sociales y Humanas: Cambios,conflictos y perspectivas",2019-05-25,UNIVERSIDAD CATOLICA LUIS AMIGO,3
00988,006,Eventos Científicos,Encuentro,XIV Encuentro estudiantil. Experiencias investigativas.,2019-05-14,UNIVERSIDAD CATOLICA LUIS AMIGO,3
00989,006,Eventos Científicos,Encuentro,XIV Encuentro estudiantil. Experiencias investigativas.,2019-05-15,UNIVERSIDAD CATOLICA LUIS AMIGO,3
00990,006,Eventos Científicos,Congreso,El Congreso Pedagogía 2019,2019-02-08,Ministerio De Educación De Cuba,3
00991,006,Eventos Científicos,Otro,Diplomado en investigación Educativa: Análisis de Datos y Reflexión Pedagógica,2019-11-29,UNIVERSIDAD CATOLICA LUIS AMIGO,3
00992,006,Eventos Científicos,Simposio,Teachers Research! Bogotá 2018: 3rd Annual Latin American Conference for Teacher Research in ELT and 14th PROFILE Symposium,2018-12-07,UNIVERSIDAD NACIONAL DE COLOMBIA SEDE BOGOTA,3
00993,006,Eventos Científicos,Simposio,Simposio de investigación USTAMED 2018,2018-11-30,Universidad Santo Tomás - Medellín,3
00994,006,Eventos Científicos,Otro,II Coloquio de investigaciones de estudiantes de posgrados en Educación,2018-11-30,UNIVERSIDAD CATOLICA LUIS AMIGO,3
00995,006,Eventos Científicos,Encuentro,XIII encuentro estudiantil: experiencias investigativas,2018-11-08,UNIVERSIDAD CATOLICA LUIS AMIGO,3
00996,006,Eventos Científicos,Congreso,III Congreso internacional de pedagogía amigoniana,2018-11-09,UNIVERSIDAD CATOLICA LUIS AMIGO,3
00997,006,Eventos Científicos,Congreso,III Congreso Internacional de pedagogía Amigoniana: Perspectivas y desafíos del siglo XXI.,2018-11-09,UNIVERSIDAD CATOLICA LUIS AMIGO,3
00998,006,Eventos Científicos,Congreso,III Congreso internacional de pedagogía amigoniana,2018-11-09,UNIVERSIDAD CATOLICA LUIS AMIGO,3
00999,006,Eventos Científicos,Congreso,III congreso Internacinal Pedagógico Amigoniano,2018-11-09,UNIVERSIDAD CATOLICA LUIS AMIGO,3
01000,006,Eventos Científicos,Otro,Foro Departamental Centro de Pensamiento Pedagógico. Relatos de experiencia docente en tiempos de complejidad,2018-11-02,UNIVERSIDAD CATOLICA LUIS AMIGO,3
01001,006,Eventos Científicos,Encuentro,V Encuentro  de voces de las victimas: Migración un conflicto internacional,2018-10-26,Institución Universitaria Visión de las Américas,3
01002,006,Eventos Científicos,Seminario,Primer Seminario Internacional de Formación de Maestros,2018-10-19,UNIVERSIDAD CATOLICA LUIS AMIGO,3
01003,006,Eventos Científicos,Simposio,Quinto Simposio de Investigación: Una mirada interdisciplinar de la investigación hacia la comunidad,2018-10-18,Institución Universitaria Visión de las Américas,3
01004,006,Eventos Científicos,Seminario,Primer seminario internacional de formación de maestros,2018-10-19,UNIVERSIDAD CATOLICA LUIS AMIGO,3
01005,006,Eventos Científicos,Seminario,Primer Seminario Internacional de Formación de Maestros,2018-10-19,UNIVERSIDAD CATOLICA LUIS AMIGO,3
01006,006,Eventos Científicos,Seminario,Primer seminario internacional de formación de maestros,2018-10-19,UNIVERSIDAD CATOLICA LUIS AMIGO,3
01007,006,Eventos Científicos,Seminario,1er Seminario Internacional de Formación de Maestros,2018-10-19,UNIVERSIDAD CATOLICA LUIS AMIGO,3
01008,006,Eventos Científicos,Seminario,Primer Seminario Internacional de Formación de Maestros,2018-10-19,UNIVERSIDAD CATOLICA LUIS AMIGO,3
01009,006,Eventos Científicos,Congreso,ASOCOPI 53rd Annual Congress: Achievements and Challenges of Language policy in the last decade.,2018-10-13,UNIVERSIDAD CATOLICA LUIS AMIGO,3
01010,006,Eventos Científicos,Encuentro,Encuentro Latinoamericano de Educación,2018-10-12,UNIVERSIDAD CATOLICA LUIS AMIGO,3
01011,006,Eventos Científicos,Encuentro,Encuentro Latinoamericano de Educación,2018-10-12,INSTITUCIÓN UNIVERSITARIA POLITÉCNICO GRANCOLOMBIANO,3
01012,006,Eventos Científicos,Encuentro,Encuentro Internacional de Educación en Ingeniería ACOFI 2018,2018-09-21,UNIVERSIDAD CATOLICA LUIS AMIGO,3
01013,006,Eventos Científicos,Encuentro,XXI Encuentro Nacional de Investigación,2018-09-07,UNIVERSIDAD CATOLICA LUIS AMIGO,3
01014,006,Eventos Científicos,Encuentro,"Encuentro nacional de investigación. Ciencia, Sociedad e Innovación",2018-09-07,UNIVERSIDAD CATOLICA LUIS AMIGO,3
01015,006,Eventos Científicos,Encuentro,XXI ENCUENTRO DE INVESTIGACIONES,2018-09-07,UNIVERSIDAD CATOLICA LUIS AMIGO,3
01016,006,Eventos Científicos,Encuentro,XXI  Encuentro  Nacional  de  Investigación,2018-09-07,UNIVERSIDAD CATOLICA LUIS AMIGO,3
01017,006,Eventos Científicos,Encuentro,XXI Encuentro Nacional de investigaciones,2018-09-07,UNIVERSIDAD CATOLICA LUIS AMIGO,3
01018,006,Eventos Científicos,Encuentro,XXI Encuentro Nacional de Investigación Universidad Católica Luis Amigó,2018-09-07,UNIVERSIDAD CATOLICA LUIS AMIGO,3
01019,006,Eventos Científicos,Encuentro,"Encuentro Nacional de Investigación: Ciencia, sociedad e innovación",2018-09-07,UNIVERSIDAD CATOLICA LUIS AMIGO,3
01020,006,Eventos Científicos,Encuentro,"XXI Encuentro Nacional de Investigación: Ciencia, Sociedad e Innovación",2018-09-07,UNIVERSIDAD CATOLICA LUIS AMIGO,3
01021,006,Eventos Científicos,Congreso,III Bienal Latinoamericana y Caribeña de infancia y Juventud,2018-08-03,Universidad De Manizales - Umanizales,3
01022,006,Eventos Científicos,Congreso,III Bienal Latinoamericana y caribeña de Infancias y Juventudes,2018-08-03,Universidad De Manizales - Umanizales,3
01023,006,Eventos Científicos,Congreso,III Bienal Latinoamericana y caribeña de Infancias y Juventudes,2018-08-03,Centro de Estudios Avanzados en Niñez y Juventud - Universidad de Manizales,3
01024,006,Eventos Científicos,Taller,Taller de prácticas de aula de maestras de transición que fortalecen la dimensión comunicativa inglés español,2018-06-21,UNIVERSIDAD CATOLICA LUIS AMIGO,3
01025,006,Eventos Científicos,Encuentro,XII Encuentro estudiantil. Experiencias investigativas,2018-05-18,UNIVERSIDAD CATOLICA LUIS AMIGO,3
01026,006,Eventos Científicos,Congreso,II Congreso Internacional de Educación Infantil,2018-05-17,CORPORACION UNIVERSITARIA LASALLISTA,3
01027,006,Eventos Científicos,Encuentro,XII Encuentro estudiantil: experiencias Investigativas,2018-05-09,UNIVERSIDAD CATOLICA LUIS AMIGO,3
01028,006,Eventos Científicos,Seminario,Agenda Internacional El Emprendimiento Sostenible y la Gestión Organizacional:  La universidad pública emprendedora. Modelo matemático para orientar los programas de incubación.,2018-04-27,UNIVERSIDAD CATOLICA LUIS AMIGO,3
01029,006,Eventos Científicos,Seminario,Agenda Internacional El Emprendimiento Sostenible y la Gestión Organizacional. Responsabilidad social empresarial.,2018-04-27,Universidad de Guanajuato,3
01030,006,Eventos Científicos,Seminario,Agenda Internacional El Emprendimiento Sostenible y la Gestión Organizacional: Capital humano y su relación con el emprendimeinto.,2018-04-27,UNIVERSIDAD CATOLICA LUIS AMIGO,3
01031,006,Eventos Científicos,Taller,Cátedra de Paz y Reconciliación,2018-03-12,Agencia para la Reincorporación y la Normalización,3
01032,006,Eventos Científicos,Otro,Diplomado sobre Investigación Educativa: Profesionalidad Pedagógica,2018-11-30,UNIVERSIDAD CATOLICA LUIS AMIGO,3
01033,006,Eventos Científicos,Taller,Taller Comprensiones y Construcciones Frente a la Lengua y el Lenguaje,2017-11-30,UNIVERSIDAD CATOLICA LUIS AMIGO,3
01034,006,Eventos Científicos,Congreso,Primer Congreso: Inglés en la Primera Infancia,2017-11-23,UNIVERSIDAD CATOLICA LUIS AMIGO,3
01035,006,Eventos Científicos,Encuentro,XI Encuentro estudiantil. Experiencias investigativas,2017-11-17,UNIVERSIDAD CATOLICA LUIS AMIGO,3
01036,006,Eventos Científicos,Congreso,Segundo congreso educativo latinoamericano Lasallista,2017-10-21,UNIVERSIDAD CATOLICA LUIS AMIGO,3
01037,006,Eventos Científicos,Otro,Primer simposio nacional de prácticas pedagógicas,2017-10-10,UNIVERSIDAD DE MEDELLIN,3
01038,006,Eventos Científicos,Simposio,1er Simposio Nacional sobre Prácticas Pedagógicas,2017-10-10,Asociaciòn Colombiana De Facultades De Educaciòn,3
01039,006,Eventos Científicos,Seminario,Academic Sessions 9: Educating Teachers,2017-10-07,UNIVERSIDAD CATOLICA LUIS AMIGO,3
01040,006,Eventos Científicos,Encuentro,Familia y escuela ¿diada necesaria para la construcción de ciudadanía?,2017-09-08,UNIVERSIDAD CATOLICA LUIS AMIGO,3
01041,006,Eventos Científicos,Encuentro,XX Encuentro Nacional de Investigación,2017-09-08,UNIVERSIDAD CATOLICA LUIS AMIGO,3
01042,006,Eventos Científicos,Encuentro,"XX Encuentro Nacional de Investigación: Investigación, desarrollo e innovación",2017-09-08,UNIVERSIDAD CATOLICA LUIS AMIGO,3
01043,006,Eventos Científicos,Encuentro,"XX Encuentro Nacional de Investigación: Investigación, Desarrollo e Innovación",2017-09-08,UNIVERSIDAD CATOLICA LUIS AMIGO,3
01044,006,Eventos Científicos,Congreso,"The 25th, Peru TESOL Association Annual Convention",2017-08-02,Peru TESOL Association,3
01045,006,Eventos Científicos,Congreso,18Th  World Congress of Applied Linguistics,2017-07-28,UNIVERSIDAD CATOLICA LUIS AMIGO,3
01046,006,Eventos Científicos,Seminario,LABORATORIO PEDAGÓGICO: procesos de enseñanza y aprendizaje en espacios de formación no convencionales.,2017-05-31,UNIVERSIDAD CATOLICA LUIS AMIGO,3
01047,006,Eventos Científicos,Encuentro,"ENCUENTRO: SABERES, EXPERIENCIAS Y CONSTRUCCIÓN SOCIAL DEL CONOCIMIENTO",2017-05-31,UNIVERSIDAD DE ANTIOQUIA,3
01048,006,Eventos Científicos,Seminario,Educación sexual en la infancia:  ¿Qué debo saber para responder a las inquietudes infantiles?,2017-06-02,UNIVERSIDAD CATOLICA LUIS AMIGO,3
01049,006,Eventos Científicos,Encuentro,X Encuentro Estudiantil de Experiencias Investigativas,2017-05-20,UNIVERSIDAD CATOLICA LUIS AMIGO,3
01050,006,Eventos Científicos,Otro,DIPLOMADO PARA PROFESIONALES NO LICENCIADOS,2017-06-02,UNIVERSIDAD CATOLICA LUIS AMIGO,3
01051,006,Eventos Científicos,Seminario,Bullying y otras manifestaciones de inequidad en la escuela,2016-11-28,UNIVERSIDAD CATOLICA LUIS AMIGO,3
01052,006,Eventos Científicos,Simposio,IV simposio Internacional de la Evaluación de los Aprendizajes,2016-11-27,UNIVERSIDAD CATOLICA LUIS AMIGO,3
01053,006,Eventos Científicos,Encuentro,IX Encuentro Estudiantil: Experiencias Investigativas,2016-11-12,UNIVERSIDAD CATOLICA LUIS AMIGO,3
01054,006,Eventos Científicos,Encuentro,XIX Encuentro nacional de investigación funlam-2016. Apropiación social del conocimiento.,2016-10-07,UNIVERSIDAD CATOLICA LUIS AMIGO,3
01055,006,Eventos Científicos,Encuentro,XIX Encuentro Nacional de Investigación,2016-10-07,UNIVERSIDAD CATOLICA LUIS AMIGO,3
01056,006,Eventos Científicos,Encuentro,XIX Encuentro Nacional de Investigación,2016-10-07,UNIVERSIDAD CATOLICA LUIS AMIGO,3
01057,006,Eventos Científicos,Encuentro,"XIX Encuentro Nacional de Investigación, ¿Apropiación social del conocimiento",2016-10-07,UNIVERSIDAD CATOLICA LUIS AMIGO,3
01058,006,Eventos Científicos,Encuentro,XIX Encuentro Nacional de Investigación. Apropiación social del conocimiento,2016-10-07,UNIVERSIDAD CATOLICA LUIS AMIGO,3
01059,006,Eventos Científicos,Encuentro,XIX Encuentro Nacional de Investigación Funlam-2016. Apropiación Social del Conocimiento,2016-10-07,UNIVERSIDAD CATOLICA LUIS AMIGO,3
01060,006,Eventos Científicos,Congreso,II Congreso Internacional de Antropología Pedagógica,2016-09-30,UNIVERSIDAD CATOLICA LUIS AMIGO,3
01061,006,Eventos Científicos,Simposio,Academic Sessions 8 - Conflict and Construction in Education: Towards Treasuring the Difference,2016-09-24,UNIVERSIDAD CATOLICA LUIS AMIGO,3
01062,006,Eventos Científicos,Encuentro,XVII Encuentro de Educación Infantil,2016-08-26,Asociación Antioqueña De Educación Infantil Aaei,3
01063,006,Eventos Científicos,Seminario,VI Seminario Internacional de Desarrollo Profesional de los Docentes de Lenguas Extranjeras,2016-08-12,UNIVERSIDAD CATOLICA LUIS AMIGO,3
01064,006,Eventos Científicos,Seminario,6to Seminario Internacional de Desarrollo Profesional de los Docentes de Lenguas Extranjeras: La Colaboración entre la Escuela y la Universidad,2016-08-12,UNIVERSIDAD DE ANTIOQUIA,3
01065,006,Eventos Científicos,Encuentro,VI Encuentro de profesores escritores,2016-05-27,UNIVERSIDAD DE ANTIOQUIA,3
01066,006,Eventos Científicos,Encuentro,"6to Encuentro de Profesores Escritores: Creación, el maestro y su obra",2016-05-27,UNIVERSIDAD DE ANTIOQUIA,3
01067,006,Eventos Científicos,Encuentro,Maestros gestores de seres: El ser y los modelos pedagógicos,2016-05-24,Consorcio por la infancia y la juventud,3
01068,006,Eventos Científicos,Encuentro,"Encuentro académico: Desarrollo, niñez y familia",2016-05-04,UNIVERSIDAD CATOLICA LUIS AMIGO,3
01069,006,Eventos Científicos,Otro,"Foro Derecho procesal, derecho probatorio y neurociencias",2016-04-27,UNIVERSIDAD DE MEDELLIN,3
01070,006,Eventos Científicos,Encuentro,XI Encuentro de Universidades Formadoras de Licenciados en Idiomas y II ELT Conference,2016-03-19,UNIVERSIDAD CATOLICA LUIS AMIGO,3
01071,006,Eventos Científicos,Congreso,XII CIHELA Congreso Iberoamericano de Historia de la Educación Latinoamericana,2016-03-18,UNIVERSIDAD DE ANTIOQUIA,3
01072,006,Eventos Científicos,Simposio,Symposium on Self-Determination Theory in Education: An Approach to Human Motivation,2016-03-10,UNIVERSIDAD CATOLICA LUIS AMIGO,3
01073,006,Eventos Científicos,Encuentro,II Encuentro: Universidad de los niños para agentes educativos y maestros,2015-11-28,UNIVERSIDAD CATOLICA LUIS AMIGO,3
01074,006,Eventos Científicos,Congreso,Rencontre Internationale sur l'enseignement des langues étrangères au Québec,2015-11-14,Universidad De Montreal,3
01075,006,Eventos Científicos,Encuentro,"Academic Sessions VII ""Classroom and research experiences"".",2015-10-31,UNIVERSIDAD CATOLICA LUIS AMIGO,3
01076,006,Eventos Científicos,Congreso,Congreso internacional en educación: tendencias en investigación y formación de maestros,2015-10-08,UNIVERSIDAD CATOLICA LUIS AMIGO,3
01077,006,Eventos Científicos,Congreso,Congreso Internacional en Educación: Tendencias en Investigación y Formación de Maestros,2015-10-08,UNIVERSIDAD CATOLICA LUIS AMIGO,3
01078,006,Eventos Científicos,Congreso,Congreso Internacional en Educación: Tendencias en Investigación y Formación de Maestros,2015-10-08,UNIVERSIDAD CATOLICA LUIS AMIGO,3
01079,006,Eventos Científicos,Congreso,50th ASOCOPI ANNUAL CONFERENCE,2015-10-10,UNIVERSIDAD CATOLICA LUIS AMIGO,3
01080,006,Eventos Científicos,Congreso,Segundo congreso internacional de pedagogía,2015-09-26,CORPORACIÓN UNIVERSITARIA MINUTO DE DIOS - UNIMINUTO,3
01081,006,Eventos Científicos,Encuentro,XVIII ENCUENTRO NACIONAL DE INVESTIGACION FUNLAM-2015. LA INVESTIGACION: UNA OPORTUNIDAD SOCIAL,2015-09-10,UNIVERSIDAD CATOLICA LUIS AMIGO,3
01082,006,Eventos Científicos,Encuentro,XVIII Encuentro Nacional de Investigación FUNLAM-2015: La investigación. Una oportunidad social.,2015-09-10,UNIVERSIDAD CATOLICA LUIS AMIGO,3
01083,006,Eventos Científicos,Encuentro,XVIII Encuentro Nacional de Investigación 2015,2015-09-10,UNIVERSIDAD CATOLICA LUIS AMIGO,3
01084,006,Eventos Científicos,Encuentro,XVIII ENCUENTRO NACIONAL DE INVESTIGACIÓN,2015-09-10,UNIVERSIDAD CATOLICA LUIS AMIGO,3
01085,006,Eventos Científicos,Encuentro,XVIII Encuentro Nacional de Investigación,2015-09-10,UNIVERSIDAD CATOLICA LUIS AMIGO,3
01086,006,Eventos Científicos,Encuentro,XVIII Encuentro Nacional de Investigación FUNLAM-2015. La Investigación: Una Oportunidad Social,2015-09-10,UNIVERSIDAD CATOLICA LUIS AMIGO,3
01087,006,Eventos Científicos,Simposio,"Simposio Internacional Educación, pedagogía y currículo",2015-08-07,UNIVERSIDAD CATOLICA LUIS AMIGO,3
01088,006,Eventos Científicos,Encuentro,5to Encuentro de Profesores Escritores: Comunicación de Experiencias y Diálogos con el Autor,2015-06-12,UNIVERSIDAD DE ANTIOQUIA,3
01089,006,Eventos Científicos,Encuentro,I Encuentro: Universidad de los niños para agentes educativos y maestros,2015-05-30,UNIVERSIDAD CATOLICA LUIS AMIGO,3
01090,006,Eventos Científicos,Congreso,XV Foro Internacional Educación Incial VI Congreso latinoamericano de la OMEP,2015-05-23,TECNOLOGICO DE ANTIOQUIA INSTITUCION UNIVERSITARIA,3
01091,006,Eventos Científicos,Congreso,XV Foro Internacional de educación inicial y VI Congreso latinoamericano de la OMEP,2015-05-23,Comfenalco-Antioquia,3
01092,006,Eventos Científicos,Encuentro,VI Encuentro Estudiantil: Experiencias Investigativas,2015-05-14,UNIVERSIDAD CATOLICA LUIS AMIGO,3
01093,006,Eventos Científicos,Taller,"XVIII Misión Académica, Cultural y de Cooperación a Europa",2015-05-25,UNIVERSIDAD CATOLICA LUIS AMIGO,3
01094,006,Eventos Científicos,Congreso,I CONGRESO INTERNACIONAL SOBRE ETICA PROFESIONAL Y RESPONSABILIDAD SOCIAL UNIVERSITARIA,2015-05-05,UNIVERSIDAD CATOLICA LUIS AMIGO,3
01095,006,Eventos Científicos,Seminario,SOCIALIZACION DE TRABAJOS DE GRADO II,2015-04-30,UNIVERSIDAD CATOLICA LUIS AMIGO,3
01096,006,Eventos Científicos,Encuentro,Foro de reflexiones y alternativas para la sostenibilidad. ¿Cómo consumir de forma responsable?,2015-04-29,UNIVERSIDAD CATOLICA LUIS AMIGO,3
01097,006,Eventos Científicos,Encuentro,Foro de reflexiones y alternativas para la sostenibilidad. ¿Cómo consumir de forma responsable?,2015-04-29,UNIVERSIDAD CATOLICA LUIS AMIGO,3
01098,006,Eventos Científicos,Congreso,Coloquio sobre Interdisciplinariedad en la Formación del Licenciado en Lenguas Extranjeras (CIFLEX),2015-03-21,UNIVERSIDAD CATOLICA LUIS AMIGO,3
01099,006,Eventos Científicos,Congreso,Coloquio sobre Interdisciplinariedad en la Formación del Licenciado en Lenguas Extranjeras (CIFLEX),2015-03-21,UNIVERSIDAD CATOLICA LUIS AMIGO,3
01100,006,Eventos Científicos,Congreso,VII CONGRESO INTERNACIONAL DE ADICCIONES Prevención y tratamiento en Adicciones a nivel psicosocial,2014-12-06,UNIVERSIDAD CATOLICA LUIS AMIGO,3
01101,006,Eventos Científicos,Seminario,II Socialización Trabajo de Grado,2014-10-31,UNIVERSIDAD CATOLICA LUIS AMIGO,3
01102,006,Eventos Científicos,Simposio,IV Simposio Nacional de investigaciones en primera infancia,2014-10-29,UNIVERSIDAD CATOLICA LUIS AMIGO,3
01103,006,Eventos Científicos,Encuentro,I ENCUENTRO INTERNACIONAL DE EDUCACIÓN: Espacios de investigación y divulgación,2014-10-31,Universidad Nacional Del Centro De La Provincia De Buenos Aires,3
01104,006,Eventos Científicos,Simposio,IV Simposio Nacional de Investigaciones en Primera Infancia,2014-10-29,UNIVERSIDAD CATOLICA LUIS AMIGO,3
01105,006,Eventos Científicos,Congreso,Primer Congreso Internacional de Pensamiento Latinoamericano. Una mirada desde las Ciencias Humanas y Sociales.,2014-10-22,Tipo de vinculación,3
01106,006,Eventos Científicos,Congreso,VI Congreso Iberoamericano de investigación Cualitativa en Salud. Universidad de Antioquia,2014-11-17,UNIVERSIDAD CATOLICA LUIS AMIGO,3
01107,006,Eventos Científicos,Encuentro,"La investigación, un compromiso con la sociedad",2014-10-16,UNIVERSIDAD CATOLICA LUIS AMIGO,3
01108,006,Eventos Científicos,Encuentro,Encuentro Nacional de Investigación 2014,2014-10-17,UNIVERSIDAD CATOLICA LUIS AMIGO,3
01109,006,Eventos Científicos,Encuentro,"La investigación, un compromiso con la sociedad",2014-10-16,UNIVERSIDAD CATOLICA LUIS AMIGO,3
01110,006,Eventos Científicos,Encuentro,Encuentro Nacional de Investigacion 2014,2014-10-17,UNIVERSIDAD CATOLICA LUIS AMIGO,3
01111,006,Eventos Científicos,Encuentro,XVII Encuentro Nacional de Investigaciones Funlam,2014-10-17,UNIVERSIDAD CATOLICA LUIS AMIGO,3
01112,006,Eventos Científicos,Encuentro,Encuentro Nacional de Investigación 2014,2014-10-17,UNIVERSIDAD CATOLICA LUIS AMIGO,3
01113,006,Eventos Científicos,Encuentro,Encuentro nacional de investigación 2014,2014-10-17,UNIVERSIDAD CATOLICA LUIS AMIGO,3
01114,006,Eventos Científicos,Encuentro,Encuentro Nacional de Investigaciones,2014-10-17,UNIVERSIDAD CATOLICA LUIS AMIGO,3
01115,006,Eventos Científicos,Congreso,49th ASOCOPI Annual Conference. English teachers´ narratives: Stories about teaching practices within local educational contexts,2014-10-11,Institución Educativa Puente Amarillo Francisco Torres León,3
01116,006,Eventos Científicos,Seminario,49th ASOCOPI Annual Conference: English Teacher's Narratives,2014-10-11,UNIVERSIDAD CATOLICA LUIS AMIGO,3
01117,006,Eventos Científicos,Congreso,49th Asocopi Annual Conference: English teachers' narratives,2014-10-11,Asociación Colombiana de Profesores de Inglés,3
01118,006,Eventos Científicos,Seminario,VI Coloquio Internacional sobre Investigación en Lenguas Extranjeras,2014-09-19,UNIVERSIDAD NACIONAL DE COLOMBIA SEDE BOGOTA,3
01119,006,Eventos Científicos,Congreso,Academic Sessions VI,2014-09-13,UNIVERSIDAD CATOLICA LUIS AMIGO,3
01120,006,Eventos Científicos,Seminario,Academic Sessions 6: Participating and creating,2014-09-13,UNIVERSIDAD CATOLICA LUIS AMIGO,3
01121,006,Eventos Científicos,Seminario,VI Academic Session: Participating and Creating,2014-09-13,UNIVERSIDAD CATOLICA LUIS AMIGO,3
01122,006,Eventos Científicos,Seminario,Academic Sessions 6: Participating and Creating,2014-09-13,UNIVERSIDAD CATOLICA LUIS AMIGO,3
01123,006,Eventos Científicos,Seminario,Academic sessions VI: participating and creating,2014-09-13,UNIVERSIDAD CATOLICA LUIS AMIGO,3
01124,006,Eventos Científicos,Congreso,"Responsabilidad social y educación: límites, desafíos y posibilidades",2014-09-15,UNIVERSIDAD CATOLICA LUIS AMIGO,3
01125,006,Eventos Científicos,Congreso,"Responsabilidad social y educación: límites, desafíos y posibilidades",2014-09-15,UNIVERSIDAD CATOLICA LUIS AMIGO,3
01126,006,Eventos Científicos,Seminario,V Seminario Internacional de Desarrollo Profesional de los Docentes de Lenguas Extranjeras,2014-08-06,UNIVERSIDAD DE ANTIOQUIA,3
01127,006,Eventos Científicos,Congreso,21 Congreso Internacional sobre Educación y Aprendizaje,2014-07-16,Common Gound Publishing,3
01128,006,Eventos Científicos,Congreso,XXI International Conference on Learning,2014-07-17,Common Gound Publishing,3
01129,006,Eventos Científicos,Simposio,"Simposio Internacional de Educación, Pedagogía y Formación",2014-05-09,Red Iberoamericana de Pedagogía,3
01130,006,Eventos Científicos,Simposio,"SIMPOSIO INTERNACIONAL DE  EDUCACIÓN, PEDAGOGÍA Y FORMACIÓN",2014-05-09,RED DE PEDAGOGIA S.A.S.,3
01131,006,Eventos Científicos,Simposio,"Simposio Internacional de Eduación, Pedagogía y Formación.",2014-05-09,RED DE PEDAGOGIA S.A.S.,3
01132,006,Eventos Científicos,Simposio,Simposio Internacional de Pedagogía,2014-05-07,RED DE PEDAGOGIA S.A.S.,3
01133,006,Eventos Científicos,Encuentro,XIII Encuentro Departamental de Semilleros de Investigación,2014-05-03,Fundacion Red Colombiana de Semilleros de Investigacion RedColsi -  Nodo Bucaramanga,3
01134,006,Eventos Científicos,Congreso,1er Congreso Internacional de Educación Inclusiva,2014-03-23,Universidad De Manizales - Umanizales,3
01135,006,Eventos Científicos,Otro,Self-Determination Theory: An Approach to Enhancing Students' Motivation and Wellness,2014-03-14,UNIVERSIDAD EAFIT,3
01136,006,Eventos Científicos,Seminario,Academic Sessions 5: Being Strategic,2013-09-21,UNIVERSIDAD CATOLICA LUIS AMIGO,3
01137,006,Eventos Científicos,Seminario,Academic Sessions V:  Being strategic,2013-09-21,UNIVERSIDAD CATOLICA LUIS AMIGO,3
01138,006,Eventos Científicos,Encuentro,Primer encuentro nacional de maestros en formación: Medios y mediaciones:  Nuevas tendencias pedagógicas y didácticas 2013,2013-09-13,Tipo de vinculación,3
01139,006,Eventos Científicos,Encuentro,Encuentro Nacional de Investigación 2013,2013-09-13,UNIVERSIDAD CATOLICA LUIS AMIGO,3
01140,006,Eventos Científicos,Encuentro,XVI Encuentro Nacional de Investigación,2013-09-13,UNIVERSIDAD CATOLICA LUIS AMIGO,3
01141,006,Eventos Científicos,Congreso,"Distancia II Congreso Internacional en temas y problemas de investigación en educación, sociedad, ciencia y tecnología.",,,3
01142,006,Eventos Científicos,Simposio,Eduación y Valores: Razón y fe,2013-06-14,RED DE PEDAGOGIA S.A.S.,3
01143,006,Eventos Científicos,Simposio,SIMPOSIO INTERNACIONAL. EDUCACIÓN Y VALORES: Razón y fe,,RED DE PEDAGOGIA S.A.S.,3
01144,006,Eventos Científicos,Otro,Proper Progress with Pronunciation - Please!,2013-05-16,RICHMOND,3
01145,006,Eventos Científicos,Encuentro,Segundo Encuentro Estudiantil: Experiencias Investigativas de la Facultad de Educación,2013-04-27,UNIVERSIDAD CATOLICA LUIS AMIGO,3
01146,006,Eventos Científicos,Simposio,Simposio Internacional Educación y Socioformación,2012-11-27,RED DE PEDAGOGIA S.A.S.,3
01147,006,Eventos Científicos,Simposio,SIMPOSIO INTERNACIONAL DE EDUCACIÓN,,,3
01148,006,Eventos Científicos,Simposio,II Simposio Nacional de investigaciones en primera Infancia,2012-10-01,UNIVERSIDAD CATOLICA LUIS AMIGO,3
01149,006,Eventos Científicos,Encuentro,Encuentro Nacional de Investigación 2012,2012-09-13,UNIVERSIDAD CATOLICA LUIS AMIGO,3
01150,006,Eventos Científicos,Congreso,V Congreso internacional de prospectiva estratégica y estudios de futuro,,,3
01151,006,Eventos Científicos,Encuentro,Primer Encuentro Estudiantil: Experiencias Investigativas,2011-11-01,Fundacion Universitaria Luis Amigó-Facultad de Educación,3
01152,006,Eventos Científicos,Encuentro,Primer Encuentro Formativo Infancia y Familia,2011-10-10,Centro de formación para la Paz y la reconciliación,3
01153,006,Eventos Científicos,Simposio,I Simposio Nacional e Internacional de Investigaciones en Primera Infancia,2011-08-19,Fundacion Universitaria Luis Amigó-Facultad de Educación,3
01154,006,Eventos Científicos,Simposio,Primer Simposio Nacional e Internacional de investigaciones en Primera Infancia,2011-08-01,Fundacion Universitaria Luis Amigó-Facultad de Educación,3
01155,006,Eventos Científicos,Simposio,Simposio Internacional de Pedagogía,2011-05-06,RED DE PEDAGOGIA S.A.S.,3
01156,006,Eventos Científicos,Seminario,Pedagogía y psicolingüística en el aprendizaje del inglés,2011-02-01,UNIVERSIDAD CATOLICA LUIS AMIGO,3
01157,006,Eventos Científicos,Seminario,Bullying o acoso escolar: Una estrategia preventiva entre familia y escuela,2010-10-01,UNIVERSIDAD CATOLICA LUIS AMIGO,3
01158,006,Eventos Científicos,Seminario,Practicas de crianza,2009-10-10,UNIVERSIDAD CATOLICA LUIS AMIGO,3
01159,006,Eventos Científicos,Encuentro,"Encuentro de semilleros, Nodo Antioquia",2009-05-09,Fundacion Red Colombiana de Semilleros de Investigacion RedColsi -  Nodo Bucaramanga,3
01160,006,Eventos Científicos,Encuentro,"Re inducción de estudiantes de la Facultad ""la investigación en la Facultad de educación""",2009-02-04,UNIVERSIDAD CATOLICA LUIS AMIGO,3
01161,006,Eventos Científicos,Seminario,El maestro y la Investigación para niños y adolescentes,2008-08-22,Fundacion Universitaria Luis Amigó-Facultad de Educación,3
01162,006,Eventos Científicos,Seminario,Seminario Internacional Cine y Psicología Social,,UNIVERSIDAD CATOLICA LUIS AMIGO,3
01163,006,Eventos Científicos,Encuentro,VIII Encuentro de Investigadores : Exclusión - Inclusión Social,,UNIVERSIDAD CATOLICA LUIS AMIGO,3
01164,007,Eventos Científicos,Encuentro,"Encuentro latinoamericano de Psicología y praxis transformadoras en lo terapéutico, psicosocial, psicopolítico y comunitario",2019-05-04,UNIVERSIDAD CATOLICA LUIS AMIGO,3
01165,007,Eventos Científicos,Seminario,Seminario Reflexiones Sistémicas en Familia III. Familia e intervención psicosocial. Cátedra Internacional con el profesor Ramón José Lema.,2018-05-05,GOBERNACION DE ANTIOQUIA,3
01166,007,Eventos Científicos,Seminario,Seminario Reflexiones Sistémicas en Familia III Familia e intervención Psicosocial. Cátedra Internacional con el profesor Ramón José Lema,2018-05-05,UNIVERSIDAD CATOLICA LUIS AMIGO,3
01167,007,Eventos Científicos,Seminario,Seminario Reflexiones Sistémicas en Familia III.  Familia e intervención psicosocial.  Cátedra Internacional con el profesor Ramón José Lema.,2018-05-05,GOBERNACION DE ANTIOQUIA,3
01168,007,Eventos Científicos,Seminario,X Seminario Nacional y IV Seminario Internacional de Familia Desafíos y perspectivas en el acompañamiento de parejas,2017-09-22,UNIVERSIDAD DE ANTIOQUIA,3
01169,007,Eventos Científicos,Encuentro,"XX Encuentro Nacional de Investigación, realizado por la Universidad Católica Luis Amigó",2017-09-08,UNIVERSIDAD DE CALDAS,3
01170,007,Eventos Científicos,Otro,FORO DEPARTAMENTAL FAMILIA Y POLÍTICA PÚBLICA,2017-05-24,GOBERNACION DE ANTIOQUIA,3
01171,007,Eventos Científicos,Seminario,Seminario Reflexiones Sistémicas en Familia II.  CIENCIA DE FAMILIA EN AMÉRICA LATINA.,2017-05-06,UNIVERSIDAD DE CALDAS,3
01172,007,Eventos Científicos,Seminario,Seminario Reflexiones Sistémicas en Familia II. CIENCIA DE FAMILIA EN AMÉRICA LATINA,2017-05-06,UNIVERSIDAD CATOLICA LUIS AMIGO,3
01173,007,Eventos Científicos,Seminario,Seminario Reflexiones Sistémicas en Familia I.,2016-10-15,UNIVERSIDAD CATOLICA LUIS AMIGO,3
01174,007,Eventos Científicos,Encuentro,XIX Encuentro Nacional de Investigación FUNLAM Apropiación Social del Conocimiento,2016-10-07,UNIVERSIDAD CATOLICA LUIS AMIGO,3
01175,007,Eventos Científicos,Encuentro,Encuentro Nacional de Investigación,2013-09-13,UNIVERSIDAD CATOLICA LUIS AMIGO,3
01176,007,Eventos Científicos,Seminario,Prácticas profesionales en Desarrollo Familiar,2012-12-14,UNIVERSIDAD CATOLICA LUIS AMIGO,3
01177,007,Eventos Científicos,Taller,Taller: Enamorándonos del amor,2012-10-29,UNIVERSIDAD CATOLICA LUIS AMIGO,3
01178,007,Eventos Científicos,Seminario,"I Seminario Internacional - IV Seminario Nacional de Familia ""La infancia cuenta"" Construcciones, deconstrucciones en torno al abuso sexual infantil.",2012-08-31,RED DE PROGRAMAS UNIVERSISTARIOS EN FAMILIA,3
01179,007,Eventos Científicos,Seminario,I Seminario Internacional IV Seminario Nacional de Familia LA INFANCIA CUENTA,2012-08-17,RED DE PROGRAMAS UNIVERSISTARIOS EN FAMILIA,3
01180,007,Eventos Científicos,Taller,Taller: Graficadores Familiares,2012-08-04,UNIVERSIDAD CATOLICA LUIS AMIGO,3
01181,007,Eventos Científicos,Seminario,"SEMINARIO INTERNACIONAL VIOLENCIA, JUVENTUD & MEDIOS",2012-08-04,UNIVERSIDAD CATOLICA LUIS AMIGO,3
01182,007,Eventos Científicos,Otro,Hacia la transformación de la Dinámica Investigativa,,,3
01183,007,Eventos Científicos,Congreso,III CONGRESO INTERNACIONAL DE FILOSOFÍA PENSAR EL MUNDO POSMODERNO,2012-07-19,UNIVERSIDAD CATOLICA LUIS AMIGO,3
01184,007,Eventos Científicos,Simposio,Simposio de Familia,2012-05-02,CORPORACIÓN PARA INVESTIGACIONES BIOLÓGICAS,3
01185,007,Eventos Científicos,Encuentro,X Encuentro de la Red Nacional de Programas Universitarios en Familia,2012-04-30,UNIVERSIDAD DE LOS LLANOS,3
01186,007,Eventos Científicos,Encuentro,I Encuentro Nacional y Cátedra Internacional sobre Intervenciones Psicosociales.,2012-04-30,UNIVERSIDAD CATOLICA LUIS AMIGO,3
01187,007,Eventos Científicos,Otro,Conferencia para padres y madres de familia,2021-04-30,Colegio Santa Maria Del Rosario,3
01188,007,Eventos Científicos,Encuentro,Educación Superior y familia: Diálogos que se construyen,2012-05-31,INSTITUCIÓN UNIVERSITARIA SALAZAR Y HERRERA,3
01189,007,Eventos Científicos,Taller,Festival Buen Comienzo,2012-04-30,ALCALDIA DE MEDELLIN,3
01190,007,Eventos Científicos,Encuentro,Tertulias en torno a la crianza humanizada,2012-04-30,UNIVERSIDAD DE ANTIOQUIA,3
01191,007,Eventos Científicos,Seminario,Bullying o acoso escolar: Una estrategia preventiva entre familia y escuela,2010-10-01,UNIVERSIDAD CATOLICA LUIS AMIGO,3
01192,007,Eventos Científicos,Seminario,FAMILIAS DEL TIEMPO: MEMORIAS Y TRAYECTORIAS EN COLOMBIA,,UNIVERSIDAD CATOLICA LUIS AMIGO,3
01193,007,Eventos Científicos,Seminario,"Familia colombiana en contextos de movilidad. A propósito del desplazamiento forzado y las migraciones internacionales"".",2007-01-02,UNIVERSIDAD CATOLICA LUIS AMIGO,3
01194,007,Eventos Científicos,Otro,"Atlas Ti (Manejo de Datos Cualitativos, apoyado en Software Cualitativo",2006-01-02,UNIVERSIDAD CATOLICA LUIS AMIGO,3
01195,007,Eventos Científicos,Seminario,Retos epistemológicos y metodológicos para el análisis de coyuntura en las Ciencias Sociales,,UNIVERSIDAD DE ANTIOQUIA,3
01196,007,Eventos Científicos,Taller,"Artes y oficios al investigar. Del hacer lo que se sabe, al saber cómo se hace",,UNIVERSIDAD CATOLICA LUIS AMIGO,3
01197,007,Eventos Científicos,Taller,Proyecto de Intervención y Prevención de la Violencia Intrafamiliar de la comuna siete del Municipio de Medellín. Enmarcado dentro del proyecto Desactivación de la Violencia Intrafamiliar,,Fundacion Universitaria Luis Amigó y Municipio de Medellín,3
01198,007,Eventos Científicos,Otro,Diseño de propuestas de prestación de servicios,,UNIVERSIDAD CATOLICA LUIS AMIGO,3
01199,007,Eventos Científicos,Congreso,"Coordinación del Simposio Género, guerra y paz",,,3
01200,007,Eventos Científicos,Encuentro,"VII encuentro de investigadores: ""La ciencia y la tecnología al servicio del Desarrollo Humano y Social",,UNIVERSIDAD CATOLICA LUIS AMIGO,3
01201,007,Eventos Científicos,Encuentro,VII Encuentro nacional de investigadores Fundación Universitaria Luis Amigó,,,3
01202,008,Eventos Científicos,Congreso,Congreso de Estudios Interdisciplinarios del Ambiente y la Sostenibilidad,2024-08-09,UNIVERSIDAD CATOLICA LUIS AMIGO,3
01203,008,Eventos Científicos,Seminario,Seminario Internacional de Investigación Procesos de Gentrificación y Verticalización de la ciudad,2024-04-19,UNIVERSIDAD CATOLICA LUIS AMIGO,3
01204,008,Eventos Científicos,Congreso,VIII CONGRESO INTERNACIONAL DE PSICOLOGÍA FIUC - LO PSICOSOCIAL: COMPRENSIONES EN CONTEXTO,2024-03-22,UNIVERSIDAD CATOLICA LUIS AMIGO,3
01205,008,Eventos Científicos,Congreso,III congreso de Salud Mental y Psiquiatría.,2024-02-17,UNIVERSIDAD CATOLICA LUIS AMIGO,3
01206,008,Eventos Científicos,Congreso,"Tercer Congreso Internacional Psicología, Territorios y Comunidades",2023-11-18,Universidad Nacional Abierta y a Distancia - UNAD,3
01207,008,Eventos Científicos,Encuentro,"XXVI Encuentro Nacional de Investigación, Innovación y Creación Artística y Cultural: Su impacto en la Educación y la Sociedad",2023-09-14,UNIVERSIDAD CATOLICA LUIS AMIGO,3
01208,008,Eventos Científicos,Congreso,Congreso Colombiano de Psicología 2023,2023-08-19,UNIVERSIDAD CATOLICA LUIS AMIGO,3
01209,008,Eventos Científicos,Congreso,"CONGRESO COLOMBIANO DE PSICOLOGÍA. SALUD MENTAL, BIENESTAR Y CONVIVENCIA",2023-08-19,UNIVERSIDAD CATOLICA LUIS AMIGO,3
01210,008,Eventos Científicos,Simposio,"VIII Simpósio Internacional Desigualdades, Direitos e Políticas Públicas: Novos ativismos e protagonistas na reinvenção da solidariedade socia",2022-11-18,Universidade do Vale do Rio dos Sinos - Unisinos,3
01211,008,Eventos Científicos,Congreso,II Congreso Iberoamericano de Salud Mental: Referentes imaginarios circunstanciales en pos pandemia,2022-10-21,UNIVERSIDAD CATOLICA LUIS AMIGO,3
01212,008,Eventos Científicos,Congreso,MULTICONFERENCIA HUMANOS-XXI Un encuentro entre Humanidad y Ciencia,2022-09-30,Corporación Instituto Antioqueño de Investigación,3
01213,008,Eventos Científicos,Encuentro,XXV Encuentro Nacional de Investigación,2022-09-16,UNIVERSIDAD CATOLICA LUIS AMIGO,3
01214,008,Eventos Científicos,Encuentro,"Foro municipal en el marco del mes de la salud mental, El carmen de Viboral.",2022-09-08,UNIVERSIDAD CATOLICA LUIS AMIGO,3
01215,008,Eventos Científicos,Encuentro,XVII Cátedra Mercedes Rodrigo 2022,2022-05-28,UNIVERSIDAD DE PAMPLONA,3
01216,008,Eventos Científicos,Congreso,Congreso Colombiano de Psicología 2021,2021-10-22,Asociación Colombiana de Facultades de Psicología Ascofapsi,3
01217,008,Eventos Científicos,Encuentro,Primer foro de país: Una mirada integral del comportamiento suicida. Una estrategia por la vida.,2021-10-01,UNIVERSIDAD CATOLICA LUIS AMIGO,3
01218,008,Eventos Científicos,Encuentro,XXIV Encuentro Nacional de Investigación (Universidad Católica Luis Amigó),2021-09-10,UNIVERSIDAD CATOLICA LUIS AMIGO,3
01219,008,Eventos Científicos,Encuentro,XXIV Encuentro Nacional de Investigación (Universidad Católica Luis Amigó),2021-09-10,UNIVERSIDAD CATOLICA LUIS AMIGO,3
01220,008,Eventos Científicos,Encuentro,XXIV Encuentro Nacional de Investigación (Universidad Católica Luis Amigó),2021-09-10,UNIVERSIDAD CATOLICA LUIS AMIGO,3
01221,008,Eventos Científicos,Simposio,"Osadías para la Salud Pública Juvenil. Secretaría de la Juventud, Alcaldía de Medellín",2021-08-29,ALCALDIA DE MEDELLIN,3
01222,008,Eventos Científicos,Otro,"IV Bienal Latinoamericana y Caribeña en Primera Infancia, Niñez y Juventud. Desigualdades, Diversidades y Desplazamientos",2021-08-06,FUNDACIÓN CENTRO INTERNACIONAL DE EDUCACIÓN Y DESARROLLO HUMANO-CINDE,3
01223,008,Eventos Científicos,Congreso,"IV Bienal latinoamericana y caribeña en primera infancia, niñez y juventud. Desigualdades, diversidades y desplazamientos",2021-08-06,FUNDACIÓN CENTRO INTERNACIONAL DE EDUCACIÓN Y DESARROLLO HUMANO-CINDE,3
01224,008,Eventos Científicos,Congreso,9° Congreso Internacional de Psicología y Educación (Modalidad Virtual),2021-06-05,Congresos Pi by Psichology Investigation,3
01225,008,Eventos Científicos,Congreso,II Congreso Regional de investigación en Psicología del Eje Cafetero y norte del Valle,2021-05-16,UNIVERSIDAD CATOLICA LUIS AMIGO,3
01226,008,Eventos Científicos,Congreso,II Congreso Regional de Investigaciones en Psicología: Retos y perspectivas en abordajes de problemáticas psicosociales emergentes,2021-04-16,Universidad De Manizales - Umanizales,3
01227,008,Eventos Científicos,Congreso,II Congreso regional en Psicología. Retos y perspectivas en abordajes de problemáticas psicosociales emergentes,2021-04-16,UNIVERSIDAD AUTONOMA DE MANIZALES,3
01228,008,Eventos Científicos,Congreso,II Congreso Regional de Investigaciones en Psicología: Retos y perspectivas en abordajes de problemáticas psicosociales emergentes,2021-04-16,UNIVERSIDAD CATOLICA LUIS AMIGO,3
01229,008,Eventos Científicos,Congreso,Congreso Internacional Cátedra Unesco 2020. Mejoramiento de las Condiciones de Vida de la Población Desplazada y los Retos de la Transición,2020-11-20,UNIVERSIDAD CATOLICA LUIS AMIGO,3
01230,008,Eventos Científicos,Congreso,I Congreso Internacional PsicoActualidad (CIP): Visión Iberoamericana de las Realidades y Desafíos de la Sociedad,2020-11-20,TECNOLOGICO DE ANTIOQUIA INSTITUCION UNIVERSITARIA,3
01231,008,Eventos Científicos,Encuentro,"XIII Encuentro Internacional Pensar el Caos, el Vació y las Complejidades en Educación",2020-11-17,Universidad De Manizales - Umanizales,3
01232,008,Eventos Científicos,Simposio,IV Simposio Nacional de Estudios Literarios. Panel Literatura y Educación en la Diversidad,2020-11-12,UNIVERSIDAD DEL TOLIMA,3
01233,008,Eventos Científicos,Simposio,X Simposio internacional de investigación en educación y ciencias sociales,2020-10-31,Universidad De Manizales - Umanizales,3
01234,008,Eventos Científicos,Encuentro,II Encuentro de la ECSAH,2020-10-23,UNIVERSIDAD NACIONAL ABIERTA Y A DISTANCIA,3
01235,008,Eventos Científicos,Congreso,Semana de la Psicología,2020-10-16,UNIVERSIDAD CATOLICA LUIS AMIGO,3
01236,008,Eventos Científicos,Encuentro,XXIII Encuentro nacional de investigación,2020-10-16,UNIVERSIDAD CATOLICA LUIS AMIGO,3
01237,008,Eventos Científicos,Encuentro,XXII Encuentro Nacional de Investigación,2020-10-16,UNIVERSIDAD CATOLICA LUIS AMIGO,3
01238,008,Eventos Científicos,Otro,XXIII Encuentro Nacional de Investigación,2020-10-16,UNIVERSIDAD CATOLICA LUIS AMIGO,3
01239,008,Eventos Científicos,Encuentro,"XXIII Encuentro Nacional de Investigación, realizado por la Universidad Católica Luis Amigó",2020-10-16,UNIVERSIDAD CATOLICA LUIS AMIGO,3
01240,008,Eventos Científicos,Encuentro,XXIII Encuentro Nacional de Investigación,2020-10-16,UNIVERSIDAD CATOLICA LUIS AMIGO,3
01241,008,Eventos Científicos,Encuentro,XXIII Encuentro Nacional de Investigación,2020-10-16,UNIVERSIDAD CATOLICA LUIS AMIGO,3
01242,008,Eventos Científicos,Encuentro,XXIII Encuentro Nacional de Investigación,2020-10-16,UNIVERSIDAD CATOLICA LUIS AMIGO,3
01243,008,Eventos Científicos,Encuentro,XXIII Encuentro Nacional de Investigación,2020-10-16,UNIVERSIDAD CATOLICA LUIS AMIGO,3
01244,008,Eventos Científicos,Encuentro,XXIII Encuentro Nacional de Investigación,2020-10-16,UNIVERSIDAD CATOLICA LUIS AMIGO,3
01245,008,Eventos Científicos,Encuentro,XXIII ENCUENTRO NACIONAL DE INVESTIGACIÓN,2020-10-16,UNIVERSIDAD CATOLICA LUIS AMIGO,3
01246,008,Eventos Científicos,Seminario,Seminario Latinoamericano: Diálogo de Saberes Para Una Pedagogía Hospitalaria en el Siglo XXI Post-pandemia,2020-10-14,UNIVERSIDAD CATÓLICA DE MANIZALES,3
01247,008,Eventos Científicos,Encuentro,XXIII ECUENTRO NACIONAL DE INVESTIGACIÓN,2020-10-16,UNIVERSIDAD CATOLICA LUIS AMIGO,3
01248,008,Eventos Científicos,Seminario,Seminario Internacional de Investigación Segregación y fragmentación urbana,2020-09-25,Universidad de Guadalajara,3
01249,008,Eventos Científicos,Congreso,IX Coloquio Nacional y VI Internacional de Metodología de la Investigación en Ciencias Sociales: La Cualidad de la Calidad Desafíos y Posibilidades Sociales/Educativas en América Latina Territorios/Cualidades/Interculturalidades,2020-10-08,UNIVERSIDAD CATÓLICA DE MANIZALES,3
01250,008,Eventos Científicos,Encuentro,VI Encuentro Internacional de Pasantías de Investigación (DELFIN),2020-08-05,UNIVERSIDAD CATOLICA LUIS AMIGO,3
01251,008,Eventos Científicos,Seminario,Seminario Tiempo de epidemias en las sociedades de individuos,2020-06-17,UNIVERSIDAD NACIONAL DE COLOMBIA,3
01252,008,Eventos Científicos,Otro,IV Panel de lo psicosocial: vivencias y resistencias en medio de una pandemia,2020-05-15,UNIVERSIDAD CATOLICA LUIS AMIGO,3
01253,008,Eventos Científicos,Simposio,IV Foro de lo Psicosocial: Vivencias y Experiencias de Resistencia en Medio de una Pandemia,2020-05-15,UNIVERSIDAD CATOLICA LUIS AMIGO,3
01254,008,Eventos Científicos,Encuentro,Jornada de Estudios Historiográficos,2020-04-24,UNIVERSIDAD DEL ATLÁNTICO,3
01255,008,Eventos Científicos,Congreso,XI Congreso Internacional de Salud Pública,2019-11-22,UNIVERSIDAD DE ANTIOQUIA,3
01256,008,Eventos Científicos,Encuentro,Lo Psicosocial en los contextos Latinoamericanos,2019-10-26,UNIVERSIDAD CATOLICA LUIS AMIGO,3
01257,008,Eventos Científicos,Seminario,I Coloquio Internacional de Investigación: Los Retos de la Investigación a la Solución de Problemas Sociales,2019-10-21,UNIVERSIDAD CATOLICA LUIS AMIGO,3
01258,008,Eventos Científicos,Congreso,"Congreso Internacional de Investigación Red RIACO 2019, VIII Encuentro de Investigadores y V Encuentro de Semilleros de Investigación: Innovación, Estrategia y Competitividad para el Desarrollo de las Regiones",2019-10-18,UNIVERSIDAD CATOLICA LUIS AMIGO,3
01259,008,Eventos Científicos,Encuentro,XXII Encuentro Nacional de Investigación,2019-10-16,UNIVERSIDAD CATOLICA LUIS AMIGO,3
01260,008,Eventos Científicos,Otro,Semana de la psicología: Fenómenos Psicosociales Contemporáneos,2019-10-11,UNIVERSIDAD CATOLICA LUIS AMIGO,3
01261,008,Eventos Científicos,Encuentro,Foro Municipal sobre Salud Mental en el Suroeste Antioqueño.,2019-10-10,UNIVERSIDAD CATOLICA LUIS AMIGO,3
01262,008,Eventos Científicos,Congreso,"Congreso Nacional de la Cátedra Unesco: Desplazamiento Forzado, Ruptura de los Vínculos Sociales Rotos y Construcción de Políticas Públicas Desde Abajo",2019-10-11,UNIVERSIDAD EXTERNADO DE COLOMBIA,3
01263,008,Eventos Científicos,Congreso,Congreso Internacional Epistemologías del Sur y Ruralidades Latinoamericanas,2019-10-11,UNIVERSIDAD CATOLICA DE ORIENTE,3
01264,008,Eventos Científicos,Congreso,VIII Congreso internacional ALFEPSI. Discursos y prácticas para una formación en psicología latinoamericana culturalmente sensible.,2019-10-05,UNIVERSIDAD COOPERATIVA DE COLOMBIA,3
01265,008,Eventos Científicos,Congreso,Primer Congreso Internacional de Práctica Pedagógica,2019-10-04,UNIVERSIDAD CATOLICA LUIS AMIGO,3
01266,008,Eventos Científicos,Congreso,VIII Congreso internacional ALFEPSI. Discursos y prácticas para una formación en psicología latinoamericana culturalmente sensible.,2019-10-05,UNIVERSIDAD CATOLICA LUIS AMIGO,3
01267,008,Eventos Científicos,Congreso,VIII Congreso internacional ALFEPSI. Discursos y prácticas para una formación en psicología latinoamericana culturalmente sensible.,2019-10-05,UNIVERSIDAD COOPERATIVA DE COLOMBIA,3
01268,008,Eventos Científicos,Congreso,VIII Congreso internacional ALFEPSI. Discursos y prácticas para una formación en psicología latinoamericana culturalmente sensible.,2019-10-05,UNIVERSIDAD COOPERATIVA DE COLOMBIA,3
01269,008,Eventos Científicos,Congreso,Primer Congreso Internacional de Práctica Pedagógica,2019-10-04,UNIVERSIDAD DE CALDAS,3
01270,008,Eventos Científicos,Congreso,XIX Congreso Colombiano de Historia,2019-10-04,Asociación Colombiana de Historiadores,3
01271,008,Eventos Científicos,Congreso,IX Congreso Iberoamericano de Psicología Clínica y de la Salud,2019-09-27,Asociación Psicológica Iberoamericana de Clínica y Salud-APICSA,3
01272,008,Eventos Científicos,Congreso,IX Congreso Iberoamericano de Psicología Clínica y de la Salud,2019-09-27,Asociación Psicológica Iberoamericana de Clínica y Salud-APICSA,3
01273,008,Eventos Científicos,Congreso,Congreso Colombiano de Psicología,2019-09-14,UNIVERSIDAD CATOLICA LUIS AMIGO,3
01274,008,Eventos Científicos,Congreso,Congreso Colombiano de Psicología,2019-09-14,UNIVERSIDAD CATOLICA LUIS AMIGO,3
01275,008,Eventos Científicos,Congreso,Congreso Colombiano de Psicología 2019,2019-09-14,UNIVERSIDAD CATOLICA LUIS AMIGO,3
01276,008,Eventos Científicos,Encuentro,Foro Regional sobre Prevención del Comportamiento Suicida en el Oriente Antioqueño.,2019-09-06,UNIVERSIDAD CATOLICA LUIS AMIGO,3
01277,008,Eventos Científicos,Encuentro,XXII Encuentro Nacional de Investigación,2019-09-06,UNIVERSIDAD CATOLICA LUIS AMIGO,3
01278,008,Eventos Científicos,Encuentro,XXII Encuentro Nacional de Investigación,2019-09-06,UNIVERSIDAD CATOLICA LUIS AMIGO,3
01279,008,Eventos Científicos,Encuentro,"XXII Encuentro nacional de investigación, Universidad Católica Luis Amigó",2019-09-06,UNIVERSIDAD CATOLICA LUIS AMIGO,3
01280,008,Eventos Científicos,Encuentro,XXII Encuentro Nacional de Investigación.,2019-09-06,UNIVERSIDAD CATOLICA LUIS AMIGO,3
01281,008,Eventos Científicos,Encuentro,Encuentro Nacional de Investigación (Universidad Católica Luis Amigó)¿La integralidad formativa: una visión humanista¿,2019-09-06,UNIVERSIDAD CATOLICA LUIS AMIGO,3
01282,008,Eventos Científicos,Congreso,"ARALMA CONGRESO MUNDIAL""INFANCIA SIN VIOLENCIA""",2019-08-23,ARALMA,3
01283,008,Eventos Científicos,Otro,"V coloquio internacional Educación, inclusión y equidad social",2019-06-19,FUNDACIÓN UNIVERSITARIA LOS LIBERTADORES,3
01284,008,Eventos Científicos,Simposio,"VII Coloquio Nacional y V Internacional de Metodología de la Investigación en Ciencias Sociales: Lo Intercultural Como Problema Social / Educativo en America Latina: Territorios, Tiempos, Subjetividades y Naturaleza",2019-05-24,UNIVERSIDAD CATÓLICA DE MANIZALES,3
01285,008,Eventos Científicos,Encuentro,"Encuentro Latinoamericano de Psicología y Práxis transformadoras en lo Terapéutio, Psicosocial, Psicopolítico y Comunitario",2019-05-04,Corporación Cátedra Libre Ignacio Martín Baró,3
01286,008,Eventos Científicos,Encuentro,"Encuentro Latinoamericano de psicología y praxis transformadoras: en lo terapeútico, psicosocial, psicopolítico y comunitario",2019-05-03,UNIVERSIDAD CATOLICA LUIS AMIGO,3
01287,008,Eventos Científicos,Encuentro,Encuentro Latinoamericano de Psicología y Práxis Transformadoras,2019-10-04,Corporación Cátedra Libre Ignacio Martín Baró,3
01288,008,Eventos Científicos,Encuentro,"Encuentro Latinoamericano de Psicologìa y pràxis transformadoras en lo terapeutico, psicosocial, psicopolìtico y comunitario",2019-05-04,UNIVERSIDAD CATOLICA LUIS AMIGO,3
01289,008,Eventos Científicos,Encuentro,"Encuentro Latinoamericano de Psicologìa y pràxis transformadoras en lo terapeutico, psicosocial, psicopolìtico y comunitario",2019-05-04,UNIVERSIDAD CATOLICA LUIS AMIGO,3
01290,008,Eventos Científicos,Encuentro,"Encuentro latinoamericano de psicología y práxis transformadoras en lo terapeútico, psicosocial, psicopolítico y comunitario",2019-05-04,Corporación Cátedra Libre Ignacio Martín Baró,3
01291,008,Eventos Científicos,Encuentro,"Encuentro Latinoamericano de Psicología y praxis transformadoras en lo terapéutico, psicosocial, psicopolítico y comunitario",2019-05-04,Corporación Cátedra Libre Ignacio Martín Baró,3
01292,008,Eventos Científicos,Congreso,1er Congreso Latinoamericano de Documentación y RevitalizacióN De Lenguas Nativas,2019-04-26,UNIVERSIDAD CATOLICA LUIS AMIGO,3
01293,008,Eventos Científicos,Taller,Catedra abierta UdeA.,2019-04-04,UNIVERSIDAD CATOLICA LUIS AMIGO,3
01294,008,Eventos Científicos,Encuentro,VIII Encuentro Internacional de historia oral y memorias,2019-04-06,UNIVERSIDAD CATOLICA LUIS AMIGO,3
01295,008,Eventos Científicos,Encuentro,Ciclo académico Día-Logos,2019-04-01,UNIVERSIDAD DE ANTIOQUIA,3
01296,008,Eventos Científicos,Encuentro,VII Encuentro Iberoamericano de Historia de la Psiquiatría,2018-12-07,UNIVERSIDAD DE ANTIOQUIA,3
01297,008,Eventos Científicos,Encuentro,VII Encuentro Iberoamericano de Historia de la Psiquiatría,2018-12-07,UNIVERSIDAD DE ANTIOQUIA,3
01298,008,Eventos Científicos,Congreso,"VIII Conferencia Latinoamericana y Caribeña de Ciencias Sociales: luchas por la igualdad, la justicia social y la democracia en un mundo Turbulento.",2018-11-23,Consejo Latinoamericano de Ciencias Sociales - CLACSO,3
01299,008,Eventos Científicos,Congreso,Primer Congreso Internacional de Ciencias Humanas y Sociales: Situación actual y desafíos de la educación inclusiva,2018-11-10,Corporación Universitaria Minuto De Dios - Sede Bello,3
01300,008,Eventos Científicos,Congreso,1er Congreso Internacional de Ciencias Humanas y Sociales: Situación Actual y Desafíos de la Educación Inclusiva,2018-11-10,Corporación Universitaria Minuto De Dios - Sede Bello,3
01301,008,Eventos Científicos,Congreso,"Tercer Congreso Internacional de Pedagogía Amigoniana, ¿Perspectivas y desafíos en el Siglo XXI""",2018-11-10,UNIVERSIDAD CATOLICA LUIS AMIGO,3
01302,008,Eventos Científicos,Encuentro,III Encuentro Internacional de Pedagogía Amigoniana,2018-11-09,UNIVERSIDAD CATOLICA LUIS AMIGO,3
01303,008,Eventos Científicos,Encuentro,III Encuentro latinoamericano de investigadores sobre cuerpos y corporalidades en las culturas,2018-11-09,UNIVERSIDAD NACIONAL AUTÓNOMA DE MÉXICO,3
01304,008,Eventos Científicos,Congreso,II Congreso Internacional Laura Montoya Upegui,2018-11-02,UNIVERSIDAD DE ANTIOQUIA,3
01305,008,Eventos Científicos,Encuentro,1 Encuentro Nacional de Investigación sobre el Pueblo Misak.,2018-10-28,UNIVERSIDAD CATOLICA LUIS AMIGO,3
01306,008,Eventos Científicos,Seminario,"""Lo dialógico como posibilidad para la reconciliación social""",2018-10-25,UNIVERSIDAD CATOLICA LUIS AMIGO,3
01307,008,Eventos Científicos,Seminario,Seminario Taller de Infancias y Adolescencias,2018-10-20,UNIVERSIDAD DEL TOLIMA,3
01308,008,Eventos Científicos,Seminario,Seminario Taller de Infancias y Adolescencias,2018-10-20,UNIVERSIDAD DEL TOLIMA,3
01309,008,Eventos Científicos,Encuentro,XXI Encuentro Nacional de Investigación,2018-09-07,UNIVERSIDAD CATOLICA LUIS AMIGO,3
01310,008,Eventos Científicos,Encuentro,"XXI Encuentro Nacional de Investigación (Universidad Católica Luis Amigó). ¿Ciencia, Sociedad e Innovación¿",2018-09-08,UNIVERSIDAD CATOLICA LUIS AMIGO,3
01311,008,Eventos Científicos,Encuentro,Encuentro Nacional de Investigación (Universidad Católica Luis Amigó),2018-09-07,UNIVERSIDAD CATOLICA LUIS AMIGO,3
01312,008,Eventos Científicos,Encuentro,XXI Encuentro Nacional de Investigaciones,2018-09-08,UNIVERSIDAD CATOLICA LUIS AMIGO,3
01313,008,Eventos Científicos,Otro,III Bienal Latinoaméricana y caribeña de infancias y juventudes,2018-08-03,UNIVERSIDAD CATOLICA LUIS AMIGO,3
01314,008,Eventos Científicos,Otro,III Bienal Latinoaméricana y caribeña de infancias y juventudes,2018-08-03,UNIVERSIDAD CATOLICA LUIS AMIGO,3
01315,008,Eventos Científicos,Congreso,"III BIENAL LATINOAMERICANA Y CARIBEÑA EN INFANCIAS Y JUVENTUDES: DESIGUALDADES, DESAFÍOS A LA DEMOCRACIA, MEMORIAS Y RE-EXISTENCIAS",2018-08-03,FUNDACIÓN CENTRO INTERNACIONAL DE EDUCACIÓN Y DESARROLLO HUMANO-CINDE,3
01316,008,Eventos Científicos,Congreso,"III BIENAL LATINOAMERICANA Y CARIBEÑA EN INFANCIAS Y JUVENTUDES: DESIGUALDADES, DESAFÍOS A LA DEMOCRACIA, MEMORIAS Y RE-EXISTENCIAS",2018-08-03,FUNDACIÓN CENTRO INTERNACIONAL DE EDUCACIÓN Y DESARROLLO HUMANO-CINDE,3
01317,008,Eventos Científicos,Congreso,"III BIENAL LATINOAMERICANA Y CARIBEÑA EN INFANCIAS Y JUVENTUDES: DESIGUALDADES, DESAFÍOS A LA DEMOCRACIA, MEMORIAS Y RE-EXISTENCIAS",2018-08-03,FUNDACIÓN CENTRO INTERNACIONAL DE EDUCACIÓN Y DESARROLLO HUMANO-CINDE,3
01318,008,Eventos Científicos,Congreso,"III BIENAL LATINOAMERICANA Y CARIBEÑA EN INFANCIAS Y JUVENTUDES: DESIGUALDADES, DESAFÍOS A LA DEMOCRACIA, MEMORIAS Y RE-EXISTENCIAS",2018-08-03,FUNDACIÓN CENTRO INTERNACIONAL DE EDUCACIÓN Y DESARROLLO HUMANO-CINDE,3
01319,008,Eventos Científicos,Otro,"III BIENAL LATINOAMERICANA Y CARIBEÑA EN INFANCIAS Y JUVENTUDES: Desigualdades, desafíos a la Democracia, Memorias y Re-existencias",2018-08-03,Universidad De Manizales - Umanizales,3
01320,008,Eventos Científicos,Otro,"III Bienal Latinoamericana de Infancias y Juventudes. Desigualdades, Desafios a las Democracias, Memorias y Re-existencias",2018-08-03,Universidad De Manizales - Umanizales,3
01321,008,Eventos Científicos,Otro,I Escuela Internacional de Verano. Colombia: Memoria y Migración,2018-08-03,DAAD - Servicio Alemán de Intercambio Académico,3
01322,008,Eventos Científicos,Congreso,VIII Congreso Latinoamericano de Psicología Junguiana,2018-07-14,UNIVERSIDAD CATOLICA LUIS AMIGO,3
01323,008,Eventos Científicos,Seminario,Simposio Conmemorativo de los Primeros 10 Años del Centro de Estudios en Conocimiento y Cultura en America Latina,2018-06-08,Universidad De Manizales - Umanizales,3
01324,008,Eventos Científicos,Seminario,"Webinar Filosofías de la diferencia y la educación: alteridad, acontecimiento y hospitalidad",2018-05-17,UNIVERSIDAD AUTONOMA DE MANIZALES,3
01325,008,Eventos Científicos,Congreso,XVI Congreso Internacional de Humanidades: perspectivas de humanidad en las sociedades digitales.,2018-05-11,"UNIVERSIDAD SANTO TOMÁS, SECCIONAL BUCARAMANGA",3
01326,008,Eventos Científicos,Encuentro,II Encuentro Internacional de Ciencia Política,2018-04-27,UNIVERSIDAD CATOLICA LUIS AMIGO,3
01327,008,Eventos Científicos,Encuentro,II Encuentro Internacional de Ciencia Política,2018-04-27,Fundación Konrad Adenauer Stiftung Colombia,3
01328,008,Eventos Científicos,Congreso,XVII Congreso Colombiano de Historia. Mesa Historia de la Salud,2017-10-11,Asociación Colombiana de Historiadores,3
01329,008,Eventos Científicos,Encuentro,XX Encuentro Nacional de Investigación,2017-09-07,UNIVERSIDAD CATOLICA LUIS AMIGO,3
01330,008,Eventos Científicos,Encuentro,Encuentro nacional de investigación,2017-09-08,UNIVERSIDAD CATOLICA LUIS AMIGO,3
01331,008,Eventos Científicos,Otro,XX Encuentro Nacional de Investigación,2017-09-08,UNIVERSIDAD CATOLICA LUIS AMIGO,3
01332,008,Eventos Científicos,Encuentro,"XX Encuentro Nacional de Investigación. Investigación, desarrollo e innovación",2017-09-08,UNIVERSIDAD CATOLICA LUIS AMIGO,3
01333,008,Eventos Científicos,Encuentro,XX encuentro nacional de Investigación.,2017-09-08,UNIVERSIDAD CATOLICA LUIS AMIGO,3
01334,008,Eventos Científicos,Encuentro,XX Encuentro Nacional de Investigación,2017-09-08,UNIVERSIDAD CATOLICA LUIS AMIGO,3
01335,008,Eventos Científicos,Encuentro,XX Encuentro Nacional de Investigación,2017-09-08,UNIVERSIDAD CATOLICA LUIS AMIGO,3
01336,008,Eventos Científicos,Otro,Diplomado Construcción comunitaria de paz,2017-11-25,UNIVERSIDAD CATOLICA LUIS AMIGO,3
01337,008,Eventos Científicos,Simposio,Congreso Colombiano de Psicología,2017-09-02,UNIVERSIDAD CATOLICA LUIS AMIGO,3
01338,008,Eventos Científicos,Congreso,Congreso Colombiano de Psicología,2017-09-02,UNIVERSIDAD CATOLICA LUIS AMIGO,3
01339,008,Eventos Científicos,Congreso,Congreso Colombiano de Psicología 2017,2017-09-02,UNIVERSIDAD CATOLICA LUIS AMIGO,3
01340,008,Eventos Científicos,Congreso,"Congresos de GKA, [2017] Congreso Internacional de Ciencias Sociales",2017-07-14,Universidad Rey Juan Carlos de Madrid,3
01341,008,Eventos Científicos,Congreso,IV Congreso Internacional y IX Nacional de Innovaciones en Psicología y Salud Mental,2017-06-16,UNIVERSIDAD CATOLICA LUIS AMIGO,3
01342,008,Eventos Científicos,Simposio,IV Simposio Itinerante de Psicología Jurídica,2017-05-13,UNIVERSIDAD NACIONAL DE COLOMBIA,3
01343,008,Eventos Científicos,Seminario,Seminario Reflexiones Sistémicas en Familia II: Ciencia de Familia en América Latina.,2017-05-06,UNIVERSIDAD CATOLICA LUIS AMIGO,3
01344,008,Eventos Científicos,Seminario,Seminario de Reflexiones Sistémicas de Familia II: ciencia de Familia en América Latina,2017-05-06,UNIVERSIDAD CATOLICA LUIS AMIGO,3
01345,008,Eventos Científicos,Seminario,Seminario veinte Corporación Ser Especial,2017-04-01,Corporación Ser especial,3
01346,008,Eventos Científicos,Encuentro,"Foro de ciudad: Una mirada a las violencias sexuales, rutas y retos.",2016-12-02,UNIVERSIDAD CATOLICA LUIS AMIGO,3
01347,008,Eventos Científicos,Encuentro,VI Encuentro de la Red Iberoamericana de Historia de la Psiquiatría,2016-12-03,Archivo Nacional de Chile,3
01348,008,Eventos Científicos,Congreso,II Bienal Iberoamericana de infancias y juventudes,2016-11-11,UNIVERSIDAD CATOLICA LUIS AMIGO,3
01349,008,Eventos Científicos,Congreso,"II BIENAL IBEROAMERICANA DE INFANCIAS Y JUVENTUDES: Transformaciones Democráticas, Justicia Social y Procesos de Construcción de Paz",2016-11-11,UNIVERSIDAD CATOLICA LUIS AMIGO,3
01350,008,Eventos Científicos,Congreso,II Congreso internacional de la sociedad española de psicología social,2016-10-22,UNIVERSIDAD CATOLICA LUIS AMIGO,3
01351,008,Eventos Científicos,Encuentro,XIX Encuentro Nacional de Investigación,2016-10-07,UNIVERSIDAD CATOLICA LUIS AMIGO,3
01352,008,Eventos Científicos,Encuentro,XIX encuentro nacional de investigación,2016-10-07,UNIVERSIDAD CATOLICA LUIS AMIGO,3
01353,008,Eventos Científicos,Encuentro,XIX Encuentro Nacional de Investigación FUNLAM. Apropiación Social del Conocimiento,2016-10-07,UNIVERSIDAD CATOLICA LUIS AMIGO,3
01354,008,Eventos Científicos,Encuentro,XIX Encuentro Nacional de Investigación. Apropiación social del conocimiento,2016-10-07,UNIVERSIDAD CATOLICA LUIS AMIGO,3
01355,008,Eventos Científicos,Encuentro,"XIX Encuentro Nacional de Investigación Funlam: ""Apropiación social del conocimiento""",2016-10-07,UNIVERSIDAD CATOLICA LUIS AMIGO,3
01356,008,Eventos Científicos,Encuentro,II Encuentro de la Red Colombiana de Historia de la Salud Mental,2016-08-18,UNIVERSIDAD DE ANTIOQUIA,3
01357,008,Eventos Científicos,Congreso,31st International congress of psychology (ICP 2016),2016-07-29,UNIVERSIDAD CATOLICA LUIS AMIGO,3
01358,008,Eventos Científicos,Congreso,3er Congreso Iberolatinoamericano de Psicología Política,2016-06-17,UNIVERSIDAD CATOLICA LUIS AMIGO,3
01359,008,Eventos Científicos,Seminario,"Seminario Internacional La Intervención psicosocial en contexto: individuo, familia y comunidad. Reflexiones desde la investigación y la intervención.",2016-05-28,UNIVERSIDAD CATOLICA LUIS AMIGO,3
01360,008,Eventos Científicos,Otro,Foro relaciones y Tensiones entre la población rural del Altiplano del Oriente antioqueño y la legalidad estatal,2016-04-15,UNIVERSIDAD CATOLICA LUIS AMIGO,3
01361,008,Eventos Científicos,Congreso,XII CIHELA Congreso Iberoamericano de Historia de la Educación Latinoamericana,2016-03-18,UNIVERSIDAD DE ANTIOQUIA,3
01362,008,Eventos Científicos,Encuentro,III coloquio de psicología universidad Antonio Nariño,2015-11-21,Tipo de vinculación,3
01363,008,Eventos Científicos,Encuentro,Encuentro de Ciudad sobre la Atención Integral de las Violencias Sexuales,2015-11-06,UNIVERSIDAD CATOLICA LUIS AMIGO,3
01364,008,Eventos Científicos,Otro,XXXI Jornada de lectura de ensayos,2015-10-24,UNIVERSIDAD CATOLICA LUIS AMIGO,3
01365,008,Eventos Científicos,Encuentro,Tercer Encuentro de Investigaciones en Seguridad Vial,2015-10-22,Observatorio Nacional de Seguridad Vial,3
01366,008,Eventos Científicos,Encuentro,Tercer Encuentro de Investigaciones Sobre Seguridad Vial,2015-10-22,Ministerio De Transporte - Mintransporte,3
01367,008,Eventos Científicos,Congreso,Congreso Internacional de Educación: Tendencias en investigación y formación de maestros,2015-10-08,UNIVERSIDAD CATOLICA LUIS AMIGO,3
01368,008,Eventos Científicos,Encuentro,Encuentro Latinoamericano de investigadores sobre el cuerpo y las corporalidades en las culturas,2015-10-10,UNIVERSIDAD DISTRITAL FRANCISCO JOSÉ DE CALDAS,3
01369,008,Eventos Científicos,Encuentro,XVIII Encuentro Nacional de Investigación. La investigación una oportunidad social,2015-09-18,UNIVERSIDAD CATOLICA LUIS AMIGO,3
01370,008,Eventos Científicos,Seminario,Seminario Taller Internacional. Retos de la intervención psicosocial en el marco de la transición del conflicto al posconflicto en Colombia: construcción de confianza entre la academia y la sociedad,2015-09-12,UNIVERSIDAD CATOLICA LUIS AMIGO,3
01371,008,Eventos Científicos,Seminario,Seminario - Taller Internacional Retos de la Intervención Psicosocial en el marco de la transición del conflicto al posconflicto en Colombia.,2015-09-12,UNIVERSIDAD CATOLICA LUIS AMIGO,3
01372,008,Eventos Científicos,Encuentro,XVIII Encuentro Nacional de Investigación,2015-09-10,UNIVERSIDAD CATOLICA LUIS AMIGO,3
01373,008,Eventos Científicos,Encuentro,XVIII Encuentro Nacional de Investigación,2015-09-10,UNIVERSIDAD CATOLICA LUIS AMIGO,3
01374,008,Eventos Científicos,Encuentro,XVIII encuentro nacional de investigación.,2015-09-10,UNIVERSIDAD CATOLICA LUIS AMIGO,3
01375,008,Eventos Científicos,Encuentro,XVIII Encuentro Nacional de Investigación,2015-09-10,UNIVERSIDAD CATOLICA LUIS AMIGO,3
01376,008,Eventos Científicos,Encuentro,Intervención neurocognitiva de comportamientos disruptivos como profilaxis de comportamientos violentos y delincuenciales en población vulnerable de la ciudad de Medellín,2015-09-10,UNIVERSIDAD CATOLICA LUIS AMIGO,3
01377,008,Eventos Científicos,Encuentro,XVIII Encuentro Nacional de Investigación FUNLAM-2015. La Investigación: Una Oportunidad Social,2015-09-10,UNIVERSIDAD CATOLICA LUIS AMIGO,3
01378,008,Eventos Científicos,Encuentro,XVIII Encuentro Nacional de Investigación,2015-09-10,UNIVERSIDAD CATOLICA LUIS AMIGO,3
01379,008,Eventos Científicos,Congreso,Congreso Colombiano de Psicología y Primera Conferencia Regional Latinoamericana de Psicología,2015-09-05,COLEGIO COLOMBIANO DE PSICÓLOGOS,3
01380,008,Eventos Científicos,Encuentro,XVIII Encuentro Nacional de Investigación,2015-09-04,UNIVERSIDAD CATOLICA LUIS AMIGO,3
01381,008,Eventos Científicos,Encuentro,Actualización en Análisis de Datos Cualitativos,2015-08-14,UNIVERSIDAD DE ANTIOQUIA,3
01382,008,Eventos Científicos,Otro,Conferencia de Investigación 2015,2015-08-06,UNIVERSIDAD CATOLICA LUIS AMIGO,3
01383,008,Eventos Científicos,Encuentro,1° Encontro Sul-Americano de Psicologia Política,2015-06-26,Universidade de Santiago de Compostela,3
01384,008,Eventos Científicos,Congreso,XV Congreso de Antropología en Colombia,2015-06-05,UNIVERSIDAD DEL MAGDALENA,3
01385,008,Eventos Científicos,Seminario,Seminario sobre Convivencia Escolar,2015-05-20,UNIVERSIDAD DE CHILE,3
01386,008,Eventos Científicos,Encuentro,VI encuentro de experiencias investigativas,2015-05-15,UNIVERSIDAD CATOLICA LUIS AMIGO,3
01387,008,Eventos Científicos,Congreso,I CONGRESO INTERNACIONAL SOBRE ETICA PROFESIONAL Y RESPONSABILIDAD SOCIAL UNIVERSITARIA,2015-05-05,UNIVERSIDAD CATOLICA LUIS AMIGO,3
01388,008,Eventos Científicos,Encuentro,Foro de reflexiones y alternativas para la sostenibilidad. ¿Cómo consumir de forma responsable?,2015-04-29,UNIVERSIDAD CATOLICA LUIS AMIGO,3
01389,008,Eventos Científicos,Congreso,"XLII CONGRESO NACIONAL DE PSICOLOGIA 2015: ¿Psicología transcultural: perspectivas para su enseñanza, ejercicio e investigación",2015-04-24,UNIVERSIDAD CATOLICA LUIS AMIGO,3
01390,008,Eventos Científicos,Otro,Jornadas Posconflicto y Reintegración Social,2015-04-17,UNIVERSIDAD CATOLICA LUIS AMIGO,3
01391,008,Eventos Científicos,Encuentro,"Posconflicto y reintegración social: desde la academia, una estrategia reflexionada para la articulación entre los procesos de ciudad y la reconciliación",2015-04-17,UNIVERSIDAD CATOLICA LUIS AMIGO,3
01392,008,Eventos Científicos,Otro,"Ciclo de conferencias: Historias de locura, psicopatología y medicina legal",2015-04-15,UNIVERSIDAD DE ANTIOQUIA,3
01393,008,Eventos Científicos,Congreso,Coloquio sobre Interdisciplinariedad en la Formación del Licenciado en Lenguas Extranjeras (CIFLEX),2015-03-21,UNIVERSIDAD CATOLICA LUIS AMIGO,3
01394,008,Eventos Científicos,Congreso,Coloquio sobre Interdisciplinariedad en la Formación del Licenciado en Lenguas Extranjeras (CIFLEX),2015-03-21,UNIVERSIDAD CATOLICA LUIS AMIGO,3
01395,008,Eventos Científicos,Otro,Copie y pegue: plagio y fraude en la escritura académica. Reflexiones para estudiantes,2015-02-14,UNIVERSIDAD CATOLICA LUIS AMIGO,3
01396,008,Eventos Científicos,Congreso,VII CONGRESO INTERNACIONAL DE ADICCIONES Prevención y tratamiento en Adicciones a nivel psicosocial,2014-12-06,UNIVERSIDAD CATOLICA LUIS AMIGO,3
01397,008,Eventos Científicos,Encuentro,V Encuentro de la Red Iberoamericana de Historia de la Psiquiatría,2014-12-03,UNIVERSIDAD NACIONAL AUTÓNOMA DE MÉXICO,3
01398,008,Eventos Científicos,Congreso,Congreso de Psicología Social,2014-11-22,Universidad de Santiago de Compostela,3
01399,008,Eventos Científicos,Congreso,I Bienal Latinoamericana de Infancias y Juventudes,2016-10-21,UNIVERSIDAD CATOLICA LUIS AMIGO,3
01400,008,Eventos Científicos,Simposio,IV Simposio Nacional de investigaciones en primera infancia,2014-10-29,UNIVERSIDAD CATOLICA LUIS AMIGO,3
01401,008,Eventos Científicos,Simposio,IV Simposio Nacional de Investigaciones en Primera Infancia,2014-10-29,UNIVERSIDAD CATOLICA LUIS AMIGO,3
01402,008,Eventos Científicos,Otro,II Foro de Historia y Filosofía de la medicina,2014-10-29,PONTIFICIA UNIVERSIDAD JAVERIANA,3
01403,008,Eventos Científicos,Congreso,Tercer Congreso de la Asociación latinoamericana para la Formación y la enseñanza de la Psicología. ALFEPSI,2014-10-26,Asociación latinoamericana instituciones formadoras de psicologos,3
01404,008,Eventos Científicos,Congreso,Tercer Congreso Internacional de Psicología Alfepsi,2014-10-25,UNIVERSIDAD CATOLICA LUIS AMIGO,3
01405,008,Eventos Científicos,Congreso,VI Congreso Iberoamericano de investigación Cualitativa en Salud. Universidad de Antioquia,2014-11-17,UNIVERSIDAD CATOLICA LUIS AMIGO,3
01406,008,Eventos Científicos,Encuentro,"La investigación, un compromiso con la sociedad",2014-10-16,UNIVERSIDAD CATOLICA LUIS AMIGO,3
01407,008,Eventos Científicos,Encuentro,"La investigación, un compromiso con la sociedad",2014-10-16,UNIVERSIDAD CATOLICA LUIS AMIGO,3
01408,008,Eventos Científicos,Encuentro,Encuentro nacional de Investigación 2014,2014-10-17,UNIVERSIDAD CATOLICA LUIS AMIGO,3
01409,008,Eventos Científicos,Encuentro,Encuentro Nacional de Investigación Funlam 2014,2014-10-17,UNIVERSIDAD CATOLICA LUIS AMIGO,3
01410,008,Eventos Científicos,Encuentro,Encuentro Nacional de Investigaciones,2014-10-17,UNIVERSIDAD CATOLICA LUIS AMIGO,3
01411,008,Eventos Científicos,Congreso,49th ASOCOPI Annual Conference. English teachers´ narratives: Stories about teaching practices within local educational contexts,2014-10-11,Institución Educativa Puente Amarillo Francisco Torres León,3
01412,008,Eventos Científicos,Congreso,II Congreso Internacional: Edificar la paz en el Siglo XXI,2014-09-26,UNIVERSIDAD CATOLICA LUIS AMIGO,3
01413,008,Eventos Científicos,Congreso,Academic Sessions VI,2014-09-13,UNIVERSIDAD CATOLICA LUIS AMIGO,3
01414,008,Eventos Científicos,Congreso,IX Congresso Iberoamericano de psicología. 2o Congresso de la ordem de psicólogos portugueses,2014-09-13,Tipo de vinculación,3
01415,008,Eventos Científicos,Congreso,Congreso Internacional Responsabilidad Social: Perspectivas para la acción en Colombia,2014-09-06,UNIVERSIDAD CATOLICA LUIS AMIGO,3
01416,008,Eventos Científicos,Congreso,Congreso Internacional de Responsabilidad Social,2014-09-06,UNIVERSIDAD CATOLICA LUIS AMIGO,3
01417,008,Eventos Científicos,Congreso,"Precongreso: Responsabilidad Social y Educación. Límites, desafíos y posibilidades",2014-08-15,UNIVERSIDAD CATOLICA LUIS AMIGO,3
01418,008,Eventos Científicos,Encuentro,EASP General Meeting 2014,2014-07-12,European Association of Social Psychology,3
01419,008,Eventos Científicos,Congreso,III Congreso Internacional de Violencia en las Escuelas,2014-06-07,UNIVERSIDAD CATOLICA LUIS AMIGO,3
01420,008,Eventos Científicos,Congreso,CONGRESO NACIONAL PSICOSOCIAL - ISEP 2014,2014-06-04,CÁRITAS ESPAÑOLA COLOMBIA - SECRETARIADO NACINAL DE PASTORAL SOCIAL,3
01421,008,Eventos Científicos,Congreso,XIII Congreso de humanidades: comunidades vivientes y desarrollos alternativos,2014-05-09,"UNIVERSIDAD SANTO TOMÁS, SECCIONAL BUCARAMANGA",3
01422,008,Eventos Científicos,Seminario,"XXVIII Jornada de lectura de ensayos de estudiantes, egresados y docentes",2014-10-03,UNIVERSIDAD CATOLICA LUIS AMIGO,3
01423,008,Eventos Científicos,Simposio,Foro de Socialización de Experiencias en Intervención en Atención a Víctimas,2013-10-30,UNIVERSIDAD DE SAN BUENAVENTURA CALI,3
01424,008,Eventos Científicos,Otro,XXVII Jornada de lectura de ensayos. Facultad de Psicología y Ciencias Sociales - FUNLAM,2013-11-02,UNIVERSIDAD CATOLICA LUIS AMIGO,3
01425,008,Eventos Científicos,Encuentro,Segundo Encuentro Regional de Psicología: la psicología interrogada por las transformaciones sociales,2013-10-30,UNIVERSIDAD DE SAN BUENAVENTURA CALI,3
01426,008,Eventos Científicos,Congreso,II Congreso internacional de investigación y pedagogía,2013-10-11,Universidad Pedagógica Y Tecnológica De Colombia - Uptc - Sede Tunja,3
01427,008,Eventos Científicos,Seminario,II Coloquio del Seminario Interdisciplinario de Salud Mental. Miradas históricas a la psiquiatría y el psicoanálisis,2013-10-11,Universidad Veracruzana,3
01428,008,Eventos Científicos,Encuentro,Primer encuentro Nacional de investigadores sobre el cuerpo,2013-10-05,UNIVERSIDAD DE LOS ANDES,3
01429,008,Eventos Científicos,Congreso,"IV Coloquio Latinoamericano de Biopolítica. Bienes comunes, tecnologías de gobierno y contra-conductas",2013-09-27,UNIVERSIDAD NACIONAL DE COLOMBIA SEDE MEDELLÍN,3
01430,008,Eventos Científicos,Otro,Semana Negra de MedellíN.N,2013-09-20,UNIVERSIDAD DE ANTIOQUIA,3
01431,008,Eventos Científicos,Encuentro,Encuentro nacional de investigación Funlam Transformación de la dinámica investigativa,2013-09-13,UNIVERSIDAD CATOLICA LUIS AMIGO,3
01432,008,Eventos Científicos,Encuentro,XVI encuentro nacional de investigación,2013-09-13,UNIVERSIDAD CATOLICA LUIS AMIGO,3
01433,008,Eventos Científicos,Otro,Conferencia Internacional Human Development Capabilities Association,2013-09-13,Human Development Capabilities Association,3
01434,008,Eventos Científicos,Congreso,III CONGRESO COLOMBIANO DE PSICOLOGIA,2013-09-07,Asociación Colombiana de Facultades de Psicología,3
01435,008,Eventos Científicos,Otro,"Conferencia Internacional HDCA2013. Capacidades, vulnerabilidad y exclusión",2013-09-13,Universidad Centroamericana,3
01436,008,Eventos Científicos,Encuentro,The British Psychological Society,2013-08-30,The British Psychological Society,3
01437,008,Eventos Científicos,Seminario,Encuentro nacional de investigación Transformación de la dinámica investigativa,2013-07-03,UNIVERSIDAD CATOLICA LUIS AMIGO,3
01438,008,Eventos Científicos,Encuentro,XIV Encuentro internacional Virtual educa,2013-06-21,ALCALDIA DE MEDELLIN,3
01439,008,Eventos Científicos,Simposio,Simposio Políticas Públicas en Educación,2013-04-26,UNIVERSIDAD DE NARIÑO,3
01440,008,Eventos Científicos,Congreso,IV congreso de fragmentación social y vulnerabilidad social,2013-04-12,Pontificia Univeridad Católica Argentina,3
01441,008,Eventos Científicos,Seminario,seminario interuniversitario La prevención del suicidio en el escenario universitario,2012-11-18,UNIVERSIDAD CATOLICA LUIS AMIGO,3
01442,008,Eventos Científicos,Congreso,XI Congreso Internacional de Psicología Social de la Liberación,2012-11-17,Catedra libre Martin Baro,3
01443,008,Eventos Científicos,Seminario,Prácticas profesionales en Desarrollo Familiar,2012-12-14,UNIVERSIDAD CATOLICA LUIS AMIGO,3
01444,008,Eventos Científicos,Taller,Taller: Enamorándonos del amor,2012-10-29,UNIVERSIDAD CATOLICA LUIS AMIGO,3
01445,008,Eventos Científicos,Simposio,"III Simposio internacional de Acoso Escolar (Bullying) Iniciativas y retos para la prevención en primera infancia, niñez y juventud.",2012-10-05,UNIVERSIDAD CES,3
01446,008,Eventos Científicos,Encuentro,VI Encuentro Nacional de Investigadores de ASCOFAPSI,2012-09-28,Instituto Colombiano para la Evaluación de la Educación,3
01447,008,Eventos Científicos,Encuentro,VI  ENCUENTRO DE LA RED DE INVESTIGADORES EN PSICOLOGIA,2012-09-28,Asociación Colombiana de Facultades de Psicología,3
01448,008,Eventos Científicos,Encuentro,VI Encuentro Nacional de investigadores ASCOFAPSI,2012-09-28,Asociación Colombiana de Facultades de Psicología,3
01449,008,Eventos Científicos,Encuentro,Encuentro Nacional de Investigación 2012: hacia la transformación de la dinámica investigativa ¿ Fundación Universitaria Luis Amigó,2012-09-13,UNIVERSIDAD CATOLICA LUIS AMIGO,3
01450,008,Eventos Científicos,Seminario,"I Seminario Internacional - IV Seminario Nacional de Familia ""La infancia cuenta"" Construcciones, deconstrucciones en torno al abuso sexual infantil.",2012-08-31,RED DE PROGRAMAS UNIVERSISTARIOS EN FAMILIA,3
01451,008,Eventos Científicos,Simposio,Simposio sobre Justicia Restaurativa,2012-08-29,Asociación para la libertad vigilada del menor de edad infractor,3
01452,008,Eventos Científicos,Seminario,I Seminario Internacional IV Seminario Nacional de Familia LA INFANCIA CUENTA,2012-08-17,RED DE PROGRAMAS UNIVERSISTARIOS EN FAMILIA,3
01453,008,Eventos Científicos,Seminario,Seminario Ser psicólogo Clínico: Una experiencia de significados,2012-08-11,UNIDAD DE ATENCION PROFESIONAL S.A.S,3
01454,008,Eventos Científicos,Seminario,"SEMINARIO INTERNACIONAL VIOLENCIA, JUVENTUD & MEDIOS",2012-08-04,UNIVERSIDAD CATOLICA LUIS AMIGO,3
01455,008,Eventos Científicos,Encuentro,ENCUENTRO NACIONAL DE INVESTIGACION FUNLAM 2012. HACIA LA TRANSFORMACIÓN DE LA DINÁMICA INVESTIGATIVA,2012-08-03,UNIVERSIDAD CATOLICA LUIS AMIGO,3
01456,008,Eventos Científicos,Congreso,III CONGRESO INTERNACIONAL DE FILOSOFÍA PENSAR EL MUNDO POSMODERNO,2012-07-19,UNIVERSIDAD CATOLICA LUIS AMIGO,3
01457,008,Eventos Científicos,Encuentro,Annual Scientific Meeting of the International Society of Political Psychology (ISPP),2012-06-09,INTERNATIONAL SOCIETY OF POLITICAL PSYCHOLOGY,3
01458,008,Eventos Científicos,Seminario,Seminario Ser psicólogo Clínico: Una experiencia de significados,2012-06-02,UNIDAD DE ATENCION PROFESIONAL S.A.S,3
01459,008,Eventos Científicos,Encuentro,Foro Educativo: Reflexiones sobre la construcción de una cultura de paz en el ámbito socioeducativo.,2012-05-03,UNIVERSIDAD CATOLICA LUIS AMIGO,3
01460,008,Eventos Científicos,Simposio,Simposio de Familia,2012-05-02,CORPORACIÓN PARA INVESTIGACIONES BIOLÓGICAS,3
01461,008,Eventos Científicos,Otro,Gran Foro Educativo: Reflexiones sobre la construcción de una cultura de paz en el ámbito socioeducativo,2012-05-01,UNIVERSIDAD CATOLICA LUIS AMIGO,3
01462,008,Eventos Científicos,Encuentro,Primer encuentro Nacional y Catedra Internacional sobre Intervenciones Psicosociales,2012-04-14,UNIVERSIDAD CATOLICA LUIS AMIGO,3
01463,008,Eventos Científicos,Congreso,Cátedra Europa,2012-03-16,FUNDACIÓN UNIVERSIDAD DEL NORTE,3
01464,008,Eventos Científicos,Otro,Catedra Problemas Sociales Contemporáneos,,UNIVERSIDAD CATOLICA LUIS AMIGO,3
01465,008,Eventos Científicos,Encuentro,X Encuentro de la Red Nacional de Programas Universitarios en Familia,2012-04-30,UNIVERSIDAD DE LOS LLANOS,3
01466,008,Eventos Científicos,Encuentro,I Encuentro Nacional y Cátedra Internacional sobre Intervenciones Psicosociales.,2012-04-30,UNIVERSIDAD CATOLICA LUIS AMIGO,3
01467,008,Eventos Científicos,Otro,Conferencia para padres y madres de familia,2021-04-30,Colegio Santa Maria Del Rosario,3
01468,008,Eventos Científicos,Encuentro,Educación Superior y familia: Diálogos que se construyen,2012-05-31,INSTITUCIÓN UNIVERSITARIA SALAZAR Y HERRERA,3
01469,008,Eventos Científicos,Encuentro,Tertulias en torno a la crianza humanizada,2012-04-30,UNIVERSIDAD DE ANTIOQUIA,3
01470,008,Eventos Científicos,Encuentro,Primer Encuentro Nacional y Cátedra Internacional sobre Intervenciones Psicosociales,,UNIVERSIDAD CATOLICA LUIS AMIGO,3
01471,008,Eventos Científicos,Congreso,XIX Congreso Mexicano de Psicología,2011-10-21,Sociedad Mexicana De Psicologia,3
01472,008,Eventos Científicos,Seminario,"Seminario de Investigación del Departamento de Psicología,Universidad Iberoamericana",2013-04-30,Universidad Iberoamericana,3
01473,008,Eventos Científicos,Seminario,"Seminario Internacional de Psicología Social Retos, perspectivas y posibilidades",2011-08-13,INSTITUCIÓN UNIVERSITARIA DE ENVIGADO,3
01474,008,Eventos Científicos,Otro,Foro de la Reforma  de la Educación Superior,,Ministerio De Educación Nacional - Mineducación,3
01475,008,Eventos Científicos,Simposio,Jornadas Psicológicas GEPU - Universidad del Valle,2010-11-13,UNIVERSIDAD DEL VALLE,3
01476,008,Eventos Científicos,Congreso,V Congreso Chileno de Psicología y I Congreso Andino de Psicología,2010-10-08,Universidad De Tarapaca,3
01477,008,Eventos Científicos,Encuentro,V Encuentro Red de Investigadores en Psicología,2010-09-22,Asociación Colombiana de Facultades de Psicología,3
01478,008,Eventos Científicos,Otro,XIV Jornada Nacional y VII Jornada Internacional de AFIPA: ¿Pasión y Violencia,2010-08-21,Asociación para la Formación e Investigación en Psicología Analítica,3
01479,008,Eventos Científicos,Congreso,VII CONGRESO IBEROAMERICANO DE PSICOLOGÍA,2010-07-24,Consejo General de Colegios Oficiales de Psicólogos,3
01480,008,Eventos Científicos,Congreso,Tercera Conferencia Internacional de Psicología Comunitaria,2010-06-05,Universidad Iberoamericana,3
01481,008,Eventos Científicos,Encuentro,Encuentro Iberoamericano de Investigación y Prácticas de Universidades de la Federación Internacional de Universidades Católicas FIUC,,UNIVERSIDAD CATOLICA LUIS AMIGO,3
01482,008,Eventos Científicos,Encuentro,Redireccionamiento Estratégico: experiencias en acreditación institucional,,POLITÉCNICO COLOMBIANO JAIME ISAZA CADAVID,3
01483,008,Eventos Científicos,Otro,"Concurso de Poesía, Cuento y Ensayo",,UNIVERSIDAD CATOLICA LUIS AMIGO,3
01484,008,Eventos Científicos,Otro,"Mesa de trabajo ""Investigación sobre crisis siucidiología en la ciudad de Campana""",,Dirección Genral de Cultura y Educación,3
01485,008,Eventos Científicos,Seminario,"Seminario Nacional ""Suicidio y violencia escolar""",,Corporacion Avefenix,3
01486,008,Eventos Científicos,Simposio,"Simposio Departamental de Actualización ""Experto en resolución del conflicto escolar """,,Corporacion Avefenix,3
01487,008,Eventos Científicos,Congreso,XIV Congreso Colombiano de Psicología,,UNIVERSIDAD DE IBAGUÉ,3
01488,008,Eventos Científicos,Otro,"Foro ""Vulnerabilidada y Derechos de la Niñez y la Adolescencia de Medellín""",,Secretaria de Bienestar Social de Medellín,3
01489,008,Eventos Científicos,Otro,Primera Jorrnada-Debate sobre prevención del suicidio: imapcto y acción en las políticas educativas,,Fundación Manos Unidas por la Paz,3
01490,008,Eventos Científicos,Otro,"Cátedra de contexto ""El suicidio a la luz de la psicologia social""",,UNIVERSIDAD CATOLICA LUIS AMIGO,3
01491,008,Eventos Científicos,Otro,"Conferencias Internacionales sobre el Interaccionismo Simbólico y Esquema Conceptual, Referencial y Operativo de Enrique Pichon Riviere",,,3
01492,008,Eventos Científicos,Seminario,Seminario Externo del Centro de Investigaciones en Psicología y Psicopedagogía de la Facultad de Psicología y Educación de la Universidad Católica Argentina,,,3
01493,008,Eventos Científicos,Simposio,Simposio Internacional ¿Proyectos significativos de investigación e intervención psicosocial de las facultades de psicología de la Fiucup,,UNIVERSIDAD CATOLICA LUIS AMIGO,3
01494,008,Eventos Científicos,Congreso,XI Congreso Nacional de Psicología Social,2009-10-03,Universidat Rovira i Virgili,3
01495,008,Eventos Científicos,Seminario,Seminario dimensión psicosocial de la construcción del intento de suicidio,,,3
01496,008,Eventos Científicos,Congreso,"Congreso Internacional sobre el acto suicida. DSSA, FUNLAM, UCO y U de A.",,,3
01497,008,Eventos Científicos,Congreso,I Internacional de Psicología COLPSIC-ASCOFAPSI y II Congreso Nacional de Psicología COLPSIC,2009-08-22,COLEGIO COLOMBIANO DE PSICÓLOGOS,3
01498,008,Eventos Científicos,Encuentro,I Coloquio Internacional Conflicto Sociopolítico y Paz: Reflexiones desde la Psicología Política,2009-08-19,PONTIFICIA UNIVERSIDAD JAVERIANA,3
01499,008,Eventos Científicos,Encuentro,Thirty-second Annual Scientific Meeting ISPP,2009-07-17,INTERNATIONAL SOCIETY OF POLITICAL PSYCHOLOGY,3
01500,008,Eventos Científicos,Congreso,II Congreso Naconal de Psicología COLPSIC / Primer Congreo Internacional de Psicologia,,COLEGIO COLOMBIANO DE PSICÓLOGOS,3
01501,008,Eventos Científicos,Congreso,Congreso sobre el acto siucida,,UNIVERSIDAD CATOLICA LUIS AMIGO,3
01502,008,Eventos Científicos,Simposio,Simposio Psicopatologías en el aula,,Corporación CINPEF,3
01503,008,Eventos Científicos,Encuentro,Primer Encuentro Psicosocial Platense,,Red Psicosocial Platense,3
01504,008,Eventos Científicos,Otro,Jornada de capacitación de Magistrados y Conjueces de Tribunales Departamentales,,COLEGIO COLOMBIANO DE PSICÓLOGOS,3
01505,008,Eventos Científicos,Congreso,Mesa de Diálogos con los decanos en el Primer Congreso Regional de Estudiantes de Psicología,,ASOCIACION NACIONAL DE ESTUDIANTE DE PSICOLOGIA,3
01506,008,Eventos Científicos,Seminario,Seminario Internacional la Psicología Social de Enrique Pichon Riviere. Su metodología dialéctica y su técnica de grupo operativo.,,UNIVERSIDAD CATOLICA LUIS AMIGO,3
01507,008,Eventos Científicos,Simposio,Simposio sobre el suicidio,,GOBERNACION DE ANTIOQUIA,3
01508,008,Eventos Científicos,Seminario,"Seminario el trastorno disocial de la conducta, una mirada desde la psicología social y la teoría de la mente",,UNIVERSIDAD CATOLICA LUIS AMIGO,3
01509,008,Eventos Científicos,Encuentro,Segundo encuentro del nodo de psicología social y crítica,,,3
01510,008,Eventos Científicos,Congreso,Primer Congreso regional de psicología Antioquia-Chocó-Eje cafetero,,,3
01511,008,Eventos Científicos,Congreso,Segundo Congreso Internacional de Psicología,,Pontificia Universidad Católica de Puerto Rico,3
01512,008,Eventos Científicos,Encuentro,Encuentro Nacional Universitario por el Desarrollo Humano y la Paz.,,Universidad Católica Popular Del Risaralda,3
01513,008,Eventos Científicos,Encuentro,primer debate latinoamericano de escuelas psicológicas,,UNIVERSIDAD DE SAN BUENAVENTURA CALI,3
01514,008,Eventos Científicos,Congreso,I Congreso Regional del Colegio Colombiano de Psicólogos Antioquia-Eje Cafetero-Chocó,,UNIVERSIDAD CATOLICA LUIS AMIGO,3
01515,008,Eventos Científicos,Congreso,X Congreso Nacional de Psicología Social,2007-09-28,,3
01516,008,Eventos Científicos,Congreso,X European Congress of Psychology,2007-07-06,,3
01517,008,Eventos Científicos,Encuentro,II Curso Tecnoloxía e Cooperación para o Desenvolvemento Humano,2009-03-09,Universidade de Santiago de Compostela,3
01518,008,Eventos Científicos,Congreso,Congreso internacional: trastornos Psicológicos en el siglo  XXI,,,3
01519,008,Eventos Científicos,Seminario,Seminario Teoria y Practica del Grupo Operativo,,UNIVERSIDAD CATOLICA LUIS AMIGO,3
01520,008,Eventos Científicos,Encuentro,V encuentro Internacional de psicología humanista - existencial,,Asociación Latinoamericana de psicología humanista existencial,3
01521,008,Eventos Científicos,Otro,Conferencia Internacional en homenaje a los 100 años del Dr. Enrique Pichon Riviére,,Universidad CAECE,3
01522,008,Eventos Científicos,Otro,"Conversatorio sobre ""Interaccionismo simbólico y Psicología Social""",,Universidad CAECE,3
01523,008,Eventos Científicos,Congreso,V World Congress of Behavioural & Cognitive Therapies,,OCIB,3
01524,008,Eventos Científicos,Otro,Diplomado vive tus derechos humanos,,Personería De Medellín,3
01525,008,Eventos Científicos,Congreso,II Congreso Latinoamericano de Adiccionología. Adicciones un retoa a la mente,,Asociacion Latinoamericana de adiccionologia,3
01526,008,Eventos Científicos,Otro,Jornadas Latinoamericanas de Psicología social,,Asociación de Psicólogos Sociales de la República Argentina,3
01527,008,Eventos Científicos,Encuentro,IV Jornadas de sensibilización sobre inmigración e interculturalidad,2006-12-14,Univerisdade de São Paulo,3
01528,008,Eventos Científicos,Otro,"Ponencia: Las niñas de la guerra a la luz de la psicología social,desde el interaccionismo simbólico",2016-08-13,Corporación Paz y Democracia,3
01529,008,Eventos Científicos,Otro,"Conferencia ""Técnicas operativas de intervención psicosocial de inspiración psicoanalítica""",2006-05-12,Universidad Centroamericana de Ciencias Sociales,3
01530,008,Eventos Científicos,Taller,Curso Problemas Psicosociales Contemporáneosdes,2006-05-10,Universidad Centroamericana de Ciencias Sociales,3
01531,008,Eventos Científicos,Seminario,"Seminario Factores de riesgo y protección del inicio y mantenimiento del consumo de drogas""",,Universidad Miguel Hernández de Elcha,3
01532,008,Eventos Científicos,Seminario,Seminario internacional El fenómeno de las niñas soldado en Colombia,,Escuela de Psicología Social del Sur,3
01533,008,Eventos Científicos,Seminario,Seminario Internacional J. Lacan-Pichon Riviére Vínculo y Discuso,,Escuela de Psicología Social del Sur,3
01534,008,Eventos Científicos,Taller,Construcción de una política pública para la prevención de la vinculación de niños y niñas a grupos del conflicto armado y de violencia armada,,Corporación Paz y Democracia,3
01535,008,Eventos Científicos,Congreso,XII Congreso Colombiano de Psicología,,UNIVERSIDAD DE SAN BUENAVENTURA - SEDE MEDELLÍN,3
01536,008,Eventos Científicos,Seminario,Seminario Internacional La psicología social y la medicina en conflictos,,UNIVERSIDAD CATOLICA LUIS AMIGO,3
01537,008,Eventos Científicos,Encuentro,Cuarto Encuentro Nacional de Red de Investigadores Menores y Conflicto Armado,,Secretaria  de Gobierno de Antioquia,3
01538,008,Eventos Científicos,Seminario,Seminario Internacional sobre Teorìa del Vìnculo,,Fundac`´on Universidad de Medellín,3
01539,009,Eventos Científicos,Congreso,"II CONGRESO INTERNACIONAL DE DERECHO, CIENCIAS POLÍTICAS Y SOCIALES",2020-11-13,UNIVERSIDAD POPULAR DEL CESAR,3
01540,009,Eventos Científicos,Seminario,V JORNADA INTERNACIONAL DE INVESTIGACIÓN UN DIÁLOGO DE SABERES DESDE LAS CIENCIAS ECONÓMICAS ADMINISTRATIVAS Y CONTABLES.,2020-11-07,CORPORACIÓN UNIVERSITARIA DEL CARIBE - CECAR,3
01541,009,Eventos Científicos,Encuentro,XXIII Encuentro Nacional de Investigación,2020-10-16,UNIVERSIDAD CATOLICA LUIS AMIGO,3
01542,009,Eventos Científicos,Otro,VOLVIENDO A LA U. CONFERENCIA COMPETENCIAS BLANDAS DE NEGOCIACIÓN Y COMUNICACIÓN,2020-09-24,UNIVERSIDAD CATOLICA LUIS AMIGO,3
01543,009,Eventos Científicos,Otro,VOLVIENDO A LA U. CONFERENCIA SOBRE LIDERAZGO TRANSFORMADOR,2020-08-27,UNIVERSIDAD CATOLICA LUIS AMIGO,3
01544,009,Eventos Científicos,Encuentro,¿ENCUENTRO DE EGRESADOS titulado ¿JUSTICIA DIGITAL Y EL NUEVO DERECHO APLICADO EN COLOMBIA¿,2020-06-23,UNIVERSIDAD POPULAR DEL CESAR,3
01545,009,Eventos Científicos,Otro,JORNADA DE ACTUALIZACIÓN JURÍDICA CON FUNDAMENTO EN LOS MOMENTOS ACTUALES DE CORONAVIRUS,2020-04-30,UNIVERSIDAD CATOLICA LUIS AMIGO,3
01546,009,Eventos Científicos,Encuentro,CELEBRACIÓN DE LOS 47 AÑOS DE LA INVESTIGACIÓN ACCIÓN PARTICIPATIVA EN COLOMBIA (IAP) Y EL ENCUENTRO DE METODOLOGÍAS Y CONCEPCIONES PARTICIPATIVAS,2019-11-09,UNIVERSIDAD CATOLICA LUIS AMIGO,3
01547,009,Eventos Científicos,Encuentro,Celebración de los 47 años de la Investigación Acción Participativa en Colombia y  Encuentro de Metodologías y Concepciones Participativas.,2019-11-09,UNIVERSIDAD CATOLICA LUIS AMIGO,3
01548,009,Eventos Científicos,Otro,"IV Jornada Internacional de Investigación: Un Diálogo de Saberes desde las Ciencias Económicas, Administrativas y Contables.",2019-10-20,UNIVERSIDAD CATOLICA LUIS AMIGO,3
01549,009,Eventos Científicos,Otro,"IV Jornada Internacional de Investigación: Un Diálogo de Saberes desde las Ciencias Económicas, Administrativas y Contables.",2019-10-20,UNIVERSIDAD CATOLICA LUIS AMIGO,3
01550,009,Eventos Científicos,Otro,"IV Jornada Internacional de Investigación: Un Diálogo de Saberes desde las Ciencias Económicas, Administrativas y Contables",2019-10-19,UNIVERSIDAD CATOLICA LUIS AMIGO,3
01551,009,Eventos Científicos,Otro,CONFERENCIA PROCRASTINACIÓN Y TU REALIZACIÓN PERSONAL,2019-05-11,UNIVERSIDAD CATOLICA LUIS AMIGO,3
01552,009,Eventos Científicos,Encuentro,FORO CÓRDOBA 67 AÑOS,2019-05-10,UNIVERSIDAD CATOLICA LUIS AMIGO,3
01553,009,Eventos Científicos,Simposio,SIMPOSIO IMPACTO DE LA ESTRATEGIA DE CERO A SIEMPRE EN LOS NIÑOS DEL MUNICIPIO DE MONTERÍA. AÑOS 2015-2017,2019-04-19,UNIVERSIDAD CATOLICA LUIS AMIGO,3
01554,009,Eventos Científicos,Otro,"COLOQUIO IMPACTO DE LA ESTRATEGIA DE CERO A SIEMPRE EN LOS NIÑOS DEL MUNICIPIO DE MONTERÍA, AÑOS 2015-2017",2019-04-06,UNIVERSIDAD CATOLICA LUIS AMIGO,3
01555,009,Eventos Científicos,Otro,"CONFERENCIA GENERACIÓN DEL VALOR: UN ENFOQUE ADMINISTRATIVO, FINANCIERO Y DE RESPONSABILIDAD SOCIAL",2018-11-06,UNIVERSIDAD CATOLICA LUIS AMIGO,3
01556,009,Eventos Científicos,Encuentro,Encuentro Nacional de Semilleros de Investigación de la Luis Amigó,2018-11-02,UNIVERSIDAD CATOLICA LUIS AMIGO,3
01557,009,Eventos Científicos,Seminario,"II Seminario Internacional en Gestión y Competitividad Sostenible y III Jornada de Investigación: Un Diálogo de Saberes desde las Ciencias Económicas, Administrativas y Contables",2018-10-20,CORPORACIÓN UNIVERSITARIA DEL CARIBE - CECAR,3
01558,009,Eventos Científicos,Seminario,"II Seminario Internacional en Gestión y Competitividad Sostenible y III Jornada de Investigación: Un Diálogo de Saberes desde las Ciencias Económicas, Administrativas y Contables",2018-10-20,CORPORACIÓN UNIVERSITARIA DEL CARIBE - CECAR,3
01559,009,Eventos Científicos,Encuentro,CUMBRE DE LIDERES POR LA EDUCACIÓN,2018-09-20,Revista Semana,3
01560,009,Eventos Científicos,Encuentro,XXI Encuentro Nacional de Investigación 2018,2018-09-07,UNIVERSIDAD CATOLICA LUIS AMIGO,3
01561,009,Eventos Científicos,Encuentro,XXI encuentro nacional de investigación,2018-09-07,UNIVERSIDAD CATOLICA LUIS AMIGO,3
01562,009,Eventos Científicos,Encuentro,XXI encuentro nacional de investigación,2018-09-07,UNIVERSIDAD CATOLICA LUIS AMIGO,3
01563,009,Eventos Científicos,Encuentro,"XXI Encuentro Nacional de Investigación, Universidad Católica Luis Amigo 2018",2018-09-07,UNIVERSIDAD CATOLICA LUIS AMIGO,3
01564,009,Eventos Científicos,Otro,IX JORNADAS DE INVESTIGACIÓN E INNOVACIÓN: HACIA LAS UNIVERSIDADES SOSTENIBLES,2018-06-22,"Universidad Privada Dr. Rafael Belloso Chacín, URBE",3
01565,009,Eventos Científicos,Congreso,1er Congreso Internacional de Investigación en la escuela,2018-04-20,CORPORACION UNIFICADA DE EDUCACION SUPERIOR CUN,3
01566,009,Eventos Científicos,Otro,"II Jornada de Investigación: Diálogo de Saberes desde las Ciencias Económicas, Administrativas y Contables. Gestión y competitividad sostenible",2017-11-04,CORPORACIÓN UNIVERSITARIA DEL CARIBE - CECAR,3
01567,009,Eventos Científicos,Otro,ECODIALOGO: LA VOZ DE LAS COMUNIDADES,2017-10-07,UNIVERSIDAD CATOLICA LUIS AMIGO,3
01568,009,Eventos Científicos,Otro,CONFERENCIA ETICA Y RESPONSABILIDAD SOCIAL DEL CONTADOR PUBLICO,2017-09-28,UNIVERSIDAD CATOLICA LUIS AMIGO,3
01569,009,Eventos Científicos,Encuentro,"Catedra pedagogía para la construcción de cultura de paz, derechos humanos, ciudadanía, democracia y dialogo intercultural",2016-11-25,UNIVERSIDAD CATOLICA LUIS AMIGO,3
01570,009,Eventos Científicos,Otro,"CATEDRA PEDAGOGIA PARA LA CONSTRUCCION DE CULTURA DE PAZ, DERECHOS HUMANOS, CIUDADANIA, DEMOCRACIA Y DIALOGO INTERCULTURAL",2016-11-25,UNIVERSIDAD CATOLICA LUIS AMIGO,3
01571,009,Eventos Científicos,Otro,Conversatorio la realidad de la ética y la moral,2016-11-18,UNIVERSIDAD CATOLICA LUIS AMIGO,3
01572,009,Eventos Científicos,Otro,CONVERSATORIO LA REALIDAD DE LA ETICA Y LA MORAL,2016-11-18,UNIVERSIDAD CATOLICA LUIS AMIGO,3
01573,009,Eventos Científicos,Congreso,II INTERNATIONAL CONGRESS OF CLINICAL AND HEALTH PSYCHOLOGY ON CHILDREN AND ADOLESCENTS,2016-11-19,UNIVERSIDAD CATOLICA LUIS AMIGO,3
01574,009,Eventos Científicos,Seminario,1er Seminario internacional en Gestión y Competitividad sostenible,2016-11-05,CORPORACIÓN UNIVERSITARIA DEL CARIBE - CECAR,3
01575,009,Eventos Científicos,Congreso,"III CONGRESO INTERNACIONAL ESTUDIOS EN ORGANIZACIONES PÚBLICAS, PRIVADAS Y SOCIALES EN AMÉRICA LATINA Y EL CARIBE",2016-10-27,"Red Académica Internacional ¿Estudios Organizacionales en América Latina, e",3
01576,009,Eventos Científicos,Congreso,"III Congreso Internacional ""Estudios en organizaciones públicas, Privadas y Sociales en America Latina y el Caribe",2016-10-27,CORPORACIÓN UNIVERSITARIA DEL CARIBE - CECAR,3
01577,009,Eventos Científicos,Simposio,3 simposio Internacional y 4to coloquio regional de investigación científica y cultural,2016-10-07,UNIVERSIDAD DE CORDOBA,3
01578,009,Eventos Científicos,Encuentro,ENCUENTRO NACIONAL DE PRAE SIGNIFICATIVOS: CONOCIMIENTO Y SABERES SOBRE LA DIVERSIDAD DE CONTEXTOS Y REALIDADES DEL RECURSO HIDRICO EN COLOMBIA,2016-10-07,Ministerio de Ambiente y Desarrollo Sostenible,3
01579,009,Eventos Científicos,Congreso,1er Congreso Internacional de Desarrollo Humano y Calidad de Vida,2016-10-01,CORPORACIÓN UNIVERSITARIA DEL CARIBE - CECAR,3
01580,009,Eventos Científicos,Encuentro,"ENCUENTRO NACIONAL DE COMITES INTERINSTITUCIONALES DE EDUCACION AMBIENTAL -CIDEA- NUEVOS RETOS DE LA INSTITUCIONALIDAD TERRITORIAL EN EL CONTEXTO DE LOS ESCENARIOS DE POSTCONFLICTO, SOSTENIBILIDAD AMBIENTAL Y PAZ",2016-07-23,Ministerio de Ambiente y Desarrollo Sostenible,3
01581,009,Eventos Científicos,Congreso,"II CONGRESO INTERNACIONAL ESTUDIOS EN ORGANIZACIONES PÚBLICAS, PRIVADAS Y SOCIALES EN AMÉRICA LATINA Y EL CARIBE",2016-05-28,"Red académica internacional Estudios organizacionales en América Latina, el",3
01582,009,Eventos Científicos,Simposio,Simposio de Investigación USTAMED 2015,2015-11-27,UNIVERSIDAD CATOLICA LUIS AMIGO,3
01583,009,Eventos Científicos,Congreso,"II Precongreso Educacion para la vida ""Saberes que construyen futuro""",2015-11-10,Gobernación De Córdoba,3
01584,009,Eventos Científicos,Otro,Conferencia: Derechos Sociales,2015-10-09,Universidad Privada Dr. Rafael Belloso Chacín,3
01585,009,Eventos Científicos,Encuentro,"II Encuentro Binacional de saberes ""Planes de desarrollo económico y social en América Latina""",2015-07-31,UNIVERSIDAD DE LA GUAJIRA,3
01586,009,Eventos Científicos,Congreso,Congreso Internacional de Responsabilidad Social  2015,2015-03-27,UNIVERSIDAD CATOLICA LUIS AMIGO,3
01587,009,Eventos Científicos,Seminario,SITUACION DE LA MUJER CORDOBESA,2015-03-07,UNIVERSIDAD CATOLICA LUIS AMIGO,3
01588,009,Eventos Científicos,Congreso,XII CONGRESO IBEROAMERICANO  DE SISTEMAS DE CONOCIMIENTO,2014-10-15,Corporación Autónoma Regional de los Valles del Sinú y del San Jorge,3
01589,009,Eventos Científicos,Simposio,"II Simposio internacional de Pedagogía, Educación e Investigación",2014-08-22,UNIVERSIDAD CATOLICA LUIS AMIGO,3
01590,009,Eventos Científicos,Simposio,"II SIMPOSIO INTERNACIONAL DE PEDAGOGÍA, EDUCACIÓN E INVESTIGACIÓN . AMBIENTES DE APRENDIZAJE",2014-08-22,Corporación Autónoma Regional de los Valles del Sinú y del San Jorge,3
01591,009,Eventos Científicos,Encuentro,Curso  Envejecimiento saludable: de la gestación al  futuro.,2014-07-11,Centro de Referencia Latinoamericano para la Educación Preescolar,3
01592,009,Eventos Científicos,Encuentro,XI Encuentro   Internacional  de  Educación  Inicial   y  Preesscolar.,2014-07-11,Centro de Referencia Latinoamericano para la Educación Preescolar,3
01593,009,Eventos Científicos,Encuentro,"ENCUENTRO INTERNACIONAL DE EDUCACION INICIAL Y PREESCOLAR  ""DE LA GESTACIÓN AL FUTURO """,2014-07-11,Gobernación De Córdoba,3
01594,009,Eventos Científicos,Encuentro,FESTIVAL DE LA DIVERSIDAD BIOCULTURAL DE CORDOBA,2014-06-07,Corporación Autónoma Regional de los Valles del Sinú y del San Jorge,3
01595,009,Eventos Científicos,Otro,I Festival de la Diversidad Biocultural de Cordoba,2014-06-07,UNIVERSIDAD CATOLICA LUIS AMIGO,3
01596,009,Eventos Científicos,Congreso,Primer Congreso Nacional y II Congreso de Estudiantes de Trabajo Social,2014-04-03,UNIVERSIDAD CATOLICA LUIS AMIGO,3
01597,009,Eventos Científicos,Encuentro,IX  Encuentro  Etnocultural  en el Departamento  de  Cordoba,2013-10-16,Federación  de Organizaciones Afrodescendientes del Departamento de Córdoba,3
01598,009,Eventos Científicos,Encuentro,XVI ENCUENTRO NNACIONAL Y X ENCUENTRO INTERNACIONAL DE SEMILLEROS DE INVESTIGACIÓN,2013-10-13,Fundacion Red Colombiana de Semilleros de Investigacion RedColsi -  Nodo Bucaramanga,3
01599,009,Eventos Científicos,Seminario,IV Seminario en Investigación e Innovación Educativa Regional Caribe (SIIEC2014),2014-09-25,UNIVERSIDAD CATOLICA LUIS AMIGO,3
01600,009,Eventos Científicos,Encuentro,VIII Encuentro Departamental de Semilleros  de  Investigación. EDESI 2013,2013-05-02,UNIVERSIDAD CATOLICA LUIS AMIGO,3
01601,009,Eventos Científicos,Congreso,VII CONGRESO DE PREVENCIÓN DEL RIESGO,,Colmena Arp,3
01602,009,Eventos Científicos,Encuentro,VIII Encuentro Etnocultural para la convivencia pacifica en el departamento de Córdoba,2012-12-12,Federación  de Organizaciones Afrodescendientes del Departamento de Córdoba,3
01603,009,Eventos Científicos,Otro,"Territorios de Vida, no arrancamos de cero",2012-12-05,Ministerio Del Interior - Mininterior,3
01604,009,Eventos Científicos,Encuentro,Encuentro con delegados de los programas de pedagogia para profesionales no licenciados,2012-11-29,Ministerio De Educación Nacional - Mineducación,3
01605,009,Eventos Científicos,Encuentro,Foro Educativo Municipal,2012-05-23,Fundacion Ambiente y Desarrollo,3
01606,009,Eventos Científicos,Encuentro,ENCUENTRO INTERNACIONAL DE EDUCACION Y PEDAGOGIA,,UNIVERSIDAD NACIONAL DE COLOMBIA,3
01607,009,Eventos Científicos,Encuentro,Encuentro de rectores y lideres de grupos de investigación,2010-10-15,Universidad del Sinú - Elías Bechara Zainum,3
01608,009,Eventos Científicos,Otro,III Semana de la Ciencia la Tecnologìa e Innovaciòn Cordona 2010,2010-10-10,Subcomision Acadèmica de Ciencia y Tecnologìa,3
01609,009,Eventos Científicos,Seminario,SEMINARIO SOBRE PERTINENCIA DE LA EDUCACION PREESCOLAR EN COLOMBIA,2014-03-15,UNIVERSIDAD CATOLICA LUIS AMIGO,3
01610,009,Eventos Científicos,Seminario,PERTINENCIA DE LA EDUCACION INFANTIL EN COLOMBIA,,Fundación Universitaria CEIPA,3
01611,009,Eventos Científicos,Otro,DIPLOMADO EN DOCENCIA   UNIVERSITARIA-MODULO. MODELOS  Y TENDENCIAS PEDAGOGICAS CONTEMPORANEAS EN LA EDUCACION,,UNIVERSIDAD CATOLICA LUIS AMIGO,3
01612,009,Eventos Científicos,Otro,PANEL. INVESTIGACION EN EL AULA,,PANEL INVESTIGACION EN EL AULA,3
01613,009,Eventos Científicos,Seminario,LAS TECNICAS DE GRUPOS OPERATIVOS COMO ESTRATEGIA DE INTERVENCION DE LAS PROBLEMATICAS PSICOSOCIALES,,UNIVERSIDAD CATOLICA LUIS AMIGO,3
01614,009,Eventos Científicos,Encuentro,ACUERDO NACIONAL POR LA PAZ Y RECONCILIACION NACIONAL,,ACUERDO NACIONAL POR LA PAZ Y RECONCILIACION,3
01615,009,Eventos Científicos,Seminario,CONSTRUCCION DEL CONOCIMIENTO MATEMATICO A PARTIR DE PROBLEMAS,,UNIVERSIDAD CATOLICA LUIS AMIGO,3
01616,009,Eventos Científicos,Taller,SEMINARIO TALLER SOBRE ANALISIS E INTERPRETACION DE LA INVESTIGACION CUANTITATIVA Y CUALITATIVA EN LA INVESTIGACION SOCIAL,,CORPORACIÓN UNIVERSITARIA DEL CARIBE - CECAR,3
01617,009,Eventos Científicos,Encuentro,CONSEJO DE POLITICA SOCIAL DEL DPTO DE CORDOBA,,Gobernación De Córdoba,3
01618,009,Eventos Científicos,Encuentro,V Encuentro Etnocultural para la Convivencia Pacífica en el Departamento de Córdoba,2009-09-26,Gobernación De Córdoba,3
01619,009,Eventos Científicos,Otro,Panel de expertos para la preseleccion de propuestas presentadas a la convocatoria de proyectos de investigaciòn relacionados con los sectores transversales de educaciòn y salud priorizados en la Agenda Prospectiva de Cy T del Depto de Còrdoba.,2009-01-30,UNIVERSIDAD DE CORDOBA,3
01620,009,Eventos Científicos,Encuentro,V ENCUENTRO ETNOCULTURAL PARA LA CONVIVENCIA PACIFICA DEL DPTO. DE CORDOBA 2009,,V ENCUENTRO ETNOCULTURAL PARA LA CONVICENCIA PACIFICA DEL DPTO DE CORDOBA,3
01621,009,Eventos Científicos,Seminario,"SEMINARIO TALLER SOBRE LA PREVENCION DEL SUICIDIO EN EL ESCENARIO ESCOLAR, UN ENFOQUE PSICOSOCIAL",,UNIVERSIDAD CATOLICA LUIS AMIGO,3
01622,009,Eventos Científicos,Seminario,LOS GRUPOS OPERATIVOS COMO ESTRATEGIA DE INTERVENCION DE LAS PROBLEMATICAS PSICOSOCIAL,,UNIVERSIDAD CATOLICA LUIS AMIGO,3
01623,009,Eventos Científicos,Encuentro,XI ENCUENTRO NACIONAL  DE INVESTIGACION,,UNIVERSIDAD CATOLICA LUIS AMIGO,3
01624,009,Eventos Científicos,Otro,FORO POR LA PAZ Y LA SALUD MENTAL,2007-11-02,,3
01625,009,Eventos Científicos,Encuentro,IX Encuentro Nacional de Investigadores,,FundaciònUniversitaria Luìs Amigò,3
01626,009,Eventos Científicos,Encuentro,I Encuentro Departamental de Semilleros de Investigaciòn,,Junta Nodo Cordoba,3
01627,009,Eventos Científicos,Encuentro,ENCUENTRO NACIONAL DE INVESTIGADORES,,,3
01628,009,Eventos Científicos,Encuentro,Septimo encunetro nacional de investigadores,,FUNLAM,3
01629,009,Eventos Científicos,Encuentro,VII ENCUENTRO NACIONAL DE INVESTIGADORES,,UNIVERSIDAD CATOLICA LUIS AMIGO,3
01630,009,Eventos Científicos,Encuentro,Sexto encuentro nacional de investigadores,,FUNLAM,3
01631,009,Eventos Científicos,Seminario,"SEMINARIO  MANEJO DEL CONFLICTO DESDE LA FAMILIA, LA EDUCACIÓN Y LA ECONOMIA SOLIDARIA",1997-09-30,UNIVERSIDAD CATOLICA LUIS AMIGO,3
01632,009,Eventos Científicos,Otro,"Socialización del estudio ""Pautas de crianzas de familias colombianas""",,,3
01633,010,Eventos Científicos,Congreso,6th International Congress of Clinical and Health Psychology in Children and Adolescents,2020-11-21,Universidad Miguel Hernández,3
01634,010,Eventos Científicos,Congreso,"II Congreso de Neuropsicopedagogía: Gestión de Emociones, Inclusión e Intervención en el Aula",2020-09-05,UNIVERSIDAD CATOLICA LUIS AMIGO,3
01635,010,Eventos Científicos,Seminario,Seminario Virtual: Panorama del Derecho de Autor en el marco de los Métodos Alternativos de Solución de Conflictos,2020-06-18,Dirección Nacional de Derechos de Autor,3
01636,010,Eventos Científicos,Seminario,ATENCIÓN A LA DEPRESIÓN DESDE LOS SISTEMAS PSICOLÓGICOS Y SOCIOECOLÓGICOS,2020-05-16,Religiosos Terciarios Capuchinos de Nuestra Señora de los Dolores,3
01637,010,Eventos Científicos,Seminario,SEMINARIO ATENCIÓN A LA DEPRESIÓN DESDE LOS SISTEMAS PSICOLÓGICOS Y SOCIOECOLÓGICOS,2020-05-16,UNIVERSIDAD CATOLICA LUIS AMIGO,3
01638,010,Eventos Científicos,Seminario,Seminario Atención a la Depresion desde los sistemas psicológicos y socioecológicos,2020-05-16,UNIVERSIDAD CATOLICA LUIS AMIGO,3
01639,010,Eventos Científicos,Seminario,Primer Seminario Virtual de Derecho de Autor: Una oportunidad para el resurgimiento de la economìa cultural.,2020-04-23,Dirección Nacional de Derechos de Autor,3
01640,010,Eventos Científicos,Seminario,PRIMER FORO COMUNIDAD Y SOCIEDAD: MIRADAS FRENTE A LA PREVENCIÓN Y ATENCIÓN DEL CONSUMO DE SUSTANCIAS PSICOACTIVAS,2019-10-19,UNIVERSIDAD CATOLICA LUIS AMIGO,3
01641,010,Eventos Científicos,Congreso,III Congreso iberoamericano de neuropsicologia II congreso de la sociedad Colombiana de neuropsicologia,2019-09-14,UNIVERSIDAD CATOLICA LUIS AMIGO,3
01642,010,Eventos Científicos,Encuentro,XXII Encuentro Nacional de Investigación,2019-09-06,UNIVERSIDAD CATOLICA LUIS AMIGO,3
01643,010,Eventos Científicos,Encuentro,Nacional de Investigación Encuentro XXII (Universidad Católica Luis Amigó),2019-09-06,UNIVERSIDAD CATOLICA LUIS AMIGO,3
01644,010,Eventos Científicos,Seminario,Seminario Nacional de Actualizaciòn Sobre Justicia Restaurativa,2019-08-23,UNIVERSIDAD CATOLICA LUIS AMIGO,3
01645,010,Eventos Científicos,Encuentro,"Conversatorio salud: trabajo, familia, adiciones, y comunidad para servir",2019-08-20,Servientrega,3
01646,010,Eventos Científicos,Seminario,Seminario ciberconvivencia y afrontamiento: riesgos y desafìos en jòvenes,2019-08-10,UNIVERSIDAD CATOLICA LUIS AMIGO,3
01647,010,Eventos Científicos,Taller,Curso Taller Estrategias Eficaces en el fortalecimiento de la autonomìa en adolescentes y jòvenes en dificultad social,2019-07-18,Universidad Santo Tomás De Aquino - Sede Bogotá - Usta,3
01648,010,Eventos Científicos,Seminario,Forum Iberoamericano de neurociencia cognitiva,2019-06-14,Universidad de Maimónides,3
01649,010,Eventos Científicos,Encuentro,"CÁTEDRA NACIONAL DE FAMILIA CON LA PROFESORA VANESSA SÁNCHEZ AGUDELO: ""PERSPECTIVAS NARRATIVAS PARA EL TRABAJO CON FAMILIAS""",2019-05-10,UNIVERSIDAD CATOLICA LUIS AMIGO,3
01650,010,Eventos Científicos,Otro,CONFERENCIA: TRASTORNOS DE LA INFANCIA Y ADOLESCENCIA. UNA MIRADA NEUROPSICOLÓGICA PARA EL SISTEMA DE PROTECCIÓN Y RESPONSABILIDAD PENAL,2019-04-24,UNIVERSIDAD CATOLICA LUIS AMIGO,3
01651,010,Eventos Científicos,Seminario,3.	Primer Seminario de Familia ¿Perspectivas para la intervención desde las Ciencias Sociales y Humanas¿,2019-04-13,UNIVERSIDAD CATOLICA LUIS AMIGO,3
01652,010,Eventos Científicos,Seminario,I seminario de Familia: perspectivas para la intervención desde las ciencias sociales y humanas,2019-04-13,UNIVERSIDAD CATOLICA LUIS AMIGO,3
01653,010,Eventos Científicos,Congreso,III Congreso Internacional de Pedagogía Amigoniana,2018-11-09,UNIVERSIDAD CATOLICA LUIS AMIGO,3
01654,010,Eventos Científicos,Seminario,"Seminario violencia, bioética social, infancia y paz",2018-11-02,PONTIFICIA UNIVERSIDAD JAVERIANA - SEDE BOGOTA,3
01655,010,Eventos Científicos,Seminario,"Seminario violencia, bioética social, infancia y paz",2018-11-02,UNIVERSIDAD CATOLICA LUIS AMIGO,3
01656,010,Eventos Científicos,Seminario,"Seminario sobre Violencia, Bioética Social, Infancia y Paz",2018-11-02,UNIVERSIDAD CATOLICA LUIS AMIGO,3
01657,010,Eventos Científicos,Otro,2da Semana de las Humanidades,2018-09-27,UNIVERSIDAD DISTRITAL FRANCISCO JOSÉ DE CALDAS,3
01658,010,Eventos Científicos,Encuentro,"XXI Encuentro Nacional de Investigaciones ""Ciencia, Sociedad e Innovación""",2018-09-07,Universidad Católica Luis Amigó,3
01659,010,Eventos Científicos,Encuentro,XXI Encuentro Nacional de Investigaciones,2018-09-07,UNIVERSIDAD CATOLICA LUIS AMIGO,3
01660,010,Eventos Científicos,Encuentro,XXI Encuentro Nacional de Investigación 2018,2018-09-07,UNIVERSIDAD CATOLICA LUIS AMIGO,3
01661,010,Eventos Científicos,Congreso,IV congreso nacional e internacional de neurociencias y neuropsicologia,2018-08-31,UNIVERSIDAD CATOLICA LUIS AMIGO,3
01662,010,Eventos Científicos,Encuentro,III Encuentro regional de semilleros de investigación de la Universidad Catolica Luis Amigó,2018-05-02,UNIVERSIDAD CATOLICA LUIS AMIGO,3
01663,010,Eventos Científicos,Encuentro,III Encuentro departamental de semilleros de investigacion Universidad Catolica Luis Amigó,2018-05-02,UNIVERSIDAD CATOLICA LUIS AMIGO,3
01664,010,Eventos Científicos,Congreso,XI congreso nacional XII seminario internacional de neurociencias,2018-04-28,UNIVERSIDAD CATOLICA LUIS AMIGO,3
01665,010,Eventos Científicos,Simposio,"Segundo simposio La dimensión espiritual como experiencia significativa para el posconflicto, 2017",2017-10-27,UNIVERSIDAD CATOLICA LUIS AMIGO,3
01666,010,Eventos Científicos,Encuentro,XX encuentro Nacional de investigación Universidad Católica Luis Amigó,2017-09-08,UNIVERSIDAD CATOLICA LUIS AMIGO,3
01667,010,Eventos Científicos,Taller,Taller estrategias de afrontamiento del ciberbullying,,UNIVERSIDAD CATOLICA LUIS AMIGO,3
01668,010,Eventos Científicos,Seminario,Seminario Internacional Atención psicosocial en Desastres y postconflicto,2017-02-11,UNIVERSIDAD CATOLICA LUIS AMIGO,3
01669,010,Eventos Científicos,Congreso,II International Congress Of Clinical And Health Psychology On Children And Adolescents,2016-11-19,Universidad Miguel Hernandez,3
01670,010,Eventos Científicos,Congreso,"III Congreso Nacional de Pedagogìa Amigoniana: ""Raíces, Actualidad y Desafíos""",2015-11-15,Fundación Amigó,3
01671,010,Eventos Científicos,Encuentro,"XVIII ENCUENTRO NACIONAL DE INVESTIGACIONES FUNLAM- LA INVESTIGACIÓN, UNA OPORTUNIDAD SOCIAL",2015-09-10,UNIVERSIDAD CATOLICA LUIS AMIGO,3
01672,010,Eventos Científicos,Encuentro,Encuentro Universitario sobre Responsabilidad Social 2014,2015-02-27,UNIVERSIDAD CATOLICA LUIS AMIGO,3
01673,010,Eventos Científicos,Encuentro,Encuentro de Responsabilidad Social Universitaria,2014-11-15,UNIVERSIDAD CATOLICA LUIS AMIGO,3
01674,010,Eventos Científicos,Encuentro,III Encuentro de Investigaciones Facultad de Ciencias y Educación Universidad Distrital Francisco José de Caldas,2014-10-10,UNIVERSIDAD DISTRITAL FRANCISCO JOSÉ DE CALDAS,3
01675,010,Eventos Científicos,Encuentro,"Encuentro Universitario de Investigaciones, Semilleros y Prácticas Formativas e Investigativas - Investigación y Práctica en la Diversidad: RESPONSABILIDAD social de la Educación Universitaria",2013-11-09,UNIVERSIDAD CATOLICA LUIS AMIGO,3
01676,010,Eventos Científicos,Encuentro,Encuentro Nacional de Investigaciones,2013-09-13,UNIVERSIDAD CATOLICA LUIS AMIGO,3
01677,010,Eventos Científicos,Congreso,Congreso de Psicología,2013-09-07,UNIVERSIDAD CATOLICA LUIS AMIGO,3
01678,010,Eventos Científicos,Congreso,Congreso de Psicología,2013-09-07,UNIVERSIDAD CATOLICA LUIS AMIGO,3
01679,010,Eventos Científicos,Seminario,VI SEMINARIO TALLER INTERNACIONAL VENDIMIA EDUCACION Y CONSTRUCCION DE LA NACION EN AMERICA LATINA Y EL CARIBRE HISTORIA Y PROSPECTIVA,2012-11-03,UNIVERSIDAD CATOLICA LUIS AMIGO,3
01680,011,Eventos Científicos,Otro,Coloquio n° 1 de Investigación Formativa Programa de Psicología,2025-05-17,UNIVERSIDAD CATOLICA LUIS AMIGO,3
01681,011,Eventos Científicos,Otro,Coloquio N° 2 de Investigación Formativa Programa de Psicología,2025-05-16,UNIVERSIDAD CATOLICA LUIS AMIGO,3
01682,011,Eventos Científicos,Taller,"Habilidades para la vida: voz, palabra y escritura",2025-05-15,UNIVERSIDAD CATOLICA LUIS AMIGO,3
01683,011,Eventos Científicos,Otro,Salud Integral y Diversidad Cultural: Enfoques Interdisciplinarios para el bienestar de Poblaciones Indígenas,2024-11-22,HOSPITAL PABLO TOBÓN URIBE,3
01684,011,Eventos Científicos,Otro,Contacto Doctoral Interdisciplinar.,2024-11-20,UNIVERSIDAD PONTIFICIA BOLIVARIANA,3
01685,011,Eventos Científicos,Seminario,II Seminario Internacional Online del Doctorado en Ciencias Sociales de la Universidad Autónoma de Chile,2024-11-20,Universidad Autónoma De Chihuahua,3
01686,011,Eventos Científicos,Congreso,XVIII Congreso de la Sociedad Latinoamericana de Neuropsicología,2024-11-15,UNIVERSIDAD DEL AZUAY,3
01687,011,Eventos Científicos,Encuentro,XXVII Encuentro Nacional de Investigación,2024-10-04,UNIVERSIDAD CATOLICA LUIS AMIGO,3
01688,011,Eventos Científicos,Encuentro,XII Encuentro de investigadores y redes de servicio. ASCOFAPSI.,2024-06-14,UNIVERSIDAD PONTIFICIA BOLIVARIANA,3
01689,011,Eventos Científicos,Otro,I Foro regional: Crisis en un mundo contemporáneo. La familia de nuestro tiempo.,2024-04-26,UNIVERSIDAD DEL QUINDÍO,3
01690,011,Eventos Científicos,Encuentro,"X Semana Internacional De Ciencia, Tecnología E Innovación 2023",2023-11-24,UNIVERSIDAD FRANCISCO DE PAULA SANTANDER,3
01691,011,Eventos Científicos,Congreso,9a Conferencia Latinoamericana y Caribeña de Ciencias Sociales,2022-06-10,Consejo Latinoamericano de Ciencias Sociales - CLACSO,3
01692,011,Eventos Científicos,Congreso,II Congreso Regional de investigación en Psicología: Retos y perspectivas en abordajes de problemáticas psicosociales emergentes,2021-04-16,UNIVERSIDAD CATOLICA LUIS AMIGO,3
01693,011,Eventos Científicos,Congreso,II Congreso Regional de Psicología,2021-04-16,UNIVERSIDAD CATOLICA LUIS AMIGO,3
01694,011,Eventos Científicos,Congreso,XI CONGRESO DE ADICCIONES: ADICCIONES Y TECNOLOGÍA,2019-11-30,UNIVERSIDAD CATOLICA LUIS AMIGO,3
01695,011,Eventos Científicos,Congreso,XI Congreso de Adicciones: Adicciones y tecnología,2019-11-30,UNIVERSIDAD CATOLICA LUIS AMIGO,3
01696,011,Eventos Científicos,Otro,I Coloquio de Investigación Formativa Especialización en Terapia Familiar Cohortes XI y XII De los textos a la vida. La investigación documental como estrategia de re-conocimiento de la terapia familiar.,2019-11-22,UNIVERSIDAD CATOLICA LUIS AMIGO,3
01697,011,Eventos Científicos,Seminario,"Seminario Taller Diálogos bajo el cielo, voz, palabra escritura e investigación",2019-11-29,UNIVERSIDAD CATOLICA LUIS AMIGO,3
01698,011,Eventos Científicos,Seminario,"Seminario Taller. Diálogos bajo el cielo. Voz, Palabra, Escritura e Investigación.",2019-11-29,UNIVERSIDAD CATOLICA LUIS AMIGO,3
01699,011,Eventos Científicos,Taller,"Seminario Taller.  Diálogos bajo el cielo.  Voz, Palabra,  Escritura e Investigación.",2019-11-29,UNIVERSIDAD CATOLICA LUIS AMIGO,3
01700,011,Eventos Científicos,Seminario,VOLVIENDO A LA U. Escuela de Milán y su visión sistémica.,2019-10-17,UNIVERSIDAD CATOLICA LUIS AMIGO,3
01701,011,Eventos Científicos,Otro,Foro de Salud Mental Municipio de Andes Antioquia,2019-10-10,Alcaldía de Andes,3
01702,011,Eventos Científicos,Seminario,"XII Seminario Nacional de Familia.  Cuidado: trayectorias, usos, prácticas y desafíos del cuidado en la vida familiar y de pareja.",2019-10-02,TECNOLOGICO DE ANTIOQUIA INSTITUCION UNIVERSITARIA,3
01703,011,Eventos Científicos,Congreso,IX CONGRESO IBEROAMERICANO DE PSICOLOGIA CLÍNICA Y DE LA SALUD,2019-09-27,UNIVERSIDAD DE MEDELLIN,3
01704,011,Eventos Científicos,Otro,Conferencia: trastornos de la conducta alimentaria: una mirada multietiológica,2019-09-19,INSTITUCIÓN UNIVERSITARIA POLITÉCNICO GRANCOLOMBIANO SEDE MEDELLÌN,3
01705,011,Eventos Científicos,Otro,Competencias del psicólogo en la praxis,2019-09-12,INSTITUCIÓN UNIVERSITARIA POLITÉCNICO GRANCOLOMBIANO SEDE MEDELLÌN,3
01706,011,Eventos Científicos,Encuentro,XXII encuentro nacional de investigación,2019-09-06,UNIVERSIDAD CATOLICA LUIS AMIGO,3
01707,011,Eventos Científicos,Otro,Prevención de la conducta suicida en funcionarios de la policía,2019-08-30,Dirección de Educación Policial - Policía Nacional De Colombia,3
01708,011,Eventos Científicos,Otro,Prevención de la conducta suicida en adolescentes,2019-08-09,INSTITUCIÓN UNIVERSITARIA POLITÉCNICO GRANCOLOMBIANO SEDE MEDELLÌN,3
01709,011,Eventos Científicos,Otro,Lección Inaugural cohorte XII.  Salud Mental en la Familia De la Psicopatología a la singularidad familiar.,2019-08-02,UNIVERSIDAD CATOLICA LUIS AMIGO,3
01710,011,Eventos Científicos,Congreso,Forum de Neurociencia Cognitiva,2019-06-14,UNIVERSIDAD CATOLICA LUIS AMIGO,3
01711,011,Eventos Científicos,Otro,"X CÁTEDRA DE TERAPIA FAMILIAR, BEATRIZ MARÍA MOLINA VÉLEZ.",2019-05-09,TECNOLOGICO DE ANTIOQUIA INSTITUCION UNIVERSITARIA,3
01712,011,Eventos Científicos,Encuentro,"Encuentro Latinoamericano de Psicología y Praxis transformadoras en lo terapeútico, lo psicosocial , psicopolítico y comunitario",2019-05-04,UNIVERSIDAD CATOLICA LUIS AMIGO,3
01713,011,Eventos Científicos,Otro,I Coloquio Regional de semilleros de investigación en familia.,2019-05-02,INSTITUCIÓN UNIVERSITARIA DE ENVIGADO,3
01714,011,Eventos Científicos,Encuentro,"Lección inaugural cohorte XI.  El verbo, la trama y el acontecimiento.  Tres caminos de libertad en la terapia narrativa.",2019-01-25,UNIVERSIDAD CATOLICA LUIS AMIGO,3
01715,011,Eventos Científicos,Congreso,VI Congresso Internacional sobre drogas,2018-11-23,UNIVERSIDAD CATOLICA LUIS AMIGO,3
01716,011,Eventos Científicos,Otro,Hablemos sobre la actualidad de la habitanza en calle de Medellín,2018-10-24,UNIVERSIDAD PONTIFICIA BOLIVARIANA,3
01717,011,Eventos Científicos,Congreso,X Congreso Internacional multidisciplinario de investigación,2018-10-26,UNIVERSIDAD DE ANTIOQUIA,3
01718,011,Eventos Científicos,Congreso,Conferencia Internacional de Psicología Comunitaria,2018-10-07,UNIVERSIDAD CATOLICA LUIS AMIGO,3
01719,011,Eventos Científicos,Seminario,Seminario Internacional de Derecho penal en el marco de los Derechos Humanos,2018-10-02,Personería De Medellín,3
01720,011,Eventos Científicos,Seminario,"""Política pública social al habitante de calle del municipio de Medellín. El ciudadano habitante de calle y su contexto",2018-09-06,ALCALDIA DE MEDELLIN,3
01721,011,Eventos Científicos,Encuentro,XXI Encuentro Nacional de Investigación,2018-09-07,UNIVERSIDAD CATOLICA LUIS AMIGO,3
01722,011,Eventos Científicos,Taller,"diseño de rúbricas para la evaluación de competencias,",2018-09-14,UNIVERSIDAD COOPERATIVA DE COLOMBIA,3
01723,011,Eventos Científicos,Simposio,Simposio Internacional estigma hacia las personas que usan drogas e inclusión social,2018-08-14,UNIVERSIDAD CATOLICA LUIS AMIGO,3
01724,011,Eventos Científicos,Encuentro,III Bienal Latinoamericana y Caribeña de infancias y juventudes,2018-08-03,UNIVERSIDAD CATOLICA LUIS AMIGO,3
01725,011,Eventos Científicos,Congreso,VIII CONGRESO LATINOAMERICANO DE PSICOLOGIA DE LA SALUD ALAPSA 2018,2018-05-18,CENTRO NACIONAL DE INFORMACIÓN DE CIENCIAS MÉDICAS- INFOMED,3
01726,011,Eventos Científicos,Simposio,Praxis Retos y Reflexiones actuales de la psicología clínica y de la salud,2018-04-25,UNIVERSIDAD PONTIFICIA BOLIVARIANA,3
01727,011,Eventos Científicos,Seminario,"SEMINARIO INTERNACIONAL DE PSICOLOGÍA SOCIAL: PSICOLOGÍAS SOCIALES, POSTCONFLICTO Y CONSTRUCCIONES DE PAZ",2018-04-21,UNIVERSIDAD PONTIFICIA BOLIVARIANA,3
01728,011,Eventos Científicos,Congreso,"I ENCUENTRO INTERNACIONAL EN FAMILIA, EDUCACIÓN Y SOCIEDAD Y X CONGRESO DE ADICCIONES",2017-11-07,UNIVERSIDAD CATOLICA LUIS AMIGO,3
01729,011,Eventos Científicos,Seminario,LA INTERVENCIÓN CLÍNICA PSICOLÓGICA: UNA APUESTA INTERDISCIPLINAR DIÁLOGO-PSICOLOGÍA-PSIQUIATRÍA,2017-05-27,UNIVERSIDAD CATOLICA LUIS AMIGO,3
01730,011,Eventos Científicos,Congreso,VII Congreso Internacional sobre Educación Digital y Gestión del Talento Humano,2017-05-19,UNIVERSIDAD CATOLICA LUIS AMIGO,3
01731,011,Eventos Científicos,Congreso,IX Congreso Internacional de Adicciones,2016-12-02,UNIVERSIDAD CATOLICA LUIS AMIGO,3
01732,011,Eventos Científicos,Encuentro,XIX Encuentro nacional de investigación Funlam,2016-10-07,UNIVERSIDAD CATOLICA LUIS AMIGO,3
01733,011,Eventos Científicos,Otro,FORO REGULACIÓN DE LA MARIHUANA CON FINES MEDICINALES,2016-05-05,UNIVERSIDAD CATOLICA LUIS AMIGO,3
01734,011,Eventos Científicos,Otro,"Foro Regulación de marihuana con fines medicinales: realidades, perspectivas e implicaciones",2016-05-05,UNIVERSIDAD CATOLICA LUIS AMIGO,3
01735,011,Eventos Científicos,Encuentro,XVIII Encuentro Nacional de Investigación,2015-09-10,UNIVERSIDAD CATOLICA LUIS AMIGO,3
01736,011,Eventos Científicos,Encuentro,XVIII Encuentro Nacional de Investigación,2015-09-10,UNIVERSIDAD CATOLICA LUIS AMIGO,3
01737,011,Eventos Científicos,Congreso,VII CONGRESO INTERNACIONAL DE ADICCIONES,2014-12-06,UNIVERSIDAD CATOLICA LUIS AMIGO,3
01738,011,Eventos Científicos,Encuentro,Encuentro Nacional de Investigación,2014-10-17,UNIVERSIDAD CATOLICA LUIS AMIGO,3
01739,011,Eventos Científicos,Encuentro,Encuentro Nacional de Investigación,2015-01-17,UNIVERSIDAD CATOLICA LUIS AMIGO,3
01740,011,Eventos Científicos,Congreso,VI Congreso Iberoamericano de Investigación Cualitativa en Salud,2014-10-17,UNIVERSIDAD CATOLICA LUIS AMIGO,3
01741,011,Eventos Científicos,Congreso,VI Congreso Iberoamericano de Investigación Cualitativa en Salud,2014-10-17,UNIVERSIDAD CATOLICA LUIS AMIGO,3
01742,011,Eventos Científicos,Encuentro,"La investigación, un compromiso con la sociedad",2014-10-17,UNIVERSIDAD CATOLICA LUIS AMIGO,3
01743,011,Eventos Científicos,Encuentro,"La investigación, un compromiso con la sociedad",2014-10-17,UNIVERSIDAD CATOLICA LUIS AMIGO,3
01744,011,Eventos Científicos,Congreso,VI Congreso iberoamericano de investigación cualitativa en salud un compromiso con la ética y la justicia social. Universidad de Antioquia,2014-10-17,Servicio Nacional de Aprendizaje Sena Sede Cali,3
01745,011,Eventos Científicos,Simposio,Simposio Nacional de Política Pública para el Habitante de Calle,2013-12-11,Tipo de vinculación,3
01746,011,Eventos Científicos,Congreso,VI Congreso Internacional de Adicciones: Nuevos desafíos en prevención y tratamiento,2013-12-07,UNIVERSIDAD CATOLICA LUIS AMIGO,3
01747,011,Eventos Científicos,Seminario,Seminario Nacional De lo Individual a lo Colectivo de las Drogas,2013-11-21,E.S.E CARISMA,3
01748,011,Eventos Científicos,Simposio,Simposio Internacional sobre tendencias en tratamiento y políticas en drogas,2013-10-10,Tipo de vinculación,3
01749,011,Eventos Científicos,Congreso,Congreso Mundial de Salud Mental,2013-08-28,Federacion Mundial de Salud Mental,3
01750,011,Eventos Científicos,Seminario,Farmacodependencia,2012-06-01,UNIVERSIDAD CATOLICA LUIS AMIGO,3
01751,011,Eventos Científicos,Encuentro,Encuentro Nacional de Investigación en Posgrados. Bogotá,,,3
01752,011,Eventos Científicos,Congreso,CONGRESO INTERNACIONAL DE DROGAS DE SINTESIS,,"Facultad Nacional de Salud Publica UdeA, Fundacion Universitaria Luis Amigo",3
01753,011,Eventos Científicos,Congreso,CONGRESO INTERNACIONAL DE PEDAGOGIA AMIGONIANA,2009-10-31,UNIVERSIDAD CATOLICA LUIS AMIGO,3
01754,011,Eventos Científicos,Congreso,Congreso de familia internacional,,UNIVERSIDAD CATOLICA LUIS AMIGO,3
01755,011,Eventos Científicos,Encuentro,4to Encuentro de la Salud Integral y Sustancias Psicoactivas,,UNIVERSIDAD NACIONAL DE COLOMBIA SEDE BOGOTA,3
01756,011,Eventos Científicos,Encuentro,VII Encuentro de investigadores de la Fundación Universitaria Luis Amigó,,Fndación Universitaria Luis Amigó,3
01757,011,Eventos Científicos,Encuentro,Drogas y Ciudad,,UNIVERSIDAD CATOLICA LUIS AMIGO,3
01758,011,Eventos Científicos,Otro,"""Jornadas de prevención de las adicciones y Promoción del no consumo de psicoactivos en la U""",,UNIVERSIDAD DE ANTIOQUIA,3
01759,011,Eventos Científicos,Otro,Fórum Internacional FIUC-USU,,Federacao Internacional das Universidades Católicas Universidade Santa Úrsula,3
01760,011,Eventos Científicos,Congreso,II Congreso Internacional Mujer Siglo XXI: Problematicas contemporaneas adicciones y violencias sociales,,UNIVERSIDAD DE ANTIOQUIA,3
01761,011,Eventos Científicos,Seminario,Coca coacina y basuco,,Internacional Coca reasearch Institute,3
01762,011,Eventos Científicos,Seminario,El consumo/abuso de alcohol y otras sustancias psicoactivas en los lugares de trabajo,,UNIVERSIDAD CATOLICA LUIS AMIGO,3
01763,011,Eventos Científicos,Otro,Foro Internacional Universidad y Toxonomia,,,3
01764,011,Eventos Científicos,Encuentro,Consumo de alcohol y otras sutancias psicoactivas en los lugares de trabajo,,UNIVERSIDAD CATOLICA LUIS AMIGO,3
01765,011,Eventos Científicos,Encuentro,VI Encuentro de Investigadores. Rupturas y reconfiguraciones en lo social,,UNIVERSIDAD CATOLICA LUIS AMIGO,3
01766,011,Eventos Científicos,Seminario,Inteligencia y habilidades del pensamiento,,Comité regional de educación Antioquia-Chocó,3
01767,011,Eventos Científicos,Encuentro,Encuentro Nacional de Investigadores sobre consumo de sustancias pscicoativas,,Programa presidencial para abordar el consumo de drogas RUMBOS,3
01768,011,Eventos Científicos,Taller,II Taller Internacional Desarrollo Humano,,Universidad Católica de Honduras Nuestra Señora de la Paz,3
01769,011,Eventos Científicos,Congreso,"Mujer siglo XXi. Problemas contemporaneos, Sexualidad y Farmacodpendencia",,UNIVERSIDAD DE ANTIOQUIA,3
01770,011,Eventos Científicos,Congreso,12 CONFERENCE INTERNATIONAL ON REDUCTION OF DRUG RELATED HARM,,INTERNATIONAL HARM REDUCTION ASOCIATION,3
01771,011,Eventos Científicos,Congreso,NUEVAS ESTRATEGIAS DE ATENCIÓN EN DROGODEPENDENCIAS,,FUNLAM,3
01772,011,Eventos Científicos,Congreso,IV ENCUENTRO NACIONAL DE INVESTIGADORES,,UNIVERSIDAD CATOLICA LUIS AMIGO,3
01773,011,Eventos Científicos,Congreso,"Congreso Nuevas Estrategias de atención en drogodependencia ""La Minimización de Riesgos""",,UNIVERSIDAD CATOLICA LUIS AMIGO,3
01774,011,Eventos Científicos,Seminario,I FORUM Y II CONFERENCIA DE COOPERACION EN AMERICA LATINA Y CARIBE HIV/SIDA,,PROGRAMA DE HIV/AIDS RIO DE JANEIRO BRASIL,3
01775,011,Eventos Científicos,Simposio,SIMPOSIO INTERNACIONAL.  PAPEL DE LAS COMUNIDADES TERAPÉUTICAS DE CARA AL SIGLO XXI,,FUNLAM,3
01776,011,Eventos Científicos,Simposio,"SEMINARIO ALCOHOL, DROGAS Y TRÁNSITO VEHICULAR",,FUNLAM,3
01777,011,Eventos Científicos,Encuentro,III ENCUENTRO NACIONAL DE INVESTIGADORES,,UNIVERSIDAD CATOLICA LUIS AMIGO,3
01778,012,Eventos Científicos,Congreso,III Congreso Internacional de Investigación,2023-09-01,UNIVERSIDAD CATOLICA LUIS AMIGO,3
01779,012,Eventos Científicos,Congreso,"Congreso Internacional: Comunicación, Lenguajes y culturas. Retrúecanos: entre lenguajes y culturas nos comunicamos.",2023-08-19,UNIVERSIDAD CATOLICA LUIS AMIGO,3
01780,012,Eventos Científicos,Otro,Semiótica,2022-11-23,Universidad Técnica Particular de Loja,3
01781,012,Eventos Científicos,Congreso,VIII Congreso Internacional de Comunicación Estratégica,2022-11-04,UNIVERSIDAD CATOLICA LUIS AMIGO,3
01782,012,Eventos Científicos,Otro,Conferencia Panorama político para el escenario social colombiano,2022-09-14,EJERCITO NACIONAL,3
01783,012,Eventos Científicos,Otro,Semiótica,2022-05-25,Universidad Técnica Particular de Loja,3
01784,012,Eventos Científicos,Congreso,"IVCongreso de Comunicación AFACOM y VI Encuentro Nacional de Semilleros de InvestigaciónenComunicación""",2022-03-17,UNIVERSIDAD CATOLICA LUIS AMIGO,3
01785,012,Eventos Científicos,Encuentro,IX ENCUENTRO DE DOCTORADOS,2021-12-03,Asociación Colombiana de Facultades de Psicología Ascofapsi,3
01786,012,Eventos Científicos,Encuentro,"Experiencia docente, del aula a la aplicación de los nuevos modelos de aprendizaje",2021-08-23,UNIVERSIDAD CATOLICA LUIS AMIGO,3
01787,012,Eventos Científicos,Simposio,9° Simposio Internacional de Diseño Sostenible - Terapias de bienestar como táctica publicitaria,2020-11-06,INSTITUCIÓN UNIVERSITARIA PASCUAL BRAVO,3
01788,012,Eventos Científicos,Simposio,"III Simposio Internacional en Publicidad Social 2020 ""Publicidad, sociedad y consumo""",2020-04-03,UNIVERSIDAD CATOLICA LUIS AMIGO,3
01789,012,Eventos Científicos,Otro,II Coloquio formativo en Publicidad Social,2019-10-31,UNIVERSIDAD CATOLICA LUIS AMIGO,3
01790,012,Eventos Científicos,Simposio,3re Congreso Internacional de Pedagogía Amigoniana,2018-11-08,UNIVERSIDAD CATOLICA LUIS AMIGO,3
01791,012,Eventos Científicos,Encuentro,XXV Cátedra Unesco de Comunicación,2018-11-02,UNIVERSIDAD CATOLICA LUIS AMIGO,3
01792,012,Eventos Científicos,Encuentro,XXV Cátedra Unesco de Comunicación,2018-11-02,UNIVERSIDAD CATOLICA LUIS AMIGO,3
01793,012,Eventos Científicos,Congreso,XXV CÁTEDRA UNESCO DE COMUNICACIÓN,2018-11-02,PONTIFICIA UNIVERSIDAD JAVERIANA,3
01794,012,Eventos Científicos,Congreso,XXV Cátedra UNESCO de Comunicación,2018-10-31,PONTIFICIA UNIVERSIDAD JAVERIANA,3
01795,012,Eventos Científicos,Congreso,III CONGRESO INTERNACIONAL DE COMPETENCIAS MEDIÁTICAS: COMUNICACIÓN EDUCACIÓN PARA EL BIEN VIVIR,2018-10-12,UNIVERSIDAD CATOLICA LUIS AMIGO,3
01796,012,Eventos Científicos,Congreso,III Congreso Internacional de Competencias Mediáticas,2018-10-12,UNIVERSIDAD CATOLICA LUIS AMIGO,3
01797,012,Eventos Científicos,Congreso,¿COMPRENDER LA PUBLICIDAD PARA TRANSFORMAR LA SOCIEDAD¿ II CONGRESO DE LA RED IBEROAMERICANA DE INVESTIGADORES EN PUBLICIDAD,2018-10-05,Centro Internacional de estudios Superiores de Comunicación para America La,3
01798,012,Eventos Científicos,Seminario,Seminario Transformación de Conflictos en la escuela: del discurso a la posibilidad,2018-09-25,UNIVERSIDAD CATOLICA LUIS AMIGO,3
01799,012,Eventos Científicos,Encuentro,"III Encuentro de la Asociación Colombiana de Investigadores en Comunicación ¿Relatos, narrativas y subjetividades: formas de poder estar juntos¿",2018-09-14,UNIVERSIDAD AUTONOMA DE BUCARAMANGA,3
01800,012,Eventos Científicos,Encuentro,"XXII ENCUENTRO NACIONAL DE INVESTIGACIÓN ""Ciencia, Sociedad e Innovación""",2018-09-07,UNIVERSIDAD CATOLICA LUIS AMIGO,3
01801,012,Eventos Científicos,Encuentro,"XXI Encuentro Nacional de Investigación Ciencia, Sociedad e Innovación",2018-09-07,UNIVERSIDAD CATOLICA LUIS AMIGO,3
01802,012,Eventos Científicos,Encuentro,XXI ENCUENTRO DE INVESTIGACIONES,2018-09-07,UNIVERSIDAD CATOLICA LUIS AMIGO,3
01803,012,Eventos Científicos,Encuentro,"Ciencia, Sociedad e Innovación. Encuentro Nacional de Investigación",2018-09-07,UNIVERSIDAD CATOLICA LUIS AMIGO,3
01804,012,Eventos Científicos,Encuentro,XXI Encuentro Nacional de Investigación (Universidad Católica Luis Amigó) - ¿Qué tanto sabe de su negocio? Modelo de nuevo esquema de servicio (pág. 71),2018-09-07,UNIVERSIDAD CATOLICA LUIS AMIGO,3
01805,012,Eventos Científicos,Encuentro,XXI Encuentro Nacional de Investigación (Universidad Católica Luis Amigó) - POPpaganda: usurpación del poder mediático (pág. 82),2018-09-07,UNIVERSIDAD CATOLICA LUIS AMIGO,3
01806,012,Eventos Científicos,Encuentro,"Ciencia, Sociedad e Innovación. Encuentro Nacional de Investigación",2018-09-07,UNIVERSIDAD CATOLICA LUIS AMIGO,3
01807,012,Eventos Científicos,Encuentro,"Ciencia, sociedad e innovación. XXI Encuentro Nacional de Investigación",2018-09-07,UNIVERSIDAD CATOLICA LUIS AMIGO,3
01808,012,Eventos Científicos,Simposio,Simposio Internacional Estigma Social,2018-08-14,UNIVERSIDAD CATOLICA LUIS AMIGO,3
01809,012,Eventos Científicos,Seminario,III Seminario Brasil - Colombia de Estudos e práticas de compreensao,2017-12-08,UNIVERSIDAD CATOLICA LUIS AMIGO,3
01810,012,Eventos Científicos,Simposio,Simposio Investigación Ustamed 2017,2017-11-10,UNIVERSIDAD CATOLICA LUIS AMIGO,3
01811,012,Eventos Científicos,Congreso,"XXV Congreso Internacional de Comunicadores, Líderes y Medios - COICOM",2017-11-11,UNIVERSIDAD CATOLICA LUIS AMIGO,3
01812,012,Eventos Científicos,Congreso,XXIV CÁTEDRA UNESCO DE COMUNICACIÓN,2017-11-10,PONTIFICIA UNIVERSIDAD JAVERIANA,3
01813,012,Eventos Científicos,Encuentro,XX Encuentro Nacional de Investigación - El nuevo marketing verde aplicabilidad en el contexto de la ciudad de Medellín,2017-09-15,UNIVERSIDAD CATOLICA LUIS AMIGO,3
01814,012,Eventos Científicos,Encuentro,XX Encuentro Nacional de Investigación,2017-09-08,UNIVERSIDAD CATOLICA LUIS AMIGO,3
01815,012,Eventos Científicos,Congreso,VII Congreso Internacional sobre Educación Digital y Gestión del Talento Humano,2017-05-19,CORPORACION CENTRO INTERNACIONAL DE MARKETING TERRITORIAL PARA LA EDUCACION Y EL DESARROLLO CIMTED,3
01816,012,Eventos Científicos,Congreso,"1er Congreso de la Red Iberoamericana de Investigadores en Publicidad, Capítulo Colombia GRUPOS DE INVESTIGACIÓN EN COMUNICACIÓN PARA LA SOSTENIBILIDAD SOCIAL",2017-05-09,UNIVERSIDAD CATOLICA LUIS AMIGO,3
01817,012,Eventos Científicos,Otro,Tendencias digitales SM 2017,2017-02-09,UNIVERSIDAD EAFIT,3
01818,012,Eventos Científicos,Simposio,Simposio formativo en Publicidad Social,2016-11-22,UNIVERSIDAD CATOLICA LUIS AMIGO,3
01819,012,Eventos Científicos,Congreso,Cátedra Unesco de Comunicación,2016-11-04,UNIVERSIDAD CATOLICA LUIS AMIGO,3
01820,012,Eventos Científicos,Congreso,Cátedra Unesco de Comunicación,2016-11-04,UNIVERSIDAD CATOLICA LUIS AMIGO,3
01821,012,Eventos Científicos,Congreso,XXIII CÁTEDRA UNESCO DE COMUNICACIÓN,2016-11-04,PONTIFICIA UNIVERSIDAD JAVERIANA,3
01822,012,Eventos Científicos,Congreso,XXIII CÁTEDRA UNESCO DE COMUNICACIÓN,2016-11-04,PONTIFICIA UNIVERSIDAD JAVERIANA,3
01823,012,Eventos Científicos,Simposio,Simposio formativo en Publicidad Social,2016-10-26,UNIVERSIDAD CATOLICA LUIS AMIGO,3
01824,012,Eventos Científicos,Simposio,Primer Simposio formativo en Publicidad Social,2016-10-26,UNIVERSIDAD CATOLICA LUIS AMIGO,3
01825,012,Eventos Científicos,Encuentro,"eBookcamp Colombia: preproducción, producción y postproducción de libros digitales",2016-10-19,UNIVERSIDAD CATOLICA LUIS AMIGO,3
01826,012,Eventos Científicos,Congreso,XIX Encuentro Nacional de Investigación,2016-10-06,UNIVERSIDAD CATOLICA LUIS AMIGO,3
01827,012,Eventos Científicos,Encuentro,XIX Encuentro Nacional de Investigación,2016-10-07,UNIVERSIDAD CATOLICA LUIS AMIGO,3
01828,012,Eventos Científicos,Encuentro,ACICOM,2016-05-27,UNIVERSIDAD CATOLICA LUIS AMIGO,3
01829,012,Eventos Científicos,Congreso,VI Congreso Internacional de la Imagen y la Comunicación,2015-10-30,"University of California, Berkeley",3
01830,012,Eventos Científicos,Congreso,ADMIRAR 2015,2015-10-09,UNIVERSIDAD PONTIFICIA BOLIVARIANA,3
01831,012,Eventos Científicos,Encuentro,XVIII Encuentro Nacional de Investigación,2015-09-10,UNIVERSIDAD CATOLICA LUIS AMIGO,3
01832,012,Eventos Científicos,Encuentro,XVIII Encuentro Nacional de Investigación,2015-09-10,UNIVERSIDAD CATOLICA LUIS AMIGO,3
01833,012,Eventos Científicos,Encuentro,XVIII ENCUENTRO NACIONAL DE INVESTIGACIÓN,2015-09-10,UNIVERSIDAD CATOLICA LUIS AMIGO,3
01834,012,Eventos Científicos,Congreso,IV Congreso Euroiberoamericano de Educación y Sociedad del Conocimiento,2015-09-04,UNIVERSIDAD CATOLICA LUIS AMIGO,3
01835,012,Eventos Científicos,Encuentro,Bibliotic 2015 Séptimo Encuentro de Bibliotecas en TIC,2015-07-17,Red Internacional de Diseño,3
01836,012,Eventos Científicos,Otro,XXI Cátedra UNESCO de Comunicación de la Universidad Javeriana,2014-10-29,"Unesco: Organización De Las Naciones Unidas Para La Educación, La Ciencia Y",3
01837,012,Eventos Científicos,Congreso,Primer Congreso Internacional de Pensamiento Latinoamericano,2014-10-22,UNIVERSIDAD CATOLICA LUIS AMIGO,3
01838,012,Eventos Científicos,Encuentro,XVII Encuentro Nacional de Investigación,2014-10-17,UNIVERSIDAD CATOLICA LUIS AMIGO,3
01839,012,Eventos Científicos,Encuentro,XVII Encuentro Nacional de Investigación,2014-10-17,UNIVERSIDAD CATOLICA LUIS AMIGO,3
01840,012,Eventos Científicos,Encuentro,XVII Encuentro Nacional de Investigaciones,2014-10-17,UNIVERSIDAD CATOLICA LUIS AMIGO,3
01841,012,Eventos Científicos,Congreso,PROSPECTA COLOMBIA 2014 ¿ VII Congreso Internacional de Prospectiva Estratégica y Estudios de Futuro.,2014-09-27,UNIVERSIDAD CATOLICA LUIS AMIGO,3
01842,012,Eventos Científicos,Congreso,VII Congreso Internacional de Prospectiva Estratégica y Estudios de Futuro. ¿La prospectiva territorial: Retos y desafíos para la construcción social de territorios de futuro¿,2014-09-27,UNIVERSIDAD NACIONAL ABIERTA Y A DISTANCIA,3
01843,012,Eventos Científicos,Encuentro,Bibliotic 2014 Sexto Encuentro de Bibliotecas en Tecnologías de la Información y la Comunicación,2014-08-23,Red Internacional de Diseño,3
01844,012,Eventos Científicos,Encuentro,Sexto encuentro de bibliotecas en tecnologías de la información y la comunicación,2014-08-23,Red Internacional de Diseño,3
01845,012,Eventos Científicos,Congreso,XII Congreso de la Asociación Latinoamericana de Investigadores de la Comunicación,2014-08-08,Asociación Latinoamericana De Investigadores De La Comunicación,3
01846,012,Eventos Científicos,Congreso,XII Congreso Latinoamericano de Investigadores de la Comunicación  ALAIC 2014,2014-08-08,Asociación Latinoamericana De Investigadores De La Comunicación,3
01847,012,Eventos Científicos,Seminario,Seminario Internacional La responsabilidad social desde una perspectiva crítica e interdisciplinaria: Investigación en comunicación-educación y publicidad,2014-05-09,UNIVERSIDAD CATOLICA LUIS AMIGO,3
01848,012,Eventos Científicos,Seminario,Seminario Internacional La responsabilidad social desde una perspectiva crítica e interdisciplinaria: Investigación en comunicación-educación y publicidad,2014-05-09,UNIVERSIDAD CATOLICA LUIS AMIGO,3
01849,012,Eventos Científicos,Seminario,Seminario Internacional: Investigación en comunicación-educación y publicidad 2013-2014,2013-11-09,UNIVERSIDAD CATOLICA LUIS AMIGO,3
01850,012,Eventos Científicos,Congreso,II Congreso Internacional de Videojuegos y Educación,2013-10-03,Universidad De Extremadura,3
01851,012,Eventos Científicos,Encuentro,Encuentro Nacional de investigación Funlam: transformación de la dinámica investigativa,2013-09-13,UNIVERSIDAD CATOLICA LUIS AMIGO,3
01852,012,Eventos Científicos,Encuentro,Encuentro Nacional de Investigación Funlam2013,2013-09-12,UNIVERSIDAD CATOLICA LUIS AMIGO,3
01853,012,Eventos Científicos,Encuentro,Encuentro de investigación Funlam 2013,2013-09-13,UNIVERSIDAD CATOLICA LUIS AMIGO,3
01854,012,Eventos Científicos,Encuentro,Encuentro Nacional de Investigación Funlam 2013. Hacia una memoria investigativa,2013-09-13,UNIVERSIDAD CATOLICA LUIS AMIGO,3
01855,012,Eventos Científicos,Encuentro,XVI ENCUENTRO NACIONAL DE INVESTIGACIÓN FUNLAM 2013,2013-09-13,UNIVERSIDAD CATOLICA LUIS AMIGO,3
01856,012,Eventos Científicos,Encuentro,Encuentro Nacional de Investigación Funlam: Transformación de la dinámica investigativa,2013-09-13,UNIVERSIDAD CATOLICA LUIS AMIGO,3
01857,012,Eventos Científicos,Encuentro,Transformación de la dinámica investigativa. Encuentro de Investigación Funlam 2013,2012-09-13,UNIVERSIDAD CATOLICA LUIS AMIGO,3
01858,012,Eventos Científicos,Otro,Encuentro Nacional de investigación Funlam: transformación de la dinámica investigativa,2013-09-14,UNIVERSIDAD CATOLICA LUIS AMIGO,3
01859,012,Eventos Científicos,Encuentro,Encuentro Nacional de Investigación Funlam 2013,2013-09-06,UNIVERSIDAD CATOLICA LUIS AMIGO,3
01860,012,Eventos Científicos,Seminario,Seminario Internacional Comunicación-Educación y Publicidad 2012-2013,2013-05-25,UNIVERSIDAD CATOLICA LUIS AMIGO,3
01861,012,Eventos Científicos,Seminario,Seminario Internacional Comunicación-Educación y Publicidad 2012-2013,2013-05-25,UNIVERSIDAD CATOLICA LUIS AMIGO,3
01862,012,Eventos Científicos,Seminario,Seminario Internacional Comunicación-Educación y Publicidad 2012-2013,2013-05-25,UNIVERSIDAD CATOLICA LUIS AMIGO,3
01863,012,Eventos Científicos,Seminario,Seminario Internacional Comunicación-Educación y Publicidad 2012-2013,2013-05-25,UNIVERSIDAD CATOLICA LUIS AMIGO,3
01864,012,Eventos Científicos,Encuentro,Encuentro Nacional de Investigación Funlam 2012,2012-09-15,UNIVERSIDAD CATOLICA LUIS AMIGO,3
01865,012,Eventos Científicos,Encuentro,Encuentro Nacional de Investigación Funlam 2012,2012-09-13,UNIVERSIDAD CATOLICA LUIS AMIGO,3
01866,012,Eventos Científicos,Encuentro,XV ENCUENTRO NACIONAL DE INVESTIGACIÓN FUNLAM 2012,2012-09-14,UNIVERSIDAD CATOLICA LUIS AMIGO,3
01867,012,Eventos Científicos,Encuentro,Hacia la transformación de la Dinámica Investigativa. Encuentro Nacional de Investigación Funlam 2012,2012-09-13,UNIVERSIDAD CATOLICA LUIS AMIGO,3
01868,012,Eventos Científicos,Encuentro,Encuentro Nacional de Investigadores,,,3
01869,012,Eventos Científicos,Congreso,Vi Congreso Internacional Cátedra Unesco. La lectura y la escritura como criterios de calidad en la educación,,,3
01870,012,Eventos Científicos,Congreso,VI Congreso Internacional de la Cátedra Unesco,,,3
01871,012,Eventos Científicos,Otro,"""Dificultades, retos y oportunidades en el trabajo colaborativo para la investigación""",2011-05-27,Red Nacional Académica de Tecnología Avanzada,3
01872,012,Eventos Científicos,Congreso,Primer Congreso Acescom,,UNIVERSIDAD CATOLICA LUIS AMIGO,3
01873,012,Eventos Científicos,Seminario,"IV Jornadas Hum.H.A. Imaginando el espacio: problemas, prácticas y representaciones.",,"Universidad Nacional Del Sur, Bahía Blanca",3
01874,012,Eventos Científicos,Seminario,II Seminario Internacional sobre Arte Público en América Latina,,Universidade Federal do Espírito Santo,3
01875,012,Eventos Científicos,Taller,VIII taller de la red colombiana para la transformación de la formación docente en lenguaje,,,3
01876,012,Eventos Científicos,Taller,VIII Taller de la Red Colombiana para la Transformación de la Formación Docente en Lenguaje,,,3
01877,012,Eventos Científicos,Encuentro,IX Encuentro de Estudiantes de Historia Universidad Nacional de Colombia.,,UNIVERSIDAD NACIONAL DE COLOMBIA SEDE MEDELLÍN,3
01878,012,Eventos Científicos,Encuentro,"V Encuentro departamental de la enseñanza y el aprendizaje de la lengua y la literatura en Antioquia: ¿El maestro del lenguaje y la literatura, y su importancia en los contextos regionales¿",,,3
01879,012,Eventos Científicos,Seminario,Seminario Nacional de Prevención del Suicidio en el Escenario Escolar,,UNIVERSIDAD CATOLICA LUIS AMIGO,3
01880,012,Eventos Científicos,Congreso,"XVII Cátedra UNESCO de Comunicación, Democracia y Ciudadanías.",,PONTIFICIA UNIVERSIDAD JAVERIANA,3
01881,012,Eventos Científicos,Encuentro,XI Foro de estudiantes de Filosofía y Letras UPB: In Memoriam Victor Peñuela.,,UNIVERSIDAD PONTIFICIA BOLIVARIANA,3
01882,012,Eventos Científicos,Seminario,"Seminario dimensión psicosocial de la construcción del intento de suicidio Ponencia:Dimensión psicosocial la consstrucción del intento de suicidio en estudiantes entre los 11 y 18 años de colegios en medellín, a la luz del interaccionismo simbólico",,,3
01883,012,Eventos Científicos,Seminario,VII seminario taller latinoamericano para la transformación de la formación docnte en lenguaje,,,3
01884,012,Eventos Científicos,Encuentro,XII Encuentro Nacional de Investigadores FUNLAM,,UNIVERSIDAD CATOLICA LUIS AMIGO,3
01885,012,Eventos Científicos,Seminario,"IV Seminario de Comunicación Comunitaria, Alternativa y Popular en el Valle de Aburrá",,UNIVERSIDAD CATOLICA LUIS AMIGO,3
01886,012,Eventos Científicos,Seminario,"Seminario Cultura, Arte y Ciudad en el mundo de hoy",,Ateneo Porfirio Barbajacob,3
01887,013,Eventos Científicos,Otro,TEORED,2025-10-23,UNIVERSIDAD SANTO TOMAS,3
01888,013,Eventos Científicos,Otro,XI Jornadas de Reflexión Teológica,2025-05-30,UNIVERSIDAD CATOLICA LUIS AMIGO,3
01889,013,Eventos Científicos,Encuentro,"III Encuentro Interdisciplinar de Género: voces, tramas y desafíos,",2024-11-23,UNIVERSIDAD CATOLICA LUIS AMIGO,3
01890,013,Eventos Científicos,Seminario,7° Seminario Internacional Arte & Alteridad,2024-09-27,UNIVERSIDAD DEL CAUCA,3
01891,013,Eventos Científicos,Simposio,participación en el VI Coloquio de estudiantes de doctorado,2024-09-20,UNIVERSIDAD CATOLICA LUIS AMIGO,3
01892,013,Eventos Científicos,Otro,XXIV Jornadas de Filosofía ¿Lecturas de la Quaestio Metaphysica¿,2024-09-04,Universidad Católica de la Santísima Concepción de Chile,3
01893,013,Eventos Científicos,Otro,X Jornadas de Reflexión Teológica,2024-05-17,UNIVERSIDAD CATOLICA LUIS AMIGO,3
01894,013,Eventos Científicos,Otro,Foro: Abordajes psicológicos al sufrimiento contemporáneo,2023-10-26,UNIVERSIDAD PONTIFICIA BOLIVARIANA,3
01895,013,Eventos Científicos,Otro,Café filosófico Colegio San José de La Salle,2023-10-19,I.E. San José De La Salle,3
01896,013,Eventos Científicos,Simposio,IX Simposio de Estudiantes de Estudios Literarios UPB,2023-10-18,UNIVERSIDAD PONTIFICIA BOLIVARIANA,3
01897,013,Eventos Científicos,Otro,IV Semana Internacional Amigoniana,2023-10-06,UNIVERSIDAD CATOLICA LUIS AMIGO,3
01898,013,Eventos Científicos,Congreso,"Congreso Internacional de Filosofía: Justicia, Reconocimiento y Paz",2023-09-01,UNIVERSIDAD DE CARTAGENA,3
01899,013,Eventos Científicos,Congreso,"Congreso internacional de Filosofía: Justicia, Reconocimiento y Paz",2023-09-01,UNIVERSIDAD DE CARTAGENA,3
01900,013,Eventos Científicos,Encuentro,Experiencias Significativas en el Ejercicio de Aula,2023-05-25,UNIVERSIDAD CATOLICA LUIS AMIGO,3
01901,013,Eventos Científicos,Otro,Conversatorio: la metáfora sagrada. Hilos dialogantes entre Zambrano y Maillard,2023-03-28,UNIVERSIDAD NACIONAL DE COLOMBIA SEDE MEDELLÍN,3
01902,013,Eventos Científicos,Otro,"Aula Abierta Alejandro Alberto Restrepo Restrepo: Filosofía, música y literatura",2023-03-22,UNIVERSIDAD DE ANTIOQUIA,3
01903,013,Eventos Científicos,Encuentro,Primer Encuentro Literario Colombo Peruano,2023-02-24,Secretaría de Salud de Sabaneta,3
01904,013,Eventos Científicos,Seminario,Nietzsche y el cristianismo,2022-12-05,Universidad Catolica De Maule,3
01905,013,Eventos Científicos,Otro,XX Jornadas de Reflexión Filosófica,,UNIVERSIDAD CATOLICA LUIS AMIGO,3
01906,013,Eventos Científicos,Congreso,XIV Congreso Internacional de la Sociedad Hispánica de Antropología Filosófica,2022-09-23,Universidad Nacional de Educación a Distancia,3
01907,013,Eventos Científicos,Congreso,II Congreso Internacional de Estudios Bíblicos,2022-07-01,PONTIFICIA UNIVERSIDAD JAVERIANA,3
01908,013,Eventos Científicos,Congreso,II Congreso Internacional de Estudios Bíblicos,2022-07-01,PONTIFICIA UNIVERSIDAD JAVERIANA,3
01909,013,Eventos Científicos,Seminario,"Aula Abierta Alejandro Alberto Restrepo Restrepo: Nietzsche, filosofía, carne y literatura",2022-10-18,UNIVERSIDAD DE ANTIOQUIA,3
01910,013,Eventos Científicos,Simposio,XIII Simposio Internacional Educación y Cultura,2022-06-17,"Universidad de Matanzas ""Camilo Cienfuegos"" cuba",3
01911,013,Eventos Científicos,Encuentro,"Jornadas de estética, poética y hermenéutica",2022-04-22,UNIVERSIDAD CATOLICA LUIS AMIGO,3
01912,013,Eventos Científicos,Otro,"Jornadas de estética, poética y hermenéutica",2022-04-22,UNIVERSIDAD CATOLICA LUIS AMIGO,3
01913,013,Eventos Científicos,Taller,Taller del artesano,2022-05-09,UNIVERSIDAD CATOLICA LUIS AMIGO,3
01914,013,Eventos Científicos,Encuentro,Encuentro con la palabra,2022-03-11,UNIVERSIDAD CATOLICA LUIS AMIGO,3
01915,013,Eventos Científicos,Otro,Coloquio Filosofía de la religión y de la espiritualidad,2022-02-25,Red Colombiana de Filosofía de la Religión,3
01916,013,Eventos Científicos,Otro,XIX JORNADAS DE REFLEXIÓN FILOSÓFICA,2021-10-15,UNIVERSIDAD CATOLICA LUIS AMIGO,3
01917,013,Eventos Científicos,Encuentro,XLIII Cátedra Abierta,2021-10-05,UNIVERSIDAD DE SAN BUENAVENTURA - SEDE MEDELLÍN,3
01918,013,Eventos Científicos,Congreso,"II Semana Internacional ¿Congreso Teología Amigoniana en Salida: Oportunidades y Esperanzas para la Actualidad¿,",2021-10-08,UNIVERSIDAD CATOLICA LUIS AMIGO,3
01919,013,Eventos Científicos,Seminario,"I Seminario Internacional ""Sobre el Amor""",2021-08-28,UNIVERSIDAD CATOLICA LUIS AMIGO,3
01920,013,Eventos Científicos,Congreso,Coloquio Internacional de Teología,2021-08-20,UNIVERSIDAD CATOLICA DE ORIENTE,3
01921,013,Eventos Científicos,Encuentro,"VII Jornadas de Relgión Teológica ""Teología en Contexto para la fraternidad humana""",2021-05-07,UNIVERSIDAD CATOLICA LUIS AMIGO,3
01922,013,Eventos Científicos,Otro,"In Situ Internacional. Los sentidos de la creación artística: sonidos, letras imágenes y cuerpo",2020-10-23,UNIVERSIDAD CATOLICA LUIS AMIGO,3
01923,013,Eventos Científicos,Congreso,Coloquio Internacional de Teología - TEORED,2020-09-04,Fundación Universitaria Cervantes San Agustín,3
01924,013,Eventos Científicos,Encuentro,"VI JORNADAS DE REFLEXIÓN TEOLÓGICA. San Jerónimo, Biblia, Tradición, Actualidad",2020-05-08,UNIVERSIDAD CATOLICA LUIS AMIGO,3
01925,013,Eventos Científicos,Seminario,Seminario internacional de filosofía japonesa: hacia el sí mismo ecológico-comunitario,2019-11-29,UNIVERSIDAD CATOLICA LUIS AMIGO,3
01926,013,Eventos Científicos,Otro,Las múltiples miradas del Bicentenario. Filosofía y la construcción de la República,2019-11-22,UNIVERSIDAD CATOLICA LUIS AMIGO,3
01927,013,Eventos Científicos,Congreso,"VII Coloquio Nacional de Estudiantes de Teología, V Coloquio Nacional de Profesores de Teología, TeoRed-Colombia",2019-10-18,PONTIFICIA UNIVERSIDAD JAVERIANA - PUJ - SEDE CALI,3
01928,013,Eventos Científicos,Congreso,"I Jornadas Teológicas Internacionales: Palabra, dolor y acompañamiento, una perspectiva interdisciplinar",2019-09-25,UNIVERSIDAD CATOLICA LUIS AMIGO,3
01929,013,Eventos Científicos,Congreso,XIII Congreso Internacional de Filosofía Intercultural,2019-09-18,UNIVERSIDAD CATOLICA LUIS AMIGO,3
01930,013,Eventos Científicos,Congreso,XIII Congreso Internacional de filosofía intercultural,2019-09-18,UNIVERSIDAD CATOLICA LUIS AMIGO,3
01931,013,Eventos Científicos,Congreso,II Congreso Internacional de la Sociedad Iberoamericana de Antropología Filosófica,2019-08-23,UNIVERSIDAD PONTIFICIA BOLIVARIANA,3
01932,013,Eventos Científicos,Encuentro,Cátedra Virtual Cine y filosofía,2019-08-05,UNIVERSIDAD CATOLICA LUIS AMIGO,3
01933,013,Eventos Científicos,Congreso,V Congreso iberoamericano de filosofía,2019-06-21,UNIVERSIDAD CATOLICA LUIS AMIGO,3
01934,013,Eventos Científicos,Encuentro,V Jornadas de Reflexión Teológica: Pluralismo religioso,2019-04-26,UNIVERSIDAD CATOLICA LUIS AMIGO,3
01935,013,Eventos Científicos,Otro,I Jornada de fenoemnología,2019-03-20,UNIVERSIDAD CATOLICA LUIS AMIGO,3
01936,013,Eventos Científicos,Encuentro,2° Festival Multicultural Preepa TEC,2018-11-16,Instituto Tecnológico y de Estudios Superiores de Monterrey,3
01937,013,Eventos Científicos,Congreso,19 Congreso Internacional de Filosofía,2018-11-16,UNIVERSIDAD NACIONAL AUTÓNOMA DE MÉXICO,3
01938,013,Eventos Científicos,Seminario,I Seminario Internacional de Filosofía Medieval,2018-11-10,UNIVERSIDAD CATOLICA LUIS AMIGO,3
01939,013,Eventos Científicos,Encuentro,Cátedra de contextos: Investigación en Teología: acercamiento a la investigación científica y formativa,2018-11-08,UNIVERSIDAD CATOLICA LUIS AMIGO,3
01940,013,Eventos Científicos,Congreso,Congreso Centroamericano de Filosofía,2018-10-19,Universidad de Panamá,3
01941,013,Eventos Científicos,Otro,Cine foro Libera voce. Le mépris,2018-10-12,UNIVERSIDAD CATOLICA LUIS AMIGO,3
01942,013,Eventos Científicos,Otro,Conferencia Internacional ¿De un tratamiento posible de las adicciones en Francia¿,2018-10-11,UNIVERSIDAD CATOLICA LUIS AMIGO,3
01943,013,Eventos Científicos,Otro,Una revisión teórica sobre los problemas del sueño,2018-10-04,UNIVERSIDAD CATOLICA LUIS AMIGO,3
01944,013,Eventos Científicos,Otro,II Panel Zonal Aprendizajes Teológicos Significativos: ¿ ejercicios de aula donde confluyen las funciones sustantivas¿,2018-10-04,UNIVERSIDAD CATOLICA LUIS AMIGO,3
01945,013,Eventos Científicos,Otro,XVI Jornadas de reflexión filosófica,2018-09-28,UNIVERSIDAD CATOLICA LUIS AMIGO,3
01946,013,Eventos Científicos,Congreso,V Congreso Internacional de estudios hegelianos,2018-09-28,UNIVERSIDAD CATOLICA LUIS AMIGO,3
01947,013,Eventos Científicos,Encuentro,"XXI Encuentro Nacional de Investigación ¿Ciencia, Sociedad e Innovación¿ Universidad Católica Luis Amigó Medellín",2018-09-06,UNIVERSIDAD CATOLICA LUIS AMIGO,3
01948,013,Eventos Científicos,Encuentro,Quinto Encuentro de la Red de Teólogos,2018-07-27,"CENTRO BÍBLICO, TEOLÓGICO, PASTORAL PARA AMÉRICA LATINA Y EL CARIBE",3
01949,013,Eventos Científicos,Encuentro,V Encuentro de la Red de Teólogos y Teólogas del Cebitepal:Presencia y vigencia de la profecía en América Latina y el Caribe. De Medellín a nuestro días,2018-07-27,UNIVERSIDAD CATOLICA LUIS AMIGO,3
01950,013,Eventos Científicos,Congreso,56° Congreso Internacional de Americanistas,2018-07-20,UNIVERSIDAD CATOLICA LUIS AMIGO,3
01951,013,Eventos Científicos,Encuentro,Características profesionales y científicas del docente amigoniano,2018-06-13,UNIVERSIDAD CATOLICA LUIS AMIGO,3
01952,013,Eventos Científicos,Encuentro,Reunión zonal de Teored,2018-05-31,UNIVERSIDAD CATOLICA LUIS AMIGO,3
01953,013,Eventos Científicos,Seminario,Octava conferencia internacional sobre revistas científicas CRECS 2018,2018-05-04,UNIVERSIDAD CATOLICA LUIS AMIGO,3
01954,013,Eventos Científicos,Encuentro,Encuentro de Egresados de Filosofía: socialización de resultados derivados de los procesos de investigación formativa,2018-05-03,UNIVERSIDAD CATOLICA LUIS AMIGO,3
01955,013,Eventos Científicos,Encuentro,Encuentro de egresados de filosofía: socialización de resultados derivados de los procesos de investigación formativa,2018-05-10,UNIVERSIDAD CATOLICA LUIS AMIGO,3
01956,013,Eventos Científicos,Encuentro,Encuentro de egresados de filosofía: socialización de resultados derivados de los procesos de investigación formativa,2018-05-10,UNIVERSIDAD CATOLICA LUIS AMIGO,3
01957,013,Eventos Científicos,Otro,Versos dispersos,2017-10-10,UNIVERSIDAD CATOLICA LUIS AMIGO,3
01958,013,Eventos Científicos,Congreso,XV Jornadas de Reflexión Filosófica,2017-09-29,UNIVERSIDAD CATOLICA LUIS AMIGO,3
01959,013,Eventos Científicos,Otro,XV Jornadas de reflexión filosófica,2017-09-29,UNIVERSIDAD CATOLICA LUIS AMIGO,3
01960,013,Eventos Científicos,Encuentro,XX Encuentro Nacional de Investigación,2017-09-08,UNIVERSIDAD CATOLICA LUIS AMIGO,3
01961,013,Eventos Científicos,Otro,V Foro filosófico Miedos y temores en el hombre de hoy,2017-09-01,UNIVERSIDAD CATOLICA LUIS AMIGO,3
01962,013,Eventos Científicos,Otro,Filósofos y libros olvidados,2017-03-02,UNIVERSIDAD CATOLICA LUIS AMIGO,3
01963,013,Eventos Científicos,Congreso,IV Congreso Internacional de estudios hegelianos,2016-10-27,UNIVERSIDAD CATOLICA LUIS AMIGO,3
01964,013,Eventos Científicos,Otro,XVI Coloquio de estudiantes de filosofía,2016-10-21,UNIVERSIDAD DE SAN BUENAVENTURA - SEDE BOGOTA,3
01965,013,Eventos Científicos,Encuentro,XIX Encuentro nacional y XIII Encuentro internacional de semilleros de investigación,2016-10-16,Fundacion red colombiana de semilleros de  Investigacion RedColsi - Nodo Antioquia,3
01966,013,Eventos Científicos,Otro,Foucault: a los 90 años de su natalicio,2016-10-06,UNIVERSIDAD CATOLICA LUIS AMIGO,3
01967,013,Eventos Científicos,Otro,Foucault: a los 90 años de su natalicio,2016-10-06,UNIVERSIDAD CATOLICA LUIS AMIGO,3
01968,013,Eventos Científicos,Otro,XVI Jornadas de reflexión filosófica,2016-09-30,UNIVERSIDAD CATOLICA LUIS AMIGO,3
01969,013,Eventos Científicos,Congreso,Congreso Filosófico Colegio Jesús-María La belleza en el resplandor del ser,2016-09-28,RELIGIOSAS DE JESUS MARIA,3
01970,013,Eventos Científicos,Otro,XIV Jornadas de reflexión filosófica,2016-09-29,UNIVERSIDAD CATOLICA LUIS AMIGO,3
01971,013,Eventos Científicos,Encuentro,XV Encuentro departamental de semilleros de investigación,2016-05-07,Fundacion red colombiana de semilleros de  Investigacion RedColsi - Nodo Antioquia,3
01972,013,Eventos Científicos,Congreso,XII Foro interno de estudiantes de filosofía de la universidad del Valle,2016-04-08,UNIVERSIDAD DEL VALLE,3
01973,013,Eventos Científicos,Otro,XIII Jornadas de reflexión filosófica,2015-09-04,UNIVERSIDAD CATOLICA LUIS AMIGO,3
01974,013,Eventos Científicos,Congreso,II Congreso Internacional de Estudiantes de Filosofía,2014-10-10,UNIVERSIDAD DE ANTIOQUIA,3
01975,013,Eventos Científicos,Congreso,"I CONGRESO INTERNACIONAL ""Responsabilidad Social: perspectivas para la acción en Colombia""",2014-09-06,UNIVERSIDAD CATOLICA LUIS AMIGO,3
01976,013,Eventos Científicos,Otro,XVII Jornadas filosóficas,2014-09-05,UNIVERSIDAD CATOLICA LUIS AMIGO,3
01977,013,Eventos Científicos,Congreso,XII Jornadas de Reflexión Filosófica,2014-09-05,UNIVERSIDAD CATOLICA LUIS AMIGO,3
01978,013,Eventos Científicos,Otro,XII Jornadas de reflexión filosófica,2014-09-05,UNIVERSIDAD CATOLICA LUIS AMIGO,3
01979,013,Eventos Científicos,Simposio,Simposio Internacional de Educación y pedagogía de la alteridad,2014-04-03,RED DE PEDAGOGIA S.A.S.,3
01980,013,Eventos Científicos,Congreso,"I Congreso internacional de filosofía, derecho, educación",2013-11-24,Universidad La Gran Colombia - Sede Bogotá,3
01981,013,Eventos Científicos,Congreso,II Congreso internacional de filosofía contemporánea,2013-09-28,UNIVERSIDAD DE SAN BUENAVENTURA - SEDE BOGOTA,3
01982,013,Eventos Científicos,Otro,XI Jornadas de reflexión filosófica,2013-09-20,UNIVERSIDAD CATOLICA LUIS AMIGO,3
01983,013,Eventos Científicos,Congreso,I Congreso Nacional de Victimología,,Universidad Nacional De La Plata,3
01984,013,Eventos Científicos,Otro,"""La  ruta de la memoria, una mirada desde Latinoamérica""",2013-04-26,Universidad Rafael Landívar,3
01985,013,Eventos Científicos,Otro,Conversatorio de Género,,UNIVERSIDAD CATOLICA LUIS AMIGO,3
01986,013,Eventos Científicos,Encuentro,XII Encuentro Regional de Semilleros de Investigación,,CORPORACION UNIVERSITARIA LASALLISTA,3
01987,013,Eventos Científicos,Otro,"II Semana Internacional de Teología, Espiritualidad y Vida Consagrada",,UNIVERSIDAD CATOLICA LUIS AMIGO,3
01988,013,Eventos Científicos,Otro,Jornadas Teológicas Andinas 2011,,Red de Facultades de Teología en Colombia,3
01989,013,Eventos Científicos,Congreso,"IX CONGRESO ARQUIDIOCESANO DE LA RCC DE MEDELLÍN. ""Ay de mi si no anuncio el Evangelio"" 1Co 9,16",,Renovación Católica Carismática de la Arquidiócesis de Medellín,3
01990,013,Eventos Científicos,Seminario,I ESCUELA DE FORMACIÓN DE LA RCC DE MEDELLÍN. Redescubriendo la Identidad Carismática.,,Renovación Católica Carismática de la Arquidiócesis de Medellín,3
01991,013,Eventos Científicos,Congreso,"XX CONGRESO NACIONAL DE SERVIDORES DE LA RCC DE COLOMBIA. ""Ay de mi si no anuncio el Evangelio"" 1Cor 9,16",,Renovación Carismática Católica de Colombia,3
01992,013,Eventos Científicos,Seminario,"VI ESCUELA SUPERIOR DE FORMACÍÓN CARISMÁTICA. ""Acciones Pastorales para la Misión""",,Renovación Carismática Católica de Colombia,3
01993,013,Eventos Científicos,Congreso,"VIII CONGRESO ARQUIDIOCESANO DE LA RCC DE MEDELLÍN. ""Sirve con los carismas de Dios que hay en ti"" 1Pe 4,10",,Renovación Católica Carismática de la Arquidiócesis de Medellín,3
01994,013,Eventos Científicos,Congreso,I Congreso internacional de filosofía : Filosofía como medicina,2008-04-18,Fundación San Alfonso (Fusa) Fundación universitaria Luis Amigó (funlam),3
01995,013,Eventos Científicos,Congreso,"VII CONGRESO ARQUIDIOCESANO DE LA RCC. ¿¿ Que todos los pueblos sean mis discípulos¿¿ Mt. 28,19.",,Renovación Católica Carismática de la Arquidiócesis de Medellín,3
01996,013,Eventos Científicos,Encuentro,"Jornadas de estética, poética y hermenéutica",2022-04-22,UNIVERSIDAD CATOLICA LUIS AMIGO,3
01997,014,Eventos Científicos,Otro,"6° Encuentro Latinoamericano de Investigación Formativa en Administración, Contabilidad y Economía",2026-03-03,UNICIENCIA y UNIREMINGTON,3
01998,014,Eventos Científicos,Otro,Liderazgo femenino e igualdad sustantiva,2026-03-01,UNIVERSIDAD CATOLICA LUIS AMIGO,3
01999,014,Eventos Científicos,Encuentro,Evento ALAFEC ¿ PROMOLAC ¿ CONTAD - 2025,2025-11-07,UNIVERSIDAD CATOLICA LUIS AMIGO,3
02000,014,Eventos Científicos,Congreso,"II Congreso Internacional de Gestión, Economía y Finanzas GEF-2025",2025-10-24,UNIVERSIDAD CATOLICA LUIS AMIGO,3
02001,014,Eventos Científicos,Otro,la socialización del trabajo académico,2025-10-02,INSTITUCIÓN UNIVERSITARIA SALAZAR Y HERRERA,3
02002,014,Eventos Científicos,Otro,Actividades académicas desarrolladas en articulación entre los programas de Contaduría Pública Universidad Salazar y Herrera,2025-10-02,INSTITUCIÓN UNIVERSITARIA SALAZAR Y HERRERA,3
02003,014,Eventos Científicos,Congreso,"II Congreso Internacional de Negocios, Gestión y Sostenibilidad 2025",2025-09-26,UNIVERSIDAD CATOLICA LUIS AMIGO,3
02004,014,Eventos Científicos,Encuentro,XXVIII Encuentro Nacional de Investigaciones Luis Amigó,2025-09-11,FACULTAD DE CIENCIAS ADMINISTRATIVAS ECONOMICAS Y CONTABLES,3
02005,014,Eventos Científicos,Congreso,"I Congreso de Investigación: ""Innovación y Estrategias Emergentes en el Entrenamiento Policial como aporte la Transformación de la Seguridad Ciudadana""",2025-09-11,UNIVERSIDAD CATOLICA LUIS AMIGO,3
02006,014,Eventos Científicos,Congreso,Séptimo Congreso Global en Contabilidad y Finanzas -2025,2025-09-11,UNIVERSIDAD CATOLICA LUIS AMIGO,3
02007,014,Eventos Científicos,Encuentro,XXVIII ENCUENTRO NACIONAL DE INVESTIGACIONES UNIVERSIDAD CATÓLICA LUIS AMIGÓ,2025-09-11,"Universidad Catolica Luis Amigó, Medellin",3
02008,014,Eventos Científicos,Encuentro,VII ENCUENTRO INTERNACIONAL UEAN,2025-08-28,UNIVERSIDAD CATOLICA LUIS AMIGO,3
02009,014,Eventos Científicos,Congreso,PRIMER CONGRESO INTERNACIONAL DE GOBIERNO Y GESTIÓN PÚBLICA,2025-07-10,UNIVERSIDAD CATOLICA LUIS AMIGO,3
02010,014,Eventos Científicos,Seminario,Seminario Virtual Políticas Públicas y Fiscales con Enfoque de Género,2025-06-14,Universidad Autónoma de Sinaloa,3
02011,014,Eventos Científicos,Encuentro,"5° Encuentro Latinoamericano en Investigación Formativa en Administración, Contabilidad y Economía,",2025-05-24,UNIVERSIDAD CATOLICA LUIS AMIGO,3
02012,014,Eventos Científicos,Encuentro,"5° ENCUENTRO LATINOAMERICANO DE INVESTIGACIÓN FORMATIVA, EN ADMINISTRACIÓN, CONTABILIDAD Y ECONOMÍA",2025-05-24,UNIVERSIDAD CATOLICA LUIS AMIGO,3
02013,014,Eventos Científicos,Otro,Semana de Actualización Internacional Profesional Docente en Contaduría 2025,2025-01-17,Universidad Autónoma del Estado de Baja California,3
02014,014,Eventos Científicos,Simposio,IV Coloquio Internacional Universitario de Investigación Aplicada a los Negocios,2024-12-04,Universidad Autónoma del Estado de Baja California,3
02015,014,Eventos Científicos,Congreso,"I CONGRESO INTERNACIONAL DE INVESTIGACIÓN, INNOVACIÓN Y EMPRENDIMIENTO: IMPULSANDO LA INNOVACIÓN Y EL CRECIMIENTO EMPRESARIAL EN EL SIGLO XII",2024-12-03,Instituto Superior de Educación Público. Nuestra Señora de Chota,3
02016,014,Eventos Científicos,Otro,QRCA Annual Conference 2024,2024-11-15,Universidad Nacional de Córdoba Argentina,3
02017,014,Eventos Científicos,Simposio,"VIII SIMPOSIO INTERNACIONAL DE INVESTIGACIÓN CONTABLE 2024 ""LA CONTABILIDAD FRENTE A LAS TENDENCIAS DE INTELIGENCIA ARTIFICIAL Y SOSTENIBILIDAD""",2024-11-02,UNIVERSIDAD DE CARTAGENA,3
02018,014,Eventos Científicos,Congreso,"VI Congreso Internacional de Ciencias Económicas y Administrativas ""la inteligencia de negocios impulsando el crecimiento organizacional""",2024-10-25,Fundación Universitaria de San Gil - UNISANGIL,3
02019,014,Eventos Científicos,Simposio,X Simposio de Investigaciones,2024-10-26,CORPORACIÓN UNIVERSITARIA REMINGTON,3
02020,014,Eventos Científicos,Simposio,X Simposio de Investigaciones-ponencia,2024-10-26,CORPORACIÓN UNIVERSITARIA REMINGTON,3
02021,014,Eventos Científicos,Simposio,X Simposio de Investigaciones,2024-10-26,CORPORACIÓN UNIVERSITARIA REMINGTON,3
02022,014,Eventos Científicos,Encuentro,XXVII Encuentro Nacional de Investigación,2024-10-04,UNIVERSIDAD CATOLICA LUIS AMIGO,3
02023,014,Eventos Científicos,Otro,XXVII Encuentro Nacional de Investigación,2024-10-04,UNIVERSIDAD CATOLICA LUIS AMIGO,3
02024,014,Eventos Científicos,Otro,Conversaciòn pùblica: Estàndares para sostenibilidad contable,2024-09-25,TECNOLOGICO DE ANTIOQUIA INSTITUCION UNIVERSITARIA,3
02025,014,Eventos Científicos,Otro,Estancia de investigación Universidad Autónoma de Baja California - Ponencia La inteligencia Artificial en los Negocios,2024-09-27,Universidad Autónoma del Estado de Baja California,3
02026,014,Eventos Científicos,Seminario,"Seminario académico denominado: Innovación Psicoeducativo en el Contexto Global,",2024-07-13,Universidad Cesar Vallejo,3
02027,014,Eventos Científicos,Congreso,VIII International Congress on Innovation and Sustainability (ICONIS),2024-05-31,UNIVERSIDAD CATOLICA LUIS AMIGO,3
02028,014,Eventos Científicos,Seminario,Seminario de Divulgación de la Investigación Contable CAPIC Aportes de los Semilleros de Investigación Contable a la formación crítica,2024-05-30,UNIVERSIDAD CATOLICA LUIS AMIGO,3
02029,014,Eventos Científicos,Encuentro,"4to ENCUENTRO LATINOAMERICANO DE INVESTIGACIÓN FORMATIVA EN ADMINISTRACIÓN, CONTABILIDAD Y ECONOMÍA",2024-05-25,CORPORACIÓN UNIVERSITARIA REMINGTON,3
02030,014,Eventos Científicos,Simposio,19 Simposio Regional de Investigación Contable,2023-11-30,UNIVERSIDAD CATOLICA LUIS AMIGO,3
02031,014,Eventos Científicos,Encuentro,XXVII Encuentro Regional de Estudiantes de Contaduría Pública (FENECOP),2023-11-03,UNIVERSIDAD DEL ATLÁNTICO,3
02032,014,Eventos Científicos,Congreso,"Sustainability and critical approach"" as part of the ""I International Congress of Accounting, Auditing and Finance",2023-10-20,UNIVERSIDAD CATOLICA LUIS AMIGO,3
02033,014,Eventos Científicos,Congreso,II CONGRESO DE INVESTIGACIÓN DEL DOCTORADO EN ADMINISTRACIÓN - DBA,2023-09-01,Universidad de La Salle,3
02034,014,Eventos Científicos,Encuentro,"XI Encuentro universitario de Investigación, Desarrollo e innovación",2023-08-19,Corporación Universitaria Minuto De Dios - Sede Bello,3
02035,014,Eventos Científicos,Otro,"""Panel Académico - Innovación en las Políticas Públicas""",2023-06-17,Universidad Cesar Vallejo,3
02036,014,Eventos Científicos,Congreso,"Segundo Congreso Internacional de Gestión Educativa: Participación transformadora de los agentes educativos,",2023-06-10,UNIVERSIDAD CATOLICA LUIS AMIGO,3
02037,014,Eventos Científicos,Congreso,"I CONGRESO NACIONAL ESTUDIANTIL EN CONTABILIDAD, INTERÉS PÚBLICO Y BIENESTAR SOCIAL",2023-05-19,UNIVERSIDAD CATOLICA LUIS AMIGO,3
02038,014,Eventos Científicos,Congreso,XVIII Congreso Nacional de Estudiantes de Contaduría Pública y VIII Congreso Internacional,2023-05-10,UNIVERSIDAD CATOLICA LUIS AMIGO,3
02039,014,Eventos Científicos,Seminario,Tendencias y desafíos en el área emergente de estudios de género en contabilidad,2023-04-24,UNIVERSIDAD CATOLICA LUIS AMIGO,3
02040,014,Eventos Científicos,Congreso,"XIV Congreso Regional de Economía interdisciplinariedad en las investigaciones en ciencias económicas, administrativas y Contables",2022-12-02,UNIVERSIDAD CATOLICA LUIS AMIGO,3
02041,014,Eventos Científicos,Encuentro,VII ENCUENTRO INTERNACIONAL DE CONTABILIDAD Y GESTIÓN,2022-11-30,UNIVERSIDAD CATOLICA LUIS AMIGO,3
02042,014,Eventos Científicos,Otro,"CONFERENCIA: ""LA CONTEXTUALIZACIÓN SOBRE LA CONTABILIDAD SOCIAL Y AMBIENTAL""",2022-11-22,UNIVERSIDAD CATOLICA LUIS AMIGO,3
02043,014,Eventos Científicos,Congreso,I primer congreso internacional en docencia universitaria,2022-11-24,UNIVERSIDAD CATOLICA LUIS AMIGO,3
02044,014,Eventos Científicos,Otro,XXXIII Asamblea de la Conferencia Académica Permanente de Investigación Contable,2022-11-18,UNIVERSIDAD CATOLICA LUIS AMIGO,3
02045,014,Eventos Científicos,Otro,VII Jornada de Divulgación de Investigación de la Facultad de Contaduría Pública y IV encuentro Interinstitucional,2022-10-25,UNIVERSIDAD CATOLICA LUIS AMIGO,3
02046,014,Eventos Científicos,Simposio,"¿VI Simposio de Semilleros de Investigación ¿ Desafíos y oportunidades para la innovación y competitividad empresarial, organizado por el campo de conocimiento de las ciencias empresariales del Centro Universitario UNIMINUTO Soacha,",2022-10-22,CORPORACIÓN UNIVERSITARIA MINUTO DE DIOS - UNIMINUTO,3
02047,014,Eventos Científicos,Congreso,Conferencia Internacional GESTIÓN PÚBLICA Y EMPRESARIAL EN TIEMPOS DE INCERTIDUMBRE ECONÓMICA,2022-09-22,UNIVERSIDAD CATOLICA LUIS AMIGO,3
02048,014,Eventos Científicos,Encuentro,Segundo Encuentro Internacional de Ética 2022,2022-09-22,UNIVERSIDAD CATOLICA LUIS AMIGO,3
02049,014,Eventos Científicos,Congreso,"VII Congreso Internacional de Innovación y Tecnología: "" Aportes, retos y perspectivas del análisis computacional de datos para el desarrollo de la sociedad.""",2022-09-03,Corporación Universitaria Minuto De Dios - Sede Bello,3
02050,014,Eventos Científicos,Otro,"Conferencia ""el valor de los manglares: más allá de la materia"" en marco del ciclo de conferencias sobre Contabilidad de la vida",2022-08-18,UNIVERSIDAD CATOLICA LUIS AMIGO,3
02051,014,Eventos Científicos,Encuentro,"GWO 2022 - GENDER, WORK AND ORGANIZATION Conferencia & Coloquio",2022-06-24,UNIVERSIDAD NACIONAL DE COLOMBIA,3
02052,014,Eventos Científicos,Otro,Movilidad docente en el marco de la semana del contador público,2022-03-11,UNIVERSIDAD CATOLICA LUIS AMIGO,3
02053,014,Eventos Científicos,Encuentro,Rompiendo paradigmas... experiencias de mujeres científicas,2022-03-09,UNIVERSIDAD CATOLICA LUIS AMIGO,3
02054,014,Eventos Científicos,Otro,"CONFERENCIA Y LECCIÓN INAUGURAL: ROMPIENDO PARADIGMAS, EXPERIENCIAS DE MUJERES CIENTÍFICAS",2022-03-09,UNIVERSIDAD CATOLICA LUIS AMIGO,3
02055,014,Eventos Científicos,Congreso,Congreso Colombiano de Contadores Públicos,2022-03-05,UNIVERSIDAD CATOLICA LUIS AMIGO,3
02056,014,Eventos Científicos,Otro,Panel reforma a la profesión contable en Colombia,2022-03-04,UNIVERSIDAD CATOLICA LUIS AMIGO,3
02057,014,Eventos Científicos,Otro,Panel reforma a la profesión contable en Colombia,2022-03-04,UNIVERSIDAD CATOLICA LUIS AMIGO,3
02058,014,Eventos Científicos,Congreso,XXII Congreso Colombiano de Contadores Públicos,2022-03-05,UNIVERSIDAD CATOLICA LUIS AMIGO,3
02059,014,Eventos Científicos,Encuentro,Conversatorio de investigación contable en la semana del contador público colombiano,2022-03-06,UNIVERSIDAD CATOLICA LUIS AMIGO,3
02060,014,Eventos Científicos,Otro,MOVILIDAD DOCENTE EN EL MARCO DE LA SEMANA DEL CONTADOR PÚBLICO,2022-03-04,UNIVERSIDAD CATOLICA LUIS AMIGO,3
02061,014,Eventos Científicos,Congreso,II Congreso Internacional de Humanidades: ¿Nuevas Rutas para la Educación¿,2022-01-18,UNIVERSIDAD CATOLICA LUIS AMIGO,3
02062,014,Eventos Científicos,Congreso,II Congreso Internacional de Humanidades: Nuevas rutas para la educación,2021-12-11,UNIVERSIDAD CATOLICA LUIS AMIGO,3
02063,014,Eventos Científicos,Encuentro,El sistema tributario en el Estado Social de derecho,2021-12-02,UNIVERSIDAD DE CUNDINAMARCA,3
02064,014,Eventos Científicos,Encuentro,XVIII Encuentro de Investigación Formativa en Finanzas,2021-11-19,UNIVERSIDAD CATOLICA LUIS AMIGO,3
02065,014,Eventos Científicos,Congreso,QUALITATIVE RESEARCH AND CRITICAL ACCOUNTING: QRCA 2021 A LATIN AMERICAN CONFERENCE,2021-11-19,UNIVERSIDAD CATOLICA LUIS AMIGO,3
02066,014,Eventos Científicos,Congreso,REPENSANDO LA ORGANIZACIÓN REPENSANDO LA ORGANIZACIÓN,2021-11-06,UNIVERSIDAD CATOLICA LUIS AMIGO,3
02067,014,Eventos Científicos,Seminario,Seminario internacional. contabilidad y género,2021-10-15,UNIVERSIDAD CATOLICA LUIS AMIGO,3
02068,014,Eventos Científicos,Encuentro,Reforma tributaria en contexto,2021-09-30,UNIVERSIDAD CATOLICA LUIS AMIGO,3
02069,014,Eventos Científicos,Congreso,7° Congreso Internacional sobre Crimen Económico y Fraude Financiero y Contable - Prevención y Gestión de los Delitos Corporativos,2021-09-30,CORPORACIÓN UNIVERSITARIA REMINGTON,3
02070,014,Eventos Científicos,Congreso,XXIV Encuentro Nacional de Investigación,2021-09-13,UNIVERSIDAD CATOLICA LUIS AMIGO,3
02071,014,Eventos Científicos,Congreso,XIII Reunión de Investigación en Contabilidad Social y Medioambiental ¿ 13th CSEAR Spain,2021-09-10,UNIVERSIDAD CATOLICA LUIS AMIGO,3
02072,014,Eventos Científicos,Encuentro,XXIV Encuentro Nacional de Investigación: 2021,2021-09-10,UNIVERSIDAD CATOLICA LUIS AMIGO,3
02073,014,Eventos Científicos,Encuentro,XVIV Encuentro Nacional de Investigaciones,2021-09-09,UNIVERSIDAD CATOLICA LUIS AMIGO,3
02074,014,Eventos Científicos,Encuentro,IV Simposio Internacional de Teoría Contable,2021-08-27,UNIVERSIDAD CATOLICA LUIS AMIGO,3
02075,014,Eventos Científicos,Seminario,"SEMINARIO INTERNACIONAL: CONTABILIDAD MEDIOAMBIENTAL, INFORMES DE SOSTENIBILIDAD Y RESPONSABILIDAD SOCIAL EMPRESARIAL",2021-08-18,UNIVERSIDAD CATOLICA LUIS AMIGO,3
02076,014,Eventos Científicos,Congreso,"I CONGRESO INTERNACIONAL DE CIENCIAS SOCIALES ECONÓMICAS, FINANCIERAS, ADMINISTRATIVAS Y CONTABLES,",2021-05-22,UNIVERSIDAD DE CALDAS,3
02077,014,Eventos Científicos,Encuentro,Impuestos productividad y realidad social,2021-05-12,CORPORACIÓN UNIVERSITARIA REMINGTON,3
02078,014,Eventos Científicos,Otro,"RETOS, TENDENCIAS, OBSTÁCULOS Y AVANCES DE LA CONTABILIDAD Y GÉNERO CONTABLE",2021-03-17,UNIVERSIDAD CATOLICA LUIS AMIGO,3
02079,014,Eventos Científicos,Otro,PANEL CONTABILIDAD SOCIAL Y AMBIENTAL,2021-03-01,UNIVERSIDAD CATOLICA LUIS AMIGO,3
02080,014,Eventos Científicos,Congreso,Decimo congreso internacional de investigación e innovación,2020-11-27,UNIVERSIDAD CATOLICA LUIS AMIGO,3
02081,014,Eventos Científicos,Otro,V Jornada de Divulgación de Investigación de la Facultad de Contaduría Pública y el II Encuentro Interinstitucional,2020-11-06,UNIVERSIDAD SANTO TOMAS,3
02082,014,Eventos Científicos,Otro,1ER CONGRESO INTERNACIONAL DE CONTADURIA PUBLICA Y CIENCIAS ADMINISTRATIVAS,2020-11-06,UNIVERSIDAD CATOLICA LUIS AMIGO,3
02083,014,Eventos Científicos,Otro,Conversatorio internacional de estructura de la profesión contable: caso venezuela,2020-11-03,UNIVERSIDAD CATOLICA LUIS AMIGO,3
02084,014,Eventos Científicos,Encuentro,XXIII Encuentro Nacional de Investigación-2020,2020-10-16,UNIVERSIDAD CATOLICA LUIS AMIGO,3
02085,014,Eventos Científicos,Encuentro,XXIII Encuentro Nacional de Investigación-2020,2020-10-16,UNIVERSIDAD CATOLICA LUIS AMIGO,3
02086,014,Eventos Científicos,Congreso,SEXTO CONGRESO INTERNACIONAL DE CRIMEN ECONOMICO Y FRAUDE FINANCIERO Y CONTABLE,2020-10-05,UNIVERSIDAD CATOLICA LUIS AMIGO,3
02087,014,Eventos Científicos,Congreso,CONGRESO INTERNACIONAL SOBRE CRIMEN ECONOMICO Y FRAUDE FINANCIERO Y CONTABLE,2020-09-24,UNIVERSIDAD CATOLICA LUIS AMIGO,3
02088,014,Eventos Científicos,Encuentro,Mujeres investigadoras en contabilidad ambiental: RICACS,2020-06-30,UNIVERSIDAD CATOLICA LUIS AMIGO,3
02089,014,Eventos Científicos,Otro,CONFERENCIAS EN EL MARCO DE CONVENIO ENTRE LA UNIVERSIDAD CATÓLICA LUIS AMIGO Y LA UNIVERSIDAD DEL SINU,2020-06-05,UNIVERSIDAD CATOLICA LUIS AMIGO,3
02090,014,Eventos Científicos,Otro,CONVERSATORIO VIRTUAL: CONTADURÍA PÚBLICA EN EL SIGLO XXI - EDUCACIÓN Y SOCIEDAD,2020-05-13,UNIVERSIDAD CATOLICA LUIS AMIGO,3
02091,014,Eventos Científicos,Otro,SEMANA DEL CONTADOR PÚBLICO: RETOS Y PERSPECTIVAS DEL EJERCICIO PROFESIONAL CONTABLE,2020-03-05,UNIVERSIDAD CATOLICA LUIS AMIGO,3
02092,014,Eventos Científicos,Congreso,2019 Global Coference on Teacher Education for Education for Sustainable Development,2019-11-25,Okayama University,3
02093,014,Eventos Científicos,Otro,CONGRESO INTERNACIONAL DE RESPONSABILIDAD SOCIAL,2019-11-07,UNIVERSIDAD CATOLICA LUIS AMIGO,3
02094,014,Eventos Científicos,Encuentro,QUALITATIVE RESEARCH AND CRITICAL ACCOUNTING: QRCA 2019 A LATIN AMERICAN CONFERENCE,2019-10-31,UNIVERSIDAD CATOLICA LUIS AMIGO,3
02095,014,Eventos Científicos,Encuentro,El emprendiemiento social en las universidades,2019-10-16,UNIVERSIDAD CATOLICA LUIS AMIGO,3
02096,014,Eventos Científicos,Congreso,PRIMERAS JORNADAS INTERNAS DE INVESTIGACIÓN,2019-10-24,CorporaciÃ³n Universitaria Unisabaneta,3
02097,014,Eventos Científicos,Encuentro,1er foro de contadores públicos para la protección del ambiente y la recuperación del amazonas,2019-10-01,UNIVERSIDAD CATOLICA LUIS AMIGO,3
02098,014,Eventos Científicos,Congreso,QUINTO CONGRESO INTERNACIONAL CRIMEN ECONÓMICO Y FRAUDE FINANCIERO Y CONTABLE,2019-09-28,UNIVERSIDAD CATOLICA LUIS AMIGO,3
02099,014,Eventos Científicos,Congreso,"11° CONGRESO INTERNACIONAL DE INVESTIGACIÓN EN CONTADURÍA Y ADMINISTRACIÓN ""GESTIÓN Y ADMINISTRACIÓN COMO OPORTUNIDAD DE LAS ORGANIZACIONES""",2019-09-27,UNIVERSIDAD CATOLICA LUIS AMIGO,3
02100,014,Eventos Científicos,Encuentro,CONFERENCIA DE ACTUALIZACIÓN CONTABLE: INTERNACIONAL Y NACIONAL,2019-09-20,UNIVERSIDAD CATOLICA LUIS AMIGO,3
02101,014,Eventos Científicos,Seminario,Diálogos para la sostenibilidad,2019-08-28,UNIVERSIDAD CATOLICA LUIS AMIGO,3
02102,014,Eventos Científicos,Encuentro,IV Encuentro Nacional de Editores Contables,2019-08-28,UNIVERSIDAD CATOLICA LUIS AMIGO,3
02103,014,Eventos Científicos,Encuentro,Conversatorios sobre las ramas de la contabilidad,2019-08-09,UNIVERSIDAD CATOLICA LUIS AMIGO,3
02104,014,Eventos Científicos,Encuentro,Semana del Contador Público,2019-03-30,UNIVERSIDAD CATOLICA LUIS AMIGO,3
02105,014,Eventos Científicos,Otro,1RO DE MARZO: DÍA DEL CONTADOR PÚBLICO,2019-03-25,UNIVERSIDAD DE ANTIOQUIA,3
02106,014,Eventos Científicos,Encuentro,V ENCUENTRO METROPOLITANO DE INVESTIGACIÓN CONTABLE,2018-12-06,UNIVERSIDAD CATOLICA LUIS AMIGO,3
02107,014,Eventos Científicos,Encuentro,VI Encuentro Metropolitano de Grupos de Investigación Contable,2019-11-03,UNIVERSIDAD AUTÓNOMA LATINOAMERICANA -UNAULA-,3
02108,014,Eventos Científicos,Congreso,1er Congreso Internacional  por la defensa de la biodiversidad y la lucha contra la corrupción,2018-10-13,UNIVERSIDAD CATOLICA LUIS AMIGO,3
02109,014,Eventos Científicos,Otro,Conversatorios sobre las ramas de la contabilidad: Contabilidad Social,2018-08-06,UNIVERSIDAD CATOLICA LUIS AMIGO,3
02110,014,Eventos Científicos,Congreso,III CONGRESO LATINOAMERICANO DE INVESTIGACIÓN CONTABLE,2018-04-21,UNIVERSIDAD CATOLICA LUIS AMIGO,3
02111,014,Eventos Científicos,Congreso,"XXII Congreso Internacional de Contaduría, Administración e Informática",2017-09-28,UNIVERSIDAD CATOLICA LUIS AMIGO,3
02112,014,Eventos Científicos,Otro,Gestión ambiental empresarial frente a la contaminación de ciudades,2017-08-22,UNIVERSIDAD CATOLICA LUIS AMIGO,3
02113,014,Eventos Científicos,Otro,FORO RESPONSABILIDAD SOCIAL DE LAS FIRMAS DE AUDITORIA EN LOS PROCESOS DE CORRUPCION EN COLOMBIA,2017-03-02,UNIVERSIDAD CATOLICA LUIS AMIGO,3
02114,014,Eventos Científicos,Otro,Celebración del día del Contador Público,2017-03-01,UNIVERSIDAD CATOLICA LUIS AMIGO,3
02115,014,Eventos Científicos,Otro,CONFERENCIA GLOBALIZACION Y CONTABILIDAD,2017-03-01,UNIVERSIDAD CATOLICA LUIS AMIGO,3
02116,014,Eventos Científicos,Otro,CONFERENCIA MATEMATICAS FINANCIERAS APLICADAS A LAS NIIF,2017-03-01,UNIVERSIDAD CATOLICA LUIS AMIGO,3
02117,014,Eventos Científicos,Otro,CONFERENCIA EFECTOS DE LAS NIIF EN LA REFORMA TRIBUTARIA,2017-02-28,UNIVERSIDAD CATOLICA LUIS AMIGO,3
02118,014,Eventos Científicos,Otro,CONFERENCIA CONTABILIDAD TRIBUTARIA. ASPECTOS RELEVANTES MODIFICADOS POR LA LEY 1819 DE 2016,2017-02-28,UNIVERSIDAD CATOLICA LUIS AMIGO,3
02119,014,Eventos Científicos,Otro,CONFERENCIA REFORMA TRIBUTARIA VS NIIF,2017-02-27,UNIVERSIDAD CATOLICA LUIS AMIGO,3
02120,014,Eventos Científicos,Otro,Foro: Implicaciones de la reforma tributaria,2017-02-22,UNIVERSIDAD CATOLICA LUIS AMIGO,3
02121,014,Eventos Científicos,Otro,CONFERENCIA COSTOS Y GESTION,2017-02-22,UNIVERSIDAD CATOLICA LUIS AMIGO,3
02122,014,Eventos Científicos,Otro,"CONFERENCIA TRATAMIENTO CONTABLE DE LA PROPIEDAD, PLANTA Y EQUIPO CON BASE EN PYME 2015",2017-02-21,UNIVERSIDAD CATOLICA LUIS AMIGO,3
02123,014,Eventos Científicos,Otro,CONFERENCIA CONSIDERACIONES ACERCA DE LAS MODIFICACIONES DE LA NORMA NIIF PARA PYME 2015,2017-02-20,UNIVERSIDAD CATOLICA LUIS AMIGO,3
02124,014,Eventos Científicos,Encuentro,XIX ENCUENTRO NACIONAL DE INVESTIGACIÓN,2016-10-07,UNIVERSIDAD CATOLICA LUIS AMIGO,3
02125,014,Eventos Científicos,Otro,CONFERENCIA CONTADURIA Y POSCONFLICTO,2016-09-12,UNIVERSIDAD CATOLICA LUIS AMIGO,3
02126,014,Eventos Científicos,Otro,CONFERENCIA UNA INTRODUCCION A LA INVESTIGACION CUALITATIVA Y CRITICA EN CIENCIAS DE GESTION,2016-09-09,UNIVERSIDAD CATOLICA LUIS AMIGO,3
02127,014,Eventos Científicos,Congreso,II Congreso Latinoamericano de Investigadores Contables,2016-09-10,UNIVERSIDAD CATOLICA LUIS AMIGO,3
02128,014,Eventos Científicos,Congreso,II CONGRESO LATINOAMERICANO DE INVESTIGADORES CONTABLES,2016-09-10,UNIVERSIDAD CATOLICA LUIS AMIGO,3
02129,014,Eventos Científicos,Congreso,PRIMER CONGRESO INTERNACIONAL DE INVSTIGACION: LA NUEVA GERENCIA PUBLICA DESDE EL CONTEXTO DE LAS POLÍTICAS SOCIALES,2016-08-31,Red de Facultades de Contaduria,3
02130,014,Eventos Científicos,Otro,PRESENTACION DE MEJORES TRABAJOS DE PRACTICA Y MONOGRAFIAS,2016-08-24,UNIVERSIDAD CATOLICA LUIS AMIGO,3
02131,014,Eventos Científicos,Otro,SOCIALIZACION DE ARTICULOS PUBLICABLES,2016-08-20,UNIVERSIDAD CATOLICA LUIS AMIGO,3
02132,014,Eventos Científicos,Taller,TALLER DE ELABORACION DE RENTA,2016-08-19,UNIVERSIDAD CATOLICA LUIS AMIGO,3
02133,014,Eventos Científicos,Otro,SOCIALIZACION DE PRACTICAS Y MONOGRAFIAS,2016-05-18,UNIVERSIDAD CATOLICA LUIS AMIGO,3
02134,014,Eventos Científicos,Otro,CATEDRA ABIERTA LA IMPORTANCIA DE LA CONTABILIDAD GUBERNAMENTAL COMO HERRAMIENTA PARA LA GESTION Y TOMA DE DECISIONES EN LAS ENTIDADES PUBLICAS,2016-03-17,UNIVERSIDAD CATOLICA LUIS AMIGO,3
02135,014,Eventos Científicos,Otro,CONFERENCIA EVOLUCION DE LA REGULACION EN COLOMBIA,2016-03-04,UNIVERSIDAD CATOLICA LUIS AMIGO,3
02136,014,Eventos Científicos,Otro,OLIMPIADAS DE CONOCIMIENTO CONTABLE 2,2016-03-04,UNIVERSIDAD CATOLICA LUIS AMIGO,3
02137,014,Eventos Científicos,Otro,AUDIO CONFERENCIA LA ETICA SESION 1,2016-03-03,UNIVERSIDAD CATOLICA LUIS AMIGO,3
02138,014,Eventos Científicos,Otro,CONVERSATORIO DE DOCENTES: LA EDUCACION SUPERIOR EN GUATEMALA,2016-03-03,UNIVERSIDAD CATOLICA LUIS AMIGO,3
02139,014,Eventos Científicos,Otro,AUDIO CONFERENCIA LA ETICA SESION 2,2016-03-03,UNIVERSIDAD CATOLICA LUIS AMIGO,3
02140,014,Eventos Científicos,Otro,OLIMPIADAS DE CONOCIMIENTO CONTABLE,2016-03-02,UNIVERSIDAD CATOLICA LUIS AMIGO,3
02141,014,Eventos Científicos,Otro,CONFERENCIA INFIDENCIAS EN LA VIDA PASADA DEL CONTROL,2016-03-02,UNIVERSIDAD CATOLICA LUIS AMIGO,3
02142,014,Eventos Científicos,Otro,CONFERENCIA GOBIERNO CORPORATIVO Y LAS NORMAS INTERNACIONALES DE AUDITORIA: INCIDENCIA EN LAS CATASTROFES FINANCIERAS,2016-03-01,UNIVERSIDAD CATOLICA LUIS AMIGO,3
02143,014,Eventos Científicos,Otro,CONFERENCIA LAS FALACIAS DEL PRINCIPIO DE ESENCIA SOBRE FORMAS EN LA REPRESENTACION CONTABLE,2016-03-01,UNIVERSIDAD CATOLICA LUIS AMIGO,3
02144,014,Eventos Científicos,Otro,CONFERENCIA SISTEMA CONTABLE,2016-02-29,UNIVERSIDAD CATOLICA LUIS AMIGO,3
02145,014,Eventos Científicos,Seminario,SEMINARIO DE ACTUALIZACION LABORAL,2016-02-29,UNIVERSIDAD CATOLICA LUIS AMIGO,3
02146,014,Eventos Científicos,Otro,FORO IMPLICACIONES DE LA REFORMA TRIBUTARIA,2017-02-22,UNIVERSIDAD CATOLICA LUIS AMIGO,3
02147,014,Eventos Científicos,Otro,DIPLOMATURA EN CONTABILIDAD INTERNACIONAL PARA PYMES,2016-05-17,UNIVERSIDAD CATOLICA LUIS AMIGO,3
02148,014,Eventos Científicos,Taller,TALLER DE ACTUALIZACION TRIBUTARIA EN RETENCION EN LA FUENTE,2016-02-12,UNIVERSIDAD CATOLICA LUIS AMIGO,3
02149,014,Eventos Científicos,Otro,Conferencia: Por una contabilidad mas allá de las normas y formalización empresarial,2015-10-15,UNIVERSIDAD CATOLICA LUIS AMIGO,3
02150,014,Eventos Científicos,Otro,Cátedra virtual de contabilidad social y ambiental,2015-09-29,UNIVERSIDAD CATOLICA LUIS AMIGO,3
02151,014,Eventos Científicos,Congreso,"IV Congreso internacional CIMIPYME 2015 ""La empresa sustentable y su compromiso social""",2015-09-25,Universidad de Valle de ATEMAJAC,3
02152,014,Eventos Científicos,Congreso,XVI Congreso Nacional de Estudiantes de Ciencias Contables y financieras Perú - CONECCOF,2015-09-19,UNIVERSIDAD CATOLICA LUIS AMIGO,3
02153,014,Eventos Científicos,Encuentro,XVIII Encuentro Nacional de Investigaciones,2015-09-10,UNIVERSIDAD CATOLICA LUIS AMIGO,3
02154,014,Eventos Científicos,Otro,Conferencia: Normas internacionales de auditoria NIA,2015-08-19,UNIVERSIDAD CATOLICA LUIS AMIGO,3
02155,014,Eventos Científicos,Otro,Actualización laboral y tributaria,2015-08-19,UNIVERSIDAD CATOLICA LUIS AMIGO,3
02156,014,Eventos Científicos,Otro,Diplomatura en normas internacionales de información financiera para pyme,2015-11-13,UNIVERSIDAD CATOLICA LUIS AMIGO,3
02157,014,Eventos Científicos,Taller,Taller de declaración de renta IMAN-IMAS,2015-07-23,UNIVERSIDAD CATOLICA LUIS AMIGO,3
02158,014,Eventos Científicos,Otro,Cátedra abierta: Planeación financiera y personal,,UNIVERSIDAD CATOLICA LUIS AMIGO,3
02159,014,Eventos Científicos,Congreso,XIX Congreso Internacional de Investigación en Ciencias Administrativas,2015-04-24,Universidad Juárez Del Estado De Durango,3
02160,014,Eventos Científicos,Taller,Taller: Impuesto de renta y CREE,2015-03-28,UNIVERSIDAD CATOLICA LUIS AMIGO,3
02161,014,Eventos Científicos,Otro,Cátedra abierta: Competencias y perfiles laborales en Prácticas empresariales,2015-03-20,UNIVERSIDAD CATOLICA LUIS AMIGO,3
02162,014,Eventos Científicos,Otro,Conversatorio: Experiencias extiosas,2015-03-04,UNIVERSIDAD CATOLICA LUIS AMIGO,3
02163,014,Eventos Científicos,Otro,Conferencia: La Contaduría Pública y el posconflicto,2015-03-04,UNIVERSIDAD CATOLICA LUIS AMIGO,3
02164,014,Eventos Científicos,Otro,Olimpiadas del saber,2015-03-03,UNIVERSIDAD CATOLICA LUIS AMIGO,3
02165,014,Eventos Científicos,Otro,Conferencia: Razonabilidad de los Estados Financieros,2015-03-03,UNIVERSIDAD CATOLICA LUIS AMIGO,3
02166,014,Eventos Científicos,Otro,Conferencia: Efectos en la actividad de Auditoría con la adopción de las NIA,2015-03-02,UNIVERSIDAD CATOLICA LUIS AMIGO,3
02167,014,Eventos Científicos,Otro,Panel internacional: Contexto Económico y Social de algunos países de América Latina,2015-03-02,UNIVERSIDAD CATOLICA LUIS AMIGO,3
02168,014,Eventos Científicos,Otro,Cine Foro: Inside Job,2015-03-02,UNIVERSIDAD CATOLICA LUIS AMIGO,3
02169,014,Eventos Científicos,Otro,Conferencia: Implicaciones de las NIIF en el gobierno de las empresas,2015-02-27,UNIVERSIDAD CATOLICA LUIS AMIGO,3
02170,014,Eventos Científicos,Otro,Conferencia: Contabilidad Multidimensional como opción a la convergencia,2015-02-26,UNIVERSIDAD CATOLICA LUIS AMIGO,3
02171,014,Eventos Científicos,Otro,Conferencia: Contexto histórico de la nacionalización de la Contaduría Pública,2015-02-26,UNIVERSIDAD CATOLICA LUIS AMIGO,3
02172,014,Eventos Científicos,Seminario,Seminario Impuesto CREE y retención en la fuente,2015-02-28,UNIVERSIDAD CATOLICA LUIS AMIGO,3
02173,014,Eventos Científicos,Otro,Diplomatura en Normas Internacionales de información financiera para Pymes,2015-04-16,UNIVERSIDAD CATOLICA LUIS AMIGO,3
02174,014,Eventos Científicos,Seminario,Seminario en actualización tributaria,2015-02-06,UNIVERSIDAD CATOLICA LUIS AMIGO,3
02175,014,Eventos Científicos,Congreso,IV Congreso Regional Centro ¿ Oriental de Estudiantes de Ciencias Contables y Financieras Perú - CORECOECCOF.,2014-11-14,UNIVERSIDAD CATOLICA LUIS AMIGO,3
02176,014,Eventos Científicos,Encuentro,XVII ENCUENTRO NACIONAL DE INVESTIGACION FUNLAM 2014. UN COMPROMISO CON LA SOCIEDAD,2014-10-17,UNIVERSIDAD CATOLICA LUIS AMIGO,3
02177,014,Eventos Científicos,Congreso,VIII CONGRESO IBEROAMERICANO DE CONTABILIDAD DE GESTION,2014-10-12,TECNOLOGICO DE ANTIOQUIA INSTITUCION UNIVERSITARIA,3
02178,014,Eventos Científicos,Congreso,VIII Congreso Iberoamericano de contabilidad de gestión y X Congreso Iberoamericano de administración empresarial y contabilidad,2014-09-12,UNIVERSIDAD DE ANTIOQUIA,3
02179,014,Eventos Científicos,Congreso,XXI Congreso Regional del Norte de Estudiantes de Ciencias Contables y Financieras Perú - CORNECCOF.,2014-05-31,UNIVERSIDAD CATOLICA LUIS AMIGO,3
02180,014,Eventos Científicos,Seminario,"Simposio Internacional ""Repensando la dimensión social de la contabilidad""",2014-03-29,UNIVERSIDAD CATOLICA DE ORIENTE,3
02181,014,Eventos Científicos,Encuentro,Encuentro Internacional de Investigadores en Administración 2013,2013-11-27,TECNOLOGICO DE ANTIOQUIA INSTITUCION UNIVERSITARIA,3
02182,014,Eventos Científicos,Congreso,XV Congreso Nacional de Estudiantes de Ciencias Contables y Financieras Perú - CONECCOF,2013-09-21,Universidad Nacional Santiago Atunez de Mayolo,3
02183,014,Eventos Científicos,Encuentro,Encuentro Nacional de Investigacion Funlam 2013,2013-09-13,UNIVERSIDAD CATOLICA LUIS AMIGO,3
02184,014,Eventos Científicos,Encuentro,IX Encuentro Internacional de Matematicas EIMAT 2013,2013-08-23,TECNOLOGICO DE ANTIOQUIA INSTITUCION UNIVERSITARIA,3
02185,014,Eventos Científicos,Encuentro,Segundo Encuentro Nacional de Pensamiento Contable,2013-08-17,Universidad De Manizales - Umanizales,3
02186,014,Eventos Científicos,Congreso,V CONGRESO INTERNACIONAL DE FORMACIÓN Y MODELACION EN CIENCIAS BASICAS,2013-05-10,TECNOLOGICO DE ANTIOQUIA INSTITUCION UNIVERSITARIA,3
02187,014,Eventos Científicos,Congreso,XXIV Congreso Nacional de Estudiantes de Contaduría Pública,2013-03-24,federacion nacional de estudiantes de contaducría pública-FENECOP,3
02188,014,Eventos Científicos,Encuentro,I encuentro sur peruano de tutoria en educación superior,2019-12-29,UNIVERSIDAD CATOLICA LUIS AMIGO,3
02189,014,Eventos Científicos,Encuentro,Encuentro Nacional de investigación 2012,2012-09-04,UNIVERSIDAD CATOLICA LUIS AMIGO,3
02190,014,Eventos Científicos,Encuentro,Encuentro Internacional de Investigación en Administración,,Asociación Colombiana De Facultades De Administración,3
02191,014,Eventos Científicos,Encuentro,Encuentro Nacional de Pensamiento Contable,2011-10-16,Universidad De Manizales - Umanizales,3
02192,014,Eventos Científicos,Congreso,Congreso para el Desarrollo de la Doctrina Contable,2010-03-19,Consejo Técnico De La Contaduría Pública,3
02193,014,Eventos Científicos,Encuentro,I Encuentro Nacional de Profesores de Contaduría Pública,,,3
02194,014,Eventos Científicos,Encuentro,I Encuentro Nacional de Profesores de Contaduría Pública,2009-03-21,PONTIFICIA UNIVERSIDAD JAVERIANA,3
02195,014,Eventos Científicos,Encuentro,Encuentro Nacional de Profesores de Contaduría Pública,,PONTIFICIA UNIVERSIDAD JAVERIANA,3
