id,id_grupo,categoria,tipo_producto,titulo,pais,ano,institucion,autores,tipologia
00001,001,Innovaciones generadas en la Gestión Empresarial,Organizacional,"Programa de entrenamiento de la cognición social, la memoria de trabajo y el rendimiento académico para jóvenes infractores de la ley con trastorno antisocial de la personalidad (TAP)",Colombia,2020,Religiosos Terciarios Capuchinos de Nuestra Señora de los Dolores,"CATALINA QUINTERO LOPEZ, VICTOR DANIEL GIL VERA",2
00002,001,Innovaciones generadas en la Gestión Empresarial,Organizacional,Implementación de un modelo matemático aplicado a la geotecnia,Colombia,2019,UNIVERSIDAD CATOLICA LUIS AMIGO,SHIRLENE PATRICIA VEGA ROYERO,2
00003,002,Innovaciones generadas en la Gestión Empresarial,Empresarial,AL DIA CON TU SALUD MENTAL(CAMPAÑAS DE COMUNICACION PARA LA PREVENCION DEL SUICIDIO LA UNIO EN FASE 6-2023,Colombia,2023,UNIVERSIDAD CATOLICA LUIS AMIGO,"ANGEL AUGUSTO VIZCAYA CASTILLO, OMAR AUGUSTO AMADOR SANCHEZ, ELIZA KRATC GIL, MARCOS FIDEL VEGA SENA, SANDRA ISABEL MEJIA ZAPATA, DIEGO LEON CARVAJAL SERNA, JOHN JAIRO GARCIA PENA, GLORIA CARDONA, DAVID IGNACIO MOLINA VELASQUEZ, MARIA VICTORIA RESTREPO TOBON",2
00004,002,Innovaciones generadas en la Gestión Empresarial,Empresarial,"Programa de acompañamiento en prevención,atención y seguimiento al comportamiento suicida en Itagüí Fase 6-2023",Colombia,2023,UNIVERSIDAD CATOLICA LUIS AMIGO,"ANGEL AUGUSTO VIZCAYA CASTILLO, OMAR AUGUSTO AMADOR SANCHEZ, ELIZA KRATC GIL, MARCOS FIDEL VEGA SENA, SANDRA ISABEL MEJIA ZAPATA, DIEGO LEON CARVAJAL SERNA, JOHN JAIRO GARCIA PENA, GLORIA CARDONA, DAVID IGNACIO MOLINA VELASQUEZ, MARIA VICTORIA RESTREPO TOBON",2
00005,002,Innovaciones generadas en la Gestión Empresarial,Organizacional,Piezas comunicaciones prevención del suicidio,Colombia,2023,UNIVERSIDAD CATOLICA LUIS AMIGO,ANGEL AUGUSTO VIZCAYA CASTILLO,2
00006,002,Innovaciones generadas en la Gestión Empresarial,Empresarial,AL DIA CON TU SALUD MENTAL(CAMPAÑAS DE COMUNICACION PARA LA PREVENCION DEL SUICIDIO LA UNION EN FASE 6-2023,Colombia,2023,UNIVERSIDAD CATOLICA LUIS AMIGO,"ANGEL AUGUSTO VIZCAYA CASTILLO, OMAR AUGUSTO AMADOR SANCHEZ, ELIZA KRATC GIL, MARCOS FIDEL VEGA SENA, SANDRA ISABEL MEJIA ZAPATA, DIEGO LEON CARVAJAL SERNA, JOHN JAIRO GARCIA PENA, GLORIA CARDONA, DAVID IGNACIO MOLINA VELASQUEZ, MARIA VICTORIA RESTREPO TOBON",2
00007,002,Innovaciones generadas en la Gestión Empresarial,Empresarial,PROTOCOLO DE AUTOPSIA PSICOLOGICA DEL MUNICIPIO DE SANTA ROSA DE OSOS -PAPSRO EN FASE 6-2023,Colombia,2023,UNIVERSIDAD CATOLICA LUIS AMIGO,"ANGEL AUGUSTO VIZCAYA CASTILLO, OMAR AUGUSTO AMADOR SANCHEZ, ELIZA KRATC GIL, MARCOS FIDEL VEGA SENA, SANDRA ISABEL MEJIA ZAPATA, DIEGO LEON CARVAJAL SERNA, JOHN JAIRO GARCIA PENA, GLORIA CARDONA, DAVID IGNACIO MOLINA VELASQUEZ, MARIA VICTORIA RESTREPO TOBON",2
00008,002,Innovaciones generadas en la Gestión Empresarial,Empresarial,Acompañamiento en la construcción de ruta integral de atención en salud mental local en Carmen de Viboral Fase 6-2023,Colombia,2023,UNIVERSIDAD CATOLICA LUIS AMIGO,"ANGEL AUGUSTO VIZCAYA CASTILLO, OMAR AUGUSTO AMADOR SANCHEZ, ELIZA KRATC GIL, MARCOS FIDEL VEGA SENA, SANDRA ISABEL MEJIA ZAPATA, DIEGO LEON CARVAJAL SERNA, JOHN JAIRO GARCIA PENA, GLORIA CARDONA, DAVID IGNACIO MOLINA VELASQUEZ, MARIA VICTORIA RESTREPO TOBON",2
00009,002,Innovaciones generadas en la Gestión Empresarial,Empresarial,PROTOCOLO DE ENTREVISTA PARA EL INTENTO DE SUICIDIO DEL MUNICIPIO DE SANTA ROSA DE OSOS EN FASE 6-2023,Colombia,2023,UNIVERSIDAD CATOLICA LUIS AMIGO,"ANGEL AUGUSTO VIZCAYA CASTILLO, OMAR AUGUSTO AMADOR SANCHEZ, ELIZA KRATC GIL, MARCOS FIDEL VEGA SENA, SANDRA ISABEL MEJIA ZAPATA, DIEGO LEON CARVAJAL SERNA, JOHN JAIRO GARCIA PENA, GLORIA CARDONA, DAVID IGNACIO MOLINA VELASQUEZ, MARIA VICTORIA RESTREPO TOBON",2
00010,002,Innovaciones generadas en la Gestión Empresarial,Organizacional,Programa de detección temprana en conductas psicojurídicas que pudieron desencadenar en violencia letal hacia la mujer,Colombia,2018,UNIVERSIDAD CATOLICA LUIS AMIGO,"RODRIGO ORLANDO OSORIO MONTOYA, JUAN DIEGO BETANCUR ARIAS, ISABEL CRISTINA PUERTA LOPERA",2
00011,002,Innovaciones generadas en la Gestión Empresarial,Organizacional,Programa de prevención para la violencia de género (feminicidio),Colombia,2018,UNIVERSIDAD CATOLICA LUIS AMIGO,"RODRIGO ORLANDO OSORIO MONTOYA, JUAN DIEGO BETANCUR ARIAS, ISABEL CRISTINA PUERTA LOPERA",2
00012,002,Innovaciones generadas en la Gestión Empresarial,Organizacional,Programa de capacitación en convivencia de género,Colombia,2018,UNIVERSIDAD CATOLICA LUIS AMIGO,"RODRIGO ORLANDO OSORIO MONTOYA, JUAN DIEGO BETANCUR ARIAS, ISABEL CRISTINA PUERTA LOPERA",2
00013,002,Innovaciones generadas en la Gestión Empresarial,Organizacional,Programa de prevención de la violencia letal en contra de la mujer y sus sanciones legales,Colombia,2018,UNIVERSIDAD CATOLICA LUIS AMIGO,"RODRIGO ORLANDO OSORIO MONTOYA, JUAN DIEGO BETANCUR ARIAS, ISABEL CRISTINA PUERTA LOPERA",2
00014,002,Innovaciones generadas en la Gestión Empresarial,Organizacional,Programa de detección de conductas psicosociales del feminicida,Colombia,2018,UNIVERSIDAD CATOLICA LUIS AMIGO,"RODRIGO ORLANDO OSORIO MONTOYA, JUAN DIEGO BETANCUR ARIAS, ISABEL CRISTINA PUERTA LOPERA",2
00015,002,Innovaciones generadas en la Gestión Empresarial,Organizacional,Programa de conocimiento acerca de las conductas antijurídicas en contra de la mujer,Colombia,2018,UNIVERSIDAD CATOLICA LUIS AMIGO,"RODRIGO ORLANDO OSORIO MONTOYA, JUAN DIEGO BETANCUR ARIAS, ISABEL CRISTINA PUERTA LOPERA",2
00016,003,Innovaciones generadas en la Gestión Empresarial,Empresarial,AL DIA CON TU SALUD MENTAL(CAMPAÑAS DE COMUNICACION PARA LA PREVENCION DEL SUICIDIO LA UNIO EN FASE 6-2023,Colombia,2023,,"DIEGO LEON CARVAJAL SERNA, ELIZA KRATC GIL, SANDRA ISABEL MEJIA ZAPATA, DAVID IGNACIO MOLINA VELASQUEZ, OMAR AUGUSTO AMADOR SANCHEZ, MARIA VICTORIA RESTREPO TOBON, ANGEL AUGUSTO VIZCAYA CASTILLO, MARCOS FIDEL VEGA SENA, JOHN JAIRO GARCIA PENA, GLORIA CECILIA CARDONA RIOS",2
00017,003,Innovaciones generadas en la Gestión Empresarial,Empresarial,FORTALECIMIENTO MESA DE SALUD MENTAL INTERSECTORIAL MUNICIPIO DE LA UNION FASE 6,Colombia,2023,UNIVERSIDAD CATOLICA LUIS AMIGO,"DIEGO LEON CARVAJAL SERNA, ELIZA KRATC GIL, SANDRA ISABEL MEJIA ZAPATA, DAVID IGNACIO MOLINA VELASQUEZ, OMAR AUGUSTO AMADOR SANCHEZ, MARIA VICTORIA RESTREPO TOBON, ANGEL AUGUSTO VIZCAYA CASTILLO, MARCOS FIDEL VEGA SENA, JOHN JAIRO GARCIA PENA, GLORIA CECILIA CARDONA RIOS",2
00018,003,Innovaciones generadas en la Gestión Empresarial,Empresarial,GRUPOS DE APOYO PARA PERSONAS CON INTENTO DE SUICIDIO LA UNION EN FASE 6-2023,Colombia,2023,,"DIEGO LEON CARVAJAL SERNA, ELIZA KRATC GIL, SANDRA ISABEL MEJIA ZAPATA, DAVID IGNACIO MOLINA VELASQUEZ, OMAR AUGUSTO AMADOR SANCHEZ, MARIA VICTORIA RESTREPO TOBON, ANGEL AUGUSTO VIZCAYA CASTILLO, MARCOS FIDEL VEGA SENA, JOHN JAIRO GARCIA PENA, GLORIA CECILIA CARDONA RIOS",2
00019,003,Innovaciones generadas en la Gestión Empresarial,Empresarial,"programa de acompañamiento en prevención,atención y seguimiento al comportamiento suicida en Itaguí en Fase VI-2023",Colombia,2023,UNIVERSIDAD CATOLICA LUIS AMIGO,"DIEGO LEON CARVAJAL SERNA, ELIZA KRATC GIL, SANDRA ISABEL MEJIA ZAPATA, DAVID IGNACIO MOLINA VELASQUEZ, OMAR AUGUSTO AMADOR SANCHEZ, MARIA VICTORIA RESTREPO TOBON, ANGEL AUGUSTO VIZCAYA CASTILLO, MARCOS FIDEL VEGA SENA, JOHN JAIRO GARCIA PENA, GLORIA CECILIA CARDONA RIOS",2
00020,003,Innovaciones generadas en la Gestión Empresarial,Organizacional,Fortalecer la comunicación organizacional para la gestión del talento humano y mejoramiento del clima organizacional y satisfacción laboral en CORPORACIÓN ARTISTICA PHERSULOGIA,Colombia,2023,UNIVERSIDAD CATOLICA LUIS AMIGO,YAMARU DEL VALLE CHIRINOS ARAQUE,2
00021,003,Innovaciones generadas en la Gestión Empresarial,Empresarial,PROTOCOLO DE AUTOPSIA PSICOLOGICA DEL MUNICIPIO DE SANTA ROSA DE OSOS -PAPSRO EN FASE 6-2023,Colombia,2023,UNIVERSIDAD CATOLICA LUIS AMIGO,"DIEGO LEON CARVAJAL SERNA, ELIZA KRATC GIL, SANDRA ISABEL MEJIA ZAPATA, DAVID IGNACIO MOLINA VELASQUEZ, OMAR AUGUSTO AMADOR SANCHEZ, MARIA VICTORIA RESTREPO TOBON, ANGEL AUGUSTO VIZCAYA CASTILLO, MARCOS FIDEL VEGA SENA, JOHN JAIRO GARCIA PENA, GLORIA CECILIA CARDONA RIOS",2
00022,003,Innovaciones generadas en la Gestión Empresarial,Empresarial,Programa de Innovación Red de salud mental para el cuidado de la vida Fase III Carmen de Viboral en fase 6-2023,Colombia,2023,UNIVERSIDAD CATOLICA LUIS AMIGO,"DIEGO LEON CARVAJAL SERNA, ELIZA KRATC GIL, SANDRA ISABEL MEJIA ZAPATA, DAVID IGNACIO MOLINA VELASQUEZ, OMAR AUGUSTO AMADOR SANCHEZ, MARIA VICTORIA RESTREPO TOBON, ANGEL AUGUSTO VIZCAYA CASTILLO, MARCOS FIDEL VEGA SENA, JOHN JAIRO GARCIA PENA, GLORIA CECILIA CARDONA RIOS",2
00023,003,Innovaciones generadas en la Gestión Empresarial,Empresarial,Acompañamiento en la construcción de ruta integral de atención en salud mental local en Carmen de Viboral Fase 6-2023,Colombia,2023,UNIVERSIDAD CATOLICA LUIS AMIGO,"DIEGO LEON CARVAJAL SERNA, ELIZA KRATC GIL, SANDRA ISABEL MEJIA ZAPATA, DAVID IGNACIO MOLINA VELASQUEZ, OMAR AUGUSTO AMADOR SANCHEZ, MARIA VICTORIA RESTREPO TOBON, ANGEL AUGUSTO VIZCAYA CASTILLO, MARCOS FIDEL VEGA SENA, JOHN JAIRO GARCIA PENA, GLORIA CECILIA CARDONA RIOS",2
00024,003,Innovaciones generadas en la Gestión Empresarial,Empresarial,PROTOCOLO DE ENTREVISTA PARA EL INTENTO DE SUICIDIO DEL MUNICIPIO DE SANTA ROSA DE OSOS EN FASE 6-2023,Colombia,2023,UNIVERSIDAD CATOLICA LUIS AMIGO,"DIEGO LEON CARVAJAL SERNA, ELIZA KRATC GIL, SANDRA ISABEL MEJIA ZAPATA, DAVID IGNACIO MOLINA VELASQUEZ, OMAR AUGUSTO AMADOR SANCHEZ, MARIA VICTORIA RESTREPO TOBON, ANGEL AUGUSTO VIZCAYA CASTILLO, MARCOS FIDEL VEGA SENA, JOHN JAIRO GARCIA PENA, GLORIA CECILIA CARDONA RIOS",2
00025,003,Innovaciones generadas en la Gestión Empresarial,Empresarial,"RAI PRECOS: Red de Atención Interdisciplinar para la Prevención del Comportamiento Suicida en Temuco, Chile Fase 5-2022",Chile,2022,UNIVERSIDAD CATOLICA LUIS AMIGO,"DIEGO LEON CARVAJAL SERNA, ELIZA KRATC GIL, SANDRA ISABEL MEJIA ZAPATA, JHOEEN SNEYDER ROJAS DIAZ, DAVID IGNACIO MOLINA VELASQUEZ, OMAR AUGUSTO AMADOR SANCHEZ, MARIA VICTORIA RESTREPO TOBON, ANGEL AUGUSTO VIZCAYA CASTILLO, MARCOS FIDEL VEGA SENA, JOHN JAIRO GARCIA PENA, GLORIA CECILIA CARDONA RIOS",2
00026,003,Innovaciones generadas en la Gestión Empresarial,Empresarial,"Grupos de apoyo para el cuidado de la vida y la salud mental,El Carmen de Viboral en Fase 5-2022",Colombia,2022,UNIVERSIDAD CATOLICA LUIS AMIGO,"DIEGO LEON CARVAJAL SERNA, ELIZA KRATC GIL, SANDRA ISABEL MEJIA ZAPATA, JHOEEN SNEYDER ROJAS DIAZ, DAVID IGNACIO MOLINA VELASQUEZ, OMAR AUGUSTO AMADOR SANCHEZ, MARIA VICTORIA RESTREPO TOBON, ANGEL AUGUSTO VIZCAYA CASTILLO, MARCOS FIDEL VEGA SENA, JOHN JAIRO GARCIA PENA, GLORIA CECILIA CARDONA RIOS",2
00027,003,Innovaciones generadas en la Gestión Empresarial,Empresarial,"Programa de formación y capacitación para la prevención del comportamiento suicida Santa Rosa de Osos,faseII,en Fase 5-2022",Colombia,2022,UNIVERSIDAD CATOLICA LUIS AMIGO,"DIEGO LEON CARVAJAL SERNA, ELIZA KRATC GIL, SANDRA ISABEL MEJIA ZAPATA, JHOEEN SNEYDER ROJAS DIAZ, DAVID IGNACIO MOLINA VELASQUEZ, OMAR AUGUSTO AMADOR SANCHEZ, MARIA VICTORIA RESTREPO TOBON, ANGEL AUGUSTO VIZCAYA CASTILLO, MARCOS FIDEL VEGA SENA, JOHN JAIRO GARCIA PENA, GLORIA CECILIA CARDONA RIOS",2
00028,003,Innovaciones generadas en la Gestión Empresarial,Empresarial,"Programa de innovación formación a los medios de comunicación:Juntos por el cuidado de la vida para la prevención del suicidio,El Carmen de Viboral fase II,en Fase 5-2022",Colombia,2022,Municipio El Carmen de Viboral,"DIEGO LEON CARVAJAL SERNA, ELIZA KRATC GIL, SANDRA ISABEL MEJIA ZAPATA, JHOEEN SNEYDER ROJAS DIAZ, DAVID IGNACIO MOLINA VELASQUEZ, OMAR AUGUSTO AMADOR SANCHEZ, MARIA VICTORIA RESTREPO TOBON, ANGEL AUGUSTO VIZCAYA CASTILLO, MARCOS FIDEL VEGA SENA, JOHN JAIRO GARCIA PENA, GLORIA CECILIA CARDONA RIOS",2
00029,003,Innovaciones generadas en la Gestión Empresarial,Empresarial,"Programa de innovación red de salud mental para el cuidado de la vida.Fase II,en El carmen de Viboral fase 5 -2022",Colombia,2022,UNIVERSIDAD CATOLICA LUIS AMIGO,"DIEGO LEON CARVAJAL SERNA, ELIZA KRATC GIL, SANDRA ISABEL MEJIA ZAPATA, JHOEEN SNEYDER ROJAS DIAZ, DAVID IGNACIO MOLINA VELASQUEZ, OMAR AUGUSTO AMADOR SANCHEZ, MARIA VICTORIA RESTREPO TOBON, ANGEL AUGUSTO VIZCAYA CASTILLO, MARCOS FIDEL VEGA SENA, JOHN JAIRO GARCIA PENA, GLORIA CECILIA CARDONA RIOS",2
00030,003,Innovaciones generadas en la Gestión Empresarial,Organizacional,Implementación de lineamientos estratégicos mediante un plan de acción para mejorar las condiciones laborales pos COVID-19 de empleados en la empresa VELÀSQUEZ&ASOCIADOS ABOGADOS Y CONTADORES S.A.S.,Colombia,2021,UNIVERSIDAD CATOLICA LUIS AMIGO,YAMARU DEL VALLE CHIRINOS ARAQUE,2
00031,003,Innovaciones generadas en la Gestión Empresarial,Empresarial,Red de atnción para la Atención y Prevención del comportamiento suicida en municipio de Yauiba ( Bolivia) fase 1 -2021,Bolivia,2021,UNIVERSIDAD CATOLICA LUIS AMIGO,"DIEGO LEON CARVAJAL SERNA, ELIZA KRATC GIL, SANDRA ISABEL MEJIA ZAPATA, JHOEEN SNEYDER ROJAS DIAZ, DAVID IGNACIO MOLINA VELASQUEZ, OMAR AUGUSTO AMADOR SANCHEZ, MARIA VICTORIA RESTREPO TOBON, ANGEL AUGUSTO VIZCAYA CASTILLO, MARCOS FIDEL VEGA SENA, JOHN JAIRO GARCIA PENA, GLORIA CECILIA CARDONA RIOS",2
00032,003,Innovaciones generadas en la Gestión Empresarial,Empresarial,Red de Atención Intracomunitaria para la Prevención del Comportamiento Suicida- RAI PRECOS MEDELLIN fase 1 -2021,Colombia,2021,UNIVERSIDAD CATOLICA LUIS AMIGO,"DIEGO LEON CARVAJAL SERNA, ELIZA KRATC GIL, SANDRA ISABEL MEJIA ZAPATA, JHOEEN SNEYDER ROJAS DIAZ, DAVID IGNACIO MOLINA VELASQUEZ, OMAR AUGUSTO AMADOR SANCHEZ, MARIA VICTORIA RESTREPO TOBON, ANGEL AUGUSTO VIZCAYA CASTILLO, MARCOS FIDEL VEGA SENA, JOHN JAIRO GARCIA PENA, GLORIA CECILIA CARDONA RIOS",2
00033,003,Innovaciones generadas en la Gestión Empresarial,Organizacional,Diseño de la estructura organizacional para la empresa Industrias Balmon Textiles,Colombia,2021,UNIVERSIDAD CATOLICA LUIS AMIGO,"JAIME ALBERTO BELTRAN RIOS, JOSE ANTONIO LOPEZ GIRALDO",2
00034,003,Innovaciones generadas en la Gestión Empresarial,Organizacional,Diseño de la estructura organizacional para la empresa Industrias Balmon Textiles,Colombia,2021,UNIVERSIDAD CATOLICA LUIS AMIGO,"JOSE ANTONIO LOPEZ GIRALDO, JAIME ALBERTO BELTRAN RIOS",2
00035,003,Innovaciones generadas en la Gestión Empresarial,Empresarial,Posvención: Un proceso de mitigación y apropiación social del conocimiento para el municipio Carmen de Viboral fase 1 -2021,Colombia,2021,UNIVERSIDAD CATOLICA LUIS AMIGO,"DIEGO LEON CARVAJAL SERNA, ELIZA KRATC GIL, SANDRA ISABEL MEJIA ZAPATA, JHOEEN SNEYDER ROJAS DIAZ, DAVID IGNACIO MOLINA VELASQUEZ, OMAR AUGUSTO AMADOR SANCHEZ, MARIA VICTORIA RESTREPO TOBON, ANGEL AUGUSTO VIZCAYA CASTILLO, MARCOS FIDEL VEGA SENA, JOHN JAIRO GARCIA PENA, GLORIA CECILIA CARDONA RIOS",2
00036,003,Innovaciones generadas en la Gestión Empresarial,Empresarial,"Programa de innovación formación a los medios de comunicación: Juntos por el cuidado de la vida para la prevención del suicidio. El Carmen de Viboral, fase I -2021",Colombia,2021,UNIVERSIDAD CATOLICA LUIS AMIGO,"DIEGO LEON CARVAJAL SERNA, ELIZA KRATC GIL, SANDRA ISABEL MEJIA ZAPATA, JHOEEN SNEYDER ROJAS DIAZ, DAVID IGNACIO MOLINA VELASQUEZ, OMAR AUGUSTO AMADOR SANCHEZ, MARIA VICTORIA RESTREPO TOBON, ANGEL AUGUSTO VIZCAYA CASTILLO, MARCOS FIDEL VEGA SENA, JOHN JAIRO GARCIA PENA, GLORIA CECILIA CARDONA RIOS",2
00037,003,Innovaciones generadas en la Gestión Empresarial,Organizacional,"Programa de formación y capacitación para la prevención del comportamiento suicida, Santa Rosa de Osos, fase 1 - 2021",Colombia,2021,UNIVERSIDAD CATOLICA LUIS AMIGO,"DIEGO LEON CARVAJAL SERNA, ELIZA KRATC GIL, SANDRA ISABEL MEJIA ZAPATA, JHOEEN SNEYDER ROJAS DIAZ, DAVID IGNACIO MOLINA VELASQUEZ, OMAR AUGUSTO AMADOR SANCHEZ, MARIA VICTORIA RESTREPO TOBON, ANGEL AUGUSTO VIZCAYA CASTILLO, MARCOS FIDEL VEGA SENA, JOHN JAIRO GARCIA PENA, GLORIA CECILIA CARDONA RIOS",2
00038,003,Innovaciones generadas en la Gestión Empresarial,Empresarial,Red de Salud Mental para el cuidado de la vida en el municipio del Carmen de Viboral Fase 1 -2021,Colombia,2021,UNIVERSIDAD CATOLICA LUIS AMIGO,"DIEGO LEON CARVAJAL SERNA, ELIZA KRATC GIL, SANDRA ISABEL MEJIA ZAPATA, JHOEEN SNEYDER ROJAS DIAZ, DAVID IGNACIO MOLINA VELASQUEZ, OMAR AUGUSTO AMADOR SANCHEZ, MARIA VICTORIA RESTREPO TOBON, ANGEL AUGUSTO VIZCAYA CASTILLO, MARCOS FIDEL VEGA SENA, JOHN JAIRO GARCIA PENA, GLORIA CECILIA CARDONA RIOS",2
00039,003,Innovaciones generadas en la Gestión Empresarial,Organizacional,"identificar como mejorar desde el análisis, diseño e implementación de una política de salario emocional, que permita mejorar la calidad de vida de todos los colaboradores de la compañía",Colombia,2020,UNIVERSIDAD CATOLICA LUIS AMIGO,LUIS FERNANDO QUINTERO ARANGO,2
00040,003,Innovaciones generadas en la Gestión Empresarial,Organizacional,Diseño de la estructura organizacional y los procesos principales para la empresa Transmibandas S.A.S,Colombia,2020,UNIVERSIDAD CATOLICA LUIS AMIGO,"JAIME ALBERTO BELTRAN RIOS, JOSE ANTONIO LOPEZ GIRALDO",2
00041,003,Innovaciones generadas en la Gestión Empresarial,Organizacional,Plan de estrategias para mejorar el posicionamiento de la Liga de Atletismo de Antioquia entre sus clientes de las escuelas deportivas,Colombia,2020,UNIVERSIDAD CATOLICA LUIS AMIGO,"JAIME ALBERTO BELTRAN RIOS, JOSE ANTONIO LOPEZ GIRALDO",2
00042,003,Innovaciones generadas en la Gestión Empresarial,Organizacional,Modelo de gestiòn del talento humano con los principales subprocesos para la empresa Divisas el Tesoro S.A.S,Colombia,2020,UNIVERSIDAD CATOLICA LUIS AMIGO,"JAIME ALBERTO BELTRAN RIOS, JOSE ANTONIO LOPEZ GIRALDO",2
00043,003,Innovaciones generadas en la Gestión Empresarial,Organizacional,"análisis y diagnóstico acerca de la cultura organizacional de la empresa, la importancia radico en poder identificar fortalezas y debilidades de la compañía con respecto a los temas relacionados con el clima organizaciona",Colombia,2020,UNIVERSIDAD CATOLICA LUIS AMIGO,LUIS FERNANDO QUINTERO ARANGO,2
00044,003,Innovaciones generadas en la Gestión Empresarial,Organizacional,"Diseño organizacional y la formalización de los procesos( estratégicos, operativos y de apoyo) para la empresa Súper Camperos de la ciudad de Medellín,",Colombia,2020,UNIVERSIDAD CATOLICA LUIS AMIGO,"JAIME ALBERTO BELTRAN RIOS, JOSE ANTONIO LOPEZ GIRALDO",2
00045,003,Innovaciones generadas en la Gestión Empresarial,Empresarial,INNOVACION A TRAVES DE LA CREACION DE CON PROGRAMAS DE FORMACION EN PREVENCION DE LA CONDUCTA SUICIDA EN LA UNION FASE III,Colombia,2020,UNIVERSIDAD CATOLICA LUIS AMIGO,"DIEGO LEON CARVAJAL SERNA, ELIZA KRATC GIL, SANDRA ISABEL MEJIA ZAPATA, JHOEEN SNEYDER ROJAS DIAZ, DAVID IGNACIO MOLINA VELASQUEZ, OMAR AUGUSTO AMADOR SANCHEZ, MARIA VICTORIA RESTREPO TOBON, ANGEL AUGUSTO VIZCAYA CASTILLO, MARCOS FIDEL VEGA SENA, JOHN JAIRO GARCIA PENA, GLORIA CECILIA CARDONA RIOS",2
00046,003,Innovaciones generadas en la Gestión Empresarial,Organizacional,"diseño y desarrollo de un diagnóstico de sostenibilidad para pequeñas empresas, basado en estándares internacionales, para la evaluación de impacto de los procesos de la organización",Colombia,2020,CUIDAMOS COLOMBIA S.A.S.,"UBEIMAR AURELIO OSORIO ATEHORTUA, MONICA ELIANA ARISTIZABAL VELASQUEZ, JORMARIS MARTINEZ GOMEZ, LUIS FERNANDO QUINTERO ARANGO",2
00047,003,Innovaciones generadas en la Gestión Empresarial,Organizacional,"Realización del desarrollo de un modelo empresarial, para la prestación de servicios de consultoría en sostenibilidad, el cual incluye una prueba piloto",Colombia,2020,CUIDAMOS COLOMBIA S.A.S.,"UBEIMAR AURELIO OSORIO ATEHORTUA, MONICA ELIANA ARISTIZABAL VELASQUEZ, JORMARIS MARTINEZ GOMEZ, LUIS FERNANDO QUINTERO ARANGO",2
00048,003,Innovaciones generadas en la Gestión Empresarial,Empresarial,Prevention Program for Suicidal Behavior in Religious Communities Medellín FASE III,Colombia,2020,UNIVERSIDAD CATOLICA LUIS AMIGO,"DIEGO LEON CARVAJAL SERNA, ELIZA KRATC GIL, SANDRA ISABEL MEJIA ZAPATA, JHOEEN SNEYDER ROJAS DIAZ, DAVID IGNACIO MOLINA VELASQUEZ, OMAR AUGUSTO AMADOR SANCHEZ, MARIA VICTORIA RESTREPO TOBON, ANGEL AUGUSTO VIZCAYA CASTILLO, MARCOS FIDEL VEGA SENA, JOHN JAIRO GARCIA PENA, GLORIA CECILIA CARDONA RIOS",2
00049,003,Innovaciones generadas en la Gestión Empresarial,Organizacional,La Aplicación del sistema de gestión en el estilo liderazgo transformador para mejorar el clima organizacional y la satisfacción laboral de la empresa A & B CONSTRUCCIONES S.A.S,Colombia,2020,A & B Construcciones SAS,YAMARU DEL VALLE CHIRINOS ARAQUE,2
00050,003,Innovaciones generadas en la Gestión Empresarial,Organizacional,Identificación y actualización de competencias docentes para los programas de formación centro de estudios especializados CESDE,Colombia,2020,UNIVERSIDAD CATOLICA LUIS AMIGO,"JAIME ALBERTO BELTRAN RIOS, JOSE ANTONIO LOPEZ GIRALDO",2
00051,003,Innovaciones generadas en la Gestión Empresarial,Organizacional,PROGRAMA DE FORMACION PARA LA PREVENCION DE LA CONDUCTA SUICIDA MUNICIPIO DE ENVIGADO FASE III,Colombia,2020,UNIVERSIDAD CATOLICA LUIS AMIGO,"DIEGO LEON CARVAJAL SERNA, ELIZA KRATC GIL, SANDRA ISABEL MEJIA ZAPATA, JHOEEN SNEYDER ROJAS DIAZ, DAVID IGNACIO MOLINA VELASQUEZ, OMAR AUGUSTO AMADOR SANCHEZ, MARIA VICTORIA RESTREPO TOBON, ANGEL AUGUSTO VIZCAYA CASTILLO, MARCOS FIDEL VEGA SENA, JOHN JAIRO GARCIA PENA, GLORIA CECILIA CARDONA RIOS",2
00052,003,Innovaciones generadas en la Gestión Empresarial,Empresarial,"una innovación generada en la gestión empresarial consistente en un Programa de Formación y Capacitación para la Prevención del Comportamiento Suicida,Municipio de Andes en Fase III",Colombia,2020,UNIVERSIDAD CATOLICA LUIS AMIGO,"DIEGO LEON CARVAJAL SERNA, ELIZA KRATC GIL, SANDRA ISABEL MEJIA ZAPATA, JHOEEN SNEYDER ROJAS DIAZ, DAVID IGNACIO MOLINA VELASQUEZ, OMAR AUGUSTO AMADOR SANCHEZ, MARIA VICTORIA RESTREPO TOBON, ANGEL AUGUSTO VIZCAYA CASTILLO, MARCOS FIDEL VEGA SENA, JOHN JAIRO GARCIA PENA, GLORIA CECILIA CARDONA RIOS",2
00053,003,Innovaciones generadas en la Gestión Empresarial,Empresarial,"la creaciónde una ruta de atención y directorio de emergencias para el comportamiento suicida, socializado con comité de salud mental y profesionales psicosociales .Municipio de Andes Fase III",Colombia,2020,UNIVERSIDAD CATOLICA LUIS AMIGO,"DIEGO LEON CARVAJAL SERNA, ELIZA KRATC GIL, SANDRA ISABEL MEJIA ZAPATA, JHOEEN SNEYDER ROJAS DIAZ, DAVID IGNACIO MOLINA VELASQUEZ, OMAR AUGUSTO AMADOR SANCHEZ, MARIA VICTORIA RESTREPO TOBON, ANGEL AUGUSTO VIZCAYA CASTILLO, MARCOS FIDEL VEGA SENA, JOHN JAIRO GARCIA PENA, GLORIA CECILIA CARDONA RIOS",2
00054,003,Innovaciones generadas en la Gestión Empresarial,Empresarial,INNOVACION A TRAVES DE PROGRAMAS DE FORMACION EN PREVENCION DE LA CONDUCTA SUICIDA EN RIONEGRO FASE III,Colombia,2020,UNIVERSIDAD CATOLICA LUIS AMIGO,"DIEGO LEON CARVAJAL SERNA, ELIZA KRATC GIL, SANDRA ISABEL MEJIA ZAPATA, JHOEEN SNEYDER ROJAS DIAZ, DAVID IGNACIO MOLINA VELASQUEZ, OMAR AUGUSTO AMADOR SANCHEZ, MARIA VICTORIA RESTREPO TOBON, ANGEL AUGUSTO VIZCAYA CASTILLO, MARCOS FIDEL VEGA SENA, JOHN JAIRO GARCIA PENA, GLORIA CECILIA CARDONA RIOS",2
00055,003,Innovaciones generadas en la Gestión Empresarial,Empresarial,"IG-A1, consistente en un protocolo sobre ¿Cómo informar suicidio para Colombia?MUNICIPIO DE RIONEGRO EN FASE III",Colombia,2020,UNIVERSIDAD CATOLICA LUIS AMIGO,"DIEGO LEON CARVAJAL SERNA, ELIZA KRATC GIL, SANDRA ISABEL MEJIA ZAPATA, JHOEEN SNEYDER ROJAS DIAZ, DAVID IGNACIO MOLINA VELASQUEZ, OMAR AUGUSTO AMADOR SANCHEZ, MARIA VICTORIA RESTREPO TOBON, ANGEL AUGUSTO VIZCAYA CASTILLO, MARCOS FIDEL VEGA SENA, JOHN JAIRO GARCIA PENA, GLORIA CECILIA CARDONA RIOS",2
00056,003,Innovaciones generadas en la Gestión Empresarial,Organizacional,Modelo Integrado de Planeación y Gestión MIPG,Colombia,2020,UNIVERSIDAD CATOLICA LUIS AMIGO,MONICA ELIANA ARISTIZABAL VELASQUEZ,2
00057,003,Innovaciones generadas en la Gestión Empresarial,Organizacional,Innovación generada en el proceso de creación de un sitio tecnológico SERVI COLOMBIANA DE AUTOPARTES SAS BENDIREPUESTOS NIT 900904715-2,Colombia,2019,UNIVERSIDAD CATOLICA LUIS AMIGO,"LUIS FERNANDO QUINTERO ARANGO, JUAN DIEGO BETANCUR ARIAS",2
00058,003,Innovaciones generadas en la Gestión Empresarial,Organizacional,Innovación generada en la creación de la planeación estratégica  SERVI COLOMBIANA DE AUTOPARTES SAS BENDIREPUESTOS NIT 900904715-2,Colombia,2019,UNIVERSIDAD CATOLICA LUIS AMIGO,"LUIS FERNANDO QUINTERO ARANGO, JUAN DIEGO BETANCUR ARIAS",2
00059,003,Innovaciones generadas en la Gestión Empresarial,Organizacional,Innovación generada modelo de salario emocional SERVI COLOMBIANA DE AUTOPARTES SAS BENDIREPUESTOS NIT  900904715-2,Colombia,2019,UNIVERSIDAD CATOLICA LUIS AMIGO,"LUIS FERNANDO QUINTERO ARANGO, JUAN DIEGO BETANCUR ARIAS",2
00060,003,Innovaciones generadas en la Gestión Empresarial,Organizacional,Innovación generada permanencia de los colaboradores SERVI COLOMBIANA DE AUTOPARTES SAS BENDIREPUESTOS NIT 900904715-2,Colombia,2019,UNIVERSIDAD CATOLICA LUIS AMIGO,"LUIS FERNANDO QUINTERO ARANGO, JUAN DIEGO BETANCUR ARIAS",2
00061,003,Innovaciones generadas en la Gestión Empresarial,Organizacional,"desarrollo de una herramienta de gestión administrativa que permite a través de la caracterización interna y externa de la empresa identificar el grado de vulnerabilidad de la empresa frente a sus potencialidades, limitaciones, desafíos y riesgos",Colombia,2019,UNIVERSIDAD CATOLICA LUIS AMIGO,"MAURICIO ALEJANDRO BEDOYA JIMENEZ, LUIS FERNANDO QUINTERO ARANGO, JORMARIS MARTINEZ GOMEZ, JUAN DIEGO LOPEZ MEDINA",2
00062,003,Innovaciones generadas en la Gestión Empresarial,Organizacional,implementación de la planeación estratégica con el fin que se logre un direccionamiento estratégico permitiendo a la compañía contar con una ruta empresarial clara y orientada al logro de los objetivos y la creación de valor compartido,Colombia,2019,UNIVERSIDAD CATOLICA LUIS AMIGO,"MAURICIO ALEJANDRO BEDOYA JIMENEZ, JORMARIS MARTINEZ GOMEZ, LUIS FERNANDO QUINTERO ARANGO, JUAN DIEGO LOPEZ MEDINA",2
00063,003,Innovaciones generadas en la Gestión Empresarial,Organizacional,Sistema experto para la detección de la violencia machista - sexual en mujeres CORPURED,Colombia,2019,UNIVERSIDAD CATOLICA LUIS AMIGO,"JORMARIS MARTINEZ GOMEZ, JUAN DIEGO BETANCUR ARIAS",2
00064,003,Innovaciones generadas en la Gestión Empresarial,Organizacional,"Programa de seguimiento, monitoreo y control a los casos críticos de violencia de género CORPURED",Colombia,2019,UNIVERSIDAD CATOLICA LUIS AMIGO,"JORMARIS MARTINEZ GOMEZ, JUAN DIEGO BETANCUR ARIAS",2
00065,003,Innovaciones generadas en la Gestión Empresarial,Organizacional,Programa de tamizaje de niveles de violencia sexual para mujeres jóvenes y adultas CORPURED,Colombia,2019,UNIVERSIDAD CATOLICA LUIS AMIGO,"JORMARIS MARTINEZ GOMEZ, JUAN DIEGO BETANCUR ARIAS",2
00066,003,Innovaciones generadas en la Gestión Empresarial,Organizacional,Programa de prevención para la violencia de género (feminicidio) CORPURED,Colombia,2019,UNIVERSIDAD CATOLICA LUIS AMIGO,"JORMARIS MARTINEZ GOMEZ, JUAN DIEGO BETANCUR ARIAS",2
00067,003,Innovaciones generadas en la Gestión Empresarial,Organizacional,Sistema experto para la detección de la violencia machista - sexual en mujeres ASOCOMUNAL 9,Colombia,2019,UNIVERSIDAD CATOLICA LUIS AMIGO,"JORMARIS MARTINEZ GOMEZ, JUAN DIEGO BETANCUR ARIAS",2
00068,003,Innovaciones generadas en la Gestión Empresarial,Organizacional,"Programa de seguimiento, monitoreo y control a los casos críticos de violencia de género ASOCOMUNAL 9",Colombia,2019,UNIVERSIDAD CATOLICA LUIS AMIGO,"JORMARIS MARTINEZ GOMEZ, JUAN DIEGO BETANCUR ARIAS",2
00069,003,Innovaciones generadas en la Gestión Empresarial,Organizacional,Programa de tamizaje de niveles de violencia sexual para mujeres jóvenes y adultas ASOCOMUNAL 9,Colombia,2019,UNIVERSIDAD CATOLICA LUIS AMIGO,"JORMARIS MARTINEZ GOMEZ, JUAN DIEGO BETANCUR ARIAS",2
00070,003,Innovaciones generadas en la Gestión Empresarial,Organizacional,Sistema experto para la detección de la violencia machista - sexual en mujeres JAC Pioneros de Miraflores,Colombia,2019,UNIVERSIDAD CATOLICA LUIS AMIGO,"JORMARIS MARTINEZ GOMEZ, JUAN DIEGO BETANCUR ARIAS",2
00071,003,Innovaciones generadas en la Gestión Empresarial,Organizacional,"Programa de seguimiento, monitoreo y control a los casos críticos de violencia de género JAC Pioneros",Colombia,2019,UNIVERSIDAD CATOLICA LUIS AMIGO,"JORMARIS MARTINEZ GOMEZ, JUAN DIEGO BETANCUR ARIAS",2
00072,003,Innovaciones generadas en la Gestión Empresarial,Organizacional,Programa de tamizaje de niveles de violencia sexual para mujeres jóvenes y adultas JAC Pioneros de Miraflores,Colombia,2019,UNIVERSIDAD CATOLICA LUIS AMIGO,"JORMARIS MARTINEZ GOMEZ, JUAN DIEGO BETANCUR ARIAS",2
00073,003,Innovaciones generadas en la Gestión Empresarial,Organizacional,"IMPLEMENTACIÓN DE ESTRATEGIAS PARA EL RELACIONAMIENTO EFECTIVO CON LOS NIÑOS, FUNDACIÓN FUNDAPAMPURI",Colombia,2019,UNIVERSIDAD CATOLICA LUIS AMIGO,"ANA LUCILA POLO SALCEDO, SINDY YULIANA GALLEGO TAVERA",2
00074,003,Innovaciones generadas en la Gestión Empresarial,Organizacional,Realización de la Implementación del código ética en la fundación FUNDAPAMPURÍ,Colombia,2019,UNIVERSIDAD CATOLICA LUIS AMIGO,"SINDY YULIANA GALLEGO TAVERA, ANA LUCILA POLO SALCEDO",2
00075,003,Innovaciones generadas en la Gestión Empresarial,Organizacional,PROTOCOLOS PARA LA CARACTERIZACIÓN DE NORMATIVAS DE PRÁCTICAS DE CONVIVENCIA CIUDADANA Y RESPETO A COMUNIDADES LGTBI.,Colombia,2019,UNIVERSIDAD CATOLICA LUIS AMIGO,"SINDY YULIANA GALLEGO TAVERA, ANA LUCILA POLO SALCEDO",2
00076,003,Innovaciones generadas en la Gestión Empresarial,Organizacional,TÉCNICAS DE REGULACIÓN EMOCIONAL CON COMUNIDADES LGTBI,Colombia,2019,UNIVERSIDAD CATOLICA LUIS AMIGO,"SINDY YULIANA GALLEGO TAVERA, ANA LUCILA POLO SALCEDO",2
00077,003,Innovaciones generadas en la Gestión Empresarial,Organizacional,CREACIÓN Y LA IMPLEMENTACIÓN DE ESTRATEGIAS DE AFRONTAMIENTO A COMUNIDADES LGTBI EN LA EMPRESA AUTOSERVICIOS GUATAPURÍ,Colombia,2019,UNIVERSIDAD CATOLICA LUIS AMIGO,"SINDY YULIANA GALLEGO TAVERA, ANA LUCILA POLO SALCEDO",2
00078,003,Innovaciones generadas en la Gestión Empresarial,Organizacional,Realización del proceso de direccionamiento estratégico para la compañía CILIBERTI,Colombia,2019,UNIVERSIDAD CATOLICA LUIS AMIGO,"JAMES ALBERTO MARULANDA PATINO, CLARA HILDA RAMIREZ AGUDELO",2
00079,003,Innovaciones generadas en la Gestión Empresarial,Organizacional,Realización del proceso de Evaluación Organizacional para la compañía CILIBERTI,Colombia,2019,UNIVERSIDAD CATOLICA LUIS AMIGO,"JAMES ALBERTO MARULANDA PATINO, CLARA HILDA RAMIREZ AGUDELO",2
00080,003,Innovaciones generadas en la Gestión Empresarial,Empresarial,"Programa de capacitación e implementación de rutas de atención para la ideación, intención y suicidio consumado en el contexto educaivo, empresarial y comuntario del municipio de la Unión, junto con la atención a sobrevivientes al suicidio en LA UNION FASE II",Colombia,2019,UNIVERSIDAD CATOLICA LUIS AMIGO,"DIEGO LEON CARVAJAL SERNA, ELIZA KRATC GIL, SANDRA ISABEL MEJIA ZAPATA, JHOEEN SNEYDER ROJAS DIAZ, DAVID IGNACIO MOLINA VELASQUEZ, ANA LUCIA CEBALLOS DUQUE, OMAR AUGUSTO AMADOR SANCHEZ, MARIA VICTORIA RESTREPO TOBON, ANGEL AUGUSTO VIZCAYA CASTILLO, MARCOS FIDEL VEGA SENA, JOHN JAIRO GARCIA PENA, GLORIA CECILIA CARDONA RIOS",2
00081,003,Innovaciones generadas en la Gestión Empresarial,Organizacional,"Innovación organizacional con programas de formación orientado al cumplimiento de las políticas públicas de salud mental, aplicado a la comunidad del municipio de Andes para la prevención de la conducta suicia en FASE 2",Colombia,2019,Secretaria de Salud y Bienestar Social del Municipio de Andes (Antioquia),"DIEGO LEON CARVAJAL SERNA, ELIZA KRATC GIL, SANDRA ISABEL MEJIA ZAPATA, JHOEEN SNEYDER ROJAS DIAZ, DAVID IGNACIO MOLINA VELASQUEZ, ANA LUCIA CEBALLOS DUQUE, OMAR AUGUSTO AMADOR SANCHEZ, MARIA VICTORIA RESTREPO TOBON, ANGEL AUGUSTO VIZCAYA CASTILLO, JOHN JAIRO GARCIA PENA, MARCOS FIDEL VEGA SENA, GLORIA CECILIA CARDONA RIOS",2
00082,003,Innovaciones generadas en la Gestión Empresarial,Empresarial,Programa de formación y capacitación para la prevención del comportamiento suicida - Municipio de Rionegro en Fase II,Colombia,2019,UNIVERSIDAD CATOLICA LUIS AMIGO,"DIEGO LEON CARVAJAL SERNA, ELIZA KRATC GIL, SANDRA ISABEL MEJIA ZAPATA, JHOEEN SNEYDER ROJAS DIAZ, DAVID IGNACIO MOLINA VELASQUEZ, ANA LUCIA CEBALLOS DUQUE, OMAR AUGUSTO AMADOR SANCHEZ, MARIA VICTORIA RESTREPO TOBON, ANGEL AUGUSTO VIZCAYA CASTILLO, MARCOS FIDEL VEGA SENA, JOHN JAIRO GARCIA PENA, GLORIA CECILIA CARDONA RIOS",2
00083,003,Innovaciones generadas en la Gestión Empresarial,Empresarial,Innovación para el área de gestión pastoral orientada al fortalecimiento de la prevencion de la conducta suicida en Medellín Fase II,Colombia,2019,UNIVERSIDAD CATOLICA LUIS AMIGO,"DIEGO LEON CARVAJAL SERNA, ELIZA KRATC GIL, SANDRA ISABEL MEJIA ZAPATA, JHOEEN SNEYDER ROJAS DIAZ, DAVID IGNACIO MOLINA VELASQUEZ, ANA LUCIA CEBALLOS DUQUE, OMAR AUGUSTO AMADOR SANCHEZ, MARIA VICTORIA RESTREPO TOBON, ANGEL AUGUSTO VIZCAYA CASTILLO, MARCOS FIDEL VEGA SENA, JOHN JAIRO GARCIA PENA, GLORIA CECILIA CARDONA RIOS",2
00084,003,Innovaciones generadas en la Gestión Empresarial,Organizacional,Desarrollo de un aplicativo en Visual Basic para aplicaciones en Microsoft Excel para la optimización del proceso de gestión documental de las actividades de Investigación de los grupos de investigación y los semilleros del Programa de Administración de Empresas de la empresa Universidad Católica Lu,Colombia,2019,UNIVERSIDAD CATOLICA LUIS AMIGO,"UBEIMAR AURELIO OSORIO ATEHORTUA, MONICA ELIANA ARISTIZABAL VELASQUEZ, NESTOR EDUARDO FLOREZ OVIEDO",2
00085,003,Innovaciones generadas en la Gestión Empresarial,Organizacional,Diseño y aplicación de una nueva estructura académico administrativa que soporte los procesos de mejoramiento continuo hacia la calidad de la institución,Colombia,2019,Corporacion Tecnologica Catolica De Occidente - Tecoc -,"JORMARIS MARTINEZ GOMEZ, LUIS FERNANDO QUINTERO ARANGO, UBEIMAR AURELIO OSORIO ATEHORTUA, MONICA ELIANA ARISTIZABAL VELASQUEZ",2
00086,003,Innovaciones generadas en la Gestión Empresarial,Organizacional,"realización del desarrollo de un aplicativo en Visual Basic para Aplicaciones VBA de Microsoft Excel que optimiza la gestión documental de la movilidad nacional e internacional por parte de estudiantes y docentes del Programa de Administración de Empresas, el cual incluye la generación de gráficos e",Colombia,2019,UNIVERSIDAD CATOLICA LUIS AMIGO,"UBEIMAR AURELIO OSORIO ATEHORTUA, MONICA ELIANA ARISTIZABAL VELASQUEZ, NESTOR EDUARDO FLOREZ OVIEDO, JULIAN DAVID COLORADO AGUDELO",2
00087,003,Innovaciones generadas en la Gestión Empresarial,Organizacional,"Propuesta de la definición, diseño y aplicación del proyecto educativo institucional, que soporta los procesos misionales y guía el desarrollo institucional,",Colombia,2019,Corporacion Tecnologica Catolica De Occidente - Tecoc -,"JORMARIS MARTINEZ GOMEZ, MONICA ELIANA ARISTIZABAL VELASQUEZ, UBEIMAR AURELIO OSORIO ATEHORTUA, LUIS FERNANDO QUINTERO ARANGO",2
00088,003,Innovaciones generadas en la Gestión Empresarial,Organizacional,estrategia de valor compartido orientada a la comunidad perteneciente a la Vereda el Porvenir,Colombia,2019,UNIVERSIDAD CATOLICA LUIS AMIGO,"MAURICIO ALEJANDRO BEDOYA JIMENEZ, LUIS FERNANDO QUINTERO ARANGO, JORMARIS MARTINEZ GOMEZ, JUAN DIEGO LOPEZ MEDINA",2
00089,003,Innovaciones generadas en la Gestión Empresarial,Organizacional,Desarrollo y aplicación del modelo de autoevaluación y calidad de la institución en referencia durante el año 2019 - TECOC,Colombia,2019,Corporacion Tecnologica Catolica De Occidente - Tecoc -,"MONICA ELIANA ARISTIZABAL VELASQUEZ, UBEIMAR AURELIO OSORIO ATEHORTUA, LUIS FERNANDO QUINTERO ARANGO, JORMARIS MARTINEZ GOMEZ",2
00090,003,Innovaciones generadas en la Gestión Empresarial,Organizacional,Certificado Construcción del proceso de evaluación de desempeño - Inversiones JAIBU,Colombia,2018,UNIVERSIDAD CATOLICA LUIS AMIGO,JAMES ALBERTO MARULANDA PATINO,2
00091,003,Innovaciones generadas en la Gestión Empresarial,Organizacional,Innovación generada para la creación de estrategias que permitan la permanencia y retención de los colaboradores - NIT 900319156-6,Colombia,2018,UNIVERSIDAD CATOLICA LUIS AMIGO,"LUIS FERNANDO QUINTERO ARANGO, JUAN DIEGO BETANCUR ARIAS, ISABEL CRISTINA PUERTA LOPERA, RODRIGO ORLANDO OSORIO MONTOYA",2
00092,003,Innovaciones generadas en la Gestión Empresarial,Organizacional,Innovación en las políticas de gestión para el proceso de talento humano NIT  900319156-6,Colombia,2018,UNIVERSIDAD CATOLICA LUIS AMIGO,"LUIS FERNANDO QUINTERO ARANGO, JUAN DIEGO BETANCUR ARIAS, RODRIGO ORLANDO OSORIO MONTOYA, ISABEL CRISTINA PUERTA LOPERA",2
00093,003,Innovaciones generadas en la Gestión Empresarial,Organizacional,Innovación en el Diseño de un software empresarial para el manejo documental de todo el proceso de licitaciones publicas. NIT 900319156-6,Colombia,2018,UNIVERSIDAD CATOLICA LUIS AMIGO,"LUIS FERNANDO QUINTERO ARANGO, JUAN DIEGO BETANCUR ARIAS, ISABEL CRISTINA PUERTA LOPERA, RODRIGO ORLANDO OSORIO MONTOYA",2
00094,003,Innovaciones generadas en la Gestión Empresarial,Organizacional,Innovación e implementación de las políticas de seguridad en el trabajo y salud ocupacional NIT 900319156-6,Colombia,2018,UNIVERSIDAD CATOLICA LUIS AMIGO,"LUIS FERNANDO QUINTERO ARANGO, JUAN DIEGO BETANCUR ARIAS, RODRIGO ORLANDO OSORIO MONTOYA, ISABEL CRISTINA PUERTA LOPERA",2
00095,003,Innovaciones generadas en la Gestión Empresarial,Organizacional,Innovación consistente en la generación de estrategias para el fortalecimiento de la planeación estratégica NIT 900448293-1,Colombia,2018,UNIVERSIDAD CATOLICA LUIS AMIGO,"LUIS FERNANDO QUINTERO ARANGO, JUAN DIEGO BETANCUR ARIAS, RODRIGO ORLANDO OSORIO MONTOYA, ISABEL CRISTINA PUERTA LOPERA",2
00096,003,Innovaciones generadas en la Gestión Empresarial,Organizacional,"Innovación generada en la gestión empresarial consistente en las estrategias para la competencia, satisfacción e inclusión social en la contratación y permanencia organizacional NIT 900448293-1",Colombia,2018,UNIVERSIDAD CATOLICA LUIS AMIGO,"LUIS FERNANDO QUINTERO ARANGO, RODRIGO ORLANDO OSORIO MONTOYA, JUAN DIEGO BETANCUR ARIAS, ISABEL CRISTINA PUERTA LOPERA",2
00097,003,Innovaciones generadas en la Gestión Empresarial,Organizacional,"Innovación generada en la gestión empresarial consistente en el área de gestión de lo humano, a través de la creación de una estrategia organizacional basada en la humanización NIT 900448293-1",Colombia,2018,UNIVERSIDAD CATOLICA LUIS AMIGO,"LUIS FERNANDO QUINTERO ARANGO, JUAN DIEGO BETANCUR ARIAS, RODRIGO ORLANDO OSORIO MONTOYA, ISABEL CRISTINA PUERTA LOPERA",2
00098,003,Innovaciones generadas en la Gestión Empresarial,Organizacional,"Innovación en la Implementación de un software empresarial que permita el manejo riguroso de: lo administrativo, contable, legal, nómina y ventas NIT 900448293-1",Colombia,2018,UNIVERSIDAD CATOLICA LUIS AMIGO,"LUIS FERNANDO QUINTERO ARANGO, JUAN DIEGO BETANCUR ARIAS, RODRIGO ORLANDO OSORIO MONTOYA, ISABEL CRISTINA PUERTA LOPERA",2
00099,003,Innovaciones generadas en la Gestión Empresarial,Organizacional,Diseño de la estructura organizacional y los procesos principales para la empresa CAMPER CROSS REPUESTOS S.A.S,Colombia,2018,UNIVERSIDAD CATOLICA LUIS AMIGO,"JAIME ALBERTO BELTRAN RIOS, JOSE ANTONIO LOPEZ GIRALDO",2
00100,003,Innovaciones generadas en la Gestión Empresarial,Organizacional,Innovación generada en la gestión empresarial consistente en la realización del diseño de un software para la optimización del proceso de producción de informes de avalúos. NIT 811036833-6. Radicado No. 53211,Colombia,2018,UNIVERSIDAD CATOLICA LUIS AMIGO,UBEIMAR AURELIO OSORIO ATEHORTUA,2
00101,003,Innovaciones generadas en la Gestión Empresarial,Organizacional,Innovación generada en la gestión empresarial consistente en la realización del desarrollo de un aplicativo en Visual Basic para Aplicaciones en Microsoft Excel para la optimización del proceso de gestión de información de proyección social y extensión del Programa Administración de Empresas. NIT 89,Colombia,2018,UNIVERSIDAD CATOLICA LUIS AMIGO,"UBEIMAR AURELIO OSORIO ATEHORTUA, SANDRA MILENA MALAVERA PINEDA",2
00102,003,Innovaciones generadas en la Gestión Empresarial,Organizacional,"Aplicativo en Visual Basic para Aplicaciones en Microsoft Excel para la optimización del proceso de gestión de información de proyección social y extensión del Programa Administración de Empresas,",Colombia,2018,UNIVERSIDAD CATOLICA LUIS AMIGO,"SANDRA MILENA MALAVERA PINEDA, UBEIMAR AURELIO OSORIO ATEHORTUA",2
00103,003,Innovaciones generadas en la Gestión Empresarial,Organizacional,"Innovación en la adaptación del sistema contable-financiero de la empresa INVERSIONES MARÍN ROLDAN S.A.S., al protocolo exigido para la aplicación de las Normas Internacionales de Información Financiera (NIIF)",Colombia,2018,"INVERSIONES MARÍN ROLDAN, S.A.S",YAMARU DEL VALLE CHIRINOS ARAQUE,2
00104,003,Innovaciones generadas en la Gestión Empresarial,Organizacional,Programa de detección temprana en conductas psicojurídicas que pudieron desencadenar en violencia letal hacia la mujer (900.897.579-6),Colombia,2018,UNIVERSIDAD CATOLICA LUIS AMIGO,"JORMARIS MARTINEZ GOMEZ, JUAN DIEGO BETANCUR ARIAS, RODRIGO ORLANDO OSORIO MONTOYA",2
00105,003,Innovaciones generadas en la Gestión Empresarial,Organizacional,Programa de capacitación en convivencia de género (900.897.579-6),Colombia,2018,UNIVERSIDAD CATOLICA LUIS AMIGO,"JORMARIS MARTINEZ GOMEZ, JUAN DIEGO BETANCUR ARIAS, RODRIGO ORLANDO OSORIO MONTOYA",2
00106,003,Innovaciones generadas en la Gestión Empresarial,Organizacional,Programa de prevención de la violencia letal en contra de la mujer y sus sanciones legales (900.897.579-6),Colombia,2018,UNIVERSIDAD CATOLICA LUIS AMIGO,"JORMARIS MARTINEZ GOMEZ, JUAN DIEGO BETANCUR ARIAS, RODRIGO ORLANDO OSORIO MONTOYA",2
00107,003,Innovaciones generadas en la Gestión Empresarial,Organizacional,Programa de prevención para la violencia de género (feminicidio) (900.897.579-6),Colombia,2018,UNIVERSIDAD CATOLICA LUIS AMIGO,"JORMARIS MARTINEZ GOMEZ, JUAN DIEGO BETANCUR ARIAS, RODRIGO ORLANDO OSORIO MONTOYA",2
00108,003,Innovaciones generadas en la Gestión Empresarial,Organizacional,Programa de detección de conductas psicosociales del feminicida (900897579-6),Colombia,2018,UNIVERSIDAD CATOLICA LUIS AMIGO,"JORMARIS MARTINEZ GOMEZ, JUAN DIEGO BETANCUR ARIAS, RODRIGO ORLANDO OSORIO MONTOYA",2
00109,003,Innovaciones generadas en la Gestión Empresarial,Organizacional,Programa de conocimiento acerca de las conductas antijurídicas en contra de la mujer (900897579-6),Colombia,2018,UNIVERSIDAD CATOLICA LUIS AMIGO,"JORMARIS MARTINEZ GOMEZ, JUAN DIEGO BETANCUR ARIAS, RODRIGO ORLANDO OSORIO MONTOYA",2
00110,003,Innovaciones generadas en la Gestión Empresarial,Organizacional,Creación del sistema de gestión de seguridad y salud en el trabajo para la empresa COMERCIALIZADORA DE SOLUCIONES INFORMÁTICAS CSI S.A.S,Colombia,2018,UNIVERSIDAD CATOLICA LUIS AMIGO,"JAIME ALBERTO BELTRAN RIOS, JOSE ANTONIO LOPEZ GIRALDO",2
00111,003,Innovaciones generadas en la Gestión Empresarial,Organizacional,Modelo de gestión del conocimiento para la Universidad Católica Luis Amigó,Colombia,2018,UNIVERSIDAD CATOLICA LUIS AMIGO,"JAIME ALBERTO BELTRAN RIOS, JOSE ANTONIO LOPEZ GIRALDO",2
00112,003,Innovaciones generadas en la Gestión Empresarial,Organizacional,Diseño de la estructura del área de compras y sus respectivos procesos para la empresa Inversiones Duque Aristizabal,Colombia,2018,UNIVERSIDAD CATOLICA LUIS AMIGO,"JAIME ALBERTO BELTRAN RIOS, JOSE ANTONIO LOPEZ GIRALDO",2
00113,003,Innovaciones generadas en la Gestión Empresarial,Organizacional,Innovación generada en la gestión empresarial consistente en la construcción de la estructura organizacional.,Colombia,2018,UNIVERSIDAD CATOLICA LUIS AMIGO,JAMES ALBERTO MARULANDA PATINO,2
00114,003,Innovaciones generadas en la Gestión Empresarial,Organizacional,Innovación generada en la gestión empresarial consistente en la construcción del proceso de selección y sus formatos de aplicación,Colombia,2018,UNIVERSIDAD CATOLICA LUIS AMIGO,JAMES ALBERTO MARULANDA PATINO,2
00115,003,Innovaciones generadas en la Gestión Empresarial,Organizacional,Innovación generada en la gestión empresarial consistente en la construcción de los perfiles de cargos.,Colombia,2018,UNIVERSIDAD CATOLICA LUIS AMIGO,JAMES ALBERTO MARULANDA PATINO,2
00116,003,Innovaciones generadas en la Gestión Empresarial,Organizacional,Certificado construcción del proceso de selección - Inversiones JAIBU,Colombia,2018,UNIVERSIDAD CATOLICA LUIS AMIGO,JAMES ALBERTO MARULANDA PATINO,2
00117,003,Innovaciones generadas en la Gestión Empresarial,Empresarial,Programa de formación y capacitación para la prevención de la conducta suicida en Rionegro,Colombia,2018,UNIVERSIDAD CATOLICA LUIS AMIGO,"DIEGO LEON CARVAJAL SERNA, ELIZA KRATC GIL, SANDRA ISABEL MEJIA ZAPATA, JHOEEN SNEYDER ROJAS DIAZ, DAVID IGNACIO MOLINA VELASQUEZ, ANA LUCIA CEBALLOS DUQUE, OMAR AUGUSTO AMADOR SANCHEZ, MARIA VICTORIA RESTREPO TOBON, ANGEL AUGUSTO VIZCAYA CASTILLO, MARCOS FIDEL VEGA SENA, JOHN JAIRO GARCIA PENA, GLORIA CECILIA CARDONA RIOS",2
00118,003,Innovaciones generadas en la Gestión Empresarial,Empresarial,"Programa de Formación y Capacitación para la Prevención del Comportamiento Suicida ,Municipio de la Unión",Colombia,2018,UNIVERSIDAD CATOLICA LUIS AMIGO,"DIEGO LEON CARVAJAL SERNA, ELIZA KRATC GIL, SANDRA ISABEL MEJIA ZAPATA, JHOEEN SNEYDER ROJAS DIAZ, DAVID IGNACIO MOLINA VELASQUEZ, ANA LUCIA CEBALLOS DUQUE, OMAR AUGUSTO AMADOR SANCHEZ, MARIA VICTORIA RESTREPO TOBON, ANGEL AUGUSTO VIZCAYA CASTILLO, MARCOS FIDEL VEGA SENA, JOHN JAIRO GARCIA PENA, GLORIA CECILIA CARDONA RIOS",2
00119,003,Innovaciones generadas en la Gestión Empresarial,Organizacional,Innovación generada en la gestión empresarial consistente en la realización del rediseño al procedimiento de la entrevista de retiro. NIT 900141480-1. Radicado No. 53211,Colombia,2018,UNIVERSIDAD CATOLICA LUIS AMIGO,UBEIMAR AURELIO OSORIO ATEHORTUA,2
00120,003,Innovaciones generadas en la Gestión Empresarial,Organizacional,Innovación generada en la gestión empresarial consistente en la realización del Diseño Organizacional para la empresa PARATODO YA. S.A.S. NIT 900-964-418-6. Radicado No. 53211,Colombia,2018,PARATODO YA S.A.S.,UBEIMAR AURELIO OSORIO ATEHORTUA,2
00121,003,Innovaciones generadas en la Gestión Empresarial,Organizacional,Realización diagnóstico orgnizacional - inversiones JAIBU,Colombia,2018,UNIVERSIDAD CATOLICA LUIS AMIGO,JAMES ALBERTO MARULANDA PATINO,2
00122,003,Innovaciones generadas en la Gestión Empresarial,Organizacional,"Innovación generada en la gestión empresarial consistente en la realización del diseño del modelo de gestión por procesos en el Inder, Guarne. NIT 811007013-1. Radicado No. 53211",Colombia,2018,"INSTITUTO PARA EL DESARROLLO Y PRÁCTICA DEL DEPORTE, LA RECREACIÓN Y EL APR",UBEIMAR AURELIO OSORIO ATEHORTUA,2
00123,003,Innovaciones generadas en la Gestión Empresarial,Organizacional,"Innovación en la Adaptación al sistema contable y financiero de la empresa Oscar Goez Construcciones S.A.S, al protocolo exigido para la aplicación de las Normas Internacionales de Información Financiera (NIIF)",Colombia,2018,"OSCAR GOEZ CONSTRUCCIONES, S.A.S",YAMARU DEL VALLE CHIRINOS ARAQUE,2
00124,003,Innovaciones generadas en la Gestión Empresarial,Empresarial,Programa de formación y capacitación para la prevención del comportamiento suicida Andes,Colombia,2018,UNIVERSIDAD CATOLICA LUIS AMIGO,"DIEGO LEON CARVAJAL SERNA, ELIZA KRATC GIL, SANDRA ISABEL MEJIA ZAPATA, JHOEEN SNEYDER ROJAS DIAZ, DAVID IGNACIO MOLINA VELASQUEZ, ANA LUCIA CEBALLOS DUQUE, OMAR AUGUSTO AMADOR SANCHEZ, MARIA VICTORIA RESTREPO TOBON, ANGEL AUGUSTO VIZCAYA CASTILLO, MARCOS FIDEL VEGA SENA, JOHN JAIRO GARCIA PENA, GLORIA CECILIA CARDONA RIOS",2
00125,003,Innovaciones generadas en la Gestión Empresarial,Organizacional,Creación del modelo de formación para el fortalecimiento de la cultura de servicio al cliente en la empresa Tax Coopebombas,Colombia,2017,UNIVERSIDAD CATOLICA LUIS AMIGO,"JAIME ALBERTO BELTRAN RIOS, JOSE ANTONIO LOPEZ GIRALDO",2
00126,003,Innovaciones generadas en la Gestión Empresarial,Organizacional,Plan de mercadeo de la empresa Inversiones JABA LTDA,Colombia,2017,UNIVERSIDAD CATOLICA LUIS AMIGO,"JAIME ALBERTO BELTRAN RIOS, JOSE ANTONIO LOPEZ GIRALDO",2
00127,003,Innovaciones generadas en la Gestión Empresarial,Organizacional,"Innovación en el diseño, creación e implementación de la planeación estratégica de MANUFACTURAS PULI. NIT  71634426-3",Colombia,2017,UNIVERSIDAD CATOLICA LUIS AMIGO,"LUIS FERNANDO QUINTERO ARANGO, JAMES ALBERTO MARULANDA PATINO",2
00128,003,Innovaciones generadas en la Gestión Empresarial,Organizacional,Innovación generado en el diagnóstico sobre el clima organizacional en la empresa Industria calidad y moda. NIT 900918498-1,Colombia,2017,UNIVERSIDAD CATOLICA LUIS AMIGO,"JAMES ALBERTO MARULANDA PATINO, LUIS FERNANDO QUINTERO ARANGO",2
00129,003,Innovaciones generadas en la Gestión Empresarial,Organizacional,Diseño y actualización de la planeación estratégica de la empresa Manufactura PULI,Colombia,2017,UNIVERSIDAD CATOLICA LUIS AMIGO,"JAMES ALBERTO MARULANDA PATINO, LUIS FERNANDO QUINTERO ARANGO",2
00130,003,Innovaciones generadas en la Gestión Empresarial,Organizacional,Plan de mejoramiento de procesos servicio al usuario y entrega de resultados para la empresa CediMed S.A.S,Colombia,2017,UNIVERSIDAD CATOLICA LUIS AMIGO,"JAIME ALBERTO BELTRAN RIOS, JOSE ANTONIO LOPEZ GIRALDO",2
00131,003,Innovaciones generadas en la Gestión Empresarial,Organizacional,Estruración y desarrollo de la planeación estratégica,Colombia,2017,Fundacion Universitaria Seminario Biblico De Colombia,MONICA ELIANA ARISTIZABAL VELASQUEZ,2
00132,003,Innovaciones generadas en la Gestión Empresarial,Organizacional,Generación y aplicación del modelo de autoevaluación y calidad de la institución en referencia durante el año 2017.,Colombia,2017,Fundacion Universitaria Seminario Biblico De Colombia,MONICA ELIANA ARISTIZABAL VELASQUEZ,2
00133,004,Innovaciones generadas en la Gestión Empresarial,Organizacional,"la intervención en la modernización, generación de estrategias comerciales y estructura empresarial de la tienda de Toño",Colombia,2024,UNIVERSIDAD CATOLICA LUIS AMIGO,"ELIAS ALEXANDER VALLEJO MONTOYA, HERNANDO EMILIO ZABALA SALAZAR",2
00134,004,Innovaciones generadas en la Gestión Empresarial,Empresarial,"Análisis, elaboración e implementación del plan de mercadeo social para el Fondo de Empelados de la empresa INTERASEO COLOMBIA",Colombia,2023,UNIVERSIDAD CATOLICA LUIS AMIGO,"HERNANDO EMILIO ZABALA SALAZAR, ELIAS ALEXANDER VALLEJO MONTOYA",2
00135,004,Innovaciones generadas en la Gestión Empresarial,Organizacional,"La innovación en los procesos administrativos y gerenciales para la toma de decisiones en COFTAH C.A y el fortalecimiento del sistema de control interno de la empresa,",Venezuela,2020,"COFTAH, C.A.",YAMARU DEL VALLE CHIRINOS ARAQUE,2
00136,004,Innovaciones generadas en la Gestión Empresarial,Empresarial,"Desarrollo de un aplicativo a través de macros Excel, el cual le permite a los programas académicos de pregrado y posgrados de la Universidad Católica Luis Amigó, hacer seguimiento de sus graduados",Colombia,2019,UNIVERSIDAD CATOLICA LUIS AMIGO,"LAURA ELENA ZAPATA JIMENEZ, VICTORIA BLAQUISED RIVERA, OSCAR MAURICIO OLARTE MEJIA",2
00137,005,Innovaciones generadas en la Gestión Empresarial,Organizacional,La implementación de nuevas metodologias para el trabajo con la comunidad; acatando los principios de las soluciones basadas en la naturaleza,Colombia,2024,UNIVERSIDAD CATOLICA LUIS AMIGO,"KATY LUZ MILLAN OTERO, JUAN DIEGO BETANCUR ARIAS",2
00138,005,Innovaciones generadas en la Gestión Empresarial,Organizacional,sistema de metodos participativos para promover la salud y el bienestar inclusivo,Colombia,2024,UNIVERSIDAD CATOLICA LUIS AMIGO,"KATY LUZ MILLAN OTERO, JUAN DIEGO BETANCUR ARIAS",2
00139,005,Innovaciones generadas en la Gestión Empresarial,Organizacional,"Programa de acompañamiento en prevención, atención y seguimiento al comportamiento suicida",Colombia,2023,UNIVERSIDAD CATOLICA LUIS AMIGO,"OMAR AUGUSTO AMADOR SANCHEZ, MARIA VICTORIA RESTREPO TOBON, DAVID IGNACIO MOLINA VELASQUEZ, MARCOS FIDEL VEGA SENA, ELIZA KRATC GIL, SANDRA ISABEL MEJIA ZAPATA, DIEGO LEON CARVAJAL SERNA, GLORIA CECILIA CARDONA RIOS, ANGEL AUGUSTO VIZCAYA CASTILLO, JOHN JAIRO GARCIA PENA",2
00140,005,Innovaciones generadas en la Gestión Empresarial,Empresarial,Piezas comunicaciones prevención del suicidio,Colombia,2023,UNIVERSIDAD CATOLICA LUIS AMIGO,"OMAR AUGUSTO AMADOR SANCHEZ, MARIA VICTORIA RESTREPO TOBON, DAVID IGNACIO MOLINA VELASQUEZ, MARCOS FIDEL VEGA SENA, ELIZA KRATC GIL, SANDRA ISABEL MEJIA ZAPATA, DIEGO LEON CARVAJAL SERNA, GLORIA CECILIA CARDONA RIOS, ANGEL AUGUSTO VIZCAYA CASTILLO, JOHN JAIRO GARCIA PENA",2
00141,005,Innovaciones generadas en la Gestión Empresarial,Organizacional,Desarrollar grupos de apoyo para la atención primaria en salud de personas con intentos de suicidio,Colombia,2023,UNIVERSIDAD CATOLICA LUIS AMIGO,"OMAR AUGUSTO AMADOR SANCHEZ, MARIA VICTORIA RESTREPO TOBON, DAVID IGNACIO MOLINA VELASQUEZ, MARCOS FIDEL VEGA SENA, ELIZA KRATC GIL, SANDRA ISABEL MEJIA ZAPATA, DIEGO LEON CARVAJAL SERNA, GLORIA CECILIA CARDONA RIOS, ANGEL AUGUSTO VIZCAYA CASTILLO, JOHN JAIRO GARCIA PENA",2
00142,005,Innovaciones generadas en la Gestión Empresarial,Empresarial,Al día con tu salud mental Campañas de Comunicación para la prevención del Suicidio,Colombia,2023,UNIVERSIDAD CATOLICA LUIS AMIGO,"OMAR AUGUSTO AMADOR SANCHEZ, MARIA VICTORIA RESTREPO TOBON, DAVID IGNACIO MOLINA VELASQUEZ, MARCOS FIDEL VEGA SENA, ELIZA KRATC GIL, SANDRA ISABEL MEJIA ZAPATA, DIEGO LEON CARVAJAL SERNA, GLORIA CECILIA CARDONA RIOS, ANGEL AUGUSTO VIZCAYA CASTILLO, JOHN JAIRO GARCIA PENA",2
00143,005,Innovaciones generadas en la Gestión Empresarial,Organizacional,Acompañamiento en la construcción de Ruta integral de atención en salud mental local,Colombia,2023,UNIVERSIDAD CATOLICA LUIS AMIGO,"OMAR AUGUSTO AMADOR SANCHEZ, MARIA VICTORIA RESTREPO TOBON, DAVID IGNACIO MOLINA VELASQUEZ, MARCOS FIDEL VEGA SENA, ELIZA KRATC GIL, SANDRA ISABEL MEJIA ZAPATA, DIEGO LEON CARVAJAL SERNA, GLORIA CECILIA CARDONA RIOS, ANGEL AUGUSTO VIZCAYA CASTILLO, JOHN JAIRO GARCIA PENA",2
00144,005,Innovaciones generadas en la Gestión Empresarial,Organizacional,Protocolo de entrevista para el intento de suicidio del municipio de Santa Rosa de Osos - PISSRO,Colombia,2023,UNIVERSIDAD CATOLICA LUIS AMIGO,"OMAR AUGUSTO AMADOR SANCHEZ, MARIA VICTORIA RESTREPO TOBON, DAVID IGNACIO MOLINA VELASQUEZ, MARCOS FIDEL VEGA SENA, ELIZA KRATC GIL, SANDRA ISABEL MEJIA ZAPATA, DIEGO LEON CARVAJAL SERNA, GLORIA CECILIA CARDONA RIOS, ANGEL AUGUSTO VIZCAYA CASTILLO",2
00145,005,Innovaciones generadas en la Gestión Empresarial,Empresarial,Programa de innovación Red de Salud Mental para el cuidado de la vida. Fase III,Colombia,2023,UNIVERSIDAD CATOLICA LUIS AMIGO,"OMAR AUGUSTO AMADOR SANCHEZ, MARIA VICTORIA RESTREPO TOBON, DAVID IGNACIO MOLINA VELASQUEZ, MARCOS FIDEL VEGA SENA, ELIZA KRATC GIL, SANDRA ISABEL MEJIA ZAPATA, DIEGO LEON CARVAJAL SERNA, GLORIA CECILIA CARDONA RIOS, ANGEL AUGUSTO VIZCAYA CASTILLO, JOHN JAIRO GARCIA PENA",2
00146,005,Innovaciones generadas en la Gestión Empresarial,Organizacional,"Programa de entrenamiento de la cognición social, la memoria de trabajo y el rendimiento académico para jóvenes infractores de la ley con trastorno antisocial de la personalidad (TAP)",Colombia,2020,VERA ABOGADOS ASOCIADOS S.A.,"CATALINA QUINTERO LOPEZ, VICTOR DANIEL GIL VERA",2
00147,005,Innovaciones generadas en la Gestión Empresarial,Organizacional,Programa de formación y capacitación para la prevención del comportamiento suicida,Colombia,2020,UNIVERSIDAD CATOLICA LUIS AMIGO,"OMAR AUGUSTO AMADOR SANCHEZ, MARIA VICTORIA RESTREPO TOBON, DAVID IGNACIO MOLINA VELASQUEZ, MARCOS FIDEL VEGA SENA, ELIZA KRATC GIL, SANDRA ISABEL MEJIA ZAPATA, JHOEEN SNEYDER ROJAS DIAZ, DIEGO LEON CARVAJAL SERNA, GLORIA CECILIA CARDONA RIOS, ANGEL AUGUSTO VIZCAYA CASTILLO, JOHN JAIRO GARCIA PENA",2
00148,005,Innovaciones generadas en la Gestión Empresarial,Organizacional,Creación de una Política en Salario Emocional,Colombia,2019,UNIVERSIDAD CATOLICA LUIS AMIGO,"JUAN DIEGO BETANCUR ARIAS, LUIS FERNANDO QUINTERO ARANGO",2
00149,005,Innovaciones generadas en la Gestión Empresarial,Organizacional,Programa de tamizaje de niveles de violencia sexual para mujeres jóvenes y adultas,Colombia,2019,UNIVERSIDAD CATOLICA LUIS AMIGO,"JUAN DIEGO BETANCUR ARIAS, JORMARIS MARTINEZ GOMEZ",2
00150,005,Innovaciones generadas en la Gestión Empresarial,Organizacional,"Programa de seguimiento, monitoreo y control a los casos críticos de violencia de género CORPURED",Colombia,2019,UNIVERSIDAD CATOLICA LUIS AMIGO,"JUAN DIEGO BETANCUR ARIAS, JORMARIS MARTINEZ GOMEZ",2
00151,005,Innovaciones generadas en la Gestión Empresarial,Organizacional,Sistema experto para la detección de la violencia machista - sexual en mujeres CORPURED,Colombia,2019,UNIVERSIDAD CATOLICA LUIS AMIGO,"JUAN DIEGO BETANCUR ARIAS, JORMARIS MARTINEZ GOMEZ",2
00152,005,Innovaciones generadas en la Gestión Empresarial,Organizacional,Programa de permanencia laboral y bienestar en el trabajo,Colombia,2019,UNIVERSIDAD CATOLICA LUIS AMIGO,"JUAN DIEGO BETANCUR ARIAS, LUIS FERNANDO QUINTERO ARANGO",2
00153,005,Innovaciones generadas en la Gestión Empresarial,Organizacional,Generación de contenidos Virtuales en el ámbito empresarial,Colombia,2019,UNIVERSIDAD CATOLICA LUIS AMIGO,"JUAN DIEGO BETANCUR ARIAS, LUIS FERNANDO QUINTERO ARANGO",2
00154,005,Innovaciones generadas en la Gestión Empresarial,Organizacional,Planeación Estratégica para el direccionamiento y el desarrollo de la empresa Bendirespuestos,Colombia,2019,UNIVERSIDAD CATOLICA LUIS AMIGO,"JUAN DIEGO BETANCUR ARIAS, LUIS FERNANDO QUINTERO ARANGO",2
00155,005,Innovaciones generadas en la Gestión Empresarial,Organizacional,Sistema experto para la detección de la violencia machista - sexual en mujeres- JAC Pioneros,Colombia,2019,UNIVERSIDAD CATOLICA LUIS AMIGO,"JUAN DIEGO BETANCUR ARIAS, JORMARIS MARTINEZ GOMEZ",2
00156,005,Innovaciones generadas en la Gestión Empresarial,Organizacional,Sistema experto para la detección de la violencia machista - sexual en mujeres ASOCOMUNAL 9,Colombia,2019,UNIVERSIDAD CATOLICA LUIS AMIGO,"JUAN DIEGO BETANCUR ARIAS, JORMARIS MARTINEZ GOMEZ",2
00157,005,Innovaciones generadas en la Gestión Empresarial,Organizacional,Programa de tamizaje de niveles de violencia sexual para mujeres jóvenes y adultas JAC Pioneros de Miraflores,Colombia,2019,UNIVERSIDAD CATOLICA LUIS AMIGO,"JUAN DIEGO BETANCUR ARIAS, JORMARIS MARTINEZ GOMEZ",2
00158,005,Innovaciones generadas en la Gestión Empresarial,Organizacional,Programa de tamizaje de niveles de violencia sexual para mujeres jóvenes y adultas ASOCOMUNAL 9,Colombia,2019,UNIVERSIDAD CATOLICA LUIS AMIGO,"JUAN DIEGO BETANCUR ARIAS, JORMARIS MARTINEZ GOMEZ",2
00159,005,Innovaciones generadas en la Gestión Empresarial,Organizacional,"Programa de seguimiento, monitoreo y control a los casos críticos de violencia de género JAC Pioneros de Miraflores",Colombia,2019,UNIVERSIDAD CATOLICA LUIS AMIGO,"JUAN DIEGO BETANCUR ARIAS, JORMARIS MARTINEZ GOMEZ",2
00160,005,Innovaciones generadas en la Gestión Empresarial,Organizacional,"Programa de seguimiento, monitoreo y control a los casos críticos de violencia de género ASOCOMUNAL 9",Colombia,2019,UNIVERSIDAD CATOLICA LUIS AMIGO,"JUAN DIEGO BETANCUR ARIAS, JORMARIS MARTINEZ GOMEZ",2
00161,005,Innovaciones generadas en la Gestión Empresarial,Organizacional,"Diseño, Construcción y validación de un instrumento para medir engagement organzacional en la empresa CONFE S.A",Colombia,2019,UNIVERSIDAD DE SAN BUENAVENTURA - SEDE MEDELLÍN,"CLAUDIA MARCELA ARANA MEDINA, JUAN DIEGO BETANCUR ARIAS, LUCILA CARDENAS NINO",2
00162,005,Innovaciones generadas en la Gestión Empresarial,Organizacional,Validación de instrumento de medición del employee engagement en la empresa Inversiones PEKIN,Colombia,2019,UNIVERSIDAD DE SAN BUENAVENTURA - SEDE MEDELLÍN,"CLAUDIA MARCELA ARANA MEDINA, JUAN DIEGO BETANCUR ARIAS, LUCILA CARDENAS NINO",2
00163,005,Innovaciones generadas en la Gestión Empresarial,Organizacional,Programa de formación y capacitación para la prevención del comportamiento suicida-Fase 2 en municipio de Rionegro,Colombia,2019,UNIVERSIDAD CATOLICA LUIS AMIGO,"OMAR AUGUSTO AMADOR SANCHEZ, MARCOS FIDEL VEGA SENA, ELIZA KRATC GIL, SANDRA ISABEL MEJIA ZAPATA, JHOEEN SNEYDER ROJAS DIAZ, DIEGO LEON CARVAJAL SERNA, ANA LUCIA CEBALLOS DUQUE, GLORIA CECILIA CARDONA RIOS, ANGEL AUGUSTO VIZCAYA CASTILLO, JOHN JAIRO GARCIA PENA, MARIA VICTORIA RESTREPO TOBON, DAVID IGNACIO MOLINA VELASQUEZ",2
00164,005,Innovaciones generadas en la Gestión Empresarial,Organizacional,Formación y desarrollo en Employee engagement con empleados pertenecientes a la empresa INVERSIONES MAX FASHION SAS.,Colombia,2019,UNIVERSIDAD DE SAN BUENAVENTURA - SEDE MEDELLÍN,"CLAUDIA MARCELA ARANA MEDINA, JUAN DIEGO BETANCUR ARIAS, LUCILA CARDENAS NINO",2
00165,005,Innovaciones generadas en la Gestión Empresarial,Organizacional,Estándarización y Validación de Intrumento para evaluar Employee Engagement en Hospital San Vicente Antioquia,Colombia,2019,UNIVERSIDAD CATOLICA LUIS AMIGO,"CLAUDIA MARCELA ARANA MEDINA, LUCILA CARDENAS NINO, JUAN DIEGO BETANCUR ARIAS",2
00166,005,Innovaciones generadas en la Gestión Empresarial,Organizacional,Programa de prevención para la violencia de género (feminicidio),Colombia,2019,UNIVERSIDAD CATOLICA LUIS AMIGO,"JUAN DIEGO BETANCUR ARIAS, JORMARIS MARTINEZ GOMEZ",2
00167,005,Innovaciones generadas en la Gestión Empresarial,Organizacional,Diseño de un software empresarial para el manejo documental de todo el proceso de licitaciones publicas. NIT 900319156-6,Colombia,2018,UNIVERSIDAD CATOLICA LUIS AMIGO,"JUAN DIEGO BETANCUR ARIAS, LUIS FERNANDO QUINTERO ARANGO, ISABEL C PUERTA",2
00168,005,Innovaciones generadas en la Gestión Empresarial,Organizacional,Programa de detección de conductas psicosociales del feminicida (900897579-6),Colombia,2018,UNIVERSIDAD CATOLICA LUIS AMIGO,"JUAN DIEGO BETANCUR ARIAS, RODRIGO ORLANDO OSORIO MONTOYA, JORMARIS MARTINEZ GOMEZ",2
00169,005,Innovaciones generadas en la Gestión Empresarial,Organizacional,Programa de conocimiento acerca de las conductas antijurídicas en contra de la mujer (900897579-6),Colombia,2018,UNIVERSIDAD CATOLICA LUIS AMIGO,"JUAN DIEGO BETANCUR ARIAS, RODRIGO ORLANDO OSORIO MONTOYA, JORMARIS MARTINEZ GOMEZ",2
00170,005,Innovaciones generadas en la Gestión Empresarial,Organizacional,Programa de prevención de la violencia letal en contra de la mujer y sus sanciones legales (900.897.579-6),Colombia,2018,UNIVERSIDAD CATOLICA LUIS AMIGO,"JUAN DIEGO BETANCUR ARIAS, RODRIGO ORLANDO OSORIO MONTOYA, JORMARIS MARTINEZ GOMEZ",2
00171,005,Innovaciones generadas en la Gestión Empresarial,Organizacional,Innovación e implementación de las políticas de seguridad en el trabajo y salud ocupacional NIT 900319156-6,Colombia,2018,UNIVERSIDAD CATOLICA LUIS AMIGO,"JUAN DIEGO BETANCUR ARIAS, LUIS FERNANDO QUINTERO ARANGO, ISABEL CRISTINA PUERTA LOPERA",2
00172,005,Innovaciones generadas en la Gestión Empresarial,Organizacional,Programa de detección temprana en conductas psicojurídicas que pudieron desencadenar en violencia letal hacia la mujer  (900.897.579-6),Colombia,2018,UNIVERSIDAD CATOLICA LUIS AMIGO,"JUAN DIEGO BETANCUR ARIAS, RODRIGO ORLANDO OSORIO MONTOYA, JORMARIS MARTINEZ GOMEZ",2
00173,005,Innovaciones generadas en la Gestión Empresarial,Organizacional,Programa de prevención para la violencia de género (feminicidio) (900.897.579-6),Colombia,2018,UNIVERSIDAD CATOLICA LUIS AMIGO,"JUAN DIEGO BETANCUR ARIAS, RODRIGO ORLANDO OSORIO MONTOYA, JORMARIS MARTINEZ GOMEZ",2
00174,005,Innovaciones generadas en la Gestión Empresarial,Organizacional,Innovación generada para la creación de estrategias que permitan la permanencia y retención de los colaboradores - NIT 900319156-6,Colombia,2018,UNIVERSIDAD CATOLICA LUIS AMIGO,"JUAN DIEGO BETANCUR ARIAS, LUIS FERNANDO QUINTERO ARANGO, ISABEL CRISTINA PUERTA LOPERA",2
00175,005,Innovaciones generadas en la Gestión Empresarial,Organizacional,Innovación consistente en la generación de estrategias para el fortalecimiento de la planeación estratégica NIT 900448293-1,Colombia,2018,UNIVERSIDAD CATOLICA LUIS AMIGO,"JUAN DIEGO BETANCUR ARIAS, LUIS FERNANDO QUINTERO ARANGO, ISABEL CRISTINA PUERTA LOPERA",2
00176,005,Innovaciones generadas en la Gestión Empresarial,Organizacional,"Innovación generada en la gestión empresarial consistente en el área de gestión de lo humano, a través de la creación de una estrategia organizacional basada en la humanización NIT 900448293-1",Colombia,2018,UNIVERSIDAD CATOLICA LUIS AMIGO,"JUAN DIEGO BETANCUR ARIAS, LUIS FERNANDO QUINTERO ARANGO, ISABEL C PUERTA",2
00177,005,Innovaciones generadas en la Gestión Empresarial,Organizacional,"Innovación generada en la gestión empresarial consistente en las estrategias para la competencia, satisfacción e inclusión social en la contratación y permanencia organizacional NIT 900448293-1",Colombia,2018,UNIVERSIDAD CATOLICA LUIS AMIGO,"JUAN DIEGO BETANCUR ARIAS, LUIS FERNANDO QUINTERO ARANGO",2
00178,005,Innovaciones generadas en la Gestión Empresarial,Organizacional,Innovación generada en la gestión organizacional consistente con una política de salario emocional NIT 900448293-1,Colombia,2018,UNIVERSIDAD CATOLICA LUIS AMIGO,"JUAN DIEGO BETANCUR ARIAS, LUIS FERNANDO QUINTERO ARANGO",2
00179,005,Innovaciones generadas en la Gestión Empresarial,Organizacional,Programa de capacitación en convivencia de género  (900.897.579-6),Colombia,2018,UNIVERSIDAD CATOLICA LUIS AMIGO,"JUAN DIEGO BETANCUR ARIAS, RODRIGO ORLANDO OSORIO MONTOYA, JORMARIS MARTINEZ GOMEZ",2
00180,005,Innovaciones generadas en la Gestión Empresarial,Organizacional,Innovación en las políticas de gestión para el proceso de talento humano NIT 900319156-6,Colombia,2018,UNIVERSIDAD CATOLICA LUIS AMIGO,"JUAN DIEGO BETANCUR ARIAS, LUIS FERNANDO QUINTERO ARANGO, ISABEL CRISTINA PUERTA LOPERA",2
00181,005,Innovaciones generadas en la Gestión Empresarial,Organizacional,DISEÑO DE UN PROTOCOLO DE PLANEACIÓN ESTRATÉGICA PARA FOMENTAR LA GESTIÓN ADMINISTRATIVA QUE IMPULSE EL CAMBIO DEL MODELO DE NEGOCIO DE LA EMPRESA POLIOLEFINAS INDUSTRIALES S.C.I LTDA (NIT 805.001.199-1),Colombia,2017,UNIVERSIDAD CATOLICA LUIS AMIGO,"JUAN DIEGO BETANCUR ARIAS, JOHN ARBELAEZ OCHOA, HUMBERTO SERNA GOMEZ",2
00182,005,Innovaciones generadas en la Gestión Empresarial,Organizacional,"Protocolo para impulsar la gestión administrativa que reactive la fábrica de extrusión de la empresa POLIOLEFINAS INDUSTRIALES S C I LTDA., con sede en la ciudad de Candelaria - Valle(NIT 805001199-1)",Colombia,2016,UNIVERSIDAD CATOLICA LUIS AMIGO,"JUAN DIEGO BETANCUR ARIAS, JOHN ARBELAEZ OCHOA, HUMBERTO SERNA GOMEZ",2
00183,005,Innovaciones generadas en la Gestión Empresarial,Organizacional,"DISEÑO DE UN PROTOCOLO DE PLANEACIÓN ESTRATÉGICA PARA IMPULSAR LA GESTIÓN ADMINISTRATIVA QUE PERMITA LA INTERNACIONALIZACIÓN DE LA EMPRESA POLIOLEFINAS INDUSTRIALES S C I LTDA., con sede en la ciudad de Candelaria - Valle (NIT 805001199-1)",Colombia,2016,UNIVERSIDAD CATOLICA LUIS AMIGO,"JUAN DIEGO BETANCUR ARIAS, JOHN ARBELAEZ OCHOA, HUMBERTO SERNA GOMEZ",2
00184,005,Innovaciones generadas en la Gestión Empresarial,Organizacional,Implementación de un Protocolo para impulsar la gestión administrativa que consolide el trabajo en equipo en la empresa POLÍMEROS COLOMBIANOS S.A.S. con sede en la ciudad de Cali - Colombia (NIT 900911796-8).,Colombia,2016,UNIVERSIDAD CATOLICA LUIS AMIGO,"JUAN DIEGO BETANCUR ARIAS, JOHN ARBELAEZ OCHOA, HUMBERTO SERNA GOMEZ",2
00185,005,Innovaciones generadas en la Gestión Empresarial,Organizacional,"Implementación de un Protocolo para impulsar la gestión administrativa basada en competencias organizacionales para la Empresa Polímeros Colombianos S.A.S con sede en la ciudad de Cali, Colombia  (NIT 900911796-8).",Colombia,2016,UNIVERSIDAD CATOLICA LUIS AMIGO,"JUAN DIEGO BETANCUR ARIAS, JOHN ARBELAEZ OCHOA, HUMBERTO SERNA GOMEZ",2
00186,005,Innovaciones generadas en la Gestión Empresarial,Organizacional,"Implementación de un Protocolo para impulsar la gestión administrativa que consolide el servicio al cliente de la empresa POLIOLEFINAS INDUSTRIALES S C I LTDA., con sede en la ciudad de Candelaria - Valle (NIT 805001199-1)",Colombia,2016,UNIVERSIDAD CATOLICA LUIS AMIGO,"JUAN DIEGO BETANCUR ARIAS, JOHN ARBELAEZ OCHOA, HUMBERTO SERNA GOMEZ",2
00187,005,Innovaciones generadas en la Gestión Empresarial,Organizacional,Implementación de un Protocolo para impulsar la gestión administrativa que consolide el salario emocional de la empresa POLÍMEROS COLOMBIANOS S.A.S. con sede en la ciudad de Cali- Valle (NIT 900911796-8).,Colombia,2016,UNIVERSIDAD CATOLICA LUIS AMIGO,"JUAN DIEGO BETANCUR ARIAS, JOHN ARBELAEZ OCHOA, HUMBERTO SERNA GOMEZ",2
00188,005,Innovaciones generadas en la Gestión Empresarial,Organizacional,Implementación de un Protocolo para impulsar la gestión administrativa que consolide el salario emocional de la empresa COOPERATIVA MULTIACTIVA DE INDUSTRIALES DEL PLÁSTICO LTDA. - PLASTICOOP con sede en la ciudad de Candelaria - Valle(NIT 900.044.241-2),Colombia,2016,UNIVERSIDAD CATOLICA LUIS AMIGO,"JUAN DIEGO BETANCUR ARIAS, JOHN ARBELAEZ OCHOA, HUMBERTO SERNA GOMEZ",2
00189,005,Innovaciones generadas en la Gestión Empresarial,Organizacional,"Implementación de un Protocolo para impulsar la gestión administrativa que consolide el servicio al cliente de la empresa COOPERATIVA MULTIACTIVA DE INDUSTRIALES DEL PLÁSTICO LTDA. - PLASTICOOP con sede en la ciudad de Puerto Tejada, Cauca (NIT 900.044.241-2)",Colombia,2016,UNIVERSIDAD CATOLICA LUIS AMIGO,"JUAN DIEGO BETANCUR ARIAS, JOHN ARBELAEZ OCHOA, HUMBERTO SERNA GOMEZ",2
00190,005,Innovaciones generadas en la Gestión Empresarial,Organizacional,Implementación de un protocolo para el fortalecimiento del trabajo en equipo en la empresa COOPERATIVA MULTIACTIVA DE INDUSTRIALES DEL PLÁSTICO LTDA. - PLASTICOOP con sede en la ciudad de Puerto Tejada - Cauca(NIT 900.044.241-2),Colombia,2016,UNIVERSIDAD CATOLICA LUIS AMIGO,"JUAN DIEGO BETANCUR ARIAS, JOHN ARBELAEZ OCHOA, HUMBERTO SERNA GOMEZ",2
00191,006,Innovaciones generadas en la Gestión Empresarial,Organizacional,Propiedades psicométricas de un instrumento para medir engagement en población trabajadora Colombiana,Colombia,2021,UNIVERSIDAD CATOLICA LUIS AMIGO,CLAUDIA MARCELA ARANA MEDINA,2
00192,006,Innovaciones generadas en la Gestión Empresarial,Organizacional,Estudio exploratorio-confirmatorio de un Instrumento para medir engagement en la empresa Ayelax,Colombia,2019,UNIVERSIDAD DE SAN BUENAVENTURA - SEDE MEDELLÍN,CLAUDIA MARCELA ARANA MEDINA,2
00193,007,Innovaciones generadas en la Gestión Empresarial,,,,,,,2
00194,008,Innovaciones generadas en la Gestión Empresarial,Organizacional,Nuevas metodologías para el trabajo con la comunidad; atacando los principios de las soluciones basadas en la naturaleza,Colombia,2025,UNIVERSIDAD CATOLICA LUIS AMIGO,"JUAN DIEGO BETANCUR ARIAS, KATY LUZ MILLAN OTERO",2
00195,008,Innovaciones generadas en la Gestión Empresarial,Organizacional,La implementación de nuevas metodologías para el trabajo con la comunidad; atacando los principios de las soluciones basadas en la naturaleza,Colombia,2025,UNIVERSIDAD CATOLICA LUIS AMIGO,"JUAN DIEGO BETANCUR ARIAS, KATY LUZ MILLAN OTERO",2
00196,008,Innovaciones generadas en la Gestión Empresarial,Empresarial,AL DIA CON TU SALUD MENTAL(CAMPAÑAS DE COMUNICACION PARA LA PREVENCION DEL SUICIDIO LA UNION EN FASE 6-2023,Colombia,2023,UNIVERSIDAD CATOLICA LUIS AMIGO,"JOHN JAIRO GARCIA PENA, GLORIA CECILIA CARDONA RIOS, ELIZA KRATC GIL, OMAR AUGUSTO AMADOR SANCHEZ, MARCOS FIDEL VEGA SENA, SANDRA ISABEL MEJIA ZAPATA, MARIA VICTORIA RESTREPO TOBON, DAVID IGNACIO MOLINA VELASQUEZ, DIEGO LEON CARVAJAL SERNA, ANGEL AUGUSTO VIZCAYA CASTILLO",2
00197,008,Innovaciones generadas en la Gestión Empresarial,Empresarial,FORTALECIMIENTO MESA DE SALUD MENTAL INTERSECTORIAL MUNICIPIO DE LA UNION FASE 6,Colombia,2023,UNIVERSIDAD CATOLICA LUIS AMIGO,"JOHN JAIRO GARCIA PENA, GLORIA CECILIA CARDONA RIOS, ELIZA KRATC GIL, OMAR AUGUSTO AMADOR SANCHEZ, MARCOS FIDEL VEGA SENA, SANDRA ISABEL MEJIA ZAPATA, MARIA VICTORIA RESTREPO TOBON, DAVID IGNACIO MOLINA VELASQUEZ, DIEGO LEON CARVAJAL SERNA, ANGEL AUGUSTO VIZCAYA CASTILLO",2
00198,008,Innovaciones generadas en la Gestión Empresarial,Empresarial,GRUPOS DE APOYO PARA PERSONAS CON INTENTO DE SUICIDIO LA UNION EN FASE 6-2023,Colombia,2023,UNIVERSIDAD CATOLICA LUIS AMIGO,"JOHN JAIRO GARCIA PENA, GLORIA CECILIA CARDONA RIOS, DAVID IGNACIO MOLINA VELASQUEZ, MARIA VICTORIA RESTREPO TOBON, ELIZA KRATC GIL, DIEGO LEON CARVAJAL SERNA, OMAR AUGUSTO AMADOR SANCHEZ, MARCOS FIDEL VEGA SENA, SANDRA ISABEL MEJIA ZAPATA, ANGEL AUGUSTO VIZCAYA CASTILLO",2
00199,008,Innovaciones generadas en la Gestión Empresarial,Empresarial,"Program de acompañamiento en prevención, atención y seguimiento al comportamiento suicida en Itagüí Fase 6-2023",Colombia,2023,UNIVERSIDAD CATOLICA LUIS AMIGO,"JOHN JAIRO GARCIA PENA, GLORIA CECILIA CARDONA RIOS, DAVID IGNACIO MOLINA VELASQUEZ, MARIA VICTORIA RESTREPO TOBON, ELIZA KRATC GIL, OMAR AUGUSTO AMADOR SANCHEZ, SANDRA ISABEL MEJIA ZAPATA, MARCOS FIDEL VEGA SENA, DIEGO LEON CARVAJAL SERNA, ANGEL AUGUSTO VIZCAYA CASTILLO",2
00200,008,Innovaciones generadas en la Gestión Empresarial,Empresarial,AL DIA CON TU SALUD MENTAL(CAMPAÑAS DE COMUNICACION PARA LA PREVENCION DEL SUICIDIO LA UNIO EN FASE 6-2023,Colombia,2023,UNIVERSIDAD CATOLICA LUIS AMIGO,"SANDRA ISABEL MEJIA ZAPATA, DAVID IGNACIO MOLINA VELASQUEZ, ANGEL AUGUSTO VIZCAYA CASTILLO, JOHN JAIRO GARCIA PENA, GLORIA CECILIA CARDONA RIOS, ELIZA KRATC GIL, MARCOS VEGA SENA, OMAR AUGUSTO AMADOR SANCHEZ, DIEGO LEON CARVAJAL SERNA, MARIA VICTORIA RESTREPO TOBON",2
00201,008,Innovaciones generadas en la Gestión Empresarial,Empresarial,FORTALECIMIENTO MESA DE SALUD MENTAL INTERSECTORIAL MUNICIPIO DE LA UNION FASE 6,Colombia,2023,UNIVERSIDAD CATOLICA LUIS AMIGO,"SANDRA ISABEL MEJIA ZAPATA, DAVID IGNACIO MOLINA VELASQUEZ, ANGEL AUGUSTO VIZCAYA CASTILLO, JOHN JAIRO GARCIA PENA, GLORIA CECILIA CARDONA RIOS, ELIZA KRATC GIL, MARCOS VEGA SENA, OMAR AUGUSTO AMADOR SANCHEZ, DIEGO LEON CARVAJAL SERNA, MARIA VICTORIA RESTREPO TOBON",2
00202,008,Innovaciones generadas en la Gestión Empresarial,Empresarial,GRUPOS DE APOYO PARA PERSONAS CON INTENTO DE SUICIDIO LA UNION EN FASE 6-2023,Colombia,2023,UNIVERSIDAD CATOLICA LUIS AMIGO,"SANDRA ISABEL MEJIA ZAPATA, DAVID IGNACIO MOLINA VELASQUEZ, ANGEL AUGUSTO VIZCAYA CASTILLO, JOHN JAIRO GARCIA PENA, GLORIA CECILIA CARDONA RIOS, ELIZA KRATC GIL, MARCOS VEGA SENA, OMAR AUGUSTO AMADOR SANCHEZ, DIEGO LEON CARVAJAL SERNA, MARIA VICTORIA RESTREPO TOBON",2
00203,008,Innovaciones generadas en la Gestión Empresarial,Empresarial,"Programa de acompañamiento en prevención,atención y seguimiento al comportamiento suicida en Itagüí Fase 6-2023",Colombia,2023,UNIVERSIDAD CATOLICA LUIS AMIGO,"SANDRA ISABEL MEJIA ZAPATA, DAVID IGNACIO MOLINA VELASQUEZ, ANGEL AUGUSTO VIZCAYA CASTILLO, JOHN JAIRO GARCIA PENA, GLORIA CECILIA CARDONA RIOS, ELIZA KRATC GIL, MARCOS VEGA SENA, OMAR AUGUSTO AMADOR SANCHEZ, DIEGO LEON CARVAJAL SERNA, MARIA VICTORIA RESTREPO TOBON",2
00204,008,Innovaciones generadas en la Gestión Empresarial,Empresarial,PROTOCOLO DE ENTREVISTA PARA EL INTENTO DE SUICIDIO DEL MUNICIPIO DE SANTA ROSA DE OSOS EN FASE 6-2023,Colombia,2023,UNIVERSIDAD CATOLICA LUIS AMIGO,"JOHN JAIRO GARCIA PENA, GLORIA CECILIA CARDONA RIOS, DAVID IGNACIO MOLINA VELASQUEZ, MARIA VICTORIA RESTREPO TOBON, SANDRA ISABEL MEJIA ZAPATA, ELIZA KRATC GIL, OMAR AUGUSTO AMADOR SANCHEZ, MARCOS FIDEL VEGA SENA, DIEGO LEON CARVAJAL SERNA, ANGEL AUGUSTO VIZCAYA CASTILLO",2
00205,008,Innovaciones generadas en la Gestión Empresarial,Empresarial,Programa de Innovación Red de salud mental para el cuidado de la vida Fase III Carmen de Viboral en fase 6-2023,Colombia,2023,UNIVERSIDAD CATOLICA LUIS AMIGO,"SANDRA ISABEL MEJIA ZAPATA, DAVID IGNACIO MOLINA VELASQUEZ, ANGEL AUGUSTO VIZCAYA CASTILLO, GLORIA CECILIA CARDONA RIOS, ELIZA KRATC GIL, MARCOS VEGA SENA, OMAR AUGUSTO AMADOR SANCHEZ, DIEGO LEON CARVAJAL SERNA, MARIA VICTORIA RESTREPO TOBON, JOHN JAIRO GARCIA PENA",2
00206,008,Innovaciones generadas en la Gestión Empresarial,Empresarial,Acompañamiento en la construcción de ruta integral de atención en salud mental local en Carmen de Viboral Fase 6-2023,Colombia,2023,UNIVERSIDAD CATOLICA LUIS AMIGO,"SANDRA ISABEL MEJIA ZAPATA, DAVID IGNACIO MOLINA VELASQUEZ, ANGEL AUGUSTO VIZCAYA CASTILLO, JOHN JAIRO GARCIA PENA, GLORIA CECILIA CARDONA RIOS, ELIZA KRATC GIL, MARCOS VEGA SENA, OMAR AUGUSTO AMADOR SANCHEZ, DIEGO LEON CARVAJAL SERNA, MARIA VICTORIA RESTREPO TOBON",2
00207,008,Innovaciones generadas en la Gestión Empresarial,Empresarial,Acompañamiento en la construcción de ruta integral de atención en salud mental local en Carmen de Viboral Fase 6-2023,Colombia,2023,UNIVERSIDAD CATOLICA LUIS AMIGO,"JOHN JAIRO GARCIA PENA, GLORIA CECILIA CARDONA RIOS, DAVID IGNACIO MOLINA VELASQUEZ, MARIA VICTORIA RESTREPO TOBON, SANDRA ISABEL MEJIA ZAPATA, ELIZA KRATC GIL, OMAR AUGUSTO AMADOR SANCHEZ, MARCOS FIDEL VEGA SENA, DIEGO LEON CARVAJAL SERNA, ANGEL AUGUSTO VIZCAYA CASTILLO",2
00208,008,Innovaciones generadas en la Gestión Empresarial,Empresarial,Programa de Innovación Red de salud mental para el cuidado de la vida Fase III Carmen de Viboral en fase 6-2023,Colombia,2023,UNIVERSIDAD CATOLICA LUIS AMIGO,"JOHN JAIRO GARCIA PENA, GLORIA CECILIA CARDONA RIOS, DAVID IGNACIO MOLINA VELASQUEZ, MARIA VICTORIA RESTREPO TOBON, SANDRA ISABEL MEJIA ZAPATA, ELIZA KRATC GIL, OMAR AUGUSTO AMADOR SANCHEZ, MARCOS FIDEL VEGA SENA, DIEGO LEON CARVAJAL SERNA, ANGEL AUGUSTO VIZCAYA CASTILLO",2
00209,008,Innovaciones generadas en la Gestión Empresarial,Empresarial,PROTOCOLO DE AUTOPSIA PSICOLOGICA DEL MUNICIPIO DE SANTA ROSA DE OSOS -PAPSRO EN FASE 6-2023,Colombia,2023,UNIVERSIDAD CATOLICA LUIS AMIGO,"JOHN JAIRO GARCIA PENA, GLORIA CECILIA CARDONA RIOS, DAVID IGNACIO MOLINA VELASQUEZ, MARIA VICTORIA RESTREPO TOBON, SANDRA ISABEL MEJIA ZAPATA, ELIZA KRATC GIL, OMAR AUGUSTO AMADOR SANCHEZ, DIEGO LEON CARVAJAL SERNA, ANGEL AUGUSTO VIZCAYA CASTILLO, MARCOS FIDEL VEGA SENA",2
00210,008,Innovaciones generadas en la Gestión Empresarial,Organizacional,"Grupos de apoyo para el cuidado de la vida y la salud mental, El Carmen de Viboral en Fase 5-2022",Colombia,2022,UNIVERSIDAD CATOLICA LUIS AMIGO,"JOHN JAIRO GARCIA PENA, GLORIA CECILIA CARDONA RIOS, ELIZA KRATC GIL, ANGEL AUGUSTO VIZCAYA CASTILLO, DIEGO LEON CARVAJAL SERNA, OMAR AUGUSTO AMADOR SANCHEZ, MARCOS FIDEL VEGA SENA, SANDRA ISABEL MEJIA ZAPATA, JHOEEN SNEYDER ROJAS DIAZ, MARIA VICTORIA RESTREPO TOBON, DAVID IGNACIO MOLINA VELASQUEZ",2
00211,008,Innovaciones generadas en la Gestión Empresarial,Organizacional,"Programa de formación y capacitación para la prevención del comportamiento suicida Santa Rosa de Osos, faseII, en Fase 5-2022",Colombia,2022,UNIVERSIDAD CATOLICA LUIS AMIGO,"JOHN JAIRO GARCIA PENA, GLORIA CECILIA CARDONA RIOS, ELIZA KRATC GIL, ANGEL AUGUSTO VIZCAYA CASTILLO, DIEGO LEON CARVAJAL SERNA, OMAR AUGUSTO AMADOR SANCHEZ, MARCOS FIDEL VEGA SENA, SANDRA ISABEL MEJIA ZAPATA, JHOEEN SNEYDER ROJAS DIAZ, MARIA VICTORIA RESTREPO TOBON, DAVID IGNACIO MOLINA VELASQUEZ",2
00212,008,Innovaciones generadas en la Gestión Empresarial,Empresarial,"Programa de innovación red de salud mental para el cuidado de la vida.Fase II,El carmen de Viboral en Fase 5 -2022",Colombia,2022,UNIVERSIDAD CATOLICA LUIS AMIGO,SANDRA ISABEL MEJIA ZAPATA,2
00213,008,Innovaciones generadas en la Gestión Empresarial,Organizacional,"Programa de innovación red de salud mental para el cuidado de la vida.Fase II,El carmen de Viboral en Fase 5 -2022",Colombia,2022,UNIVERSIDAD CATOLICA LUIS AMIGO,"JOHN JAIRO GARCIA PENA, GLORIA CECILIA CARDONA RIOS, ELIZA KRATC GIL, ANGEL AUGUSTO VIZCAYA CASTILLO, JORGE HUMBERTO VANEGAS OSORIO, OMAR AUGUSTO AMADOR SANCHEZ, MARCOS FIDEL VEGA SENA, SANDRA ISABEL MEJIA ZAPATA, JHOEEN SNEYDER ROJAS DIAZ, MARIA VICTORIA RESTREPO TOBON, DAVID IGNACIO MOLINA VELASQUEZ",2
00214,008,Innovaciones generadas en la Gestión Empresarial,Organizacional,"RAI PRECOS: Red de Atención Interdisciplinar para la Prevención del Comportamiento Suicida,Temuco,Chile en Fase 5-2022",Chile,2022,UNIVERSIDAD CATOLICA LUIS AMIGO,"JOHN JAIRO GARCIA PENA, GLORIA CECILIA CARDONA RIOS, ELIZA KRATC GIL, ANGEL AUGUSTO VIZCAYA CASTILLO, DIEGO LEON CARVAJAL SERNA, OMAR AUGUSTO AMADOR SANCHEZ, MARCOS FIDEL VEGA SENA, SANDRA ISABEL MEJIA ZAPATA, JHOEEN SNEYDER ROJAS DIAZ, MARIA VICTORIA RESTREPO TOBON, DAVID IGNACIO MOLINA VELASQUEZ",2
00215,008,Innovaciones generadas en la Gestión Empresarial,Empresarial,"Programa de innovación formación a los medios de comunicación: Juntos por el cuidado de la vida para la prevención del suicidio,El Carmen de Viboralfase II en fase 5 -2022",Colombia,2022,UNIVERSIDAD CATOLICA LUIS AMIGO,"SANDRA ISABEL MEJIA ZAPATA, DAVID IGNACIO MOLINA VELASQUEZ, ANGEL AUGUSTO VIZCAYA CASTILLO, JOHN JAIRO GARCIA PENA, GLORIA CECILIA CARDONA RIOS, ELIZA KRATC GIL, MARCOS VEGA SENA, OMAR AUGUSTO AMADOR SANCHEZ, JHOEEN SNEYDER ROJAS DIAZ, DIEGO LEON CARVAJAL SERNA, MARIA VICTORIA RESTREPO TOBON",2
00216,008,Innovaciones generadas en la Gestión Empresarial,Organizacional,"Programa de innovación formación a los medios de comunicación: Juntos por el cuidado de la vida para la prevención del suicidio,El Carmen de Viboralfase II en fase 5 -2022",Colombia,2022,UNIVERSIDAD CATOLICA LUIS AMIGO,"JOHN JAIRO GARCIA PENA, GLORIA CECILIA CARDONA RIOS, ELIZA KRATC GIL, ANGEL AUGUSTO VIZCAYA CASTILLO, DIEGO LEON CARVAJAL SERNA, OMAR AUGUSTO AMADOR SANCHEZ, MARCOS FIDEL VEGA SENA, SANDRA ISABEL MEJIA ZAPATA, JHOEEN SNEYDER ROJAS DIAZ, MARIA VICTORIA RESTREPO TOBON, DAVID IGNACIO MOLINA VELASQUEZ",2
00217,008,Innovaciones generadas en la Gestión Empresarial,Empresarial,"Programa de formación y capacitación para la prevención del comportamiento suicida Santa Rosa de Osos,faseII,en Fase 5-2022",Colombia,2022,UNIVERSIDAD CATOLICA LUIS AMIGO,"SANDRA ISABEL MEJIA ZAPATA, DAVID IGNACIO MOLINA VELASQUEZ, ANGEL AUGUSTO VIZCAYA CASTILLO, JOHN JAIRO GARCIA PENA, GLORIA CECILIA CARDONA RIOS, ELIZA KRATC GIL, MARCOS VEGA SENA, OMAR AUGUSTO AMADOR SANCHEZ, JHOEEN SNEYDER ROJAS DIAZ, DIEGO LEON CARVAJAL SERNA, MARIA VICTORIA RESTREPO TOBON",2
00218,008,Innovaciones generadas en la Gestión Empresarial,Empresarial,"Grupos de apoyo para el cuidado de la vida y la salud mental,El Carmen de Viboral en Fase 5-2022",Colombia,2022,UNIVERSIDAD CATOLICA LUIS AMIGO,"SANDRA ISABEL MEJIA ZAPATA, DAVID IGNACIO MOLINA VELASQUEZ, ANGEL AUGUSTO VIZCAYA CASTILLO, JOHN JAIRO GARCIA PENA, GLORIA CECILIA CARDONA RIOS, ELIZA KRATC GIL, MARCOS VEGA SENA, OMAR AUGUSTO AMADOR SANCHEZ, JHOEEN SNEYDER ROJAS DIAZ, DIEGO LEON CARVAJAL SERNA, MARIA VICTORIA RESTREPO TOBON",2
00219,008,Innovaciones generadas en la Gestión Empresarial,Empresarial,"RAI PRECOS: Red de Atención Interdisciplinar para la Prevención del Comportamiento Suicida en Temuco, Chile Fase 5-2022",Chile,2022,UNIVERSIDAD CATOLICA LUIS AMIGO,"SANDRA ISABEL MEJIA ZAPATA, DAVID IGNACIO MOLINA VELASQUEZ, ANGEL AUGUSTO VIZCAYA CASTILLO, JOHN JAIRO GARCIA PENA, GLORIA CECILIA CARDONA RIOS, ELIZA KRATC GIL, MARCOS VEGA SENA, OMAR AUGUSTO AMADOR SANCHEZ, JHOEEN SNEYDER ROJAS DIAZ, DIEGO LEON CARVAJAL SERNA, MARIA VICTORIA RESTREPO TOBON",2
00220,008,Innovaciones generadas en la Gestión Empresarial,Empresarial,Red de atención para la Atención y Prevención del comportamiento suicida en municipio de Yacuiba ( Bolivia) fase 1 -2021,Colombia,2021,UNIVERSIDAD CATOLICA LUIS AMIGO,"SANDRA ISABEL MEJIA ZAPATA, DAVID IGNACIO MOLINA VELASQUEZ, ANGEL AUGUSTO VIZCAYA CASTILLO, JOHN JAIRO GARCIA PENA, GLORIA CECILIA CARDONA RIOS, ELIZA KRATC GIL, MARCOS VEGA SENA, OMAR AUGUSTO AMADOR SANCHEZ, JHOEEN SNEYDER ROJAS DIAZ, DIEGO LEON CARVAJAL SERNA, MARIA VICTORIA RESTREPO TOBON",2
00221,008,Innovaciones generadas en la Gestión Empresarial,Organizacional,Red de atención para la Atención y Prevención del comportamiento suicida en municipio de Yacuiba ( Bolivia) fase 1 -2021,Bolivia,2021,UNIVERSIDAD CATOLICA LUIS AMIGO,"JOHN JAIRO GARCIA PENA, GLORIA CECILIA CARDONA RIOS, JHOEEN SNEYDER ROJAS DIAZ, OMAR AUGUSTO AMADOR SANCHEZ, MARCOS FIDEL VEGA SENA, SANDRA ISABEL MEJIA ZAPATA, ELIZA KRATC GIL, DIEGO LEON CARVAJAL SERNA, ANGEL AUGUSTO VIZCAYA CASTILLO, MARIA VICTORIA RESTREPO TOBON, DAVID IGNACIO MOLINA VELASQUEZ",2
00222,008,Innovaciones generadas en la Gestión Empresarial,Organizacional,Red de Atención Intracomunitaria para la Prevención del Comportamiento Suicida RAI PRECOS MEDELLIN fase 1 -2021,Colombia,2021,UNIVERSIDAD CATOLICA LUIS AMIGO,"JOHN JAIRO GARCIA PENA, JHOEEN SNEYDER ROJAS DIAZ, SANDRA ISABEL MEJIA ZAPATA, MARCOS FIDEL VEGA SENA, OMAR AUGUSTO AMADOR SANCHEZ, DIEGO LEON CARVAJAL SERNA, ELIZA KRATC GIL, GLORIA CECILIA CARDONA RIOS, ANGEL AUGUSTO VIZCAYA CASTILLO, MARIA VICTORIA RESTREPO TOBON, DAVID IGNACIO MOLINA VELASQUEZ",2
00223,008,Innovaciones generadas en la Gestión Empresarial,Empresarial,Red de Atención Intracomunitaria para la Prevención del Comportamiento Suicida RAI PRECOS- Medellín Fase 1 -2021,Colombia,2021,UNIVERSIDAD CATOLICA LUIS AMIGO,"SANDRA ISABEL MEJIA ZAPATA, DAVID IGNACIO MOLINA VELASQUEZ, ANGEL AUGUSTO VIZCAYA CASTILLO, JOHN JAIRO GARCIA PENA, GLORIA CECILIA CARDONA RIOS, ELIZA KRATC GIL, MARCOS VEGA SENA, OMAR AUGUSTO AMADOR SANCHEZ, JHOEEN SNEYDER ROJAS DIAZ, DIEGO LEON CARVAJAL SERNA, MARIA VICTORIA RESTREPO TOBON",2
00224,008,Innovaciones generadas en la Gestión Empresarial,Organizacional,"Programa de formación y capacitación para la prevención del comportamiento suicida, Santa Rosa de Osos, fase 1 - 2021.",Colombia,2021,Alcaldía Municipal Santa Rosa de Osos,"JOHN JAIRO GARCIA PENA, SANDRA ISABEL MEJIA ZAPATA, JHOEEN SNEYDER ROJAS DIAZ, MARCOS FIDEL VEGA SENA, OMAR AUGUSTO AMADOR SANCHEZ, DIEGO LEON CARVAJAL SERNA, ELIZA KRATC GIL, GLORIA CECILIA CARDONA RIOS, ANGEL AUGUSTO VIZCAYA CASTILLO, MARIA VICTORIA RESTREPO TOBON, DAVID IGNACIO MOLINA VELASQUEZ",2
00225,008,Innovaciones generadas en la Gestión Empresarial,Organizacional,Red de Salud Mental para el cuidado de la vida en el municipio del Carmen de Viboral Fase 1 -2021,Colombia,2021,UNIVERSIDAD CATOLICA LUIS AMIGO,"JOHN JAIRO GARCIA PENA, GLORIA CECILIA CARDONA RIOS, ELIZA KRATC GIL, DIEGO LEON CARVAJAL SERNA, ANGEL AUGUSTO VIZCAYA CASTILLO, OMAR AUGUSTO AMADOR SANCHEZ, MARCOS FIDEL VEGA SENA, SANDRA ISABEL MEJIA ZAPATA, JHOEEN SNEYDER ROJAS DIAZ, MARIA VICTORIA RESTREPO TOBON, DAVID IGNACIO MOLINA VELASQUEZ",2
00226,008,Innovaciones generadas en la Gestión Empresarial,Empresarial,Posvención: Un proceso de mitigación y apropiación social del conocimiento para el municipio Carmen de Viboral fase 1 -2021,Colombia,2021,UNIVERSIDAD CATOLICA LUIS AMIGO,"SANDRA ISABEL MEJIA ZAPATA, DAVID IGNACIO MOLINA VELASQUEZ, ANGEL AUGUSTO VIZCAYA CASTILLO, JOHN JAIRO GARCIA PENA, GLORIA CECILIA CARDONA RIOS, ELIZA KRATC GIL, MARCOS VEGA SENA, OMAR AUGUSTO AMADOR SANCHEZ, JHOEEN SNEYDER ROJAS DIAZ, DIEGO LEON CARVAJAL SERNA, MARIA VICTORIA RESTREPO TOBON",2
00227,008,Innovaciones generadas en la Gestión Empresarial,Empresarial,"Programa de formación y capacitación para la prevención del comportamiento suicida, Santa Rosa de Osos, fase 1 - 2021",Colombia,2021,UNIVERSIDAD CATOLICA LUIS AMIGO,"SANDRA ISABEL MEJIA ZAPATA, DAVID IGNACIO MOLINA VELASQUEZ, ANGEL AUGUSTO VIZCAYA CASTILLO, JOHN JAIRO GARCIA PENA, GLORIA CECILIA CARDONA RIOS, ELIZA KRATC GIL, MARCOS VEGA SENA, OMAR AUGUSTO AMADOR SANCHEZ, JHOEEN SNEYDER ROJAS DIAZ, DIEGO LEON CARVAJAL SERNA, MARIA VICTORIA RESTREPO TOBON",2
00228,008,Innovaciones generadas en la Gestión Empresarial,Empresarial,"Programa de innovación formación a los medios de comunicación: Juntos por el cuidado de la vida para la prevención del suicidio. El Carmen de Viboral, fase I -2021",Colombia,2021,UNIVERSIDAD CATOLICA LUIS AMIGO,"SANDRA ISABEL MEJIA ZAPATA, DAVID IGNACIO MOLINA VELASQUEZ, ANGEL AUGUSTO VIZCAYA CASTILLO, JOHN JAIRO GARCIA PENA, GLORIA CECILIA CARDONA RIOS, ELIZA KRATC GIL, MARCOS VEGA SENA, OMAR AUGUSTO AMADOR SANCHEZ, JHOEEN SNEYDER ROJAS DIAZ, DIEGO LEON CARVAJAL SERNA, MARIA VICTORIA RESTREPO TOBON",2
00229,008,Innovaciones generadas en la Gestión Empresarial,Empresarial,Red de Salud Mental para el cuidado de la vida en el municipio del Carmen de Viboral Fase 1 -2021,Colombia,2021,UNIVERSIDAD CATOLICA LUIS AMIGO,"SANDRA ISABEL MEJIA ZAPATA, DAVID IGNACIO MOLINA VELASQUEZ, ANGEL AUGUSTO VIZCAYA CASTILLO, JOHN JAIRO GARCIA PENA, GLORIA CECILIA CARDONA RIOS, ELIZA KRATC GIL, MARCOS VEGA SENA, OMAR AUGUSTO AMADOR SANCHEZ, JHOEEN SNEYDER ROJAS DIAZ, DIEGO LEON CARVAJAL SERNA, MARIA VICTORIA RESTREPO TOBON",2
00230,008,Innovaciones generadas en la Gestión Empresarial,Organizacional,Posvención: Un proceso de mitigación y apropiación social del conocimiento para el municipio Carmen de Viboral fase 1 -2021,Colombia,2021,UNIVERSIDAD CATOLICA LUIS AMIGO,"JOHN JAIRO GARCIA PENA, ELIZA KRATC GIL, GLORIA CECILIA CARDONA RIOS, ANGEL AUGUSTO VIZCAYA CASTILLO, DIEGO LEON CARVAJAL SERNA, OMAR AUGUSTO AMADOR SANCHEZ, MARCOS FIDEL VEGA SENA, SANDRA ISABEL MEJIA ZAPATA, JHOEEN SNEYDER ROJAS DIAZ, MARIA VICTORIA RESTREPO TOBON, DAVID IGNACIO MOLINA VELASQUEZ",2
00231,008,Innovaciones generadas en la Gestión Empresarial,Organizacional,"Programa de innovación formación a los medios de comunicación: Juntos por el cuidado de la vida para la prevención del suicidio. El Carmen de Viboral, fase I -2021",Colombia,2021,UNIVERSIDAD CATOLICA LUIS AMIGO,"JOHN JAIRO GARCIA PENA, ELIZA KRATC GIL, GLORIA CECILIA CARDONA RIOS, DIEGO LEON CARVAJAL SERNA, OMAR AUGUSTO AMADOR SANCHEZ, MARCOS FIDEL VEGA SENA, SANDRA ISABEL MEJIA ZAPATA, JHOEEN SNEYDER ROJAS DIAZ, ANGEL AUGUSTO VIZCAYA CASTILLO, MARIA VICTORIA RESTREPO TOBON, DAVID IGNACIO MOLINA VELASQUEZ",2
00232,008,Innovaciones generadas en la Gestión Empresarial,Organizacional,protocolo sobre ¿Cómo informar suicidio para Colombia?,Colombia,2020,UNIVERSIDAD CATOLICA LUIS AMIGO,"SANDRA ISABEL MEJIA ZAPATA, GLORIA CECILIA CARDONA RIOS, DIEGO LEON CARVAJAL SERNA, ELIZA KRATC GIL, ANGEL AUGUSTO VIZCAYA CASTILLO, DAVID IGNACIO MOLINA VELASQUEZ, MARIA VICTORIA RESTREPO TOBON, OMAR AUGUSTO AMADOR SANCHEZ, JOHN JAIRO GARCIA PENA, MARCOS VEGA SENA",2
00233,008,Innovaciones generadas en la Gestión Empresarial,Organizacional,"Programa de Formación y Capacitación para la Prevención del Comportamiento Suicida. Rionegro, FASE III",Colombia,2020,UNIVERSIDAD CATOLICA LUIS AMIGO,"SANDRA ISABEL MEJIA ZAPATA, DAVID IGNACIO MOLINA VELASQUEZ, ANGEL AUGUSTO VIZCAYA CASTILLO, JOHN JAIRO GARCIA PENA, GLORIA CECILIA CARDONA RIOS, ELIZA KRATC GIL, MARCOS VEGA SENA, OMAR AUGUSTO AMADOR SANCHEZ, JHOEEN SNEYDER ROJAS DIAZ, DIEGO LEON CARVAJAL SERNA, MARIA VICTORIA RESTREPO TOBON",2
00234,008,Innovaciones generadas en la Gestión Empresarial,Organizacional,"Programa de Formación y Capacitación para la Prevención del Comportamiento Suicida. La unión, FASE III",Colombia,2020,UNIVERSIDAD CATOLICA LUIS AMIGO,"SANDRA ISABEL MEJIA ZAPATA, DAVID IGNACIO MOLINA VELASQUEZ, ANGEL AUGUSTO VIZCAYA CASTILLO, JOHN JAIRO GARCIA PENA, GLORIA CECILIA CARDONA RIOS, ELIZA KRATC GIL, MARCOS VEGA SENA, OMAR AUGUSTO AMADOR SANCHEZ, JHOEEN SNEYDER ROJAS DIAZ, DIEGO LEON CARVAJAL SERNA, MARIA VICTORIA RESTREPO TOBON",2
00235,008,Innovaciones generadas en la Gestión Empresarial,Organizacional,"Programa de Formación y Capacitación para la Prevención del Comportamiento Suicida. Envigado, FASE III",Colombia,2020,UNIVERSIDAD CATOLICA LUIS AMIGO,"SANDRA ISABEL MEJIA ZAPATA, DAVID IGNACIO MOLINA VELASQUEZ, ANGEL AUGUSTO VIZCAYA CASTILLO, JOHN JAIRO GARCIA PENA, GLORIA CECILIA CARDONA RIOS, ELIZA KRATC GIL, MARCOS VEGA SENA, OMAR AUGUSTO AMADOR SANCHEZ, JHOEEN SNEYDER ROJAS DIAZ, DIEGO LEON CARVAJAL SERNA, MARIA VICTORIA RESTREPO TOBON",2
00236,008,Innovaciones generadas en la Gestión Empresarial,Organizacional,"Programa de Formación y Capacitación para la Prevención del Comportamiento Suicida. Andes, FASE III",Colombia,2020,UNIVERSIDAD CATOLICA LUIS AMIGO,"SANDRA ISABEL MEJIA ZAPATA, DAVID IGNACIO MOLINA VELASQUEZ, ANGEL AUGUSTO VIZCAYA CASTILLO, JOHN JAIRO GARCIA PENA, GLORIA CECILIA CARDONA RIOS, ELIZA KRATC GIL, MARCOS VEGA SENA, OMAR AUGUSTO AMADOR SANCHEZ, JHOEEN SNEYDER ROJAS DIAZ, DIEGO LEON CARVAJAL SERNA, MARIA VICTORIA RESTREPO TOBON",2
00237,008,Innovaciones generadas en la Gestión Empresarial,Organizacional,Construcción de la ruta de atención y directorio de emergencias para el comportamiento suicida. Andes. FASE III,Colombia,2020,UNIVERSIDAD CATOLICA LUIS AMIGO,"SANDRA ISABEL MEJIA ZAPATA, DAVID IGNACIO MOLINA VELASQUEZ, ANGEL AUGUSTO VIZCAYA CASTILLO, JOHN JAIRO GARCIA PENA, GLORIA CECILIA CARDONA RIOS, ELIZA KRATC GIL, MARCOS VEGA SENA, OMAR AUGUSTO AMADOR SANCHEZ, JHOEEN SNEYDER ROJAS DIAZ, DIEGO LEON CARVAJAL SERNA, MARIA VICTORIA RESTREPO TOBON",2
00238,008,Innovaciones generadas en la Gestión Empresarial,Empresarial,protocolo sobre ¿Cómo informar suicidio para Colombia?,Colombia,2020,UNIVERSIDAD CATOLICA LUIS AMIGO,"JOHN JAIRO GARCIA PENA, MARCOS FIDEL VEGA SENA, JHOEEN SNEYDER ROJAS DIAZ, SANDRA ISABEL MEJIA ZAPATA, ELIZA KRATC GIL, GLORIA CECILIA CARDONA RIOS, ANGEL AUGUSTO VIZCAYA CASTILLO, MARIA VICTORIA RESTREPO TOBON, DAVID IGNACIO MOLINA VELASQUEZ, OMAR AUGUSTO AMADOR SANCHEZ",2
00239,008,Innovaciones generadas en la Gestión Empresarial,Organizacional,Prevention Program for Suicidal Behavior in Religious Communities FASE III,Colombia,2020,UNIVERSIDAD CATOLICA LUIS AMIGO,"SANDRA ISABEL MEJIA ZAPATA, DAVID IGNACIO MOLINA VELASQUEZ, JOHN JAIRO GARCIA PENA, GLORIA CECILIA CARDONA RIOS, ELIZA KRATC GIL, MARCOS VEGA SENA, OMAR AUGUSTO AMADOR SANCHEZ, JHOEEN SNEYDER ROJAS DIAZ, MARIA VICTORIA RESTREPO TOBON, ANGEL AUGUSTO VIZCAYA CASTILLO, DIEGO LEON CARVAJAL SERNA",2
00240,008,Innovaciones generadas en la Gestión Empresarial,Organizacional,Concerning the carrying out of the Training and Prevention Program for Suicidal Behavior in Religious Communities FASE III,Colombia,2020,UNIVERSIDAD CATOLICA LUIS AMIGO,"JOHN JAIRO GARCIA PENA, JHOEEN SNEYDER ROJAS DIAZ, GLORIA CECILIA CARDONA RIOS, ELIZA KRATC GIL, DIEGO LEON CARVAJAL SERNA, OMAR AUGUSTO AMADOR SANCHEZ, MARCOS FIDEL VEGA SENA, SANDRA ISABEL MEJIA ZAPATA, ANGEL AUGUSTO VIZCAYA CASTILLO, DAVID IGNACIO MOLINA VELASQUEZ, MARIA VICTORIA RESTREPO TOBON",2
00241,008,Innovaciones generadas en la Gestión Empresarial,Empresarial,"Estrategia organizacional con programas de formación orientado al cumplimiento de las políticas púbicas en salud mental, en La Unión, Antioquia.",Colombia,2020,UNIVERSIDAD CATOLICA LUIS AMIGO,"JOHN JAIRO GARCIA PENA, GLORIA CECILIA CARDONA RIOS, ELIZA KRATC GIL, OMAR AUGUSTO AMADOR SANCHEZ, SANDRA ISABEL MEJIA ZAPATA, JHOEEN SNEYDER ROJAS DIAZ, MARCOS FIDEL VEGA SENA, ANGEL AUGUSTO VIZCAYA CASTILLO, DIEGO LEON CARVAJAL SERNA, MARIA VICTORIA RESTREPO TOBON, DAVID IGNACIO MOLINA VELASQUEZ",2
00242,008,Innovaciones generadas en la Gestión Empresarial,Empresarial,Programa de Formación y Capacitación para la Prevención del Comportamiento Suicida.,Colombia,2020,UNIVERSIDAD CATOLICA LUIS AMIGO,"JOHN JAIRO GARCIA PENA, GLORIA CECILIA CARDONA RIOS, ELIZA KRATC GIL, ANGEL AUGUSTO VIZCAYA CASTILLO, DIEGO LEON CARVAJAL SERNA, OMAR AUGUSTO AMADOR SANCHEZ, MARCOS FIDEL VEGA SENA, SANDRA ISABEL MEJIA ZAPATA, JHOEEN SNEYDER ROJAS DIAZ, MARIA VICTORIA RESTREPO TOBON, DAVID IGNACIO MOLINA VELASQUEZ",2
00243,008,Innovaciones generadas en la Gestión Empresarial,Organizacional,una innovación generada en la gestión empresarial consistente en un Programa de Formación y Capacitación para la Prevención del Comportamiento Suicida Rionegro en Fase III,Colombia,2020,UNIVERSIDAD CATOLICA LUIS AMIGO,"JOHN JAIRO GARCIA PENA, GLORIA CECILIA CARDONA RIOS, ELIZA KRATC GIL, ANGEL AUGUSTO VIZCAYA CASTILLO, DIEGO LEON CARVAJAL SERNA, OMAR AUGUSTO AMADOR SANCHEZ, MARCOS FIDEL VEGA SENA, SANDRA ISABEL MEJIA ZAPATA, JHOEEN SNEYDER ROJAS DIAZ, MARIA VICTORIA RESTREPO TOBON, DAVID IGNACIO MOLINA VELASQUEZ",2
00244,008,Innovaciones generadas en la Gestión Empresarial,Empresarial,"Creación de una estrategia organizacional con programas de formación orientado al cumplimiento de las políticas púbicas en salud mental, que tenga impacto en el conocimiento aplicado a la comunidad del municipio para la prevención de la conducta suicida",Colombia,2020,UNIVERSIDAD CATOLICA LUIS AMIGO,"JOHN JAIRO GARCIA PENA, GLORIA CECILIA CARDONA RIOS, ELIZA KRATC GIL, ANGEL AUGUSTO VIZCAYA CASTILLO, MARCOS FIDEL VEGA SENA, SANDRA ISABEL MEJIA ZAPATA, JHOEEN SNEYDER ROJAS DIAZ, DIEGO LEON CARVAJAL SERNA, OMAR AUGUSTO AMADOR SANCHEZ, MARIA VICTORIA RESTREPO TOBON",2
00245,008,Innovaciones generadas en la Gestión Empresarial,Empresarial,Construcción de la ruta de atención y directorio de emergencias para el comportamiento suicida,Colombia,2020,UNIVERSIDAD CATOLICA LUIS AMIGO,"JOHN JAIRO GARCIA PENA, GLORIA CECILIA CARDONA RIOS, ELIZA KRATC GIL, DIEGO LEON CARVAJAL SERNA, SANDRA ISABEL MEJIA ZAPATA, OMAR AUGUSTO AMADOR SANCHEZ, ANGEL AUGUSTO VIZCAYA CASTILLO",2
00246,008,Innovaciones generadas en la Gestión Empresarial,Empresarial,"Estrategia organizacional con programas de formación orientado al cumplimiento de las políticas púbicas en salud mental, en Envigado, Antioquia.",Colombia,2020,UNIVERSIDAD CATOLICA LUIS AMIGO,"JOHN JAIRO GARCIA PENA, GLORIA CECILIA CARDONA RIOS, ELIZA KRATC GIL, ANGEL AUGUSTO VIZCAYA CASTILLO, DIEGO LEON CARVAJAL SERNA, OMAR AUGUSTO AMADOR SANCHEZ, MARCOS FIDEL VEGA SENA, SANDRA ISABEL MEJIA ZAPATA, JHOEEN SNEYDER ROJAS DIAZ, MARIA VICTORIA RESTREPO TOBON, DAVID IGNACIO MOLINA VELASQUEZ",2
00247,008,Innovaciones generadas en la Gestión Empresarial,Organizacional,Programa de formación y capacitación para la prevención del comportamiento suicida fase 2 Andes,Colombia,2019,UNIVERSIDAD CATOLICA LUIS AMIGO,"SANDRA ISABEL MEJIA ZAPATA, DAVID IGNACIO MOLINA VELASQUEZ, ANGEL AUGUSTO VIZCAYA CASTILLO, JOHN JAIRO GARCIA PENA, GLORIA CECILIA CARDONA RIOS, MARCOS VEGA SENA, ELIZA KRATC GIL, OMAR AUGUSTO AMADOR SANCHEZ, DIEGO LEON CARVAJAL SERNA, MARIA VICTORIA RESTREPO TOBON, JHOEEN SNEYDER ROJAS DIAZ, ANA LUCIA CEBALLOS DUQUE",2
00248,008,Innovaciones generadas en la Gestión Empresarial,Organizacional,Programa de formación y capacitación para la prevención del comportamiento suicida fase 2  Rionegro,Colombia,2019,UNIVERSIDAD CATOLICA LUIS AMIGO,"SANDRA ISABEL MEJIA ZAPATA, ANGEL AUGUSTO VIZCAYA CASTILLO, JOHN JAIRO GARCIA PENA, ANA LUCIA CEBALLOS DUQUE, GLORIA CECILIA CARDONA RIOS, ELIZA KRATC GIL, MARCOS VEGA SENA, JHOEEN SNEYDER ROJAS DIAZ, DIEGO LEON CARVAJAL SERNA, MARIA VICTORIA RESTREPO TOBON, DAVID IGNACIO MOLINA VELASQUEZ, OMAR AUGUSTO AMADOR SANCHEZ",2
00249,008,Innovaciones generadas en la Gestión Empresarial,Organizacional,INNOVACION A TRAVES DE LA CREACION DE PROGRAMAS PARA LA PREVENCION DE LA CONDUCTA SUICIDA EN RIONEGRO FASE II,Colombia,2019,UNIVERSIDAD CATOLICA LUIS AMIGO,"JOHN JAIRO GARCIA PENA, GLORIA CECILIA CARDONA RIOS",2
00250,008,Innovaciones generadas en la Gestión Empresarial,Organizacional,programa de formacion y capacitacion para la prevencion del comportamiento suicida - fase 2 en municipio de Rionegro.,Colombia,2019,UNIVERSIDAD CATOLICA LUIS AMIGO,"JOHN JAIRO GARCIA PENA, GLORIA CECILIA CARDONA RIOS, JHOEEN SNEYDER ROJAS DIAZ, SANDRA ISABEL MEJIA ZAPATA, OMAR AUGUSTO AMADOR SANCHEZ, MARCOS FIDEL VEGA SENA, ELIZA KRATC GIL, ANGEL AUGUSTO VIZCAYA CASTILLO, DIEGO LEON CARVAJAL SERNA, MARIA VICTORIA RESTREPO TOBON, DAVID IGNACIO MOLINA VELASQUEZ",2
00251,008,Innovaciones generadas en la Gestión Empresarial,Organizacional,Programa de formación y capacitación para la prevención del comportamiento suicida fase 2 La Unión protocolo Autopsia Psicológica,Colombia,2019,UNIVERSIDAD CATOLICA LUIS AMIGO,"SANDRA ISABEL MEJIA ZAPATA, GLORIA CECILIA CARDONA RIOS, ELIZA KRATC GIL, DIEGO LEON CARVAJAL SERNA, ANGEL AUGUSTO VIZCAYA CASTILLO, DAVID IGNACIO MOLINA VELASQUEZ, MARIA VICTORIA RESTREPO TOBON, MARCOS VEGA SENA, OMAR AUGUSTO AMADOR SANCHEZ, JHOEEN SNEYDER ROJAS DIAZ, JOHN JAIRO GARCIA PENA, ANA LUCIA CEBALLOS DUQUE",2
00252,008,Innovaciones generadas en la Gestión Empresarial,Organizacional,Programa de formación y capacitación para la prevención del comportamiento suicida fase 2 La Unión ruta de atención,Colombia,2019,UNIVERSIDAD CATOLICA LUIS AMIGO,"SANDRA ISABEL MEJIA ZAPATA, DAVID IGNACIO MOLINA VELASQUEZ, ANGEL AUGUSTO VIZCAYA CASTILLO, JOHN JAIRO GARCIA PENA, GLORIA CECILIA CARDONA RIOS, ELIZA KRATC GIL, MARCOS VEGA SENA, JHOEEN SNEYDER ROJAS DIAZ, DIEGO LEON CARVAJAL SERNA, MARIA VICTORIA RESTREPO TOBON, OMAR AUGUSTO AMADOR SANCHEZ, ANA LUCIA CEBALLOS DUQUE",2
00253,008,Innovaciones generadas en la Gestión Empresarial,Organizacional,INNOVACION ORGANIZACIONAL SOBRE LA CONSTRUCCION DEL PROTOCOLO DE AUTOPSIA PSICO SOCIO PATOLOGICA LA UNION FASE II,Colombia,2019,UNIVERSIDAD CATOLICA LUIS AMIGO,"JOHN JAIRO GARCIA PENA, GLORIA CECILIA CARDONA RIOS, SANDRA ISABEL MEJIA ZAPATA, OMAR AUGUSTO AMADOR SANCHEZ, JHOEEN SNEYDER ROJAS DIAZ, MARCOS FIDEL VEGA SENA, ELIZA KRATC GIL, ANGEL AUGUSTO VIZCAYA CASTILLO, DIEGO LEON CARVAJAL SERNA, MARIA VICTORIA RESTREPO TOBON, DAVID IGNACIO MOLINA VELASQUEZ",2
00254,008,Innovaciones generadas en la Gestión Empresarial,Organizacional,"Formación y Capacitación prevención del Comportamiento Suicida, consistente en una innovación organizacional en la construcción de Ruta de atención de la conducta suicida.",Colombia,2019,UNIVERSIDAD CATOLICA LUIS AMIGO,"JOHN JAIRO GARCIA PENA, GLORIA CECILIA CARDONA RIOS, OMAR AUGUSTO AMADOR SANCHEZ, SANDRA ISABEL MEJIA ZAPATA, JHOEEN SNEYDER ROJAS DIAZ, MARCOS FIDEL VEGA SENA, ELIZA KRATC GIL, ANGEL AUGUSTO VIZCAYA CASTILLO, DIEGO LEON CARVAJAL SERNA",2
00255,008,Innovaciones generadas en la Gestión Empresarial,Organizacional,INNOVACION PROGRAMAS DE FORMACION ATENCION Y SENSIBILACION PARA FORTALECER LOS PROCESOS ATENCION PASTORAL PARA LA PREVENCION DE LA CONDUCTA SUICIDA EN LA COMUNIDAD DEL MVV EN MEDELLIN FASE II,Colombia,2019,UNIVERSIDAD CATOLICA LUIS AMIGO,"JOHN JAIRO GARCIA PENA, JHOEEN SNEYDER ROJAS DIAZ, GLORIA CECILIA CARDONA RIOS, SANDRA ISABEL MEJIA ZAPATA, MARCOS FIDEL VEGA SENA, ELIZA KRATC GIL, OMAR AUGUSTO AMADOR SANCHEZ, ANGEL AUGUSTO VIZCAYA CASTILLO, DIEGO LEON CARVAJAL SERNA, MARIA VICTORIA RESTREPO TOBON, DAVID IGNACIO MOLINA VELASQUEZ",2
00256,008,Innovaciones generadas en la Gestión Empresarial,Organizacional,Programa de formación y capacitación para la prevención del comportamiento suicida fase 2 Ministerio Verdad y Vida,Colombia,2019,UNIVERSIDAD CATOLICA LUIS AMIGO,"SANDRA ISABEL MEJIA ZAPATA, DAVID IGNACIO MOLINA VELASQUEZ, ANGEL AUGUSTO VIZCAYA CASTILLO, JOHN JAIRO GARCIA PENA, GLORIA CECILIA CARDONA RIOS, ELIZA KRATC GIL, MARCOS VEGA SENA, OMAR AUGUSTO AMADOR SANCHEZ, JHOEEN SNEYDER ROJAS DIAZ, MARIA VICTORIA RESTREPO TOBON, DIEGO LEON CARVAJAL SERNA, ANA LUCIA CEBALLOS DUQUE",2
00257,008,Innovaciones generadas en la Gestión Empresarial,Organizacional,"INNOVACIÓN ÁREA DE GESTIÓN DE LO HUMANO,A TRAVÉS DE LA CREACIÓN DE UNA ESTRATEGIA ORGANIZACIONAL CON PROGRAMAS DE FORMACION ORIENTADOS AL CUMPLIMIENTO DE POLITICAS PUBLICAS DE SALUD MENTAL APLICADO EN LA COMUNIDAD DEL MUNICIPIO DE ANDES PARA LA PREVENCIÓN DE LA CONDUCTA SUICIDA EN FASE II",Colombia,2019,UNIVERSIDAD CATOLICA LUIS AMIGO,"JOHN JAIRO GARCIA PENA, GLORIA CECILIA CARDONA RIOS, OMAR AUGUSTO AMADOR SANCHEZ, JHOEEN SNEYDER ROJAS DIAZ, SANDRA ISABEL MEJIA ZAPATA, MARCOS FIDEL VEGA SENA, ELIZA KRATC GIL, ANGEL AUGUSTO VIZCAYA CASTILLO, DIEGO LEON CARVAJAL SERNA, MARIA VICTORIA RESTREPO TOBON, DAVID IGNACIO MOLINA VELASQUEZ",2
00258,008,Innovaciones generadas en la Gestión Empresarial,Organizacional,Programa de formación y capacitación para la prevención del comportamiento suicida Rionegro,Colombia,2018,UNIVERSIDAD CATOLICA LUIS AMIGO,"SANDRA ISABEL MEJIA ZAPATA, ANA LUCIA CEBALLOS DUQUE, ANGEL AUGUSTO VIZCAYA CASTILLO, DIEGO LEON CARVAJAL SERNA, ELIZA KRATC GIL, GLORIA CECILIA CARDONA RIOS, JHOEEN SNEYDER ROJAS DIAZ, JOHN JAIRO GARCIA PENA, MARCOS VEGA SENA, OMAR AUGUSTO AMADOR SANCHEZ",2
00259,008,Innovaciones generadas en la Gestión Empresarial,Organizacional,Programa de formación y capacitación para la prevención del comportamiento suicida la Unión,Colombia,2018,UNIVERSIDAD CATOLICA LUIS AMIGO,"SANDRA ISABEL MEJIA ZAPATA, ANA LUCIA CEBALLOS DUQUE, ANGEL AUGUSTO VIZCAYA CASTILLO, DIEGO LEON CARVAJAL SERNA, ELIZA KRATC GIL, GLORIA CECILIA CARDONA RIOS, JHOEEN SNEYDER ROJAS DIAZ, JOHN JAIRO GARCIA PENA, MARCOS VEGA SENA, OMAR AUGUSTO AMADOR SANCHEZ",2
00260,008,Innovaciones generadas en la Gestión Empresarial,Organizacional,"Programa de Formación y Capacitación para la Prevención del Comportamiento Suicida en Andes, Antioquia",Colombia,2018,UNIVERSIDAD CATOLICA LUIS AMIGO,"JOHN JAIRO GARCIA PENA, GLORIA CECILIA CARDONA RIOS, ELIZA KRATC GIL, JHOEEN SNEYDER ROJAS DIAZ, SANDRA ISABEL MEJIA ZAPATA, OMAR AUGUSTO AMADOR SANCHEZ, MARCOS FIDEL VEGA SENA, ANA LUCIA CEBALLOS DUQUE, ANGEL AUGUSTO VIZCAYA CASTILLO, DIEGO LEON CARVAJAL SERNA",2
00261,008,Innovaciones generadas en la Gestión Empresarial,Organizacional,Programa de formación y capacitación para la prevención del comportamiento suicida Andes,Colombia,2018,UNIVERSIDAD CATOLICA LUIS AMIGO,"SANDRA ISABEL MEJIA ZAPATA, ANA LUCIA CEBALLOS DUQUE, ANGEL AUGUSTO VIZCAYA CASTILLO, DIEGO LEON CARVAJAL SERNA, ELIZA KRATC GIL, GLORIA CECILIA CARDONA RIOS, JHOEEN SNEYDER ROJAS DIAZ, JOHN JAIRO GARCIA PENA, MARCOS VEGA SENA, OMAR AUGUSTO AMADOR SANCHEZ",2
00262,009,Innovaciones generadas en la Gestión Empresarial,,,,,,,2
00263,010,Innovaciones generadas en la Gestión Empresarial,,,,,,,2
00264,011,Innovaciones generadas en la Gestión Empresarial,Empresarial,GRUPOS DE APOYO PARA PERSONAS CON INTENTO DE SUICIDIO LA UNION EN FASE 6-2023,Colombia,2023,UNIVERSIDAD CATOLICA LUIS AMIGO,"GLORIA CECILIA CARDONA RIOS, DAVID IGNACIO MOLINA VELASQUEZ, MARIA VICTORIA RESTREPO TOBON, JOHN JAIRO GARCIA PENA, SANDRA ISABEL MEJIA ZAPATA, ANGEL AUGUSTO VIZCAYA CASTILLO, MARCOS VEGA SENA, OMAR AUGUSTO AMADOR SANCHEZ, ELIZA KRATC GIL, DIEGO LEON CARVAJAL SERNA",2
00265,011,Innovaciones generadas en la Gestión Empresarial,Empresarial,AL DIA CON TU SALUD MENTAL(CAMPAÑAS DE COMUNICACION PARA LA PREVENCION DEL SUICIDIO LA UNION EN FASE 6-2023,Colombia,2023,UNIVERSIDAD CATOLICA LUIS AMIGO,"GLORIA CECILIA CARDONA RIOS, DAVID IGNACIO MOLINA VELASQUEZ, MARIA VICTORIA RESTREPO TOBON, JOHN JAIRO GARCIA PENA, SANDRA ISABEL MEJIA ZAPATA, ANGEL AUGUSTO VIZCAYA CASTILLO, MARCOS VEGA SENA, OMAR AUGUSTO AMADOR SANCHEZ, ELIZA KRATC GIL, DIEGO LEON CARVAJAL SERNA",2
00266,011,Innovaciones generadas en la Gestión Empresarial,Empresarial,FORTALECIMIENTO MESA DE SALUD MENTAL INTERSECTORIAL MUNICIPIO DE LA UNION FASE 6,Colombia,2023,UNIVERSIDAD CATOLICA LUIS AMIGO,"GLORIA CECILIA CARDONA RIOS, DAVID IGNACIO MOLINA VELASQUEZ, MARIA VICTORIA RESTREPO TOBON, JOHN JAIRO GARCIA PENA, SANDRA ISABEL MEJIA ZAPATA, ANGEL AUGUSTO VIZCAYA CASTILLO, MARCOS VEGA SENA, OMAR AUGUSTO AMADOR SANCHEZ, ELIZA KRATC GIL, DIEGO LEON CARVAJAL SERNA",2
00267,011,Innovaciones generadas en la Gestión Empresarial,Empresarial,"Program de acompañamiento en prevención,atención y seguimiento al comportamiento suicida en Itagüí Fase 6-2023",Colombia,2023,UNIVERSIDAD CATOLICA LUIS AMIGO,"GLORIA CECILIA CARDONA RIOS, DAVID IGNACIO MOLINA VELASQUEZ, MARIA VICTORIA RESTREPO TOBON, JOHN JAIRO GARCIA PENA, SANDRA ISABEL MEJIA ZAPATA, ANGEL AUGUSTO VIZCAYA CASTILLO, MARCOS VEGA SENA, OMAR AUGUSTO AMADOR SANCHEZ, ELIZA KRATC GIL, DIEGO LEON CARVAJAL SERNA",2
00268,011,Innovaciones generadas en la Gestión Empresarial,Empresarial,PROTOCOLO DE ENTREVISTA PARA EL INTENTO DE SUICIDIO DEL MUNICIPIO DE SANTA ROSA DE OSOS EN FASE 6-2023,Colombia,2023,UNIVERSIDAD CATOLICA LUIS AMIGO,"GLORIA CECILIA CARDONA RIOS, DAVID IGNACIO MOLINA VELASQUEZ, MARIA VICTORIA RESTREPO TOBON, JOHN JAIRO GARCIA PENA, SANDRA ISABEL MEJIA ZAPATA, ANGEL AUGUSTO VIZCAYA CASTILLO, MARCOS VEGA SENA, OMAR AUGUSTO AMADOR SANCHEZ, ELIZA KRATC GIL, DIEGO LEON CARVAJAL SERNA",2
00269,011,Innovaciones generadas en la Gestión Empresarial,Empresarial,PROTOCOLO DE AUTOPSIA PSICOLOGICA DEL MUNICIPIO DE SANTA ROSA DE OSOS -PAPSRO EN FASE 6-2023,Colombia,2023,UNIVERSIDAD CATOLICA LUIS AMIGO,"GLORIA CECILIA CARDONA RIOS, DAVID IGNACIO MOLINA VELASQUEZ, MARIA VICTORIA RESTREPO TOBON, JOHN JAIRO GARCIA PENA, SANDRA ISABEL MEJIA ZAPATA, ANGEL AUGUSTO VIZCAYA CASTILLO, MARCOS VEGA SENA, OMAR AUGUSTO AMADOR SANCHEZ, ELIZA KRATC GIL, DIEGO LEON CARVAJAL SERNA",2
00270,011,Innovaciones generadas en la Gestión Empresarial,Empresarial,Acompañamiento en la construcción de ruta integral de atención en salud mental local en Carmen de Viboral Fase 6-2023,Colombia,2023,UNIVERSIDAD CATOLICA LUIS AMIGO,"GLORIA CECILIA CARDONA RIOS, DAVID IGNACIO MOLINA VELASQUEZ, MARIA VICTORIA RESTREPO TOBON, JOHN JAIRO GARCIA PENA, SANDRA ISABEL MEJIA ZAPATA, ANGEL AUGUSTO VIZCAYA CASTILLO, MARCOS VEGA SENA, OMAR AUGUSTO AMADOR SANCHEZ, ELIZA KRATC GIL, DIEGO LEON CARVAJAL SERNA",2
00271,011,Innovaciones generadas en la Gestión Empresarial,Empresarial,Programa de Innovación Red de salud mental para el cuidado de la vida Fase III Carmen de Viboral en fase 6-2023,Colombia,2023,UNIVERSIDAD CATOLICA LUIS AMIGO,"GLORIA CECILIA CARDONA RIOS, DAVID IGNACIO MOLINA VELASQUEZ, MARIA VICTORIA RESTREPO TOBON, JOHN JAIRO GARCIA PENA, SANDRA ISABEL MEJIA ZAPATA, ANGEL AUGUSTO VIZCAYA CASTILLO, MARCOS VEGA SENA, OMAR AUGUSTO AMADOR SANCHEZ, ELIZA KRATC GIL, DIEGO LEON CARVAJAL SERNA",2
00272,011,Innovaciones generadas en la Gestión Empresarial,Organizacional,"Programa de innovación formación a los medios de comunicación: Juntos por el cuidado de la vida para la prevención del suicidio,El Carmen de Viboralfase II en fase 5 -2022",Colombia,2022,UNIVERSIDAD CATOLICA LUIS AMIGO,"GLORIA CECILIA CARDONA RIOS, DAVID IGNACIO MOLINA VELASQUEZ, MARIA VICTORIA RESTREPO TOBON, JOHN JAIRO GARCIA PENA, SANDRA ISABEL MEJIA ZAPATA, ANGEL AUGUSTO VIZCAYA CASTILLO, MARCOS VEGA SENA, OMAR AUGUSTO AMADOR SANCHEZ, ELIZA KRATC GIL, DIEGO LEON CARVAJAL SERNA, JHOEEN SNEYDER ROJAS DIAZ",2
00273,011,Innovaciones generadas en la Gestión Empresarial,Organizacional,"Programa de innovación red de salud mental para el cuidado de la vida.Fase II,El carmen de Viboral en Fase 5 -2022",Colombia,2022,UNIVERSIDAD CATOLICA LUIS AMIGO,"GLORIA CECILIA CARDONA RIOS, DAVID IGNACIO MOLINA VELASQUEZ, MARIA VICTORIA RESTREPO TOBON, JOHN JAIRO GARCIA PENA, SANDRA ISABEL MEJIA ZAPATA, ANGEL AUGUSTO VIZCAYA CASTILLO, MARCOS VEGA SENA, OMAR AUGUSTO AMADOR SANCHEZ, ELIZA KRATC GIL, DIEGO LEON CARVAJAL SERNA, JHOEEN SNEYDER ROJAS DIAZ",2
00274,011,Innovaciones generadas en la Gestión Empresarial,Organizacional,"RAI PRECOS: Red de Atención Interdisciplinar para la Prevención del Comportamiento Suicida,Temuco,Chile en Fase 5-2022",Chile,2022,UNIVERSIDAD CATOLICA LUIS AMIGO,"GLORIA CECILIA CARDONA RIOS, DAVID IGNACIO MOLINA VELASQUEZ, MARIA VICTORIA RESTREPO TOBON, JOHN JAIRO GARCIA PENA, SANDRA ISABEL MEJIA ZAPATA, ANGEL AUGUSTO VIZCAYA CASTILLO, MARCOS VEGA SENA, OMAR AUGUSTO AMADOR SANCHEZ, ELIZA KRATC GIL, DIEGO LEON CARVAJAL SERNA, JHOEEN SNEYDER ROJAS DIAZ",2
00275,011,Innovaciones generadas en la Gestión Empresarial,Organizacional,"Programa de formación y capacitación para la prevención del comportamiento suicida Santa Rosa de Osos,faseII,en Fase 5-2022",Colombia,2022,UNIVERSIDAD CATOLICA LUIS AMIGO,"GLORIA CECILIA CARDONA RIOS, DAVID IGNACIO MOLINA VELASQUEZ, MARIA VICTORIA RESTREPO TOBON, JOHN JAIRO GARCIA PENA, SANDRA ISABEL MEJIA ZAPATA, ANGEL AUGUSTO VIZCAYA CASTILLO, MARCOS VEGA SENA, OMAR AUGUSTO AMADOR SANCHEZ, ELIZA KRATC GIL, DIEGO LEON CARVAJAL SERNA, JHOEEN SNEYDER ROJAS DIAZ",2
00276,011,Innovaciones generadas en la Gestión Empresarial,Organizacional,"Grupos de apoyo para el cuidado de la vida y la salud mental,El Carmen de Viboral en Fase 5-2022",Colombia,2022,UNIVERSIDAD CATOLICA LUIS AMIGO,"GLORIA CECILIA CARDONA RIOS, DAVID IGNACIO MOLINA VELASQUEZ, MARIA VICTORIA RESTREPO TOBON, JOHN JAIRO GARCIA PENA, SANDRA ISABEL MEJIA ZAPATA, ANGEL AUGUSTO VIZCAYA CASTILLO, MARCOS VEGA SENA, OMAR AUGUSTO AMADOR SANCHEZ, ELIZA KRATC GIL, DIEGO LEON CARVAJAL SERNA, JHOEEN SNEYDER ROJAS DIAZ",2
00277,011,Innovaciones generadas en la Gestión Empresarial,Empresarial,Red de atención para la atención y prevención de la conducta suicida. Yacuiba (Bolivia) Fase 1-2021,Colombia,2021,UNIVERSIDAD CATOLICA LUIS AMIGO,"ELIZA KRATC GIL, ANGEL AUGUSTO VIZCAYA CASTILLO, DAVID IGNACIO MOLINA VELASQUEZ, MARIA VICTORIA RESTREPO TOBON, JOHN JAIRO GARCIA PENA, OMAR AUGUSTO AMADOR SANCHEZ, DIEGO LEON CARVAJAL SERNA, MARCOS VEGA SENA, SANDRA ISABEL MEJIA ZAPATA, GLORIA CECILIA CARDONA RIOS, JHOEEN SNEYDER ROJAS DIAZ",2
00278,011,Innovaciones generadas en la Gestión Empresarial,Organizacional,Red de atención para la Atención y Prevención del comportamiento suicida en municipio de Yacuiba ( Bolivia) fase 1 -2021,Bolivia,2021,UNIVERSIDAD CATOLICA LUIS AMIGO,"GLORIA CECILIA CARDONA RIOS, DAVID IGNACIO MOLINA VELASQUEZ, MARIA VICTORIA RESTREPO TOBON, JOHN JAIRO GARCIA PENA, SANDRA ISABEL MEJIA ZAPATA, ANGEL AUGUSTO VIZCAYA CASTILLO, MARCOS VEGA SENA, OMAR AUGUSTO AMADOR SANCHEZ, ELIZA KRATC GIL, DIEGO LEON CARVAJAL SERNA, JHOEEN SNEYDER ROJAS DIAZ",2
00279,011,Innovaciones generadas en la Gestión Empresarial,Empresarial,"Red de Atención Intracomunitaria para la Prevención del Comportamiento Suicida ¿ RAI PRECOS-Municipio Medellín, Fase I-2021",Colombia,2021,UNIVERSIDAD CATOLICA LUIS AMIGO,"ELIZA KRATC GIL, ANGEL AUGUSTO VIZCAYA CASTILLO, DAVID IGNACIO MOLINA VELASQUEZ, MARIA VICTORIA RESTREPO TOBON, JOHN JAIRO GARCIA PENA, OMAR AUGUSTO AMADOR SANCHEZ, DIEGO LEON CARVAJAL SERNA, MARCOS VEGA SENA, SANDRA ISABEL MEJIA ZAPATA, GLORIA CECILIA CARDONA RIOS, JHOEEN SNEYDER ROJAS DIAZ",2
00280,011,Innovaciones generadas en la Gestión Empresarial,Organizacional,Red de Atención Intracomunitaria para la Prevención del Comportamiento Suicida ¿ RAI PRECOS MEDELLIN fase 1 -2021,Colombia,2021,UNIVERSIDAD CATOLICA LUIS AMIGO,"GLORIA CECILIA CARDONA RIOS, DAVID IGNACIO MOLINA VELASQUEZ, MARIA VICTORIA RESTREPO TOBON, JOHN JAIRO GARCIA PENA, SANDRA ISABEL MEJIA ZAPATA, ANGEL AUGUSTO VIZCAYA CASTILLO, MARCOS VEGA SENA, OMAR AUGUSTO AMADOR SANCHEZ, ELIZA KRATC GIL, DIEGO LEON CARVAJAL SERNA, JHOEEN SNEYDER ROJAS DIAZ",2
00281,011,Innovaciones generadas en la Gestión Empresarial,Organizacional,"Red de Atención Intracomunitaria para la Prevención del Comportamiento Suicida ¿ RAI PRECOS. Municipio de Medellín, Fase I-2021",Colombia,2021,UNIVERSIDAD CATOLICA LUIS AMIGO,"MARIA VICTORIA RESTREPO TOBON, SANDRA ISABEL MEJIA ZAPATA, MARCOS VEGA SENA, ELIZA KRATC GIL, JHOEEN SNEYDER ROJAS DIAZ, JOHN JAIRO GARCIA PENA, GLORIA CECILIA CARDONA RIOS, DIEGO LEON CARVAJAL SERNA, ANGEL AUGUSTO VIZCAYA CASTILLO, DAVID IGNACIO MOLINA VELASQUEZ, OMAR AUGUSTO AMADOR SANCHEZ",2
00282,011,Innovaciones generadas en la Gestión Empresarial,Empresarial,"Red de salud Mental, para el cuidado de la vida. Municipio de Carmen de Viboral. Fase I-2021",Colombia,2021,UNIVERSIDAD CATOLICA LUIS AMIGO,"ELIZA KRATC GIL, ANGEL AUGUSTO VIZCAYA CASTILLO, DAVID IGNACIO MOLINA VELASQUEZ, MARIA VICTORIA RESTREPO TOBON, JOHN JAIRO GARCIA PENA, OMAR AUGUSTO AMADOR SANCHEZ, DIEGO LEON CARVAJAL SERNA, MARCOS VEGA SENA, SANDRA ISABEL MEJIA ZAPATA, GLORIA CECILIA CARDONA RIOS, JHOEEN SNEYDER ROJAS DIAZ",2
00283,011,Innovaciones generadas en la Gestión Empresarial,Empresarial,"Programa de innovación formación a los medios de comunicación: Juntos por el cuidado de la vida para la prevención del suicidio. El Carmen de Viboral, fase I -2021",Colombia,2021,UNIVERSIDAD CATOLICA LUIS AMIGO,"ELIZA KRATC GIL, ANGEL AUGUSTO VIZCAYA CASTILLO, DAVID IGNACIO MOLINA VELASQUEZ, MARIA VICTORIA RESTREPO TOBON, JOHN JAIRO GARCIA PENA, OMAR AUGUSTO AMADOR SANCHEZ, DIEGO LEON CARVAJAL SERNA, MARCOS VEGA SENA, SANDRA ISABEL MEJIA ZAPATA, GLORIA CECILIA CARDONA RIOS, JHOEEN SNEYDER ROJAS DIAZ",2
00284,011,Innovaciones generadas en la Gestión Empresarial,Empresarial,"Programa de formación y capacitación para la prevención del comportamiento suicida. Municipio Santa Rosa de Osos, fase I-2021",Colombia,2021,UNIVERSIDAD CATOLICA LUIS AMIGO,"ELIZA KRATC GIL, ANGEL AUGUSTO VIZCAYA CASTILLO, DAVID IGNACIO MOLINA VELASQUEZ, MARIA VICTORIA RESTREPO TOBON, JOHN JAIRO GARCIA PENA, OMAR AUGUSTO AMADOR SANCHEZ, DIEGO LEON CARVAJAL SERNA, MARCOS VEGA SENA, SANDRA ISABEL MEJIA ZAPATA, GLORIA CECILIA CARDONA RIOS, JHOEEN SNEYDER ROJAS DIAZ",2
00285,011,Innovaciones generadas en la Gestión Empresarial,Organizacional,Red de Salud Mental para el cuidado de la vida en el municipio del Carmen de Viboral Fase 1 -2021,Colombia,2021,UNIVERSIDAD CATOLICA LUIS AMIGO,"GLORIA CECILIA CARDONA RIOS, DAVID IGNACIO MOLINA VELASQUEZ, MARIA VICTORIA RESTREPO TOBON, JOHN JAIRO GARCIA PENA, SANDRA ISABEL MEJIA ZAPATA, ANGEL AUGUSTO VIZCAYA CASTILLO, MARCOS VEGA SENA, OMAR AUGUSTO AMADOR SANCHEZ, ELIZA KRATC GIL, DIEGO LEON CARVAJAL SERNA, JHOEEN SNEYDER ROJAS DIAZ",2
00286,011,Innovaciones generadas en la Gestión Empresarial,Organizacional,"Programa de innovación formación a los medios de comunicación: Juntos por el cuidado de la vida para la prevención del suicidio. El Carmen de Viboral, fase I -2021",Colombia,2021,UNIVERSIDAD CATOLICA LUIS AMIGO,"GLORIA CECILIA CARDONA RIOS, DAVID IGNACIO MOLINA VELASQUEZ, MARIA VICTORIA RESTREPO TOBON, JOHN JAIRO GARCIA PENA, SANDRA ISABEL MEJIA ZAPATA, ANA LUCIA CEBALLOS DUQUE, MARCOS VEGA SENA, OMAR AUGUSTO AMADOR SANCHEZ, ELIZA KRATC GIL, JHOEEN SNEYDER ROJAS DIAZ, DIEGO LEON CARVAJAL SERNA",2
00287,011,Innovaciones generadas en la Gestión Empresarial,Empresarial,"Programa de formación y capacitación para la prevención del comportamiento suicida, Santa Rosa de Osos, fase 1 - 2021",Colombia,2021,UNIVERSIDAD CATOLICA LUIS AMIGO,"GLORIA CECILIA CARDONA RIOS, DAVID IGNACIO MOLINA VELASQUEZ, MARIA VICTORIA RESTREPO TOBON, JOHN JAIRO GARCIA PENA, SANDRA ISABEL MEJIA ZAPATA, ANGEL AUGUSTO VIZCAYA CASTILLO, MARCOS VEGA SENA, OMAR AUGUSTO AMADOR SANCHEZ, ELIZA KRATC GIL, DIEGO LEON CARVAJAL SERNA, JHOEEN SNEYDER ROJAS DIAZ",2
00288,011,Innovaciones generadas en la Gestión Empresarial,Empresarial,Posvención: Un proceso de mitigación y apropiación social del conocimiento para el municipio Carmen de Viboral fase 1 -2021,Colombia,2021,UNIVERSIDAD CATOLICA LUIS AMIGO,"GLORIA CECILIA CARDONA RIOS, DAVID IGNACIO MOLINA VELASQUEZ, MARIA VICTORIA RESTREPO TOBON, JOHN JAIRO GARCIA PENA, SANDRA ISABEL MEJIA ZAPATA, ANGEL AUGUSTO VIZCAYA CASTILLO, MARCOS VEGA SENA, OMAR AUGUSTO AMADOR SANCHEZ, ELIZA KRATC GIL, DIEGO LEON CARVAJAL SERNA, JHOEEN SNEYDER ROJAS DIAZ",2
00289,011,Innovaciones generadas en la Gestión Empresarial,Empresarial,"Red de salud Mental, para el cuidado de la vida. Municipio de Carmen de Viboral. Fase I-2021",Colombia,2021,UNIVERSIDAD CATOLICA LUIS AMIGO,"MARIA VICTORIA RESTREPO TOBON, SANDRA ISABEL MEJIA ZAPATA, MARCOS VEGA SENA, ELIZA KRATC GIL, JHOEEN SNEYDER ROJAS DIAZ, JOHN JAIRO GARCIA PENA, GLORIA CECILIA CARDONA RIOS, DIEGO LEON CARVAJAL SERNA, ANGEL AUGUSTO VIZCAYA CASTILLO, DAVID IGNACIO MOLINA VELASQUEZ, OMAR AUGUSTO AMADOR SANCHEZ",2
00290,011,Innovaciones generadas en la Gestión Empresarial,Empresarial,Posvención: Un proceso de mitigación y apropiación social del conocimiento para el municipio Carmen de Viboral fase 1 -2021,Colombia,2021,UNIVERSIDAD CATOLICA LUIS AMIGO,"ELIZA KRATC GIL, ANGEL AUGUSTO VIZCAYA CASTILLO, DAVID IGNACIO MOLINA VELASQUEZ, MARIA VICTORIA RESTREPO TOBON, JOHN JAIRO GARCIA PENA, OMAR AUGUSTO AMADOR SANCHEZ, DIEGO LEON CARVAJAL SERNA, MARCOS VEGA SENA, SANDRA ISABEL MEJIA ZAPATA, GLORIA CECILIA CARDONA RIOS, JHOEEN SNEYDER ROJAS DIAZ",2
00291,011,Innovaciones generadas en la Gestión Empresarial,Empresarial,"Programa de Formación y Capacitación para la Prevención del Comportamiento Suicida. La unión, FASE III",Colombia,2020,UNIVERSIDAD CATOLICA LUIS AMIGO,"MARIA VICTORIA RESTREPO TOBON, SANDRA ISABEL MEJIA ZAPATA, MARCOS VEGA SENA, ELIZA KRATC GIL, JHOEEN SNEYDER ROJAS DIAZ, JOHN JAIRO GARCIA PENA, GLORIA CECILIA CARDONA RIOS, DIEGO LEON CARVAJAL SERNA, ANGEL AUGUSTO VIZCAYA CASTILLO, DAVID IGNACIO MOLINA VELASQUEZ, OMAR AUGUSTO AMADOR SANCHEZ",2
00292,011,Innovaciones generadas en la Gestión Empresarial,Empresarial,PROGRAMA DE FORMACION PARA LA PREVENCION DE LA CONDUCTA SUICIDA MUNICIPIO DE LA UNION FASE III,Colombia,2020,UNIVERSIDAD CATOLICA LUIS AMIGO,"GLORIA CECILIA CARDONA RIOS, DAVID IGNACIO MOLINA VELASQUEZ, MARIA VICTORIA RESTREPO TOBON, JOHN JAIRO GARCIA PENA, SANDRA ISABEL MEJIA ZAPATA, ANGEL AUGUSTO VIZCAYA CASTILLO, MARCOS VEGA SENA, OMAR AUGUSTO AMADOR SANCHEZ, ELIZA KRATC GIL, DIEGO LEON CARVAJAL SERNA, JHOEEN SNEYDER ROJAS DIAZ",2
00293,011,Innovaciones generadas en la Gestión Empresarial,Empresarial,"Construcción de la ruta de atención y directorio de emergencias para el comportamiento suicida, Municipio de Andes en FASE III",Colombia,2020,UNIVERSIDAD CATOLICA LUIS AMIGO,"GLORIA CECILIA CARDONA RIOS, DAVID IGNACIO MOLINA VELASQUEZ, MARIA VICTORIA RESTREPO TOBON, JOHN JAIRO GARCIA PENA, SANDRA ISABEL MEJIA ZAPATA, ANGEL AUGUSTO VIZCAYA CASTILLO, MARCOS VEGA SENA, OMAR AUGUSTO AMADOR SANCHEZ, ELIZA KRATC GIL, DIEGO LEON CARVAJAL SERNA, JHOEEN SNEYDER ROJAS DIAZ",2
00294,011,Innovaciones generadas en la Gestión Empresarial,Empresarial,"innovación generada en la gestión empresarial consistente en el área de gestión de lo humano, a través de la creación de una estrategia organizacional con programas de formación orientado al cumplimiento de políticas públicas de salud mental en RIONEGRO Fase III",Colombia,2020,UNIVERSIDAD CATOLICA LUIS AMIGO,"DAVID IGNACIO MOLINA VELASQUEZ, DIEGO LEON CARVAJAL SERNA, JHOEEN SNEYDER ROJAS DIAZ, MARCOS FIDEL VEGA SENA, JOHN JAIRO GARCIA PENA, SANDRA ISABEL MEJIA ZAPATA, GLORIA CECILIA CARDONA RIOS, ELIZA KRATC GIL, ANGEL AUGUSTO VIZCAYA CASTILLO, OMAR AUGUSTO AMADOR SANCHEZ, MARIA VICTORIA RESTREPO TOBON",2
00295,011,Innovaciones generadas en la Gestión Empresarial,Empresarial,"Innovación Programa de Formación y Capacitación para la Prevención del Comportamiento Suicida, Municipio Andes en Fase III",Colombia,2020,UNIVERSIDAD CATOLICA LUIS AMIGO,"DAVID IGNACIO MOLINA VELASQUEZ, DIEGO LEON CARVAJAL SERNA, JHOEEN SNEYDER ROJAS DIAZ, MARCOS FIDEL VEGA SENA, JOHN JAIRO GARCIA PENA, SANDRA ISABEL MEJIA ZAPATA, GLORIA CECILIA CARDONA RIOS, ELIZA KRATC GIL, ANGEL AUGUSTO VIZCAYA CASTILLO, OMAR AUGUSTO AMADOR SANCHEZ, MARIA VICTORIA RESTREPO TOBON",2
00296,011,Innovaciones generadas en la Gestión Empresarial,Empresarial,"una innovación generada en la gestión empresarial consistente en un Programa de Formación y Capacitación para la Prevención del Comportamiento Suicida,RIONEGRO EN FASE III",Colombia,2020,UNIVERSIDAD CATOLICA LUIS AMIGO,"MARIA VICTORIA RESTREPO TOBON, SANDRA ISABEL MEJIA ZAPATA, MARCOS VEGA SENA, ELIZA KRATC GIL, JHOEEN SNEYDER ROJAS DIAZ, JOHN JAIRO GARCIA PENA, GLORIA CECILIA CARDONA RIOS, DIEGO LEON CARVAJAL SERNA, ANGEL AUGUSTO VIZCAYA CASTILLO, DAVID IGNACIO MOLINA VELASQUEZ, OMAR AUGUSTO AMADOR SANCHEZ",2
00297,011,Innovaciones generadas en la Gestión Empresarial,Empresarial,"innovación generada en la gestión empresarial consistente en el área de gestión de lo humano, a través de la creación de una estrategia organizacional con programas de formación orientado al cumplimiento de politicas públicas de salud mental en Envigado Fase III",Colombia,2020,UNIVERSIDAD CATOLICA LUIS AMIGO,"DAVID IGNACIO MOLINA VELASQUEZ, DIEGO LEON CARVAJAL SERNA, JHOEEN SNEYDER ROJAS DIAZ, MARCOS FIDEL VEGA SENA, JOHN JAIRO GARCIA PENA, SANDRA ISABEL MEJIA ZAPATA, GLORIA CECILIA CARDONA RIOS, ELIZA KRATC GIL, ANGEL AUGUSTO VIZCAYA CASTILLO, OMAR AUGUSTO AMADOR SANCHEZ, MARIA VICTORIA RESTREPO TOBON",2
00298,011,Innovaciones generadas en la Gestión Empresarial,Empresarial,"Programa de Formación y Capacitación para la Prevención del Comportamiento Suicida. Rionegro, FASE III",Colombia,2020,UNIVERSIDAD CATOLICA LUIS AMIGO,"DAVID IGNACIO MOLINA VELASQUEZ, DIEGO LEON CARVAJAL SERNA, JHOEEN SNEYDER ROJAS DIAZ, MARCOS FIDEL VEGA SENA, JOHN JAIRO GARCIA PENA, SANDRA ISABEL MEJIA ZAPATA, GLORIA CECILIA CARDONA RIOS, ELIZA KRATC GIL, ANGEL AUGUSTO VIZCAYA CASTILLO, OMAR AUGUSTO AMADOR SANCHEZ, MARIA VICTORIA RESTREPO TOBON",2
00299,011,Innovaciones generadas en la Gestión Empresarial,Empresarial,"Programa de Formación y Capacitación para la Prevención del Comportamiento Suicida ,Municipio de Andes en FASE III",Colombia,2020,UNIVERSIDAD CATOLICA LUIS AMIGO,"ELIZA KRATC GIL, ANGEL AUGUSTO VIZCAYA CASTILLO, DAVID IGNACIO MOLINA VELASQUEZ, MARIA VICTORIA RESTREPO TOBON, JOHN JAIRO GARCIA PENA, OMAR AUGUSTO AMADOR SANCHEZ, DIEGO LEON CARVAJAL SERNA, MARCOS VEGA SENA, SANDRA ISABEL MEJIA ZAPATA, GLORIA CECILIA CARDONA RIOS, JHOEEN SNEYDER ROJAS DIAZ",2
00300,011,Innovaciones generadas en la Gestión Empresarial,Organizacional,Innovation concerning the carrying out of the Training and Prevention Program for Suicidal Behavior in Religious Communities en Fase III Medellín,Colombia,2020,UNIVERSIDAD CATOLICA LUIS AMIGO,"DAVID IGNACIO MOLINA VELASQUEZ, DIEGO LEON CARVAJAL SERNA, JHOEEN SNEYDER ROJAS DIAZ, MARCOS FIDEL VEGA SENA, JOHN JAIRO GARCIA PENA, SANDRA ISABEL MEJIA ZAPATA, GLORIA CECILIA CARDONA RIOS, ELIZA KRATC GIL, ANGEL AUGUSTO VIZCAYA CASTILLO, OMAR AUGUSTO AMADOR SANCHEZ, MARIA VICTORIA RESTREPO TOBON",2
00301,011,Innovaciones generadas en la Gestión Empresarial,Empresarial,PROGRAMA DE FORMACION PARA LA PREVENCION DE LA CONDUCTA SUICIDA MUNICIPIO DE LA UNION FASE III,Colombia,2020,UNIVERSIDAD CATOLICA LUIS AMIGO,"ELIZA KRATC GIL, ANGEL AUGUSTO VIZCAYA CASTILLO, DAVID IGNACIO MOLINA VELASQUEZ, MARIA VICTORIA RESTREPO TOBON, JOHN JAIRO GARCIA PENA, OMAR AUGUSTO AMADOR SANCHEZ, DIEGO LEON CARVAJAL SERNA, MARCOS VEGA SENA, SANDRA ISABEL MEJIA ZAPATA, GLORIA CECILIA CARDONA RIOS, JHOEEN SNEYDER ROJAS DIAZ",2
00302,011,Innovaciones generadas en la Gestión Empresarial,Empresarial,"innovación generada en la gestión empresarial consistente en el área de gestión de lo humano, a través de la creación de una ruta de atención y directorio de emergencias para el comportamiento suicida Municipio de Andes en Fase III",Colombia,2020,UNIVERSIDAD CATOLICA LUIS AMIGO,"DAVID IGNACIO MOLINA VELASQUEZ, DIEGO LEON CARVAJAL SERNA, JHOEEN SNEYDER ROJAS DIAZ, MARCOS FIDEL VEGA SENA, JOHN JAIRO GARCIA PENA, SANDRA ISABEL MEJIA ZAPATA, GLORIA CECILIA CARDONA RIOS, ELIZA KRATC GIL, ANGEL AUGUSTO VIZCAYA CASTILLO, OMAR AUGUSTO AMADOR SANCHEZ, MARIA VICTORIA RESTREPO TOBON",2
00303,011,Innovaciones generadas en la Gestión Empresarial,Empresarial,"Construcción de la ruta de atención y directorio de emergencias para el comportamiento suicida, Municipio de Andes en FASE III",Colombia,2020,UNIVERSIDAD CATOLICA LUIS AMIGO,"ELIZA KRATC GIL, ANGEL AUGUSTO VIZCAYA CASTILLO, DAVID IGNACIO MOLINA VELASQUEZ, MARIA VICTORIA RESTREPO TOBON, JOHN JAIRO GARCIA PENA, OMAR AUGUSTO AMADOR SANCHEZ, DIEGO LEON CARVAJAL SERNA, MARCOS VEGA SENA, SANDRA ISABEL MEJIA ZAPATA, GLORIA CECILIA CARDONA RIOS, JHOEEN SNEYDER ROJAS DIAZ",2
00304,011,Innovaciones generadas en la Gestión Empresarial,Empresarial,INNOVACION DE PROGRAMAS DE FORMACION A LA COMUNIDAD SOBRE LA PREVENCION DEL COMPORTAMIENTO SUICIDA MUNICIPIO DE ENVIGADO EN FASE III,Colombia,2020,UNIVERSIDAD CATOLICA LUIS AMIGO,"ELIZA KRATC GIL, ANGEL AUGUSTO VIZCAYA CASTILLO, DAVID IGNACIO MOLINA VELASQUEZ, MARIA VICTORIA RESTREPO TOBON, JOHN JAIRO GARCIA PENA, OMAR AUGUSTO AMADOR SANCHEZ, DIEGO LEON CARVAJAL SERNA, MARCOS VEGA SENA, SANDRA ISABEL MEJIA ZAPATA, GLORIA CECILIA CARDONA RIOS, JHOEEN SNEYDER ROJAS DIAZ",2
00305,011,Innovaciones generadas en la Gestión Empresarial,Organizacional,una innovación generada en la gestión empresarial consistente en un Programa de Formación y Capacitación para la Prevención del Comportamiento Suicida Rionegro en Fase III,Colombia,2020,UNIVERSIDAD CATOLICA LUIS AMIGO,"GLORIA CECILIA CARDONA RIOS, DAVID IGNACIO MOLINA VELASQUEZ, MARIA VICTORIA RESTREPO TOBON, JOHN JAIRO GARCIA PENA, SANDRA ISABEL MEJIA ZAPATA, ANGEL AUGUSTO VIZCAYA CASTILLO, MARCOS VEGA SENA, OMAR AUGUSTO AMADOR SANCHEZ, ELIZA KRATC GIL, DIEGO LEON CARVAJAL SERNA, JHOEEN SNEYDER ROJAS DIAZ",2
00306,011,Innovaciones generadas en la Gestión Empresarial,Empresarial,"Construcción de la ruta de atención y directorio de emergencias para el comportamiento suicida, Municipio de Andes en FASE III",Colombia,2020,UNIVERSIDAD CATOLICA LUIS AMIGO,"GLORIA CECILIA CARDONA RIOS, DAVID IGNACIO MOLINA VELASQUEZ, MARIA VICTORIA RESTREPO TOBON, JOHN JAIRO GARCIA PENA, SANDRA ISABEL MEJIA ZAPATA, ANGEL AUGUSTO VIZCAYA CASTILLO, MARCOS VEGA SENA, OMAR AUGUSTO AMADOR SANCHEZ, ELIZA KRATC GIL, DIEGO LEON CARVAJAL SERNA, JHOEEN SNEYDER ROJAS DIAZ",2
00307,011,Innovaciones generadas en la Gestión Empresarial,Empresarial,PROGRAMA DE FORMACION PARA LA PREVENCION DE LA CONDUCTA SUICIDA MUNICIPIO DE ENVIGADO FASE III,Colombia,2020,UNIVERSIDAD CATOLICA LUIS AMIGO,"GLORIA CECILIA CARDONA RIOS, DAVID IGNACIO MOLINA VELASQUEZ, MARIA VICTORIA RESTREPO TOBON, JOHN JAIRO GARCIA PENA, SANDRA ISABEL MEJIA ZAPATA, ANGEL AUGUSTO VIZCAYA CASTILLO, MARCOS VEGA SENA, OMAR AUGUSTO AMADOR SANCHEZ, ELIZA KRATC GIL, DIEGO LEON CARVAJAL SERNA, JHOEEN SNEYDER ROJAS DIAZ",2
00308,011,Innovaciones generadas en la Gestión Empresarial,Empresarial,"Programa de Formación y Capacitación para la Prevención del Comportamiento Suicida, Municipio de Andes en Fase III",Colombia,2020,UNIVERSIDAD CATOLICA LUIS AMIGO,"MARIA VICTORIA RESTREPO TOBON, SANDRA ISABEL MEJIA ZAPATA, MARCOS VEGA SENA, ELIZA KRATC GIL, JHOEEN SNEYDER ROJAS DIAZ, JOHN JAIRO GARCIA PENA, GLORIA CECILIA CARDONA RIOS, DIEGO LEON CARVAJAL SERNA, ANGEL AUGUSTO VIZCAYA CASTILLO, DAVID IGNACIO MOLINA VELASQUEZ, OMAR AUGUSTO AMADOR SANCHEZ",2
00309,011,Innovaciones generadas en la Gestión Empresarial,Empresarial,Construcción de la ruta de atención y directorio de emergencias para el comportamiento suicida. Andes. FASE III,Colombia,2020,UNIVERSIDAD CATOLICA LUIS AMIGO,"MARIA VICTORIA RESTREPO TOBON, SANDRA ISABEL MEJIA ZAPATA, MARCOS VEGA SENA, ELIZA KRATC GIL, JHOEEN SNEYDER ROJAS DIAZ, JOHN JAIRO GARCIA PENA, GLORIA CECILIA CARDONA RIOS, DIEGO LEON CARVAJAL SERNA, ANGEL AUGUSTO VIZCAYA CASTILLO, DAVID IGNACIO MOLINA VELASQUEZ, OMAR AUGUSTO AMADOR SANCHEZ",2
00310,011,Innovaciones generadas en la Gestión Empresarial,Empresarial,"Programa de Formación y Capacitación para la Prevención del Comportamiento Suicida. Envigado, FASE III",Colombia,2020,UNIVERSIDAD CATOLICA LUIS AMIGO,"MARIA VICTORIA RESTREPO TOBON, SANDRA ISABEL MEJIA ZAPATA, MARCOS VEGA SENA, ELIZA KRATC GIL, JHOEEN SNEYDER ROJAS DIAZ, JOHN JAIRO GARCIA PENA, GLORIA CECILIA CARDONA RIOS, DIEGO LEON CARVAJAL SERNA, ANGEL AUGUSTO VIZCAYA CASTILLO, DAVID IGNACIO MOLINA VELASQUEZ, OMAR AUGUSTO AMADOR SANCHEZ",2
00311,011,Innovaciones generadas en la Gestión Empresarial,Empresarial,"una innovación generada en la gestión empresarial consistente en el área de gestiónde lo humano,a través de la creación de una ruta de atención y directorio de emergencias para el comportamiento suicida, RIONEGRO FASE III",Colombia,2020,UNIVERSIDAD CATOLICA LUIS AMIGO,"MARIA VICTORIA RESTREPO TOBON, SANDRA ISABEL MEJIA ZAPATA, MARCOS VEGA SENA, ELIZA KRATC GIL, JHOEEN SNEYDER ROJAS DIAZ, JOHN JAIRO GARCIA PENA, GLORIA CECILIA CARDONA RIOS, DIEGO LEON CARVAJAL SERNA, ANGEL AUGUSTO VIZCAYA CASTILLO, DAVID IGNACIO MOLINA VELASQUEZ, OMAR AUGUSTO AMADOR SANCHEZ",2
00312,011,Innovaciones generadas en la Gestión Empresarial,Empresarial,Programa de Formación y Capacitación para la Prevención del Comportamiento Suicida Rionegro en Fase III,Colombia,2020,UNIVERSIDAD CATOLICA LUIS AMIGO,"GLORIA CECILIA CARDONA RIOS, DAVID IGNACIO MOLINA VELASQUEZ, MARIA VICTORIA RESTREPO TOBON, JOHN JAIRO GARCIA PENA, SANDRA ISABEL MEJIA ZAPATA, ANGEL AUGUSTO VIZCAYA CASTILLO, MARCOS VEGA SENA, OMAR AUGUSTO AMADOR SANCHEZ, ELIZA KRATC GIL, DIEGO LEON CARVAJAL SERNA, JHOEEN SNEYDER ROJAS DIAZ",2
00313,011,Innovaciones generadas en la Gestión Empresarial,Empresarial,PROGRAMA DE FORMACION PARA LA PREVENCION DE LA CONDUCTA SUICIDA MUNICIPIO DE RIONEGRO FASE III,Colombia,2020,UNIVERSIDAD CATOLICA LUIS AMIGO,"ELIZA KRATC GIL, ANGEL AUGUSTO VIZCAYA CASTILLO, DAVID IGNACIO MOLINA VELASQUEZ, MARIA VICTORIA RESTREPO TOBON, JOHN JAIRO GARCIA PENA, OMAR AUGUSTO AMADOR SANCHEZ, DIEGO LEON CARVAJAL SERNA, MARCOS VEGA SENA, SANDRA ISABEL MEJIA ZAPATA, GLORIA CECILIA CARDONA RIOS, JHOEEN SNEYDER ROJAS DIAZ",2
00314,011,Innovaciones generadas en la Gestión Empresarial,Empresarial,"IG-A1, consistente en un protocolo sobre ¿Cómo informar suicidio para Colombia?MUNICIPIO DE RIONEGRO EN FASE III",Colombia,2020,Alcaldía de Rionegro,"ELIZA KRATC GIL, ANGEL AUGUSTO VIZCAYA CASTILLO, DAVID IGNACIO MOLINA VELASQUEZ, MARIA VICTORIA RESTREPO TOBON, JOHN JAIRO GARCIA PENA, OMAR AUGUSTO AMADOR SANCHEZ, DIEGO LEON CARVAJAL SERNA, MARCOS VEGA SENA, SANDRA ISABEL MEJIA ZAPATA, GLORIA CECILIA CARDONA RIOS, JHOEEN SNEYDER ROJAS DIAZ",2
00315,011,Innovaciones generadas en la Gestión Empresarial,Organizacional,INNOVACION A TRAVES DE LA CREACION DE PROGRAMAS PARA LA PREVENCION DE LA CONDUCTA SUICIDA EN RIONEGRO FASE II,Colombia,2019,UNIVERSIDAD CATOLICA LUIS AMIGO,"GLORIA CECILIA CARDONA RIOS, JOHN JAIRO GARCIA PENA, DAVID IGNACIO MOLINA VELASQUEZ, MARIA VICTORIA RESTREPO TOBON, SANDRA ISABEL MEJIA ZAPATA, ANGEL AUGUSTO VIZCAYA CASTILLO, MARCOS VEGA SENA, OMAR AUGUSTO AMADOR SANCHEZ, ELIZA KRATC GIL, DIEGO LEON CARVAJAL SERNA, JHOEEN SNEYDER ROJAS DIAZ",2
00316,011,Innovaciones generadas en la Gestión Empresarial,Empresarial,Estrategia organizacional con programas de formación orientado al cumplimiento de las políticas públicas de Salud Mental: estrategias para prevenir y atender los factores de riesgo asociados a la conducta suicida en RIONEGRO FASE II,Colombia,2019,UNIVERSIDAD CATOLICA LUIS AMIGO,"MARIA VICTORIA RESTREPO TOBON, SANDRA ISABEL MEJIA ZAPATA, MARCOS VEGA SENA, ELIZA KRATC GIL, JHOEEN SNEYDER ROJAS DIAZ, JOHN JAIRO GARCIA PENA, GLORIA CECILIA CARDONA RIOS, DIEGO LEON CARVAJAL SERNA, ANGEL AUGUSTO VIZCAYA CASTILLO, DAVID IGNACIO MOLINA VELASQUEZ, OMAR AUGUSTO AMADOR SANCHEZ, ANA LUCIA CEBALLOS DUQUE",2
00317,011,Innovaciones generadas en la Gestión Empresarial,Organizacional,programa de formacion y capacitacion para la prevencion del comportamiento suicida - fase 2 en municipio de Rionegro.,Colombia,2019,UNIVERSIDAD CATOLICA LUIS AMIGO,"GLORIA CECILIA CARDONA RIOS, DAVID IGNACIO MOLINA VELASQUEZ, MARIA VICTORIA RESTREPO TOBON, JOHN JAIRO GARCIA PENA, SANDRA ISABEL MEJIA ZAPATA, ANA LUCIA CEBALLOS DUQUE, ANGEL AUGUSTO VIZCAYA CASTILLO, MARCOS VEGA SENA, OMAR AUGUSTO AMADOR SANCHEZ, ELIZA KRATC GIL, DIEGO LEON CARVAJAL SERNA, JHOEEN SNEYDER ROJAS DIAZ",2
00318,011,Innovaciones generadas en la Gestión Empresarial,Empresarial,Estrategia organizacional con programas de formación orientado al cumplimiento de las políticas públicas de Salud Mental consistente en una innovación en la construcción del protocolo de Autopsia Psico-Socio-Patológica para el municipio de Unión.,Colombia,2019,UNIVERSIDAD CATOLICA LUIS AMIGO,"MARIA VICTORIA RESTREPO TOBON, SANDRA ISABEL MEJIA ZAPATA, MARCOS VEGA SENA, ELIZA KRATC GIL, JHOEEN SNEYDER ROJAS DIAZ, JOHN JAIRO GARCIA PENA, GLORIA CECILIA CARDONA RIOS, DIEGO LEON CARVAJAL SERNA, ANGEL AUGUSTO VIZCAYA CASTILLO, DAVID IGNACIO MOLINA VELASQUEZ, OMAR AUGUSTO AMADOR SANCHEZ, ANA LUCIA CEBALLOS DUQUE",2
00319,011,Innovaciones generadas en la Gestión Empresarial,Empresarial,INNOVACION CONSISTENTE EN LA CONSTRUCCION DE LA RUTA DE ATNCION DE LA CONDUCTA SUICIDA EN LA UNION FASE II,Colombia,2019,UNIVERSIDAD CATOLICA LUIS AMIGO,"GLORIA CECILIA CARDONA RIOS, MARIA VICTORIA RESTREPO TOBON, DAVID IGNACIO MOLINA VELASQUEZ, JOHN JAIRO GARCIA PENA, SANDRA ISABEL MEJIA ZAPATA, ANA LUCIA CEBALLOS DUQUE, ANGEL AUGUSTO VIZCAYA CASTILLO, MARCOS VEGA SENA, OMAR AUGUSTO AMADOR SANCHEZ, ELIZA KRATC GIL, DIEGO LEON CARVAJAL SERNA, JHOEEN SNEYDER ROJAS DIAZ",2
00320,011,Innovaciones generadas en la Gestión Empresarial,Organizacional,INNOVACION ORGANIZACIONAL SOBRE LA CONSTRUCCION DEL PROTOCOLO DE AUTOPSIA PSICO SOCIO PATOLOGICA LA UNION FASE II,Colombia,2019,UNIVERSIDAD CATOLICA LUIS AMIGO,"GLORIA CECILIA CARDONA RIOS, DAVID IGNACIO MOLINA VELASQUEZ, MARIA VICTORIA RESTREPO TOBON, JOHN JAIRO GARCIA PENA, SANDRA ISABEL MEJIA ZAPATA, ANA LUCIA CEBALLOS DUQUE, ANGEL AUGUSTO VIZCAYA CASTILLO, MARCOS VEGA SENA, OMAR AUGUSTO AMADOR SANCHEZ, ELIZA KRATC GIL, DIEGO LEON CARVAJAL SERNA, JHOEEN SNEYDER ROJAS DIAZ",2
00321,011,Innovaciones generadas en la Gestión Empresarial,Empresarial,INNOVACION ORGANIZACIONAL EN LA CONSTRUCCION DE LA RUTA DE ATENCION DE LA CONDUCTA SUICIDA EN LA UNION EN FASE II,Colombia,2019,UNIVERSIDAD CATOLICA LUIS AMIGO,"MARIA VICTORIA RESTREPO TOBON, SANDRA ISABEL MEJIA ZAPATA, MARCOS VEGA SENA, ELIZA KRATC GIL, JHOEEN SNEYDER ROJAS DIAZ, JOHN JAIRO GARCIA PENA, GLORIA CECILIA CARDONA RIOS, DIEGO LEON CARVAJAL SERNA, ANGEL AUGUSTO VIZCAYA CASTILLO, DAVID IGNACIO MOLINA VELASQUEZ, OMAR AUGUSTO AMADOR SANCHEZ, ANA LUCIA CEBALLOS DUQUE",2
00322,011,Innovaciones generadas en la Gestión Empresarial,Organizacional,INNOVACION PROGRAMAS DE FORMACION ATENCION Y SENSIBILACION PARA FORTALECER LOS PROCESOS ATENCION PASTORAL PARA LA PREVENCION DE LA CONDUCTA SUICIDA EN LA COMUNIDAD DEL MVV EN MEDELLIN FASE II,Colombia,2019,UNIVERSIDAD CATOLICA LUIS AMIGO,"GLORIA CECILIA CARDONA RIOS, DAVID IGNACIO MOLINA VELASQUEZ, MARIA VICTORIA RESTREPO TOBON, JOHN JAIRO GARCIA PENA, SANDRA ISABEL MEJIA ZAPATA, ANA LUCIA CEBALLOS DUQUE, ANGEL AUGUSTO VIZCAYA CASTILLO, MARCOS VEGA SENA, OMAR AUGUSTO AMADOR SANCHEZ, ELIZA KRATC GIL, DIEGO LEON CARVAJAL SERNA, JHOEEN SNEYDER ROJAS DIAZ",2
00323,011,Innovaciones generadas en la Gestión Empresarial,Empresarial,"INNOVACION ORGANIZACIONAL PARA EL AREA DE GESTION PASTORAL CON PROGRAMAS DE FORMACION,ATENCION Y SENSIBILIZACION ORIENTADOS AL PROCESO DE FORTALECIMIENTO DE ATENCION PASTORAL PARA LA PREVENCION DE LA CONDUCTA SUICIDA DE CBERTURA DE MVV EN FASE II",Colombia,2019,UNIVERSIDAD CATOLICA LUIS AMIGO,"MARIA VICTORIA RESTREPO TOBON, SANDRA ISABEL MEJIA ZAPATA, MARCOS VEGA SENA, ELIZA KRATC GIL, JHOEEN SNEYDER ROJAS DIAZ, JOHN JAIRO GARCIA PENA, GLORIA CECILIA CARDONA RIOS, DIEGO LEON CARVAJAL SERNA, ANGEL AUGUSTO VIZCAYA CASTILLO, DAVID IGNACIO MOLINA VELASQUEZ, OMAR AUGUSTO AMADOR SANCHEZ, ANA LUCIA CEBALLOS DUQUE",2
00324,011,Innovaciones generadas en la Gestión Empresarial,Organizacional,"INNOVACIÓN ÁREA DE GESTIÓN DE LO HUMANO,A TRAVÉS DE LA CREACIÓN DE UNA ESTRATEGIA ORGANIZACIONAL CON PROGRAMAS DE FORMACION ORIENTADOS AL CUMPLIMIENTO DE POLITICAS PUBLICAS DE SALUD MENTAL APLICADO EN LA COMUNIDAD DEL MUNICIPIO DE ANDES PARA LA PREVENCIÓN DE LA CONDUCTA SUICIDA EN FASE II",Colombia,2019,UNIVERSIDAD CATOLICA LUIS AMIGO,"GLORIA CECILIA CARDONA RIOS, DAVID IGNACIO MOLINA VELASQUEZ, MARIA VICTORIA RESTREPO TOBON, JOHN JAIRO GARCIA PENA, SANDRA ISABEL MEJIA ZAPATA, ANA LUCIA CEBALLOS DUQUE, ANGEL AUGUSTO VIZCAYA CASTILLO, MARCOS VEGA SENA, OMAR AUGUSTO AMADOR SANCHEZ, ELIZA KRATC GIL, DIEGO LEON CARVAJAL SERNA, JHOEEN SNEYDER ROJAS DIAZ",2
00325,011,Innovaciones generadas en la Gestión Empresarial,Organizacional,"innovación generada en la gestión empresarial consistente en el área de gestión de lo humano, a traves de la creación de una estrategia organizacional con programas de formación orientado al cumplimiento de políticas públicas en salud mental, para la prevención de la conducta suicida ANDES FASEII",Colombia,2019,UNIVERSIDAD CATOLICA LUIS AMIGO,"MARIA VICTORIA RESTREPO TOBON, SANDRA ISABEL MEJIA ZAPATA, MARCOS VEGA SENA, ELIZA KRATC GIL, JHOEEN SNEYDER ROJAS DIAZ, JOHN JAIRO GARCIA PENA, GLORIA CECILIA CARDONA RIOS, DIEGO LEON CARVAJAL SERNA, ANGEL AUGUSTO VIZCAYA CASTILLO, DAVID IGNACIO MOLINA VELASQUEZ, OMAR AUGUSTO AMADOR SANCHEZ, ANA LUCIA CEBALLOS DUQUE",2
00326,011,Innovaciones generadas en la Gestión Empresarial,Organizacional,Producto Empresarial,Colombia,2018,UNIVERSIDAD CATOLICA LUIS AMIGO,"GLORIA CECILIA CARDONA RIOS, SANDRA ISABEL MEJIA ZAPATA, OMAR AUGUSTO AMADOR SANCHEZ, MARCOS VEGA SENA, JOHN JAIRO GARCIA PENA, JHOEEN SNEYDER ROJAS DIAZ, ELIZA KRATC GIL, DIEGO LEON CARVAJAL SERNA, ANGEL AUGUSTO VIZCAYA CASTILLO, ANA LUCIA CEBALLOS DUQUE",2
00327,011,Innovaciones generadas en la Gestión Empresarial,Organizacional,consultoria científico tecnológica,Colombia,2018,UNIVERSIDAD CATOLICA LUIS AMIGO,"GLORIA CECILIA CARDONA RIOS, SANDRA ISABEL MEJIA ZAPATA, OMAR AUGUSTO AMADOR SANCHEZ, MARCOS VEGA SENA, JOHN JAIRO GARCIA PENA, JHOEEN SNEYDER ROJAS DIAZ, ELIZA KRATC GIL, DIEGO LEON CARVAJAL SERNA, ANGEL AUGUSTO VIZCAYA CASTILLO",2
00328,011,Innovaciones generadas en la Gestión Empresarial,Organizacional,consultoria científico tecnológica,Colombia,2018,UNIVERSIDAD CATOLICA LUIS AMIGO,"GLORIA CECILIA CARDONA RIOS, SANDRA ISABEL MEJIA ZAPATA, OMAR AUGUSTO AMADOR SANCHEZ, MARCOS VEGA SENA, JOHN JAIRO GARCIA PENA, JHOEEN SNEYDER ROJAS DIAZ, ELIZA KRATC GIL, DIEGO LEON CARVAJAL SERNA, ANGEL AUGUSTO VIZCAYA CASTILLO, ANA LUCIA CEBALLOS DUQUE",2
00329,011,Innovaciones generadas en la Gestión Empresarial,Organizacional,Participación en consultoria científico tecnológica,Colombia,2018,UNIVERSIDAD CATOLICA LUIS AMIGO,"GLORIA CECILIA CARDONA RIOS, SANDRA ISABEL MEJIA ZAPATA, OMAR AUGUSTO AMADOR SANCHEZ, MARCOS VEGA SENA, JOHN JAIRO GARCIA PENA, JHOEEN SNEYDER ROJAS DIAZ, ELIZA KRATC GIL, DIEGO LEON CARVAJAL SERNA, ANGEL AUGUSTO VIZCAYA CASTILLO, ANA LUCIA CEBALLOS DUQUE",2
00330,011,Innovaciones generadas en la Gestión Empresarial,Organizacional,consultoria científico tecnológica,Colombia,2018,UNIVERSIDAD CATOLICA LUIS AMIGO,"GLORIA CECILIA CARDONA RIOS, SANDRA ISABEL MEJIA ZAPATA, OMAR AUGUSTO AMADOR SANCHEZ, MARCOS VEGA SENA, JOHN JAIRO GARCIA PENA, JHOEEN SNEYDER ROJAS DIAZ, ELIZA KRATC GIL, DIEGO LEON CARVAJAL SERNA, ANGEL AUGUSTO VIZCAYA CASTILLO, ANA LUCIA CEBALLOS DUQUE",2
00331,011,Innovaciones generadas en la Gestión Empresarial,Empresarial,consultoria científico tecnológica,Colombia,2018,UNIVERSIDAD CATOLICA LUIS AMIGO,"GLORIA CECILIA CARDONA RIOS, SANDRA ISABEL MEJIA ZAPATA, OMAR AUGUSTO AMADOR SANCHEZ, MARCOS VEGA SENA, JOHN JAIRO GARCIA PENA, JHOEEN SNEYDER ROJAS DIAZ, ELIZA KRATC GIL, DIEGO LEON CARVAJAL SERNA, ANGEL AUGUSTO VIZCAYA CASTILLO",2
00332,011,Innovaciones generadas en la Gestión Empresarial,Organizacional,Participación en consultoria científico tecnológica,Colombia,2018,UNIVERSIDAD CATOLICA LUIS AMIGO,"GLORIA CECILIA CARDONA RIOS, SANDRA ISABEL MEJIA ZAPATA, OMAR AUGUSTO AMADOR SANCHEZ, MARCOS VEGA SENA, JOHN JAIRO GARCIA PENA, JHOEEN SNEYDER ROJAS DIAZ, ELIZA KRATC GIL, DIEGO LEON CARVAJAL SERNA, ANGEL AUGUSTO VIZCAYA CASTILLO, ANA LUCIA CEBALLOS DUQUE",2
00333,011,Innovaciones generadas en la Gestión Empresarial,Empresarial,Producto empresarial,Colombia,2018,UNIVERSIDAD CATOLICA LUIS AMIGO,"GLORIA CECILIA CARDONA RIOS, SANDRA ISABEL MEJIA ZAPATA, OMAR AUGUSTO AMADOR SANCHEZ, MARCOS VEGA SENA, JOHN JAIRO GARCIA PENA, JHOEEN SNEYDER ROJAS DIAZ, ELIZA KRATC GIL, DIEGO LEON CARVAJAL SERNA, ANGEL AUGUSTO VIZCAYA CASTILLO",2
00334,011,Innovaciones generadas en la Gestión Empresarial,Empresarial,consultoria científico tecnológica,Colombia,2018,UNIVERSIDAD CATOLICA LUIS AMIGO,"GLORIA CECILIA CARDONA RIOS, SANDRA ISABEL MEJIA ZAPATA, OMAR AUGUSTO AMADOR SANCHEZ, MARCOS VEGA SENA, JOHN JAIRO GARCIA PENA, JHOEEN SNEYDER ROJAS DIAZ, ELIZA KRATC GIL, DIEGO LEON CARVAJAL SERNA, ANGEL AUGUSTO VIZCAYA CASTILLO, ANA LUCIA CEBALLOS DUQUE",2
00335,011,Innovaciones generadas en la Gestión Empresarial,Organizacional,participación en consultorio científico tecnológica,Colombia,2018,UNIVERSIDAD CATOLICA LUIS AMIGO,"GLORIA CECILIA CARDONA RIOS, ANA LUCIA CEBALLOS DUQUE, ANGEL AUGUSTO VIZCAYA CASTILLO, DIEGO LEON CARVAJAL SERNA, ELIZA KRATC GIL, JHOEEN SNEYDER ROJAS DIAZ, JOHN JAIRO GARCIA PENA, MARCOS VEGA SENA, OMAR AUGUSTO AMADOR SANCHEZ, SANDRA ISABEL MEJIA ZAPATA",2
00336,011,Innovaciones generadas en la Gestión Empresarial,Organizacional,CREACIÓN DE UNA ESTRATEGIA ORGANIZACIONAL CON PROGRAMAS DE FORMACIÓN ORIENTADOS AL CUMPLIMIENTO DE LAS POLÍTICAS PÚBLICAS DE SALUD MENTAL,Colombia,2018,UNIVERSIDAD CATOLICA LUIS AMIGO,"ELIZA KRATC GIL, ANA LUCIA CEBALLOS DUQUE, DIEGO LEON CARVAJAL SERNA, GLORIA CECILIA CARDONA RIOS, JHOEEN SNEYDER ROJAS DIAZ, JOHN JAIRO GARCIA PENA, MARCOS VEGA SENA, OMAR AUGUSTO AMADOR SANCHEZ, SANDRA ISABEL MEJIA ZAPATA",2
00337,011,Innovaciones generadas en la Gestión Empresarial,Empresarial,Participación en consultoria científico tecnológica,Colombia,2018,UNIVERSIDAD CATOLICA LUIS AMIGO,"GLORIA CECILIA CARDONA RIOS, SANDRA ISABEL MEJIA ZAPATA, OMAR AUGUSTO AMADOR SANCHEZ, MARCOS VEGA SENA, JOHN JAIRO GARCIA PENA, JHOEEN SNEYDER ROJAS DIAZ, ELIZA KRATC GIL, DIEGO LEON CARVAJAL SERNA, ANGEL AUGUSTO VIZCAYA CASTILLO, ANA LUCIA CEBALLOS DUQUE",2
00338,011,Innovaciones generadas en la Gestión Empresarial,Organizacional,PROGRAMA DE FORMACIÓN Y CAPACITACIÓN PARA LA PREVENCIÓN DEL COMPORTAMIENTO SUICIDA,Colombia,2018,UNIVERSIDAD CATOLICA LUIS AMIGO,"ELIZA KRATC GIL, ANA LUCIA CEBALLOS DUQUE, DIEGO LEON CARVAJAL SERNA, GLORIA CECILIA CARDONA RIOS, JHOEEN SNEYDER ROJAS DIAZ, JOHN JAIRO GARCIA PENA, MARCOS VEGA SENA, OMAR AUGUSTO AMADOR SANCHEZ, SANDRA ISABEL MEJIA ZAPATA",2
00339,011,Innovaciones generadas en la Gestión Empresarial,Organizacional,PROGRAMA DE FORMACIÓN Y CAPACITACIÓN PARA LA PREVENCIÓN DEL COMPORTAMIENTO SUICIDA,Colombia,2018,UNIVERSIDAD CATOLICA LUIS AMIGO,"ELIZA KRATC GIL, ANA LUCIA CEBALLOS DUQUE, DIEGO LEON CARVAJAL SERNA, GLORIA CECILIA CARDONA RIOS, JHOEEN SNEYDER ROJAS DIAZ, JOHN JAIRO GARCIA PENA, MARCOS VEGA SENA, OMAR AUGUSTO AMADOR SANCHEZ, SANDRA ISABEL MEJIA ZAPATA",2
00340,012,Innovaciones generadas en la Gestión Empresarial,Organizacional,Campaña de manejo integral de residuos sólidos,Colombia,2023,UNIVERSIDAD CATOLICA LUIS AMIGO,"JUAN DIEGO LOPEZ MEDINA, XIMENA RESTREPO CORREA",2
00341,012,Innovaciones generadas en la Gestión Empresarial,Organizacional,La gestión de marca como estrategia de posicionamiento en el sector de cervezas artesanales,Colombia,2022,UNIVERSIDAD CATOLICA LUIS AMIGO,JUAN DIEGO LOPEZ MEDINA,2
00342,012,Innovaciones generadas en la Gestión Empresarial,Organizacional,Plan estratégico de posicionamiento con el uso de reels,Colombia,2022,UNIVERSIDAD CATOLICA LUIS AMIGO,"JUAN DIEGO LOPEZ MEDINA, ANDRES FELIPE ALVAREZ CARDONA, VALENTINA BUSTAMANTE RUIZ",2
00343,012,Innovaciones generadas en la Gestión Empresarial,Organizacional,"Identificación del nivel de importancia que dan los consumidores finales en Medellín, año 2022, a los principales criterios de selección de patrocinio aplicados por las marcas o empresarios",Colombia,2022,UNIVERSIDAD CATOLICA LUIS AMIGO,"JUAN DIEGO LOPEZ MEDINA, LAURA CAROLINA ACOSTA FERNANDEZ",2
00344,012,Innovaciones generadas en la Gestión Empresarial,Organizacional,Propuestas tácticas para estrategia de comercialización de K-Pop en Bogotá,Colombia,2022,UNIVERSIDAD CATOLICA LUIS AMIGO,"JUAN DIEGO LOPEZ MEDINA, PAOLA ANDREA SANCHEZ DIAZ, JIMENA ISAZA ALVAREZ",2
00345,012,Innovaciones generadas en la Gestión Empresarial,Empresarial,Gestión de la Innovación en el desarrollo de estrategias de Relaciones Públicas y estructuración de medios DOS34. S.A.S,Colombia,2022,DOS34 S.A.S,"ALEJANDRO ALZATE GIRALDO, MAURICIO ANDRES ALVAREZ MORENO",2
00346,012,Innovaciones generadas en la Gestión Empresarial,Organizacional,Formación e Intervención para la Prevención del Comportamiento Suicida en Municipio de Envigado,Colombia,2020,UNIVERSIDAD CATOLICA LUIS AMIGO,"JHOEEN SNEYDER ROJAS DIAZ, MARCOS VEGA SENA, MARIA VICTORIA RESTREPO TOBON, DAVID IGNACIO MOLINA VELASQUEZ, OMAR AUGUSTO AMADOR SANCHEZ, SANDRA ISABEL MEJIA ZAPATA, JOHN JAIRO GARCIA PENA, GLORIA CECILIA CARDONA RIOS, ELIZA KRATC GIL, DIEGO LEON CARVAJAL SERNA, ANGEL AUGUSTO VIZCAYA CASTILLO",2
00347,012,Innovaciones generadas en la Gestión Empresarial,Organizacional,Training and Prevention Program for Suicidal Behavior in Religious Communities,Estados Unidos,2020,UNIVERSIDAD CATOLICA LUIS AMIGO,"JHOEEN SNEYDER ROJAS DIAZ, MARCOS VEGA SENA, MARIA VICTORIA RESTREPO TOBON, DAVID IGNACIO MOLINA VELASQUEZ, OMAR AUGUSTO AMADOR SANCHEZ, SANDRA ISABEL MEJIA ZAPATA, JOHN JAIRO GARCIA PENA, GLORIA CECILIA CARDONA RIOS, ELIZA KRATC GIL, DIEGO LEON CARVAJAL SERNA, ANGEL AUGUSTO VIZCAYA CASTILLO",2
00348,012,Innovaciones generadas en la Gestión Empresarial,Organizacional,Rutas de atención y directorio de atención para el municipio de Andes,Colombia,2020,UNIVERSIDAD CATOLICA LUIS AMIGO,"JHOEEN SNEYDER ROJAS DIAZ, MARCOS VEGA SENA, MARIA VICTORIA RESTREPO TOBON, DAVID IGNACIO MOLINA VELASQUEZ, OMAR AUGUSTO AMADOR SANCHEZ, SANDRA ISABEL MEJIA ZAPATA, JOHN JAIRO GARCIA PENA, GLORIA CECILIA CARDONA RIOS, ELIZA KRATC GIL, DIEGO LEON CARVAJAL SERNA, ANGEL AUGUSTO VIZCAYA CASTILLO",2
00349,012,Innovaciones generadas en la Gestión Empresarial,Organizacional,Formación e Intervención para la Prevención del Comportamiento Suicida en Municipio de Rionegro - Fase 2,Colombia,2020,UNIVERSIDAD CATOLICA LUIS AMIGO,"JHOEEN SNEYDER ROJAS DIAZ, MARCOS VEGA SENA, MARIA VICTORIA RESTREPO TOBON, DAVID IGNACIO MOLINA VELASQUEZ, OMAR AUGUSTO AMADOR SANCHEZ, SANDRA ISABEL MEJIA ZAPATA, JOHN JAIRO GARCIA PENA, GLORIA CECILIA CARDONA RIOS, ELIZA KRATC GIL, DIEGO LEON CARVAJAL SERNA, ANGEL AUGUSTO VIZCAYA CASTILLO",2
00350,012,Innovaciones generadas en la Gestión Empresarial,Organizacional,Gestión de marca y posicionamiento en medios digitales,Colombia,2020,UNIVERSIDAD CATOLICA LUIS AMIGO,JUAN DIEGO LOPEZ MEDINA,2
00351,012,Innovaciones generadas en la Gestión Empresarial,Organizacional,Montaje del sistema de investigación institucional,Colombia,2020,UNIVERSIDAD CATOLICA LUIS AMIGO,JUAN DIEGO LOPEZ MEDINA,2
00352,012,Innovaciones generadas en la Gestión Empresarial,Organizacional,Programa de Formación y Capacitación para la Prevención del Comportamiento Suicida - Fase 2 en municipio de Rionegro,Colombia,2019,UNIVERSIDAD CATOLICA LUIS AMIGO,"JHOEEN SNEYDER ROJAS DIAZ, ANGEL AUGUSTO VIZCAYA CASTILLO, MARCOS VEGA SENA, OMAR AUGUSTO AMADOR SANCHEZ, GLORIA CECILIA CARDONA RIOS, JOHN JAIRO GARCIA PENA, DIEGO LEON CARVAJAL SERNA, ELIZA KRATC GIL, ANA LUCIA CEBALLOS DUQUE, SANDRA ISABEL MEJIA ZAPATA",2
00353,012,Innovaciones generadas en la Gestión Empresarial,Organizacional,Formación e Intervención para la Prevención del Comportamiento Suicida en Municipio de La Unión - Fase 2,Colombia,2019,UNIVERSIDAD CATOLICA LUIS AMIGO,"JHOEEN SNEYDER ROJAS DIAZ, MARCOS VEGA SENA, MARIA VICTORIA RESTREPO TOBON, DAVID IGNACIO MOLINA VELASQUEZ, OMAR AUGUSTO AMADOR SANCHEZ, SANDRA ISABEL MEJIA ZAPATA, JOHN JAIRO GARCIA PENA, GLORIA CECILIA CARDONA RIOS, ELIZA KRATC GIL, DIEGO LEON CARVAJAL SERNA, ANGEL AUGUSTO VIZCAYA CASTILLO",2
00354,012,Innovaciones generadas en la Gestión Empresarial,Organizacional,Formación e Intervención para la Prevención del Comportamiento Suicida en Municipio de Andes - Fase 2,Colombia,2019,UNIVERSIDAD CATOLICA LUIS AMIGO,"JHOEEN SNEYDER ROJAS DIAZ, MARCOS VEGA SENA, MARIA VICTORIA RESTREPO TOBON, DAVID IGNACIO MOLINA VELASQUEZ, OMAR AUGUSTO AMADOR SANCHEZ, SANDRA ISABEL MEJIA ZAPATA, JOHN JAIRO GARCIA PENA, GLORIA CECILIA CARDONA RIOS, ELIZA KRATC GIL, DIEGO LEON CARVAJAL SERNA, ANGEL AUGUSTO VIZCAYA CASTILLO",2
00355,012,Innovaciones generadas en la Gestión Empresarial,Empresarial,"Desarrollo de una herramienta de gestión administrativa que permite a través de la caracterización interna y externa de la empresa identificar el grado de vulnerabilidad de la empresa frente a sus potencialidades, limitaciones, desafíos y riesgos",Colombia,2019,UNIVERSIDAD CATOLICA LUIS AMIGO,"JUAN DIEGO LOPEZ MEDINA, MAURICIO ALEJANDRO BEDOYA JIMENEZ, LUIS FERNANDO QUINTERO ARANGO, JORMARIS MARTINEZ GOMEZ",2
00356,012,Innovaciones generadas en la Gestión Empresarial,Empresarial,Implementación de la planeación estratégica con el fin de que se logre un direccionamiento estratégico permitiendo a la compañía contar con una ruta empresarial clara y orientada al logro de los objetivos y la creación de valor compartido,Colombia,2019,UNIVERSIDAD CATOLICA LUIS AMIGO,"JUAN DIEGO LOPEZ MEDINA, MAURICIO ALEJANDRO BEDOYA JIMENEZ, LUIS FERNANDO QUINTERO ARANGO, JORMARIS MARTINEZ GOMEZ",2
00357,012,Innovaciones generadas en la Gestión Empresarial,Organizacional,Formación e Intervención para la Prevención del Comportamiento Suicida en Iglesia Cristiana Ministerio Verdad y Vida,Colombia,2019,UNIVERSIDAD CATOLICA LUIS AMIGO,"JHOEEN SNEYDER ROJAS DIAZ, MARCOS VEGA SENA, MARIA VICTORIA RESTREPO TOBON, DAVID IGNACIO MOLINA VELASQUEZ, OMAR AUGUSTO AMADOR SANCHEZ, SANDRA ISABEL MEJIA ZAPATA, JOHN JAIRO GARCIA PENA, GLORIA CECILIA CARDONA RIOS, ELIZA KRATC GIL, DIEGO LEON CARVAJAL SERNA, ANGEL AUGUSTO VIZCAYA CASTILLO",2
00358,012,Innovaciones generadas en la Gestión Empresarial,Empresarial,Estrategia de valor compartido orientada a la comunidad perteneciente a la Vereda El porvenir,Colombia,2019,UNIVERSIDAD CATOLICA LUIS AMIGO,"JUAN DIEGO LOPEZ MEDINA, MAURICIO ALEJANDRO BEDOYA JIMENEZ, LUIS FERNANDO QUINTERO ARANGO, JORMARIS MARTINEZ GOMEZ",2
00359,012,Innovaciones generadas en la Gestión Empresarial,Organizacional,"Programa ""Entre algodones y Cuidados"" para la gestión pastoral a la familia",Colombia,2019,UNIVERSIDAD CATOLICA LUIS AMIGO,JHOEEN SNEYDER ROJAS DIAZ,2
00360,012,Innovaciones generadas en la Gestión Empresarial,Organizacional,Gestión de Investigación y Comunicación Académica,Colombia,2019,UNIVERSIDAD CATOLICA LUIS AMIGO,JHOEEN SNEYDER ROJAS DIAZ,2
00361,012,Innovaciones generadas en la Gestión Empresarial,Organizacional,Programa de Formación y Capacitación para la Prevención del Comportamiento Suicida - Municipio de Rionegro,Colombia,2018,UNIVERSIDAD CATOLICA LUIS AMIGO,"JHOEEN SNEYDER ROJAS DIAZ, ANA LUCIA CEBALLOS DUQUE, ANGEL AUGUSTO VIZCAYA CASTILLO, DIEGO LEON CARVAJAL SERNA, ELIZA KRATC GIL, GLORIA CECILIA CARDONA RIOS, JOHN JAIRO GARCIA PENA, MARCOS VEGA SENA, OMAR AUGUSTO AMADOR SANCHEZ, SANDRA ISABEL MEJIA ZAPATA",2
00362,012,Innovaciones generadas en la Gestión Empresarial,Organizacional,Programa de Formación y Capacitación para la Prevención del Comportamiento Suicida - Municipio de La Unión,Colombia,2018,UNIVERSIDAD CATOLICA LUIS AMIGO,"JHOEEN SNEYDER ROJAS DIAZ, ANA LUCIA CEBALLOS DUQUE, ANGEL AUGUSTO VIZCAYA CASTILLO, DIEGO LEON CARVAJAL SERNA, ELIZA KRATC GIL, GLORIA CECILIA CARDONA RIOS, JOHN JAIRO GARCIA PENA, MARCOS VEGA SENA, OMAR AUGUSTO AMADOR SANCHEZ, SANDRA ISABEL MEJIA ZAPATA",2
00363,012,Innovaciones generadas en la Gestión Empresarial,Organizacional,Programa de Formación y Capacitación para la Prevención del Comportamiento Suicida - Municipio de Andes,Colombia,2018,UNIVERSIDAD CATOLICA LUIS AMIGO,"JHOEEN SNEYDER ROJAS DIAZ, MARCOS VEGA SENA, OMAR AUGUSTO AMADOR SANCHEZ, ANA LUCIA CEBALLOS DUQUE, ELIZA KRATC GIL, GLORIA CECILIA CARDONA RIOS, JOHN JAIRO GARCIA PENA, SANDRA ISABEL MEJIA ZAPATA, DIEGO LEON CARVAJAL SERNA, ANGEL AUGUSTO VIZCAYA CASTILLO",2
00364,013,Innovaciones generadas en la Gestión Empresarial,,,,,,,2
00365,014,Innovaciones generadas en la Gestión Empresarial,Organizacional,Desarrollo de un Goal Seeker en Excel que permita calcular el impuesto de renta conforme a las variables taxativas establecidas en la normatividad tributaria vigente,Colombia,2023,UNIVERSIDAD CATOLICA LUIS AMIGO,RUBY STELLA CABRERA JARAMILLO,2
00366,014,Innovaciones generadas en la Gestión Empresarial,Organizacional,Adaptación del sistema gestión de costos e indicadores financieros de la empresa SEDDCO S.A.S al protocolo exigido por las (NIIF).,Colombia,2023,UNIVERSIDAD CATOLICA LUIS AMIGO,LEIDY PATRICIA RODRIGUEZ PINEROS,2
00367,014,Innovaciones generadas en la Gestión Empresarial,Organizacional,Adaptación del sistema contable-financiero de la Root Consulting SAS al protocolo exigido por la NICC1 en políticas y procedimientos de gestión de calidad y código de ética.,Colombia,2023,UNIVERSIDAD CATOLICA LUIS AMIGO,MARIA VICTORIA AGUDELO VARGAS,2
00368,014,Innovaciones generadas en la Gestión Empresarial,Organizacional,Diseño e implementaciòn de un Workbook avanzado en Excel para GRANJA PORCÍCOLA SIERRA MORENA S.A.S.,Colombia,2022,UNIVERSIDAD CATOLICA LUIS AMIGO,RUBY STELLA CABRERA JARAMILLO,2
00369,014,Innovaciones generadas en la Gestión Empresarial,Organizacional,Diseño de una manual de procedimientos para la elaboración de la nómina y seguridad social en la empresa GrTemporales SAS,Colombia,2022,UNIVERSIDAD CATOLICA LUIS AMIGO,OLGA PATRICIA VASQUEZ MONTOYA,2
00370,014,Innovaciones generadas en la Gestión Empresarial,Empresarial,CREACIÓN Y ADAPTACIÓN DE UN MANUAL DE FUNCIONES PARA EL ÁREA DE TESOSERÍA,Colombia,2022,EAT LOS GUERREROS,CANDY LORENA CHAMORRO GONZALEZ,2
00371,014,Innovaciones generadas en la Gestión Empresarial,Organizacional,Diseño Sistema de Control Interno Contable de la empresa Inversiones Cerca CRC Antioquia,Colombia,2021,UNIVERSIDAD CATOLICA LUIS AMIGO,FARLEY SARY ROJAS RESTREPO,2
00372,014,Innovaciones generadas en la Gestión Empresarial,Organizacional,Aplicación de la Herramienta Administrativa para la Proyección de Costos y Gastos en Arepas Ventura,Colombia,2021,UNIVERSIDAD CATOLICA LUIS AMIGO,FARLEY SARY ROJAS RESTREPO,2
00373,014,Innovaciones generadas en la Gestión Empresarial,Organizacional,Diseño Sistema De Control Interno En El Área Contable De La Empresa Plantios S.A.S,Colombia,2020,UNIVERSIDAD CATOLICA LUIS AMIGO,DIEGO ALEJANDRO RAMIREZ TAPIAS,2
00374,014,Innovaciones generadas en la Gestión Empresarial,Organizacional,Diseño de un modelo de Revisoría Fiscal basado en el uso de la metodología de investigación orientada a la acción y a la toma de decisiones (AID),Colombia,2020,UNIVERSIDAD CATOLICA LUIS AMIGO,DIEGO ALEJANDRO RAMIREZ TAPIAS,2
00375,014,Innovaciones generadas en la Gestión Empresarial,Organizacional,Adaptación del sistema contable-financiero de la empresa SUSETELCO SAS al protocolo exigido por las NIIF,Colombia,2020,UNIVERSIDAD CATOLICA LUIS AMIGO,MARIA VICTORIA AGUDELO VARGAS,2
00376,014,Innovaciones generadas en la Gestión Empresarial,Empresarial,INNOVACION EN LA ADAPTACIÓN DEL SISTEMA CONTABLE-FINANCIERO DE LA EMPRESA COOPERATIVA MULTIACTIVA LUIS AMIGO,Colombia,2018,COOPERATIVA MULTIACTIVA LUIS AMIGÓ COOPERAMIGÓ,MARIA VICTORIA AGUDELO VARGAS,2
00377,014,Innovaciones generadas en la Gestión Empresarial,Organizacional,"adaptación del sistema contable financiero de la Cooperativa Multiactiva Luis Amigó, al protocolo exigido para la aplicación de las Normas Internacionales de Información Financiera (NIIF).",Colombia,2018,UNIVERSIDAD CATOLICA LUIS AMIGO,MARIA VICTORIA AGUDELO VARGAS,2
00378,014,Innovaciones generadas en la Gestión Empresarial,Organizacional,"diseño de un manual de procesos auxiliar cuentas por pagar por servicios en el hospital San Vicente fundación, el cual incluye el manual de procesos para cuentas por pagar servicios",Colombia,2018,UNIVERSIDAD CATOLICA LUIS AMIGO,CARLOS ALBERTO MUNOZ RESTREPO,2
