id_investigador,id_prod
0046,00001
0012,00001
0004,00002
0004,00003
0004,00004
0004,00005
0004,00006
0010,00007
0010,00008
0008,00009
0009,00010
0009,00011
0009,00012
0009,00014
0009,00015
0009,00016
0009,00017
0009,00018
0004,00019
0009,00020
0001,00021
0002,00022
0002,00025
0002,00026
0010,00029
0002,00030
0002,00034
0007,00035
0007,00036
0007,00037
0007,00038
0007,00039
0002,00041
0002,00042
0002,00044
0012,00045
0010,00046
0004,00047
0060,00047
0004,00048
0060,00048
0010,00049
0002,00050
0002,00051
0002,00052
0010,00053
0001,00054
0007,00055
0007,00056
0007,00057
0012,00058
0002,00059
0002,00060
0010,00061
0010,00062
0010,00063
0001,00064
0002,00065
0002,00066
0002,00067
0002,00068
0002,00069
0002,00070
0002,00071
0001,00072
0001,00073
0007,00076
0007,00077
0004,00078
0055,00078
0004,00080
0055,00080
0002,00082
0007,00083
0004,00084
0055,00084
0004,00085
0055,00085
0004,00086
0055,00086
0004,00088
0055,00088
0007,00089
0011,00089
0002,00090
0007,00092
0007,00093
0007,00094
0011,00094
0002,00095
0002,00096
0002,00097
0002,00098
0002,00099
0002,00100
0002,00101
0002,00102
0006,00105
0007,00109
0007,00112
0007,00113
0013,00127
0020,00128
0013,00129
0013,00130
0013,00131
0020,00132
0020,00133
0020,00134
0013,00135
0013,00136
0022,00137
0022,00138
0020,00139
0022,00140
0014,00141
0014,00142
0013,00144
0014,00145
0013,00147
0013,00148
0014,00151
0014,00154
0014,00155
0022,00157
0019,00158
0016,00159
0016,00160
0013,00162
0013,00163
0022,00168
0013,00169
0019,00170
0022,00173
0022,00174
0014,00176
0022,00178
0014,00179
0014,00180
0014,00182
0013,00183
0013,00184
0019,00191
0014,00192
0023,00194
0014,00195
0018,00196
0014,00197
0013,00201
0018,00202
0018,00203
0020,00208
0020,00209
0019,00213
0022,00219
0014,00220
0014,00221
0018,00222
0017,00224
0014,00226
0014,00227
0014,00228
0013,00229
0013,00231
0013,00232
0013,00233
0013,00234
0018,00235
0018,00236
0018,00237
0017,00239
0013,00240
0018,00242
0019,00243
0020,00244
0022,00245
0022,00246
0013,00258
0013,00259
0013,00260
0013,00261
0014,00262
0014,00263
0013,00264
0013,00265
0013,00266
0013,00267
0013,00268
0014,00269
0018,00270
0024,00273
0013,00274
0013,00275
0018,00280
0020,00281
0157,00282
0015,00283
0022,00284
0013,00285
0020,00286
0013,00287
0022,00310
0022,00312
0022,00324
0020,00337
0020,00338
0017,00350
0017,00354
0022,00361
0013,00363
0013,00364
0017,00380
0017,00381
0017,00382
0013,00384
0022,00389
0022,00390
0018,00409
0022,00413
0018,00420
0022,00432
0022,00433
0022,00434
0022,00435
0022,00436
0022,00437
0041,00559
0041,00560
0032,00561
0036,00561
0041,00562
0035,00562
0039,00564
0028,00569
0028,00570
0029,00571
0032,00572
0032,00573
0034,00576
0032,00577
0034,00579
0033,00582
0026,00583
0029,00584
0032,00585
0041,00586
0035,00586
0029,00587
0029,00588
0029,00589
0029,00590
0029,00591
0026,00592
0026,00593
0052,00594
0035,00594
0041,00595
0035,00595
0052,00596
0035,00596
0041,00597
0035,00597
0041,00598
0030,00600
0029,00601
0026,00602
0034,00603
0041,00604
0030,00605
0034,00606
0029,00607
0029,00608
0030,00609
0041,00610
0026,00611
0034,00618
0034,00619
0041,00624
0033,00625
0032,00626
0029,00627
0032,00628
0030,00629
0029,00630
0034,00632
0041,00633
0041,00634
0041,00638
0033,00639
0033,00640
0041,00643
0029,00644
0029,00645
0033,00646
0033,00647
0029,00648
0030,00649
0030,00650
0030,00651
0030,00652
0032,00655
0041,00657
0041,00658
0033,00660
0041,00662
0041,00663
0026,00664
0030,00666
0030,00669
0030,00671
0030,00672
0026,00673
0029,00674
0029,00675
0029,00676
0032,00677
0029,00678
0029,00679
0029,00680
0030,00681
0026,00686
0026,00689
0032,00690
0030,00691
0030,00692
0030,00693
0030,00694
0041,00695
0041,00696
0029,00697
0029,00698
0029,00699
0029,00700
0029,00701
0029,00702
0030,00707
0030,00710
0030,00711
0030,00712
0030,00713
0030,00714
0030,00715
0041,00716
0041,00717
0041,00718
0041,00719
0041,00720
0041,00723
0026,00724
0026,00725
0026,00726
0026,00727
0026,00728
0026,00729
0026,00730
0026,00731
0026,00732
0041,00733
0041,00734
0041,00735
0041,00736
0041,00738
0049,00739
0049,00740
0049,00741
0049,00742
0049,00743
0049,00744
0049,00745
0049,00746
0049,00747
0049,00748
0049,00749
0049,00750
0026,00751
0026,00752
0026,00753
0026,00754
0026,00755
0041,00756
0041,00757
0026,00758
0041,00759
0041,00760
0041,00761
0041,00762
0041,00763
0041,00764
0041,00765
0041,00766
0041,00767
0041,00768
0041,00769
0041,00770
0041,00771
0041,00772
0041,00773
0041,00774
0041,00775
0041,00776
0041,00777
0041,00778
0041,00781
0041,00785
0041,00786
0041,00787
0041,00788
0041,00789
0041,00790
0041,00791
0041,00792
0041,00793
0041,00794
0041,00795
0041,00796
0041,00800
0041,00802
0041,00803
0041,00805
0041,00806
0041,00807
0041,00808
0041,00809
0041,00810
0041,00811
0041,00812
0041,00813
0049,00814
0049,00815
0049,00817
0049,00818
0049,00819
0049,00820
0049,00821
0049,00822
0049,00823
0049,00824
0049,00825
0049,00826
0049,00827
0049,00828
0049,00829
0049,00830
0049,00831
0049,00832
0049,00833
0049,00834
0049,00835
0049,00836
0049,00852
0049,00853
0049,00854
0049,00855
0049,00857
0049,00859
0042,00900
0042,00901
0043,00902
0043,00903
0043,00904
0042,00905
0049,00906
0051,00907
0012,00907
0051,00908
0051,00909
0012,00909
0042,00910
0044,00911
0042,00913
0042,00914
0042,00915
0042,00916
0042,00917
0051,00919
0042,00921
0042,00923
0042,00928
0049,00929
0052,00931
0035,00931
0052,00933
0035,00933
0042,00934
0049,00941
0049,00948
0051,00953
0049,00956
0049,00957
0049,00963
0049,00973
0049,00980
0049,00981
0049,00982
0049,00983
0049,00984
0049,00988
0049,00994
0049,00995
0042,00996
0049,01000
0049,01001
0049,01003
0049,01004
0045,01006
0049,01007
0049,01008
0045,01009
0049,01016
0049,01017
0049,01018
0049,01019
0045,01022
0045,01024
0052,01025
0045,01027
0045,01036
0049,01048
0049,01049
0049,01050
0049,01051
0052,01054
0052,01057
0052,01058
0052,01059
0052,01060
0052,01061
0045,01067
0049,01072
0049,01073
0049,01074
0049,01075
0049,01076
0052,01079
0049,01080
0049,01081
0049,01082
0049,01083
0049,01084
0049,01085
0049,01086
0049,01088
0045,01089
0045,01095
0045,01096
0045,01099
0049,01103
0045,01106
0045,01127
0045,01157
0045,01158
0049,01175
0049,01176
0049,01177
0049,01178
0049,01179
0049,01180
0049,01181
0049,01182
0049,01183
0049,01184
0049,01185
0049,01186
0047,01225
0054,01229
0054,01230
0054,01231
0054,01232
0054,01233
0053,01234
0002,01234
0056,01235
0060,01236
0053,01237
0056,01238
0056,01239
0056,01240
0056,01241
0054,01242
0054,01243
0061,01244
0054,01245
0053,01246
0053,01247
0056,01247
0053,01248
0053,01249
0054,01250
0054,01251
0054,01252
0053,01253
0056,01253
0056,01254
0061,01255
0054,01256
0054,01257
0054,01258
0055,01259
0054,01260
0056,01261
0055,01262
0055,01263
0055,01264
0054,01265
0056,01266
0059,01266
0059,01267
0056,01268
0059,01268
0056,01269
0059,01269
0053,01270
0053,01271
0054,01272
0054,01273
0054,01275
0054,01276
0056,01277
0056,01281
0056,01282
0053,01283
0053,01284
0053,01285
0054,01286
0059,01287
0053,01288
0054,01291
0054,01292
0056,01296
0056,01297
0056,01298
0072,01300
0056,01301
0053,01302
0061,01303
0056,01305
0059,01305
0055,01306
0056,01308
0056,01309
0058,01310
0059,01311
0056,01313
0056,01314
0061,01315
0053,01317
0002,01317
0056,01319
0056,01320
0056,01321
0061,01322
0059,01324
0053,01325
0002,01325
0053,01326
0002,01326
0053,01338
0002,01338
0059,01345
0026,01348
0059,01348
0059,01349
0061,01350
0059,01351
0059,01352
0061,01353
0058,01354
0059,01355
0061,01356
0059,01357
0061,01358
0059,01359
0058,01360
0059,01361
0059,01362
0059,01363
0059,01364
0059,01365
0059,01366
0059,01367
0059,01368
0059,01369
0059,01370
0059,01371
0059,01372
0059,01373
0059,01374
0059,01375
0059,01376
0059,01378
0059,01379
0061,01385
0061,01386
0058,01406
0058,01418
0066,01442
0068,01443
0075,01445
0075,01446
0075,01447
0075,01448
0081,01449
0081,01450
0072,01451
0067,01452
0071,01453
0075,01454
0075,01455
0081,01456
0081,01457
0068,01458
0067,01459
0067,01460
0067,01461
0067,01462
0063,01471
0063,01472
0068,01473
0069,01474
0071,01475
0081,01476
0081,01477
0081,01478
0081,01479
0077,01480
0077,01481
0077,01482
0077,01483
0078,01484
0078,01485
0078,01486
0078,01487
0067,01488
0067,01489
0067,01490
0071,01491
0071,01492
0071,01493
0071,01494
0071,01495
0080,01496
0080,01497
0067,01500
0067,01501
0067,01502
0067,01503
0067,01504
0071,01505
0067,01506
0067,01507
0067,01508
0067,01509
0067,01510
0081,01511
0067,01512
0067,01513
0067,01514
0067,01515
0067,01516
0064,01517
0077,01518
0067,01519
0071,01520
0065,01521
0065,01522
0069,01523
0069,01524
0080,01525
0065,01526
0080,01530
0072,01531
0083,01531
0126,01532
0083,01532
0065,01533
0064,01533
0072,01534
0072,01535
0083,01535
0080,01539
0080,01540
0080,01541
0071,01542
0071,01543
0071,01544
0071,01545
0071,01546
0071,01547
0071,01548
0081,01549
0080,01550
0080,01551
0065,01552
0069,01553
0069,01554
0069,01557
0069,01558
0065,01559
0072,01559
0072,01560
0059,01560
0072,01571
0080,01572
0083,01573
0063,01574
0007,01574
0063,01575
0063,01576
0063,01577
0068,01577
0063,01578
0068,01578
0063,01579
0068,01579
0078,01580
0068,01581
0065,01582
0080,01583
0080,01584
0080,01585
0080,01586
0080,01587
0068,01588
0071,01589
0071,01590
0071,01591
0071,01592
0071,01593
0071,01594
0071,01595
0068,01596
0069,01597
0078,01598
0080,01599
0078,01600
0078,01601
0078,01601
0081,01602
0081,01603
0072,01604
0081,01605
0078,01606
0078,01607
0078,01608
0078,01609
0069,01610
0078,01611
0081,01612
0071,01613
0081,01614
0081,01615
0080,01616
0083,01617
0077,01618
0080,01619
0080,01620
0065,01621
0064,01621
0071,01622
0071,01623
0080,01624
0080,01625
0080,01626
0071,01627
0072,01628
0069,01629
0077,01630
0077,01631
0077,01632
0157,01633
0078,01634
0078,01635
0078,01636
0078,01637
0078,01638
0063,01639
0065,01640
0072,01640
0078,01640
0065,01641
0072,01641
0078,01641
0071,01642
0081,01643
0081,01644
0078,01645
0072,01646
0072,01647
0072,01648
0081,01655
0081,01656
0081,01657
0069,01658
0069,01659
0080,01661
0081,01662
0077,01663
0072,01665
0065,01666
0065,01667
0071,01674
0071,01675
0071,01676
0065,01677
0065,01678
0065,01679
0071,01680
0065,01681
0080,01682
0080,01683
0080,01684
0081,01685
0081,01686
0081,01687
0081,01688
0081,01689
0071,01690
0071,01692
0072,01693
0072,01694
0080,01695
0071,01696
0065,01697
0072,01697
0078,01698
0071,01699
0071,01700
0071,01701
0071,01702
0071,01703
0078,01704
0078,01705
0065,01706
0072,01706
0080,01707
0080,01708
0080,01709
0080,01710
0080,01711
0078,01713
0078,01714
0078,01715
0078,01716
0078,01717
0078,01718
0072,01719
0072,01720
0072,01721
0072,01722
0072,01723
0072,01724
0072,01725
0072,01726
0078,01727
0072,01728
0080,01729
0065,01747
0065,01748
0065,01749
0065,01750
0065,01752
0065,01753
0072,01757
0065,01758
0065,01759
0065,01760
0065,01761
0078,01761
0071,01762
0071,01763
0071,01764
0071,01765
0071,01766
0071,01767
0071,01768
0065,01769
0065,01770
0065,01771
0065,01773
0065,01790
0065,01791
0065,01792
0071,01793
0065,01794
0071,01798
0065,01807
0065,01808
0065,01809
0065,01810
0065,01812
0065,01813
0071,01823
0071,01827
0065,01828
0065,01829
0065,01831
0065,01832
0065,01833
0065,01834
0065,01837
0065,01863
0065,01864
0065,01865
0065,01866
0065,01867
0065,01868
0065,01869
0065,01870
0065,01871
0095,01893
0095,01894
0095,01895
0095,01896
0095,01897
0095,01898
0095,01899
0095,01900
0095,01901
0095,01902
0095,01903
0095,01904
0095,01905
0095,01906
0095,01907
0093,01908
0095,01909
0095,01910
0095,01915
0093,01918
0093,01919
0089,01921
0089,01922
0089,01923
0089,01924
0089,01925
0089,01926
0093,01927
0093,01928
0093,01929
0093,01930
0093,01931
0089,01932
0093,01932
0093,01933
0090,01942
0090,01946
0090,01947
0090,01948
0090,01949
0090,01950
0092,01951
0093,01951
0093,01952
0090,01953
0090,01954
0090,01955
0092,01956
0093,01956
0089,01957
0089,01958
0089,01959
0095,01960
0095,01961
0095,01962
0095,01963
0095,01964
0093,01970
0090,01972
0095,01977
0095,01978
0090,01979
0090,01980
0095,01981
0090,01984
0090,01986
0090,01987
0090,01988
0090,01989
0093,01990
0093,01991
0093,01992
0093,01993
0089,01994
0095,01995
0095,01996
0095,01997
0095,01998
0095,01999
0089,02000
0089,02001
0089,02002
0089,02003
0095,02007
0095,02008
0092,02017
0093,02017
0093,02018
0093,02019
0092,02020
0093,02020
0088,02021
0093,02022
0090,02024
0089,02025
0089,02026
0089,02027
0089,02028
0089,02029
0089,02030
0089,02031
0089,02032
0093,02033
0088,02035
0088,02037
0088,02041
0093,02044
0088,02045
0088,02046
0088,02047
0093,02048
0093,02049
0093,02050
0093,02051
0093,02052
0093,02053
0093,02054
0092,02055
0093,02056
0130,02057
0130,02058
0130,02059
0130,02060
0130,02061
0130,02062
0130,02063
0092,02064
0093,02065
0093,02066
0088,02067
0093,02068
0088,02069
0088,02070
0088,02071
0088,02072
0088,02073
0088,02074
0093,02075
0130,02076
0130,02077
0130,02078
0130,02079
0130,02080
0093,02081
0088,02082
0130,02083
0130,02084
0130,02085
0130,02086
0130,02087
0130,02088
0130,02089
0130,02090
0130,02091
0130,02092
0088,02093
0088,02094
0088,02095
0088,02096
0088,02097
0130,02098
0130,02099
0088,02100
0130,02101
0130,02102
0130,02103
0130,02104
0130,02105
0130,02106
0130,02107
0130,02108
0088,02109
0088,02110
0088,02111
0088,02112
0088,02113
0088,02114
0088,02115
0088,02116
0088,02117
0088,02118
0088,02119
0088,02120
0088,02121
0088,02122
0088,02123
0088,02124
0088,02125
0088,02126
0088,02127
0088,02128
0088,02129
0088,02130
0088,02131
0088,02132
0088,02133
0088,02134
0088,02135
0088,02136
0088,02137
0088,02138
0088,02139
0088,02140
0088,02141
0088,02142
0088,02143
0088,02144
0088,02145
0088,02146
0088,02147
0088,02148
0088,02149
0088,02150
0088,02154
0088,02155
0088,02158
0088,02159
0088,02160
0088,02161
0088,02162
0088,02163
0088,02164
0088,02165
0088,02166
0088,02167
0088,02187
0088,02188
0088,02189
0088,02190
0088,02191
0088,02192
0088,02193
0088,02194
0088,02195
0088,02196
0088,02197
0088,02198
0088,02199
0088,02200
0088,02201
0088,02202
0088,02203
0088,02204
0088,02205
0088,02206
0088,02207
0088,02208
0088,02209
0088,02210
0088,02211
0093,02213
0088,02214
0088,02215
0088,02216
0088,02217
0088,02218
0088,02219
0088,02220
0088,02221
0088,02222
0088,02223
0088,02224
0088,02225
0088,02226
0088,02227
0088,02228
0088,02229
0088,02230
0088,02231
0088,02232
0088,02233
0088,02234
0088,02235
0088,02236
0088,02237
0088,02238
0088,02239
0088,02240
0088,02241
0088,02242
0088,02243
0088,02244
0088,02245
0130,02246
0130,02247
0072,02248
0072,02249
0072,02250
0072,02251
0072,02252
0072,02253
0072,02254
0072,02255
0072,02256
0072,02257
0072,02258
0072,02259
0088,02260
0088,02261
0088,02262
0088,02263
0088,02264
0088,02265
0088,02266
0088,02267
0088,02268
0088,02269
0088,02270
0088,02271
0088,02272
0088,02273
0088,02274
0088,02275
0088,02276
0088,02277
0088,02278
0088,02279
0088,02280
0088,02281
0088,02282
0088,02283
0088,02284
0088,02285
0088,02286
0088,02287
0088,02288
0088,02289
0088,02290
0088,02291
0088,02292
0088,02293
0088,02294
0088,02295
0088,02296
0088,02297
0088,02298
0088,02299
0088,02300
0088,02301
0088,02302
0088,02303
0088,02304
0088,02305
0088,02306
0096,02311
0098,02312
0098,02313
0098,02314
0098,02315
0099,02316
0098,02318
0098,02319
0096,02320
0096,02321
0096,02322
0098,02323
0096,02326
0096,02327
0096,02329
0098,02334
0097,02335
0099,02336
0097,02337
0097,02338
0100,02339
0055,02340
0055,02341
0055,02342
0055,02343
0099,02344
0098,02346
0101,02347
0101,02348
0096,02353
0096,02354
0096,02355
0096,02356
0100,02362
0100,02363
0101,02364
0096,02365
0096,02366
0100,02367
0101,02368
0101,02369
0101,02370
0100,02371
0100,02372
0100,02373
0096,02374
0096,02375
0101,02376
0098,02377
0098,02378
0101,02379
0096,02380
0098,02382
0096,02383
0096,02384
0096,02385
0096,02386
0097,02387
0097,02388
0101,02391
0055,02397
0096,02401
0100,02409
0100,02411
0100,02412
0100,02413
0100,02414
0098,02415
0098,02416
0100,02417
0100,02418
0100,02419
0100,02420
0096,02421
0097,02426
0097,02427
0100,02428
0100,02429
0100,02430
0098,02435
0055,02436
0055,02437
0055,02438
0098,02440
0098,02441
0098,02442
0096,02449
0100,02450
0096,02454
0096,02455
0096,02456
0096,02457
0096,02458
0100,02459
0098,02461
0096,02465
0096,02466
0096,02467
0100,02468
0097,02470
0055,02471
0055,02472
0055,02473
0055,02474
0055,02476
0097,02498
0099,02499
0096,02501
0096,02502
0096,02503
0096,02504
0096,02505
0098,02506
0098,02507
0098,02508
0098,02509
0098,02510
0098,02511
0069,02512
0097,02514
0096,02519
0096,02520
0096,02521
0099,02522
0100,02525
0100,02526
0096,02527
0096,02528
0096,02529
0096,02530
0100,02531
0098,02532
0096,02535
0096,02537
0096,02539
0098,02547
0098,02548
0098,02549
0098,02550
0098,02551
0098,02552
0098,02553
0098,02554
0098,02555
0098,02556
0098,02557
0098,02558
0096,02559
0100,02563
0096,02564
0096,02565
0096,02566
0096,02567
0096,02568
0096,02569
0097,02575
0096,02578
0097,02579
0098,02581
0096,02582
0096,02583
0096,02584
0096,02586
0096,02587
0096,02588
0096,02589
0096,02590
0096,02591
0096,02592
0096,02593
0100,02598
0100,02599
0100,02600
0097,02601
0055,02602
0055,02603
0055,02604
0055,02605
0055,02606
0055,02607
0055,02609
0098,02615
0098,02616
0098,02617
0055,02619
0055,02620
0055,02621
0055,02622
0055,02623
0100,02630
0100,02631
0100,02634
0100,02638
0100,02639
0100,02640
0098,02641
0100,02642
0098,02643
0098,02644
0098,02646
0098,02647
0100,02648
0100,02649
0098,02650
0098,02651
0099,02652
0100,02653
0100,02654
0098,02656
0099,02660
0097,02663
0099,02664
0097,02667
0097,02670
0097,02671
0097,02674
0097,02675
0097,02679
0099,02724
0099,02725
0099,02726
0099,02727
0099,02728
0099,02729
0099,02730
0099,02731
0099,02732
0099,02733
0099,02738
0099,02739
0099,02745
0099,02746
0099,02747
0104,02924
0104,02925
0104,02926
0111,02927
0111,02928
0111,02929
0111,02930
0107,02931
0105,02932
0107,02933
0107,02934
0107,02935
0107,02936
0104,02937
0110,02939
0104,02943
0107,02944
0105,02946
0111,02947
0110,02948
0110,02949
0111,02950
0111,02951
0111,02952
0110,02953
0110,02954
0111,02955
0111,02956
0111,02957
0104,02958
0104,02959
0110,02960
0105,02966
0108,02967
0105,02968
0105,02969
0105,02970
0105,02971
0104,02972
0108,02973
0108,02974
0105,02975
0104,02976
0105,02977
0105,02978
0107,02979
0105,02980
0105,02981
0105,02982
0104,02983
0105,02984
0105,02985
0105,02986
0105,02987
0110,02988
0110,02989
0110,02990
0110,02991
0110,02992
0110,02993
0110,02994
0110,02995
0110,02996
0110,02997
0110,02998
0110,02999
0110,03000
0110,03001
0110,03002
0107,03003
0107,03004
0107,03005
0105,03006
0104,03007
0105,03008
0110,03009
0110,03010
0110,03011
0110,03012
0110,03013
0107,03014
0105,03015
0105,03016
0104,03017
0105,03018
0110,03019
0110,03020
0110,03021
0110,03022
0110,03023
0104,03024
0104,03025
0108,03026
0112,03030
0112,03031
0105,03044
0105,03046
0105,03059
0112,03070
0105,03078
0112,03082
0112,03083
0112,03084
0112,03085
0112,03086
0112,03087
0105,03125
0105,03126
0105,03128
0105,03129
0105,03130
0105,03131
0105,03132
0105,03133
0105,03134
0105,03135
0105,03136
0105,03137
0105,03138
0105,03139
0105,03141
0105,03142
0105,03144
0105,03146
0105,03147
0105,03148
0105,03158
0105,03159
0105,03161
0105,03162
0105,03163
0105,03164
0105,03165
0105,03166
0105,03167
0105,03168
0105,03180
0105,03181
0105,03182
0105,03183
0105,03194
0105,03218
0105,03219
0105,03220
0105,03221
0105,03222
0105,03223
0105,03224
0105,03239
0105,03240
0105,03241
0105,03242
0105,03243
0105,03244
0105,03245
0105,03246
0105,03247
0105,03248
0105,03249
0105,03250
0105,03251
0105,03280
0105,03282
0105,03283
0105,03288
0105,03289
0105,03290
0105,03291
0105,03292
0105,03293
0105,03294
0105,03295
0105,03296
0105,03297
0105,03298
0105,03299
0105,03300
0105,03301
0105,03302
0105,03303
0105,03304
0105,03305
0105,03306
0105,03307
0105,03308
0105,03309
0105,03310
0105,03311
0105,03312
0105,03313
0105,03314
0105,03315
0114,03320
0114,03321
0114,03334
0114,03336
0114,03337
0114,03338
0114,03339
0114,03340
0114,03344
0114,03345
0114,03370
0114,03371
0113,03372
0113,03374
0113,03375
0113,03376
0114,03378
0114,03379
0114,03380
0114,03381
0114,03382
0114,03383
0114,03384
0114,03390
0114,03391
0114,03404
0114,03406
0114,03407
0114,03424
0114,03428
0114,03433
0114,03438
0115,03439
0115,03440
0115,03441
0115,03442
0114,03443
0114,03444
0114,03445
0115,03446
0115,03447
0115,03448
0115,03449
0115,03450
0115,03451
0115,03455
0115,03456
0115,03457
0115,03458
0115,03459
0115,03460
0115,03461
0115,03462
0115,03463
0114,03465
0114,03466
0115,03472
0115,03473
0115,03475
0115,03476
0115,03477
0115,03478
0115,03479
0115,03480
0115,03481
0115,03482
0127,03484
0127,03485
0127,03486
0127,03487
0130,03488
0130,03489
0130,03490
0130,03491
0130,03492
0130,03493
0130,03494
0116,03495
0116,03496
0116,03497
0116,03498
0127,03499
0127,03500
0127,03501
0127,03502
0127,03503
0130,03504
0116,03505
0128,03505
0116,03507
0128,03507
0116,03508
0128,03508
0122,03509
0122,03510
0127,03511
0127,03512
0127,03513
0127,03514
0127,03515
0127,03516
0127,03517
0124,03518
0124,03519
0124,03520
0124,03521
0124,03522
0130,03523
0130,03524
0117,03525
0130,03526
0130,03527
0130,03528
0130,03529
0129,03530
0116,03531
0129,03532
0129,03533
0129,03534
0129,03535
0116,03536
0122,03537
0122,03539
0122,03540
0122,03541
0117,03542
0117,03543
0122,03544
0119,03545
0119,03546
0119,03547
0119,03548
0119,03549
0116,03550
0116,03551
0126,03552
0124,03553
0124,03554
0124,03555
0124,03556
0124,03557
0116,03558
0124,03560
0130,03561
0020,03562
0128,03563
0128,03564
0128,03565
0128,03566
0020,03567
0020,03568
0020,03569
0130,03570
0122,03571
0116,03572
0130,03573
0130,03574
0130,03575
0124,03577
0124,03578
0126,03579
0116,03580
0116,03581
0124,03582
0124,03583
0124,03584
0126,03585
0126,03586
0083,03586
0121,03587
0117,03588
0117,03589
0126,03596
0130,03597
0128,03597
0130,03598
0128,03598
0130,03599
0128,03599
0130,03600
0128,03600
0130,03601
0128,03601
0130,03602
0128,03602
0130,03603
0128,03603
0116,03604
0128,03605
0130,03606
0128,03606
0130,03607
0128,03607
0130,03608
0128,03608
0128,03609
0130,03610
0128,03610
0130,03611
0128,03611
0128,03612
0130,03613
0128,03613
0130,03614
0128,03614
0128,03615
0121,03620
0130,03623
0130,03624
0130,03625
0130,03626
0130,03627
0116,03628
0128,03629
0128,03630
0128,03631
0128,03632
0128,03633
0117,03634
0117,03635
0130,03639
0130,03640
0130,03641
0130,03642
0130,03643
0130,03644
0130,03645
0117,03657
0116,03658
0116,03659
0116,03660
0116,03661
0116,03662
0116,03663
0117,03664
0117,03668
0117,03669
0117,03707
0117,03709
0121,03716
0121,03722
0121,03723
0121,03724
0121,03725
0121,03726
0121,03727
0121,03728
0121,03729
0121,03730
0121,03731
0121,03732
0121,03733
0121,03734
0121,03735
0121,03736
0121,03740
0121,03741
0121,03744
0121,03745
0121,03746
0121,03748
0121,03749
0121,03750
0121,03751
0121,03752
0121,03753
0121,03754
0121,03755
0121,03759
0121,03760
0121,03761
0121,03764
0121,03766
0121,03769
0121,03770
0121,03771
0121,03772
0121,03773
0121,03774
0121,03775
0121,03776
0121,03777
0121,03787
0121,03789
0121,03790
0121,03791
0121,03793
0121,03794
0121,03795
0121,03796
0121,03797
0121,03798
0121,03799
0121,03800
0121,03801
0121,03802
0121,03803
0121,03804
0121,03805
0121,03806
0121,03807
0135,03808
0135,03809
0135,03810
0135,03811
0135,03812
0135,03813
0135,03814
0150,03815
0150,03816
0135,03817
0135,03818
0135,03819
0135,03820
0135,03821
0146,03822
0146,03823
0135,03824
0150,03825
0139,03826
0149,03827
0149,03828
0149,03829
0149,03830
0150,03831
0150,03832
0150,03833
0139,03834
0141,03834
0150,03834
0149,03835
0139,03836
0141,03836
0150,03836
0139,03837
0141,03837
0150,03837
0141,03838
0141,03839
0135,03840
0135,03841
0135,03842
0141,03843
0141,03844
0135,03845
0141,03846
0136,03847
0150,03848
0150,03849
0150,03850
0150,03851
0150,03852
0150,03853
0149,03854
0149,03855
0149,03856
0149,03857
0150,03858
0136,03859
0149,03860
0139,03866
0132,03869
0150,03869
0150,03871
0146,03872
0136,03873
0136,03874
0150,03875
0141,03876
0141,03877
0141,03878
0141,03879
0141,03880
0141,03881
0139,03884
0139,03889
0139,03895
0139,03900
0139,03901
0139,03902
0136,03905
0136,03906
0136,03907
0136,03908
0136,03919
0136,03920
0136,03921
0139,03922
0139,03923
0139,03926
0139,03927
0139,03932
0146,03936
0136,03962
0136,03972
0136,04182
0155,04183
0155,04184
0155,04185
0155,04186
0155,04187
0155,04188
0156,04189
0156,04190
0156,04191
0156,04192
0155,04193
0155,04194
0155,04195
0155,04196
0155,04197
0065,04200
0157,04200
0159,04201
0159,04202
0159,04208
0157,04209
0155,04210
0155,04211
0159,04212
0155,04213
0155,04214
0155,04215
0152,04216
0155,04218
0156,04218
0155,04219
0156,04219
0155,04220
0156,04221
0155,04222
0152,04223
0152,04224
0152,04225
0159,04226
0155,04227
0155,04228
0156,04231
0156,04232
0156,04233
0155,04234
0152,04238
0152,04240
0153,04241
0159,04242
0156,04242
0159,04243
0156,04243
0159,04244
0156,04244
0159,04245
0156,04245
0151,04247
0157,04247
0152,04249
0152,04251
0156,04252
0156,04253
0155,04254
0156,04255
0156,04256
0156,04257
0156,04258
0156,04259
0156,04263
0156,04264
0156,04265
0156,04266
0156,04267
0156,04268
0152,04274
0152,04275
0152,04276
0152,04277
0151,04288
0152,04297
0152,04300
0152,04304
0151,04306
0151,04307
0152,04308
0151,04308
0151,04309
0151,04310
0151,04311
0151,04312
0151,04313
0151,04314
0151,04315
0152,04317
0152,04318
0151,04318
0151,04319
0152,04320
0151,04321
0151,04322
0151,04323
0151,04324
0151,04325
0151,04326
0151,04327
0151,04328
0151,04329
0162,04331
0162,04332
0162,04333
0162,04334
0162,04335
0165,04336
0165,04337
0165,04338
0165,04339
0165,04340
0165,04341
0165,04342
0162,04343
0162,04344
0162,04345
0162,04346
0162,04347
0162,04348
0162,04349
0162,04350
0162,04351
0162,04352
0162,04353
0165,04354
0162,04355
0165,04356
0165,04357
0176,04358
0176,04359
0176,04360
0175,04361
0165,04362
0165,04363
0168,04364
0175,04365
0162,04366
0162,04367
0165,04368
0162,04369
0162,04370
0165,04371
0162,04372
0162,04373
0175,04375
0175,04376
0165,04377
0165,04378
0165,04379
0162,04381
0162,04382
0162,04383
0162,04385
0162,04386
0162,04387
0165,04389
0165,04390
0165,04391
0175,04392
0175,04393
0165,04394
0165,04395
0162,04396
0162,04397
0162,04398
0162,04399
0162,04400
0176,04402
0176,04403
0171,04404
0165,04406
0165,04407
0171,04408
0171,04409
0171,04410
0171,04411
0168,04414
0168,04415
0168,04416
0165,04417
0165,04418
0162,04419
0162,04420
0162,04421
0165,04422
0162,04423
0162,04424
0162,04425
0162,04426
0162,04427
0165,04432
0165,04433
0165,04434
0162,04435
0165,04436
0165,04437
0175,04438
0162,04449
0162,04450
0162,04451
0162,04452
0162,04453
0163,04454
0171,04455
0165,04456
0165,04458
0165,04460
0165,04462
0172,04568
0002,08365
0002,08366
0053,08366
0012,08369
0053,08370
0002,08370
0090,08370
0007,08371
0002,08372
0002,08373
0002,08376
0002,08378
0002,08379
0002,08380
0007,08388
0007,08389
0013,08395
0023,08397
0013,08398
0023,08398
0018,08398
0013,08401
0022,08403
0024,08403
0013,08405
0013,08406
0023,08406
0018,08406
0018,08407
0013,08407
0024,08408
0022,08409
0018,08410
0013,08410
0023,08410
0014,08411
0014,08413
0014,08414
0014,08415
0013,08416
0023,08416
0018,08416
0018,08417
0013,08417
0013,08420
0023,08420
0018,08421
0013,08421
0013,08422
0018,08422
0013,08423
0022,08425
0055,08425
0101,08425
0022,08426
0013,08428
0157,08432
0017,08436
0157,08439
0013,08441
0018,08441
0018,08442
0018,08444
0013,08445
0013,08446
0018,08446
0096,08447
0013,08449
0096,08450
0020,08452
0017,08453
0018,08454
0018,08455
0013,08455
0021,08464
0036,08483
0032,08483
0036,08484
0032,08484
0032,08485
0034,08486
0034,08487
0091,08487
0125,08487
0032,08488
0033,08488
0032,08489
0087,08489
0026,08490
0033,08491
0026,08491
0032,08492
0026,08492
0033,08492
0026,08493
0033,08493
0033,08494
0081,08494
0034,08494
0081,08495
0034,08495
0032,08496
0034,08497
0091,08497
0041,08498
0035,08498
0041,08499
0035,08499
0041,08500
0035,08500
0033,08501
0081,08501
0032,08503
0026,08503
0059,08503
0058,08503
0026,08504
0059,08504
0035,08505
0041,08505
0034,08506
0035,08507
0041,08507
0041,08508
0035,08508
0033,08509
0081,08509
0033,08510
0081,08510
0041,08511
0035,08512
0052,08512
0041,08513
0033,08514
0081,08514
0032,08515
0033,08516
0041,08517
0041,08518
0035,08518
0041,08519
0035,08519
0041,08520
0035,08520
0035,08521
0041,08521
0033,08522
0039,08522
0035,08523
0033,08524
0041,08525
0032,08527
0039,08528
0039,08529
0032,08533
0041,08534
0032,08535
0039,08536
0038,08536
0063,08536
0041,08537
0041,08538
0041,08539
0041,08540
0041,08541
0041,08542
0032,08543
0041,08544
0041,08545
0041,08547
0041,08549
0041,08552
0049,08554
0041,08555
0042,08574
0047,08575
0044,08576
0048,08576
0175,08576
0044,08577
0048,08577
0175,08577
0051,08578
0012,08578
0175,08579
0044,08579
0048,08579
0175,08580
0044,08580
0048,08580
0042,08581
0045,08582
0047,08582
0047,08583
0045,08583
0052,08584
0052,08585
0041,08585
0035,08585
0047,08586
0047,08587
0052,08588
0035,08588
0052,08589
0041,08589
0035,08589
0052,08590
0048,08591
0052,08592
0097,08592
0035,08592
0052,08593
0035,08593
0042,08594
0047,08595
0033,08596
0081,08596
0047,08597
0047,08598
0049,08599
0047,08599
0047,08600
0052,08601
0052,08602
0097,08602
0052,08603
0052,08604
0035,08604
0042,08605
0052,08606
0035,08606
0049,08607
0047,08607
0047,08608
0042,08611
0045,08615
0045,08616
0047,08617
0047,08619
0047,08620
0047,08625
0047,08626
0047,08629
0047,08630
0047,08632
0047,08634
0047,08635
0047,08636
0047,08637
0047,08639
0047,08641
0055,08651
0054,08651
0053,08652
0032,08653
0062,08653
0054,08654
0054,08655
0053,08656
0002,08656
0059,08657
0059,08659
0058,08659
0054,08660
0059,08661
0032,08661
0026,08661
0058,08661
0059,08662
0058,08662
0059,08663
0058,08663
0062,08664
0059,08664
0032,08664
0017,08664
0058,08664
0053,08665
0090,08665
0002,08665
0002,08666
0053,08666
0053,08667
0002,08667
0002,08668
0053,08668
0002,08669
0053,08670
0002,08671
0002,08672
0002,08673
0059,08673
0059,08677
0032,08677
0059,08682
0002,08684
0068,08694
0072,08694
0072,08695
0069,08696
0069,08697
0087,08698
0081,08699
0034,08699
0033,08699
0068,08700
0065,08700
0130,08701
0116,08701
0064,08703
0067,08705
0077,08707
0080,08708
0071,08710
0081,08711
0081,08712
0069,08713
0081,08714
0033,08714
0080,08715
0081,08716
0071,08720
0071,08723
0157,08725
0081,08726
0081,08727
0072,08728
0072,08729
0072,08730
0072,08731
0065,08732
0069,08733
0080,08735
0065,08736
0078,08745
0081,08746
0081,08749
0065,08751
0041,08752
0065,08753
0041,08756
0065,08757
0157,08757
0041,08758
0041,08759
0041,08760
0065,08761
0157,08761
0071,08766
0071,08769
0093,08770
0092,08770
0092,08771
0093,08771
0093,08772
0092,08773
0093,08773
0092,08774
0093,08774
0088,08775
0093,08776
0089,08776
0092,08777
0093,08777
0091,08778
0091,08779
0125,08780
0091,08780
0083,08781
0089,08782
0095,08783
0095,08784
0095,08785
0095,08786
0095,08787
0093,08788
0089,08788
0088,08788
0089,08789
0093,08789
0088,08789
0088,08790
0090,08792
0053,08792
0002,08792
0092,08793
0130,08796
0130,08797
0130,08798
0130,08799
0130,08801
0088,08804
0096,08808
0011,08808
0100,08809
0100,08810
0096,08812
0103,08813
0098,08814
0097,08814
0101,08815
0055,08815
0022,08815
0097,08816
0096,08819
0096,08820
0096,08821
0096,08824
0055,08825
0055,08826
0055,08827
0055,08828
0055,08829
0100,08830
0096,08831
0097,08832
0052,08832
0097,08834
0098,08834
0100,08836
0097,08837
0098,08837
0069,08838
0097,08839
0055,08841
0055,08842
0055,08843
0055,08846
0069,08847
0100,08849
0098,08851
0069,08852
0099,08856
0097,08861
0097,08864
0130,08873
0105,08879
0108,08879
0108,08880
0105,08881
0108,08882
0104,08883
0108,08884
0105,08885
0111,08887
0108,08888
0108,08889
0108,08890
0105,08891
0108,08892
0108,08893
0108,08894
0108,08895
0108,08896
0105,08897
0105,08898
0105,08899
0105,08900
0105,08902
0105,08904
0105,08905
0105,08906
0113,08907
0115,08907
0115,08908
0113,08908
0115,08909
0113,08910
0113,08911
0114,08913
0114,08915
0114,08916
0116,08919
0126,08919
0130,08920
0125,08921
0130,08922
0091,08924
0125,08924
0125,08925
0091,08925
0034,08925
0034,08926
0091,08926
0125,08926
0116,08928
0124,08929
0122,08930
0122,08931
0122,08932
0020,08933
0129,08933
0116,08934
0130,08934
0117,08934
0130,08936
0117,08937
0116,08938
0053,08938
0130,08939
0128,08939
0118,08939
0126,08940
0117,08946
0117,08949
0117,08951
0117,08954
0121,08958
0121,08959
0121,08960
0121,08961
0121,08962
0121,08963
0117,08964
0117,08967
0117,08968
0117,08969
0121,08971
0121,08976
0121,08979
0121,08980
0121,08981
0121,08982
0121,08983
0121,08984
0121,08989
0121,08990
0121,08991
0121,08992
0121,08993
0121,08994
0121,08995
0121,08996
0121,08997
0121,08998
0121,08999
0135,09000
0137,09001
0135,09002
0141,09003
0141,09004
0146,09005
0146,09006
0146,09007
0146,09008
0146,09009
0146,09012
0136,09013
0136,09014
0136,09015
0136,09016
0136,09018
0146,09020
0146,09021
0117,09031
0136,09041
0136,09043
0136,09051
0156,09069
0159,09070
0156,09071
0159,09071
0156,09072
0153,09073
0155,09074
0159,09075
0155,09076
0152,09080
0160,09081
0151,09082
0151,09083
0151,09090
0160,09091
0151,09099
0151,09102
0162,09108
0162,09109
0162,09110
0176,09111
0176,09112
0175,09113
0044,09113
0048,09113
0175,09114
0044,09114
0048,09114
0162,09115
0175,09116
0162,09117
0162,09118
0162,09119
0175,09120
0163,09121
0039,09121
0163,09122
0039,09122
0163,09128
0010,09136
0001,09137
0001,09138
0001,09139
0001,09140
0009,09141
0001,09142
0001,09143
0006,09144
0006,09147
0020,09153
0020,09154
0022,09155
0022,09156
0013,09159
0020,09160
0013,09162
0013,09163
0014,09168
0014,09170
0013,09171
0014,09176
0018,09177
0018,09178
0018,09179
0014,09183
0014,09184
0014,09186
0013,09188
0017,09189
0013,09190
0013,09194
0013,09195
0017,09196
0013,09198
0022,09200
0022,09202
0022,09203
0022,09208
0022,09209
0022,09211
0022,09212
0022,09213
0022,09214
0022,09215
0021,09220
0021,09221
0021,09222
0021,09223
0030,09229
0030,09230
0030,09231
0030,09232
0029,09233
0029,09234
0029,09235
0030,09236
0029,09237
0029,09238
0030,09239
0030,09240
0030,09241
0029,09242
0030,09243
0030,09244
0030,09245
0029,09246
0029,09247
0029,09248
0029,09249
0030,09250
0030,09251
0030,09252
0030,09253
0030,09254
0029,09255
0029,09256
0029,09257
0029,09258
0029,09259
0029,09260
0029,09261
0029,09262
0029,09263
0029,09264
0029,09265
0029,09266
0029,09267
0029,09268
0033,09269
0033,09270
0029,09271
0030,09272
0030,09273
0030,09274
0030,09275
0029,09277
0029,09278
0029,09279
0029,09280
0029,09281
0029,09282
0029,09283
0029,09284
0029,09285
0029,09286
0029,09287
0029,09288
0029,09289
0029,09290
0029,09291
0029,09292
0029,09293
0029,09294
0029,09295
0029,09296
0029,09297
0030,09298
0029,09299
0041,09300
0041,09301
0041,09302
0041,09303
0041,09304
0041,09305
0029,09306
0029,09307
0029,09308
0029,09309
0029,09310
0029,09311
0041,09312
0041,09313
0030,09314
0030,09315
0030,09316
0030,09317
0029,09318
0029,09319
0030,09320
0029,09321
0029,09322
0029,09323
0029,09324
0029,09325
0029,09326
0029,09327
0041,09328
0030,09329
0030,09330
0030,09331
0030,09332
0030,09333
0030,09334
0030,09335
0030,09336
0041,09337
0041,09338
0041,09339
0041,09340
0041,09341
0041,09342
0041,09343
0041,09344
0041,09345
0041,09346
0041,09347
0041,09348
0041,09349
0041,09350
0041,09351
0041,09360
0041,09361
0041,09362
0041,09363
0041,09364
0041,09365
0041,09366
0041,09367
0041,09368
0041,09369
0041,09371
0041,09372
0041,09373
0041,09374
0041,09375
0041,09377
0052,09385
0052,09387
0052,09388
0051,09389
0052,09390
0042,09391
0045,09392
0052,09395
0054,09404
0054,09405
0061,09408
0058,09409
0058,09411
0066,09422
0071,09423
0068,09424
0068,09425
0069,09426
0067,09429
0072,09436
0072,09437
0072,09438
0072,09439
0085,09441
0067,09444
0081,09446
0068,09447
0068,09448
0068,09449
0081,09450
0068,09451
0068,09455
0068,09456
0068,09457
0071,09458
0071,09459
0071,09460
0071,09461
0068,09462
0068,09472
0068,09473
0068,09474
0068,09475
0068,09476
0081,09481
0081,09482
0081,09483
0068,09484
0068,09485
0068,09486
0068,09487
0068,09489
0083,09490
0077,09497
0078,09498
0078,09499
0078,09506
0078,09507
0063,09509
0063,09510
0077,09511
0069,09512
0069,09513
0069,09516
0069,09517
0069,09518
0069,09519
0080,09520
0080,09521
0080,09522
0078,09523
0078,09524
0078,09525
0078,09526
0069,09527
0071,09539
0071,09540
0071,09541
0071,09542
0093,09554
0089,09555
0089,09556
0088,09557
0095,09558
0089,09559
0088,09560
0088,09561
0088,09562
0088,09563
0093,09565
0093,09566
0093,09567
0093,09568
0130,09569
0130,09570
0093,09571
0130,09572
0130,09573
0130,09574
0130,09575
0130,09576
0130,09577
0130,09578
0130,09579
0130,09580
0130,09581
0130,09582
0130,09583
0130,09584
0130,09585
0130,09586
0088,09587
0130,09588
0130,09589
0130,09590
0130,09591
0130,09592
0088,09593
0130,09594
0130,09595
0130,09596
0130,09597
0088,09598
0096,09599
0096,09600
0096,09601
0122,09602
0122,09603
0096,09614
0096,09615
0100,09617
0100,09618
0100,09619
0100,09620
0100,09621
0097,09622
0097,09623
0097,09624
0069,09625
0100,09626
0100,09627
0100,09628
0097,09629
0069,09630
0097,09631
0069,09632
0096,09633
0097,09634
0097,09638
0096,09640
0097,09641
0097,09645
0097,09646
0097,09647
0099,09648
0097,09651
0104,09654
0104,09655
0111,09656
0112,09657
0111,09658
0104,09659
0105,09662
0105,09663
0110,09664
0105,09665
0105,09666
0105,09667
0105,09668
0105,09669
0111,09670
0111,09671
0105,09672
0104,09673
0104,09674
0112,09675
0110,09676
0110,09677
0104,09678
0110,09679
0110,09680
0110,09681
0110,09682
0110,09683
0110,09684
0110,09685
0110,09686
0110,09687
0110,09688
0110,09689
0110,09690
0110,09691
0110,09692
0110,09693
0110,09694
0110,09695
0110,09696
0108,09697
0108,09698
0105,09699
0105,09703
0112,09757
0112,09758
0105,09780
0105,09792
0105,09793
0105,09794
0105,09799
0105,09800
0114,09977
0114,09978
0130,09982
0020,09983
0117,09984
0130,09985
0130,09986
0130,09987
0116,09988
0116,09989
0116,09990
0116,09991
0116,09992
0116,09993
0116,09994
0117,09995
0117,09996
0117,09997
0117,09998
0117,09999
0117,10000
0121,10001
0121,10007
0121,10008
0121,10009
0121,10010
0149,10013
0146,10017
0146,10018
0146,10019
0146,10020
0146,10021
0146,10024
0146,10026
0146,10027
0146,10028
0146,10029
0155,10074
0155,10075
0155,10077
0159,10081
0151,10082
0152,10084
0151,10085
0165,10086
0165,10087
0165,10088
0165,10089
0171,10090
0176,10091
0165,10092
0165,10093
0163,10094
0007,10103
0009,10103
0013,10116
0013,10117
0013,10118
0022,10120
0013,10121
0013,10126
0013,10129
0020,10130
0004,10130
0013,10131
0013,10132
0013,10133
0013,10134
0013,10135
0013,10136
0013,10141
0030,10149
0030,10150
0030,10151
0030,10152
0030,10153
0030,10154
0030,10155
0030,10156
0030,10157
0030,10159
0030,10160
0030,10161
0030,10162
0030,10163
0030,10164
0029,10165
0029,10166
0029,10167
0029,10168
0029,10169
0029,10170
0029,10174
0032,10177
0035,10178
0032,10180
0029,10185
0029,10186
0029,10187
0029,10188
0029,10189
0029,10190
0029,10191
0032,10192
0030,10193
0043,10208
0043,10209
0042,10210
0043,10211
0042,10212
0043,10215
0042,10217
0043,10218
0042,10219
0042,10220
0059,10232
0059,10233
0059,10234
0059,10235
0059,10236
0059,10237
0059,10238
0059,10239
0059,10242
0059,10243
0059,10244
0059,10245
0059,10246
0059,10247
0009,10253
0009,10254
0083,10258
0083,10260
0083,10261
0083,10262
0083,10263
0083,10264
0064,10264
0126,10264
0071,10266
0078,10267
0078,10268
0078,10269
0081,10270
0071,10271
0065,10276
0065,10278
0081,10279
0081,10280
0081,10281
0065,10282
0095,10283
0095,10284
0095,10285
0089,10286
0093,10287
0093,10288
0093,10289
0093,10290
0093,10291
0093,10292
0093,10293
0093,10294
0093,10295
0093,10296
0093,10297
0093,10298
0093,10299
0093,10300
0093,10301
0093,10302
0093,10303
0093,10304
0093,10305
0093,10306
0130,10307
0093,10308
0093,10309
0130,10310
0093,10311
0093,10312
0093,10313
0093,10314
0093,10315
0093,10316
0093,10317
0093,10318
0093,10319
0093,10320
0093,10321
0093,10322
0093,10323
0093,10324
0093,10325
0093,10326
0093,10327
0098,10332
0098,10333
0100,10336
0100,10337
0098,10338
0098,10340
0100,10341
0098,10343
0098,10344
0098,10346
0098,10347
0098,10348
0098,10349
0098,10350
0098,10352
0098,10353
0098,10354
0096,10355
0096,10356
0096,10357
0096,10358
0096,10359
0098,10360
0100,10361
0096,10362
0096,10363
0096,10364
0096,10365
0096,10366
0099,10367
0100,10368
0096,10369
0100,10370
0096,10371
0096,10372
0098,10373
0098,10374
0098,10375
0096,10376
0099,10378
0098,10379
0096,10380
0098,10381
0098,10382
0099,10384
0098,10385
0098,10386
0097,10387
0100,10388
0098,10389
0098,10390
0097,10395
0097,10397
0097,10398
0099,10399
0097,10400
0097,10401
0097,10403
0099,10405
0099,10412
0104,10415
0110,10416
0110,10417
0110,10418
0110,10419
0110,10420
0105,10423
0111,10427
0104,10428
0111,10430
0111,10431
0111,10432
0111,10433
0104,10434
0105,10435
0104,10436
0104,10437
0104,10438
0111,10439
0111,10440
0105,10441
0105,10442
0104,10443
0104,10444
0104,10445
0112,10447
0112,10448
0105,10449
0112,10451
0112,10452
0105,10479
0114,10481
0114,10484
0114,10486
0117,10494
0129,10495
0129,10496
0117,10497
0130,10498
0130,10499
0117,10500
0130,10501
0083,10502
0083,10503
0083,10504
0083,10505
0083,10506
0083,10507
0083,10508
0116,10511
0116,10514
0117,10519
0117,10520
0117,10521
0117,10522
0117,10524
0117,10525
0117,10534
0117,10536
0117,10538
0117,10539
0117,10540
0121,10543
0121,10546
0121,10547
0121,10550
0146,10561
0146,10562
0146,10563
0141,10564
0141,10565
0141,10566
0141,10567
0141,10568
0141,10569
0141,10570
0141,10571
0155,10578
0160,10579
0160,10580
0160,10581
0160,10582
0155,10583
0160,10584
0160,10585
0160,10586
0155,10587
0155,10588
0160,10592
0160,10593
0160,10594
0160,10595
0160,10601
0160,10602
0160,10603
0160,10604
0160,10606
0160,10608
0160,10609
0151,10615
0151,10616
0151,10617
0151,10618
0151,10619
0151,10620
0151,10621
0151,10622
0151,10623
0151,10624
0151,10625
0151,10626
0151,10627
0151,10628
0151,10629
0151,10630
0151,10631
0151,10632
0151,10633
0151,10634
0151,10635
0151,10636
0151,10637
0151,10638
0151,10639
0172,10648
0172,10649
0001,10664
0002,10665
0004,10666
0012,10666
0053,10667
0002,10667
0002,10668
0002,10669
0001,10670
0002,10671
0002,10672
0001,10673
0004,10674
0012,10674
0001,10675
0001,10676
0004,10677
0004,10679
0010,10680
0002,10681
0053,10681
0002,10682
0007,10683
0006,10683
0002,10685
0002,10686
0002,10690
0058,10690
0002,10691
0058,10691
0002,10694
0002,10698
0006,10699
0006,10703
0002,10705
0006,10709
0002,10713
0006,10719
0007,10726
0018,10730
0017,10732
0020,10733
0022,10735
0017,10736
0017,10737
0017,10738
0022,10740
0018,10745
0021,10755
0032,10756
0032,10758
0032,10759
0037,10760
0028,10760
0035,10761
0032,10762
0032,10763
0034,10764
0032,10765
0032,10766
0034,10767
0029,10768
0030,10768
0033,10769
0002,10771
0058,10771
0030,10772
0026,10773
0026,10774
0041,10775
0041,10776
0041,10777
0049,10778
0049,10779
0047,10781
0045,10781
0047,10782
0047,10783
0012,10784
0051,10784
0047,10785
0045,10785
0047,10786
0012,10787
0049,10788
0047,10791
0047,10794
0047,10797
0047,10799
0049,10801
0130,10804
0130,10805
0047,10806
0054,10813
0054,10814
0054,10815
0054,10816
0054,10817
0056,10820
0053,10821
0002,10821
0061,10822
0059,10823
0059,10825
0002,10826
0002,10828
0002,10829
0059,10832
0059,10833
0085,10840
0063,10841
0081,10843
0081,10844
0081,10845
0072,10846
0081,10847
0081,10849
0033,10849
0081,10850
0033,10850
0072,10851
0081,10852
0081,10855
0081,10857
0071,10860
0081,10861
0081,10862
0078,10867
0080,10869
0081,10870
0081,10871
0002,10872
0063,10873
0072,10874
0072,10875
0072,10876
0065,10877
0065,10879
0041,10880
0065,10881
0069,10882
0072,10883
0065,10886
0130,10889
0072,10890
0065,10891
0041,10893
0065,10894
0130,10895
0065,10896
0065,10898
0157,10898
0065,10900
0157,10900
0088,10902
0089,10902
0095,10903
0095,10904
0090,10905
0095,10905
0095,10906
0090,10906
0088,10907
0095,10908
0088,10909
0092,10910
0088,10911
0092,10913
0093,10913
0088,10914
0088,10915
0130,10916
0130,10917
0130,10918
0088,10919
0130,10920
0130,10921
0092,10923
0130,10924
0088,10925
0130,10926
0130,10927
0088,10928
0088,10929
0130,10930
0130,10931
0130,10932
0130,10933
0130,10934
0130,10935
0130,10936
0130,10937
0130,10938
0130,10939
0088,10940
0088,10941
0088,10942
0130,10943
0078,10944
0088,10945
0130,10946
0130,10947
0130,10950
0130,10951
0130,10952
0130,10953
0130,10954
0130,10955
0130,10956
0072,10957
0072,10958
0130,10959
0130,10962
0130,10963
0088,10964
0088,10966
0088,10971
0088,10972
0088,10973
0088,10974
0088,10975
0096,10976
0055,10977
0088,10977
0089,10977
0096,10977
0103,10978
0096,10979
0096,10980
0096,10981
0099,10982
0055,10983
0020,10983
0096,10984
0055,10985
0069,10986
0098,10988
0069,10989
0098,10990
0097,10990
0098,10991
0099,10992
0069,10993
0069,10994
0055,10995
0096,10997
0055,10998
0098,10999
0069,11001
0097,11002
0098,11004
0097,11017
0130,11018
0130,11020
0097,11022
0097,11023
0099,11025
0088,11029
0110,11047
0110,11048
0104,11084
0110,11092
0104,11101
0105,11106
0108,11107
0105,11111
0105,11116
0105,11119
0105,11121
0114,11141
0130,11142
0130,11143
0130,11144
0117,11145
0116,11145
0130,11146
0116,11146
0117,11146
0126,11146
0116,11147
0130,11148
0122,11149
0130,11150
0130,11151
0130,11152
0127,11153
0127,11154
0116,11155
0130,11156
0116,11156
0129,11157
0020,11157
0020,11158
0055,11158
0020,11159
0129,11159
0127,11160
0116,11161
0130,11161
0126,11161
0092,11161
0083,11161
0130,11162
0083,11162
0092,11162
0126,11162
0116,11162
0130,11163
0126,11163
0126,11164
0130,11164
0130,11165
0126,11165
0130,11166
0130,11167
0124,11168
0130,11169
0130,11170
0130,11171
0130,11172
0130,11173
0130,11174
0130,11175
0116,11176
0130,11177
0130,11178
0130,11179
0130,11180
0118,11181
0130,11182
0117,11183
0117,11184
0117,11185
0117,11186
0117,11187
0117,11188
0130,11189
0121,11190
0121,11191
0141,11194
0141,11195
0141,11196
0149,11197
0141,11198
0141,11199
0138,11200
0141,11201
0141,11202
0141,11203
0141,11204
0141,11205
0141,11206
0141,11207
0141,11208
0141,11209
0141,11210
0141,11211
0141,11212
0141,11213
0141,11214
0131,11215
0141,11216
0141,11217
0142,11218
0141,11219
0141,11220
0141,11221
0141,11222
0141,11223
0141,11224
0141,11225
0141,11226
0141,11227
0141,11228
0141,11229
0131,11230
0131,11231
0141,11232
0136,11236
0146,11237
0146,11238
0146,11239
0146,11240
0146,11241
0136,11243
0117,11249
0117,11250
0136,11252
0136,11253
0136,11256
0136,11260
0136,11263
0136,11266
0136,11269
0155,11282
0156,11283
0155,11283
0160,11284
0156,11285
0155,11286
0156,11287
0155,11287
0155,11288
0153,11290
0155,11291
0155,11292
0159,11293
0155,11294
0156,11295
0156,11296
0159,11297
0156,11298
0156,11299
0130,11300
0156,11301
0156,11302
0151,11304
0152,11310
0160,11312
0162,11318
0170,11319
0162,11320
0163,11320
0176,11321
0165,11322
0168,11323
0171,11324
0175,11324
0162,11325
0175,11326
0171,11327
0162,11328
0162,11329
0162,11332
0171,11334
0011,12075
0015,12077
0120,12077
0062,12077
0119,12077
0099,12077
0118,12077
0128,12077
0022,12078
0024,12078
0018,12080
0021,12082
0026,12087
0032,12087
0033,12087
0032,12088
0059,12088
0040,12089
0119,12089
0118,12089
0062,12089
0128,12089
0015,12089
0099,12089
0120,12089
0030,12090
0029,12090
0165,12091
0049,12100
0049,12101
0047,12101
0047,12102
0049,12102
0047,12103
0047,12104
0049,12104
0049,12106
0047,12106
0047,12107
0047,12108
0047,12110
0047,12111
0049,12112
0049,12113
0047,12114
0047,12115
0047,12116
0047,12121
0047,12123
0047,12124
0047,12126
0047,12127
0047,12128
0047,12130
0054,12133
0125,12133
0058,12133
0062,12134
0128,12134
0118,12134
0119,12134
0040,12134
0120,12134
0015,12134
0099,12134
0059,12135
0026,12135
0058,12135
0032,12135
0059,12136
0032,12136
0055,12137
0062,12138
0128,12138
0118,12138
0119,12138
0040,12138
0120,12138
0015,12138
0099,12138
0059,12139
0059,12140
0072,12146
0130,12148
0088,12155
0095,12156
0089,12157
0093,12158
0092,12158
0130,12159
0093,12160
0092,12160
0088,12161
0130,12161
0088,12162
0097,12162
0088,12163
0121,12165
0130,12165
0088,12166
0088,12167
0088,12168
0088,12169
0118,12172
0015,12172
0099,12172
0120,12172
0119,12172
0146,12172
0062,12172
0128,12172
0099,12173
0120,12173
0119,12173
0015,12173
0062,12173
0118,12173
0128,12173
0055,12174
0099,12175
0120,12175
0119,12175
0062,12175
0040,12175
0015,12175
0118,12175
0128,12175
0118,12176
0015,12176
0099,12176
0119,12176
0146,12176
0062,12176
0040,12176
0128,12176
0120,12176
0100,12177
0069,12178
0099,12180
0099,12181
0097,12182
0088,12182
0111,12193
0108,12194
0108,12195
0105,12198
0105,12206
0105,12208
0105,12209
0105,12210
0105,12211
0105,12212
0105,12213
0105,12214
0105,12215
0105,12218
0105,12219
0105,12220
0105,12221
0105,12222
0105,12223
0105,12224
0105,12228
0105,12229
0105,12230
0114,12236
0111,12237
0114,12239
0116,12243
0054,12243
0125,12243
0053,12243
0125,12244
0125,12245
0118,12247
0099,12247
0120,12247
0119,12247
0015,12247
0062,12247
0128,12247
0128,12248
0015,12248
0119,12248
0120,12248
0118,12248
0062,12248
0099,12248
0146,12248
0040,12248
0121,12251
0117,12252
0121,12252
0121,12253
0130,12253
0121,12255
0121,12257
0121,12258
0121,12259
0121,12260
0121,12261
0121,12262
0135,12267
0141,12267
0139,12267
0014,12267
0146,12268
0139,12270
0146,12271
0119,12271
0128,12271
0118,12271
0062,12271
0120,12271
0040,12271
0099,12271
0015,12271
0146,12272
0128,12272
0118,12272
0062,12272
0099,12272
0120,12272
0119,12272
0040,12272
0015,12272
0136,12278
0136,12282
0136,12283
0136,12284
0136,12285
0155,12289
0156,12290
0159,12292
0159,12293
0151,12294
0151,12299
0151,12300
0162,12302
0176,12303
0165,12304
0088,12306
0021,12344
0037,12347
0049,12354
0049,12355
0049,12356
0052,12357
0047,12362
0047,12367
0047,12368
0047,12369
0047,12374
0047,12375
0047,12376
0054,12380
0059,12383
0059,12384
0061,12386
0065,12403
0071,12404
0063,12405
0063,12406
0063,12407
0071,12408
0072,12409
0063,12409
0078,12410
0065,12411
0071,12412
0078,12414
0088,12415
0069,12416
0099,12417
0105,12425
0114,12434
0114,12435
0116,12438
0117,12439
0117,12440
0117,12441
0117,12442
0121,12444
0121,12445
0136,12447
0136,12448
0151,12453
0151,12454
0151,12455
0007,12468
0007,12469
0007,12470
0004,12471
0020,12471
0002,12472
0004,12473
0020,12473
0004,12474
0020,12474
0007,12475
0011,12476
0007,12476
0007,12477
0007,12478
0011,12478
0007,12479
0002,12480
0059,12480
0007,12481
0011,12481
0007,12482
0007,12483
0007,12484
0007,12486
0007,12488
0011,12488
0007,12489
0007,12490
0007,12491
0002,12492
0002,12493
0007,12494
0007,12495
0011,12495
0002,12496
0002,12499
0002,12500
0002,12501
0002,12502
0002,12503
0002,12504
0007,12507
0007,12508
0020,12509
0020,12510
0004,12510
0020,12511
0004,12511
0020,12512
0032,12513
0033,12513
0026,12513
0035,12514
0007,12519
0048,12519
0119,12519
0120,12519
0007,12520
0053,12525
0002,12525
0056,12525
0059,12526
0002,12526
0053,12527
0002,12527
0056,12528
0009,12529
0009,12530
0007,12530
0119,12538
0007,12538
0048,12538
0120,12538
0020,12539
0004,12539
0020,12540
0121,12541
0056,12542
0007,12542
0136,12543
0136,12544
0136,12545
0136,12546
0136,12547
0136,12548
0136,12549
0136,12550
0136,12551
0136,12552
0136,12553
0136,12554
0136,12555
0136,12556
0136,12557
0136,12558
0007,12561
0007,12562
0007,12563
0022,12574
0014,12575
0014,12576
0014,12577
0014,12578
0014,12579
0014,12580
0054,12586
0032,12586
0047,12588
0116,12592
0054,12592
0059,12593
0059,12594
0059,12596
0059,12597
0059,12598
0059,12599
0059,12600
0069,12602
0071,12603
0065,12606
0065,12607
0096,12609
0096,12610
0116,12631
0054,12631
0117,12632
0117,12633
0117,12634
0117,12635
0117,12636
0117,12637
0117,12638
0117,12639
0135,12640
0138,12640
0135,12641
0135,12642
0139,12642
0160,12646
0160,12647
0160,12648
0152,12649
0152,12650
0152,12651
0152,12652
0152,12653
0152,12654
0152,12655
0152,12656
0151,12657
0152,12658
0151,12659
0152,12660
0151,12661
0151,12662
0151,12664
0151,12666
0152,12667
0151,12668
0151,12669
0152,12670
0151,12671
0151,12672
0151,12673
0151,12674
0160,12675
0151,12676
0152,12677
0160,12678
0151,12679
0151,12680
0160,12681
0160,12682
0151,12683
0162,12684
0162,12685
0162,12686
0162,12687
0162,12688
0162,12689
0165,12690
0165,12691
0162,12692
0165,12693
0165,12694
0165,12695
0165,12696
0165,12697
0007,12699
0007,12710
0007,12711
0007,12712
0013,12715
0021,12719
0021,12720
0021,12721
0032,12746
0030,12747
0030,12748
0030,12749
0030,12750
0030,12751
0030,12752
0029,12753
0030,12754
0030,12755
0030,12756
0030,12758
0030,12759
0030,12760
0030,12761
0030,12764
0030,12765
0032,12766
0030,12767
0030,12768
0030,12769
0030,12770
0030,12771
0030,12772
0030,12773
0030,12774
0030,12775
0030,12776
0029,12777
0030,12778
0030,12779
0030,12780
0030,12781
0030,12782
0030,12783
0030,12784
0030,12785
0049,12786
0030,12787
0030,12788
0030,12789
0049,12790
0042,12796
0042,12797
0042,12798
0042,12799
0049,12801
0042,12802
0042,12803
0042,12804
0049,12805
0049,12807
0049,12808
0049,12809
0049,12812
0049,12817
0059,12822
0078,12826
0078,12827
0068,12828
0078,12830
0078,12831
0078,12832
0078,12833
0078,12834
0078,12841
0071,12847
0072,12848
0081,12849
0072,12850
0065,12855
0065,12856
0083,12857
0083,12858
0093,12859
0093,12860
0093,12861
0130,12862
0130,12863
0130,12864
0097,12871
0097,12873
0097,12874
0097,12875
0097,12877
0097,12878
0111,12884
0104,12885
0105,12886
0107,12887
0112,12908
0112,12916
0105,12931
0105,12954
0105,12960
0105,12964
0105,12967
0105,12968
0105,12972
0130,12975
0130,12976
0121,12978
0121,12979
0141,12980
0160,12986
0160,12987
0160,12988
0151,12989
0160,12991
0151,12992
0162,12999
0162,13000
0007,13011
0002,13015
0002,13016
0002,13020
0002,13021
0007,13026
0022,13033
0021,13034
0021,13035
0021,13039
0021,13040
0032,13044
0035,13045
0029,13046
0035,13048
0041,13049
0041,13050
0041,13051
0041,13052
0043,13053
0043,13054
0043,13057
0043,13061
0047,13072
0047,13073
0047,13074
0002,13077
0059,13078
0081,13081
0072,13082
0063,13082
0072,13083
0157,13091
0157,13092
0157,13093
0157,13095
0157,13096
0157,13097
0130,13098
0088,13098
0088,13099
0130,13100
0130,13101
0130,13102
0130,13103
0130,13104
0130,13109
0130,13110
0130,13111
0130,13112
0097,13114
0098,13115
0096,13116
0100,13117
0097,13118
0097,13119
0130,13125
0130,13126
0097,13127
0110,13138
0110,13139
0110,13140
0107,13141
0105,13142
0105,13143
0112,13148
0105,13172
0105,13173
0105,13175
0105,13176
0114,13178
0114,13179
0114,13180
0114,13181
0114,13182
0114,13183
0114,13184
0114,13185
0114,13186
0114,13188
0114,13189
0114,13190
0114,13191
0114,13192
0114,13193
0114,13194
0114,13195
0114,13196
0114,13197
0114,13199
0114,13200
0114,13201
0130,13202
0130,13203
0130,13204
0130,13205
0117,13206
0117,13207
0130,13208
0117,13209
0130,13210
0117,13210
0130,13211
0130,13212
0117,13213
0117,13214
0117,13215
0117,13216
0117,13217
0117,13218
0117,13219
0117,13220
0117,13221
0117,13222
0130,13223
0117,13224
0130,13225
0121,13226
0121,13227
0121,13228
0121,13229
0121,13230
0121,13231
0121,13232
0121,13233
0121,13234
0121,13235
0121,13236
0121,13237
0121,13239
0121,13242
0136,13246
0156,13259
0156,13260
0156,13261
0156,13262
0156,13263
0159,13264
0156,13265
0151,13278
0176,13297
0175,13298
0165,13299
0163,13304
0163,13305
0163,13310
0163,13311
0014,13317
0157,13320
0014,13324
0017,13329
0022,13333
0022,13334
0017,13335
0022,13336
0022,13338
0034,13354
0034,13355
0034,13356
0034,13357
0041,13359
0026,13360
0059,13381
0059,13382
0059,13383
0059,13384
0059,13386
0059,13387
0059,13389
0059,13394
0059,13396
0059,13397
0059,13399
0059,13400
0059,13401
0071,13404
0071,13405
0072,13406
0071,13407
0080,13408
0072,13409
0072,13410
0080,13411
0078,13412
0065,13412
0078,13413
0068,13413
0071,13414
0078,13416
0072,13416
0078,13417
0071,13418
0071,13419
0077,13420
0072,13421
0071,13422
0072,13423
0072,13424
0072,13425
0151,13425
0071,13426
0071,13427
0072,13428
0072,13429
0041,13430
0081,13431
0072,13432
0071,13434
0041,13435
0041,13436
0071,13437
0041,13440
0072,13441
0041,13443
0071,13448
0065,13450
0157,13450
0055,13454
0055,13455
0055,13456
0097,13456
0098,13458
0101,13459
0096,13460
0097,13460
0055,13461
0055,13462
0100,13463
0097,13465
0055,13466
0096,13467
0097,13467
0099,13468
0120,13468
0119,13468
0055,13469
0055,13470
0055,13471
0055,13474
0055,13475
0098,13477
0101,13478
0055,13478
0100,13479
0097,13479
0100,13480
0097,13480
0096,13481
0055,13482
0055,13483
0055,13484
0055,13486
0099,13488
0098,13489
0097,13489
0100,13491
0097,13491
0098,13492
0100,13493
0097,13493
0055,13494
0055,13495
0100,13496
0055,13497
0055,13498
0055,13500
0098,13501
0097,13501
0100,13502
0097,13502
0055,13504
0055,13505
0099,13507
0100,13508
0100,13509
0117,13509
0099,13511
0097,13512
0099,13513
0100,13514
0099,13517
0097,13519
0097,13523
0097,13524
0097,13525
0099,13527
0097,13530
0099,13531
0099,13533
0099,13535
0108,13536
0108,13537
0113,13543
0115,13543
0114,13544
0114,13545
0114,13546
0111,13547
0114,13548
0114,13552
0020,13556
0129,13556
0116,13557
0117,13557
0117,13558
0117,13559
0149,13560
0149,13561
0149,13562
0141,13563
0136,13574
0160,13581
0151,13582
0151,13583
0072,13583
0151,13584
0053,13588
0002,13588
0015,13590
0062,13590
0119,13590
0040,13590
0099,13590
0118,13590
0128,13590
0015,13591
0062,13591
0119,13591
0040,13591
0099,13591
0118,13591
0128,13591
0015,13592
0015,13593
0062,13593
0119,13593
0040,13593
0099,13593
0118,13593
0128,13593
0015,13594
0062,13594
0119,13594
0040,13594
0099,13594
0118,13594
0128,13594
0015,13595
0062,13595
0119,13595
0040,13595
0099,13595
0118,13595
0128,13595
0015,13596
0062,13596
0119,13596
0040,13596
0099,13596
0118,13596
0128,13596
0059,13597
0058,13597
0059,13598
0058,13598
0059,13599
0058,13599
0059,13600
0058,13600
0059,13601
0058,13601
0059,13602
0058,13602
0040,13603
0119,13603
0118,13603
0062,13603
0128,13603
0015,13603
0099,13603
0120,13603
0040,13604
0119,13604
0118,13604
0062,13604
0128,13604
0015,13604
0099,13604
0120,13604
0040,13605
0119,13605
0118,13605
0062,13605
0128,13605
0015,13605
0099,13605
0120,13605
0040,13606
0119,13606
0118,13606
0062,13606
0128,13606
0015,13606
0099,13606
0120,13606
0039,13607
0040,13608
0119,13608
0118,13608
0062,13608
0128,13608
0015,13608
0099,13608
0120,13608
0040,13609
0119,13609
0118,13609
0062,13609
0128,13609
0015,13609
0099,13609
0120,13609
0040,13610
0119,13610
0118,13610
0062,13610
0128,13610
0015,13610
0099,13610
0120,13610
0040,13611
0119,13611
0118,13611
0062,13611
0128,13611
0015,13611
0099,13611
0120,13611
0040,13612
0119,13612
0118,13612
0062,13612
0128,13612
0015,13612
0099,13612
0120,13612
0040,13613
0119,13613
0118,13613
0062,13613
0128,13613
0015,13613
0099,13613
0120,13613
0040,13614
0119,13614
0118,13614
0062,13614
0128,13614
0015,13614
0099,13614
0120,13614
0040,13615
0119,13615
0118,13615
0062,13615
0128,13615
0015,13615
0099,13615
0120,13615
0040,13616
0119,13616
0118,13616
0062,13616
0128,13616
0015,13616
0099,13616
0120,13616
0039,13617
0040,13618
0119,13618
0118,13618
0062,13618
0128,13618
0015,13618
0099,13618
0120,13618
0040,13619
0119,13619
0118,13619
0062,13619
0128,13619
0015,13619
0099,13619
0120,13619
0029,13620
0030,13620
0030,13621
0029,13621
0040,13622
0119,13622
0118,13622
0062,13622
0128,13622
0015,13622
0099,13622
0120,13622
0040,13623
0119,13623
0118,13623
0062,13623
0128,13623
0015,13623
0099,13623
0120,13623
0040,13624
0119,13624
0118,13624
0062,13624
0128,13624
0015,13624
0099,13624
0120,13624
0040,13625
0119,13625
0118,13625
0062,13625
0128,13625
0015,13625
0099,13625
0120,13625
0032,13626
0029,13627
0030,13627
0029,13628
0030,13628
0029,13629
0030,13629
0032,13630
0029,13631
0030,13631
0040,13632
0119,13632
0118,13632
0062,13632
0128,13632
0015,13632
0099,13632
0120,13632
0033,13633
0026,13633
0032,13633
0033,13634
0026,13634
0032,13634
0040,13635
0119,13635
0118,13635
0062,13635
0128,13635
0015,13635
0099,13635
0120,13635
0039,13636
0029,13637
0030,13637
0040,13638
0119,13638
0118,13638
0062,13638
0128,13638
0015,13638
0099,13638
0120,13638
0040,13639
0119,13639
0118,13639
0062,13639
0128,13639
0015,13639
0099,13639
0120,13639
0040,13640
0119,13640
0118,13640
0062,13640
0128,13640
0015,13640
0099,13640
0120,13640
0040,13641
0119,13641
0118,13641
0062,13641
0128,13641
0015,13641
0099,13641
0120,13641
0040,13642
0119,13642
0118,13642
0062,13642
0128,13642
0015,13642
0099,13642
0120,13642
0033,13643
0032,13644
0059,13644
0032,13645
0059,13645
0032,13646
0059,13646
0032,13647
0059,13647
0032,13648
0026,13648
0026,13649
0032,13649
0026,13650
0059,13650
0026,13651
0059,13651
0026,13652
0059,13652
0026,13653
0059,13653
0026,13654
0059,13654
0026,13655
0059,13655
0026,13656
0059,13656
0026,13657
0059,13657
0026,13658
0059,13658
0026,13659
0059,13659
0040,13667
0119,13667
0118,13667
0062,13667
0128,13667
0015,13667
0099,13667
0120,13667
0040,13668
0119,13668
0118,13668
0062,13668
0128,13668
0015,13668
0099,13668
0120,13668
0040,13669
0119,13669
0118,13669
0062,13669
0128,13669
0015,13669
0099,13669
0120,13669
0040,13670
0119,13670
0118,13670
0062,13670
0128,13670
0015,13670
0099,13670
0120,13670
0033,13671
0034,13671
0026,13672
0032,13672
0033,13672
0033,13673
0034,13673
0026,13674
0033,13674
0032,13674
0032,13675
0026,13675
0033,13676
0032,13676
0026,13676
0032,13678
0059,13678
0058,13678
0032,13679
0059,13679
0058,13679
0032,13680
0059,13680
0058,13680
0032,13681
0059,13681
0058,13681
0032,13682
0059,13682
0058,13682
0032,13683
0059,13683
0058,13683
0032,13684
0059,13684
0058,13684
0032,13685
0059,13685
0058,13685
0029,13686
0030,13686
0035,13688
0035,13689
0039,13690
0026,13691
0059,13691
0026,13692
0059,13692
0026,13693
0059,13693
0026,13694
0059,13694
0026,13695
0059,13695
0026,13696
0059,13696
0029,13697
0030,13697
0029,13698
0030,13698
0029,13699
0030,13699
0040,13704
0119,13704
0118,13704
0062,13704
0128,13704
0015,13704
0099,13704
0120,13704
0040,13705
0119,13705
0118,13705
0062,13705
0128,13705
0015,13705
0099,13705
0120,13705
0039,13710
0040,13711
0119,13711
0118,13711
0062,13711
0128,13711
0015,13711
0099,13711
0120,13711
0029,13712
0030,13712
0029,13713
0030,13713
0032,13714
0032,13715
0032,13716
0029,13717
0030,13717
0033,13718
0033,13719
0045,13720
0047,13720
0047,13721
0045,13721
0039,13722
0052,13723
0096,13724
0059,13724
0096,13725
0059,13725
0062,13726
0128,13726
0118,13726
0119,13726
0040,13726
0120,13726
0015,13726
0099,13726
0062,13727
0128,13727
0118,13727
0119,13727
0040,13727
0120,13727
0015,13727
0099,13727
0062,13728
0128,13728
0118,13728
0119,13728
0040,13728
0120,13728
0015,13728
0099,13728
0062,13729
0128,13729
0118,13729
0119,13729
0040,13729
0120,13729
0015,13729
0099,13729
0062,13730
0128,13730
0118,13730
0119,13730
0040,13730
0120,13730
0015,13730
0099,13730
0062,13731
0128,13731
0118,13731
0119,13731
0040,13731
0120,13731
0015,13731
0062,13732
0128,13732
0118,13732
0119,13732
0040,13732
0120,13732
0015,13732
0099,13732
0053,13733
0002,13733
0062,13734
0128,13734
0118,13734
0119,13734
0040,13734
0120,13734
0015,13734
0099,13734
0059,13735
0032,13735
0059,13736
0026,13736
0059,13737
0026,13737
0059,13738
0026,13738
0059,13739
0032,13739
0059,13740
0032,13740
0059,13741
0032,13741
0059,13742
0026,13742
0059,13743
0026,13743
0059,13744
0026,13744
0059,13745
0026,13745
0059,13746
0026,13746
0059,13747
0026,13747
0059,13748
0059,13749
0062,13750
0119,13750
0040,13750
0120,13750
0015,13750
0099,13750
0128,13750
0118,13750
0059,13751
0059,13752
0059,13753
0026,13753
0059,13754
0032,13754
0059,13755
0026,13755
0059,13756
0026,13756
0059,13757
0026,13757
0059,13758
0032,13758
0058,13758
0059,13759
0026,13759
0059,13760
0026,13760
0059,13761
0032,13761
0058,13761
0059,13762
0032,13762
0058,13762
0059,13763
0032,13763
0059,13764
0032,13764
0059,13765
0032,13765
0059,13766
0026,13766
0059,13767
0032,13767
0058,13767
0059,13768
0059,13769
0059,13770
0059,13771
0059,13772
0059,13773
0059,13774
0059,13775
0059,13776
0059,13777
0059,13781
0096,13781
0059,13782
0096,13782
0099,13783
0120,13783
0119,13783
0062,13783
0128,13783
0118,13783
0040,13783
0015,13783
0099,13784
0120,13784
0119,13784
0062,13784
0128,13784
0118,13784
0040,13784
0015,13784
0099,13785
0120,13785
0118,13785
0128,13785
0119,13785
0040,13785
0062,13785
0015,13785
0099,13786
0120,13786
0118,13786
0128,13786
0119,13786
0062,13786
0040,13786
0015,13786
0118,13787
0015,13787
0099,13787
0120,13787
0119,13787
0146,13787
0062,13787
0040,13787
0128,13787
0118,13788
0015,13788
0099,13788
0120,13788
0119,13788
0146,13788
0062,13788
0040,13788
0128,13788
0118,13789
0015,13789
0099,13789
0120,13789
0119,13789
0146,13789
0062,13789
0040,13789
0128,13789
0118,13790
0015,13790
0099,13790
0120,13790
0119,13790
0146,13790
0062,13790
0040,13790
0128,13790
0099,13791
0120,13791
0118,13791
0128,13791
0119,13791
0062,13791
0040,13791
0015,13791
0118,13792
0015,13792
0120,13792
0119,13792
0146,13792
0062,13792
0040,13792
0128,13792
0099,13792
0118,13793
0015,13793
0099,13793
0120,13793
0119,13793
0146,13793
0062,13793
0040,13793
0128,13793
0099,13794
0120,13794
0118,13794
0128,13794
0119,13794
0062,13794
0040,13794
0015,13794
0099,13795
0120,13795
0118,13795
0128,13795
0119,13795
0062,13795
0040,13795
0015,13795
0099,13796
0120,13796
0118,13796
0128,13796
0119,13796
0062,13796
0040,13796
0015,13796
0099,13797
0120,13797
0119,13797
0015,13797
0040,13797
0062,13797
0128,13797
0118,13797
0099,13798
0120,13798
0119,13798
0015,13798
0040,13798
0062,13798
0128,13798
0118,13798
0099,13800
0120,13800
0119,13800
0015,13800
0062,13800
0128,13800
0118,13800
0099,13801
0120,13801
0119,13801
0015,13801
0040,13801
0062,13801
0128,13801
0118,13801
0118,13802
0015,13802
0099,13802
0120,13802
0119,13802
0146,13802
0062,13802
0040,13802
0128,13802
0099,13803
0120,13803
0119,13803
0015,13803
0040,13803
0062,13803
0128,13803
0118,13803
0118,13804
0015,13804
0099,13804
0120,13804
0119,13804
0146,13804
0062,13804
0040,13804
0128,13804
0118,13805
0015,13805
0099,13805
0120,13805
0119,13805
0146,13805
0062,13805
0040,13805
0128,13805
0118,13806
0015,13806
0099,13806
0120,13806
0119,13806
0146,13806
0062,13806
0040,13806
0128,13806
0118,13807
0015,13807
0099,13807
0120,13807
0119,13807
0146,13807
0062,13807
0040,13807
0128,13807
0099,13808
0120,13808
0062,13808
0119,13808
0040,13808
0015,13808
0128,13808
0118,13808
0099,13809
0062,13809
0040,13809
0119,13809
0120,13809
0015,13809
0128,13809
0118,13809
0118,13810
0015,13810
0099,13810
0120,13810
0119,13810
0146,13810
0062,13810
0040,13810
0128,13810
0099,13811
0062,13811
0040,13811
0119,13811
0120,13811
0015,13811
0128,13811
0118,13811
0099,13812
0120,13812
0119,13812
0040,13812
0015,13812
0062,13812
0128,13812
0118,13812
0118,13813
0015,13813
0099,13813
0120,13813
0119,13813
0146,13813
0062,13813
0040,13813
0128,13813
0118,13814
0015,13814
0099,13814
0120,13814
0119,13814
0146,13814
0062,13814
0040,13814
0128,13814
0118,13815
0015,13815
0099,13815
0120,13815
0119,13815
0146,13815
0062,13815
0040,13815
0128,13815
0118,13816
0015,13816
0099,13816
0120,13816
0119,13816
0146,13816
0062,13816
0040,13816
0128,13816
0099,13817
0119,13817
0120,13817
0015,13817
0040,13817
0062,13817
0128,13817
0118,13817
0099,13818
0119,13818
0120,13818
0040,13818
0062,13818
0015,13818
0128,13818
0118,13818
0120,13819
0040,13819
0119,13819
0015,13819
0118,13819
0128,13819
0062,13819
0099,13819
0146,13819
0118,13820
0015,13820
0099,13820
0120,13820
0119,13820
0146,13820
0062,13820
0040,13820
0128,13820
0118,13821
0015,13821
0099,13821
0120,13821
0119,13821
0146,13821
0062,13821
0040,13821
0128,13821
0118,13822
0015,13822
0099,13822
0120,13822
0119,13822
0146,13822
0062,13822
0040,13822
0128,13822
0118,13823
0015,13823
0099,13823
0120,13823
0119,13823
0146,13823
0062,13823
0040,13823
0128,13823
0118,13824
0015,13824
0099,13824
0120,13824
0119,13824
0146,13824
0062,13824
0040,13824
0128,13824
0099,13825
0119,13825
0120,13825
0015,13825
0128,13825
0118,13825
0062,13825
0118,13826
0099,13826
0120,13826
0119,13826
0146,13826
0062,13826
0128,13826
0015,13826
0040,13826
0099,13827
0120,13827
0119,13827
0040,13827
0062,13827
0015,13827
0118,13827
0128,13827
0099,13828
0120,13828
0119,13828
0062,13828
0015,13828
0040,13828
0128,13828
0118,13828
0099,13829
0120,13829
0119,13829
0015,13829
0040,13829
0062,13829
0128,13829
0118,13829
0099,13830
0120,13830
0119,13830
0015,13830
0040,13830
0062,13830
0128,13830
0118,13830
0099,13831
0120,13831
0119,13831
0015,13831
0040,13831
0062,13831
0128,13831
0099,13832
0120,13832
0119,13832
0040,13832
0062,13832
0015,13832
0099,13833
0120,13833
0119,13833
0015,13833
0040,13833
0062,13833
0128,13833
0118,13833
0118,13834
0015,13834
0099,13834
0120,13834
0146,13834
0119,13834
0062,13834
0040,13834
0128,13834
0015,13835
0099,13835
0120,13835
0119,13835
0146,13835
0040,13835
0128,13835
0118,13835
0062,13835
0099,13836
0120,13836
0099,13837
0120,13837
0062,13837
0119,13837
0015,13837
0040,13837
0128,13837
0118,13837
0120,13838
0119,13838
0040,13838
0015,13838
0118,13838
0128,13838
0146,13838
0062,13838
0099,13838
0118,13839
0015,13839
0099,13839
0120,13839
0119,13839
0146,13839
0040,13839
0128,13839
0062,13839
0099,13840
0120,13840
0062,13840
0119,13840
0015,13840
0040,13840
0128,13840
0118,13840
0099,13841
0120,13841
0062,13841
0119,13841
0015,13841
0040,13841
0099,13842
0120,13842
0119,13842
0062,13842
0015,13842
0040,13842
0128,13842
0118,13842
0118,13843
0015,13843
0099,13843
0120,13843
0119,13843
0146,13843
0062,13843
0128,13843
0040,13843
0099,13844
0120,13844
0062,13844
0119,13844
0015,13844
0040,13844
0128,13844
0118,13844
0015,13845
0040,13845
0119,13845
0120,13845
0099,13845
0146,13845
0062,13845
0015,13846
0040,13846
0119,13846
0120,13846
0099,13846
0146,13846
0062,13846
0099,13847
0120,13847
0119,13847
0062,13847
0015,13847
0040,13847
0015,13848
0040,13848
0119,13848
0120,13848
0099,13848
0146,13848
0062,13848
0120,13851
0118,13851
0128,13851
0099,13851
0015,13851
0146,13851
0062,13851
0119,13851
0040,13851
0120,13852
0118,13852
0128,13852
0099,13852
0015,13852
0146,13852
0062,13852
0119,13852
0040,13852
0120,13853
0118,13853
0128,13853
0099,13853
0015,13853
0146,13853
0062,13853
0119,13853
0040,13853
0120,13854
0118,13854
0128,13854
0099,13854
0015,13854
0146,13854
0062,13854
0119,13854
0040,13854
0120,13855
0118,13855
0128,13855
0099,13855
0015,13855
0146,13855
0062,13855
0119,13855
0040,13855
0120,13856
0118,13856
0128,13856
0099,13856
0015,13856
0146,13856
0062,13856
0119,13856
0040,13856
0120,13857
0118,13857
0128,13857
0099,13857
0015,13857
0146,13857
0062,13857
0119,13857
0040,13857
0120,13858
0118,13858
0128,13858
0099,13858
0015,13858
0146,13858
0062,13858
0119,13858
0040,13858
0120,13859
0118,13859
0128,13859
0099,13859
0015,13859
0146,13859
0062,13859
0119,13859
0040,13859
0120,13860
0118,13860
0128,13860
0099,13860
0015,13860
0146,13860
0062,13860
0119,13860
0040,13860
0120,13861
0118,13861
0128,13861
0099,13861
0015,13861
0146,13861
0062,13861
0119,13861
0040,13861
0120,13862
0118,13862
0128,13862
0099,13862
0015,13862
0146,13862
0062,13862
0119,13862
0040,13862
0120,13863
0118,13863
0128,13863
0099,13863
0015,13863
0146,13863
0062,13863
0119,13863
0040,13863
0119,13864
0015,13864
0118,13864
0128,13864
0099,13864
0062,13864
0040,13864
0146,13864
0120,13864
0120,13865
0118,13865
0128,13865
0099,13865
0015,13865
0146,13865
0062,13865
0119,13865
0040,13865
0119,13866
0015,13866
0118,13866
0128,13866
0099,13866
0062,13866
0040,13866
0146,13866
0120,13866
0120,13867
0118,13867
0128,13867
0099,13867
0015,13867
0146,13867
0062,13867
0119,13867
0040,13867
0128,13868
0146,13868
0119,13868
0099,13868
0120,13868
0040,13868
0015,13868
0118,13868
0062,13868
0119,13869
0015,13869
0118,13869
0128,13869
0099,13869
0062,13869
0040,13869
0146,13869
0120,13869
0119,13870
0015,13870
0118,13870
0128,13870
0099,13870
0062,13870
0040,13870
0146,13870
0120,13870
0119,13871
0015,13871
0118,13871
0128,13871
0099,13871
0062,13871
0040,13871
0146,13871
0120,13871
0120,13872
0118,13872
0128,13872
0099,13872
0015,13872
0146,13872
0062,13872
0119,13872
0040,13872
0120,13873
0118,13873
0128,13873
0099,13873
0146,13873
0062,13873
0119,13873
0040,13873
0120,13874
0118,13874
0128,13874
0099,13874
0015,13874
0146,13874
0062,13874
0119,13874
0040,13874
0120,13875
0118,13875
0128,13875
0099,13875
0015,13875
0146,13875
0062,13875
0119,13875
0040,13875
0128,13876
0146,13876
0119,13876
0099,13876
0120,13876
0040,13876
0015,13876
0118,13876
0062,13876
0119,13877
0015,13877
0118,13877
0128,13877
0099,13877
0062,13877
0040,13877
0146,13877
0120,13877
0128,13878
0146,13878
0119,13878
0099,13878
0120,13878
0040,13878
0015,13878
0118,13878
0062,13878
0120,13879
0118,13879
0128,13879
0099,13879
0015,13879
0146,13879
0062,13879
0119,13879
0040,13879
0120,13880
0118,13880
0128,13880
0099,13880
0015,13880
0146,13880
0062,13880
0119,13880
0040,13880
0118,13881
0040,13881
0099,13881
0120,13881
0119,13881
0015,13881
0062,13881
0128,13881
0118,13882
0040,13882
0099,13882
0120,13882
0119,13882
0015,13882
0062,13882
0128,13882
0128,13883
0146,13883
0119,13883
0099,13883
0120,13883
0040,13883
0015,13883
0118,13883
0062,13883
0118,13884
0040,13884
0099,13884
0120,13884
0119,13884
0015,13884
0062,13884
0128,13884
0118,13885
0040,13885
0099,13885
0120,13885
0119,13885
0015,13885
0062,13885
0128,13885
0119,13886
0015,13886
0118,13886
0128,13886
0099,13886
0062,13886
0040,13886
0146,13886
0120,13886
0118,13887
0040,13887
0099,13887
0120,13887
0119,13887
0015,13887
0062,13887
0128,13887
0119,13888
0015,13888
0118,13888
0128,13888
0099,13888
0062,13888
0040,13888
0146,13888
0120,13888
0118,13889
0040,13889
0099,13889
0120,13889
0119,13889
0015,13889
0062,13889
0128,13889
0119,13890
0015,13890
0118,13890
0128,13890
0099,13890
0062,13890
0040,13890
0146,13890
0120,13890
0119,13891
0015,13891
0118,13891
0128,13891
0099,13891
0062,13891
0040,13891
0146,13891
0120,13891
0120,13892
0118,13892
0128,13892
0099,13892
0015,13892
0146,13892
0062,13892
0119,13892
0040,13892
0120,13893
0118,13893
0128,13893
0099,13893
0015,13893
0146,13893
0062,13893
0119,13893
0040,13893
0120,13894
0118,13894
0128,13894
0099,13894
0015,13894
0146,13894
0062,13894
0119,13894
0040,13894
0128,13895
0146,13895
0119,13895
0099,13895
0120,13895
0040,13895
0015,13895
0118,13895
0062,13895
0128,13896
0146,13896
0119,13896
0099,13896
0120,13896
0040,13896
0015,13896
0118,13896
0062,13896
0128,13897
0146,13897
0119,13897
0099,13897
0120,13897
0040,13897
0015,13897
0118,13897
0062,13897
0128,13898
0146,13898
0119,13898
0099,13898
0120,13898
0040,13898
0015,13898
0118,13898
0062,13898
0120,13899
0118,13899
0128,13899
0099,13899
0015,13899
0146,13899
0062,13899
0119,13899
0040,13899
0119,13900
0015,13900
0118,13900
0128,13900
0099,13900
0062,13900
0040,13900
0146,13900
0120,13900
0119,13901
0015,13901
0118,13901
0128,13901
0099,13901
0062,13901
0040,13901
0146,13901
0120,13901
0120,13902
0099,13902
0118,13902
0128,13902
0015,13902
0146,13902
0062,13902
0119,13902
0040,13902
0128,13903
0146,13903
0119,13903
0099,13903
0120,13903
0040,13903
0015,13903
0118,13903
0062,13903
0120,13904
0118,13904
0128,13904
0099,13904
0015,13904
0146,13904
0062,13904
0119,13904
0040,13904
0128,13905
0146,13905
0119,13905
0099,13905
0120,13905
0040,13905
0015,13905
0118,13905
0062,13905
0120,13906
0128,13906
0118,13906
0099,13906
0015,13906
0146,13906
0062,13906
0119,13906
0040,13906
0120,13907
0118,13907
0128,13907
0099,13907
0015,13907
0146,13907
0062,13907
0119,13907
0040,13907
0128,13908
0146,13908
0119,13908
0099,13908
0120,13908
0040,13908
0015,13908
0118,13908
0062,13908
0120,13909
0118,13909
0128,13909
0099,13909
0015,13909
0146,13909
0062,13909
0119,13909
0040,13909
0128,13910
0146,13910
0119,13910
0099,13910
0120,13910
0040,13910
0015,13910
0118,13910
0062,13910
0120,13911
0118,13911
0128,13911
0099,13911
0015,13911
0146,13911
0062,13911
0119,13911
0040,13911
0128,13912
0146,13912
0119,13912
0099,13912
0120,13912
0040,13912
0015,13912
0118,13912
0062,13912
0120,13913
0062,13913
0146,13913
0099,13913
0119,13913
0040,13913
0015,13913
0120,13914
0062,13914
0146,13914
0099,13914
0119,13914
0040,13914
0015,13914
0120,13915
0062,13915
0146,13915
0099,13915
0119,13915
0040,13915
0015,13915
0120,13916
0062,13916
0146,13916
0099,13916
0119,13916
0040,13916
0015,13916
0120,13917
0062,13917
0146,13917
0099,13917
0119,13917
0040,13917
0015,13917
0120,13918
0062,13918
0146,13918
0099,13918
0119,13918
0040,13918
0015,13918
0120,13919
0062,13919
0146,13919
0099,13919
0119,13919
0040,13919
0015,13919
0120,13920
0062,13920
0146,13920
0099,13920
0119,13920
0040,13920
0015,13920
0120,13921
0062,13921
0146,13921
0099,13921
0119,13921
0040,13921
0015,13921
0120,13922
0015,13922
0040,13922
0119,13922
0099,13922
0146,13922
0062,13922
0119,13923
0040,13923
0120,13923
0099,13923
0146,13923
0062,13923
0120,13924
0062,13924
0146,13924
0099,13924
0119,13924
0040,13924
0015,13924
0119,13925
0040,13925
0120,13925
0099,13925
0146,13925
0062,13925
0119,13926
0040,13926
0120,13926
0099,13926
0146,13926
0062,13926
0139,13931
0133,13932
0146,13933
0128,13933
0118,13933
0062,13933
0099,13933
0120,13933
0119,13933
0040,13933
0015,13933
0146,13934
0128,13934
0118,13934
0062,13934
0099,13934
0120,13934
0119,13934
0040,13934
0015,13934
0146,13935
0128,13935
0118,13935
0062,13935
0099,13935
0120,13935
0119,13935
0040,13935
0015,13935
0146,13936
0128,13936
0118,13936
0062,13936
0099,13936
0120,13936
0119,13936
0040,13936
0015,13936
0015,13939
0146,13939
0062,13939
0120,13939
0099,13939
0040,13939
0119,13939
0146,13940
0128,13940
0118,13940
0062,13940
0099,13940
0120,13940
0119,13940
0040,13940
0015,13940
0146,13941
0128,13941
0118,13941
0062,13941
0099,13941
0120,13941
0119,13941
0040,13941
0015,13941
0032,13942
0026,13942
0032,13943
0026,13943
0146,13944
0128,13944
0118,13944
0062,13944
0099,13944
0120,13944
0119,13944
0040,13944
0015,13944
0032,13945
0026,13945
0015,13948
0040,13948
0119,13948
0120,13948
0099,13948
0146,13948
0062,13948
0015,13949
0040,13949
0119,13949
0120,13949
0099,13949
0146,13949
0062,13949
0146,13950
0062,13950
0119,13950
0120,13950
0099,13950
0040,13950
0015,13950
0175,13952
0168,13953
0163,13954
0175,13955
0172,13956
0162,13957
0165,13958
0165,13959
0163,13962
0163,13963
0163,13964
0045,13977
0045,13978
0045,13979
0045,13980
0078,13982
0130,13985
0088,13985
0092,13986
0130,13987
0130,13988
0130,13989
0130,13990
0130,13991
0130,13992
0130,13993
0130,13994
0130,13995
0130,13996
0130,13997
0130,13998
0130,13999
0130,14000
0130,14001
0099,14002
0120,14002
0119,14002
0015,14002
0062,14002
0049,14003
0099,14004
0062,14004
0120,14004
0119,14004
0069,14006
0099,14007
0117,14017
0117,14018
0117,14019
0117,14020
0117,14021
0117,14022
0117,14023
0117,14024
0117,14025
0117,14026
0117,14027
0117,14028
0117,14029
0121,14032
0136,14033
0136,14037
0136,14038
0136,14039
0151,14044
0163,14066
0163,14067
0041,14076
0048,14078
0049,14079
0048,14080
0049,14081
0048,14082
0048,14083
0048,14084
0049,14085
0049,14091
0047,14092
0059,14097
0002,14098
0059,14098
0059,14099
0061,14100
0061,14101
0071,14103
0067,14103
0081,14106
0093,14110
0092,14110
0088,14111
0098,14112
0097,14112
0097,14114
0098,14114
0100,14115
0117,14115
0097,14117
0097,14118
0097,14119
0104,14127
0105,14128
0105,14129
0114,14135
0114,14136
0117,14138
0121,14139
0146,14140
0146,14141
0146,14142
0146,14147
0146,14148
0146,14149
0146,14150
0146,14151
0146,14152
0136,14153
0146,14154
0146,14155
0146,14156
0146,14157
0146,14158
0146,14159
0146,14160
0146,14161
0146,14162
0160,14189
0161,14190
0152,14190
0152,14191
0160,14192
0152,14193
0152,14194
0155,14195
0155,14196
0007,14396
0006,14396
0017,14417
0035,14420
0035,14422
0030,14423
0035,14425
0032,14426
0032,14427
0032,14428
0035,14429
0029,14431
0032,14432
0049,14435
0049,14436
0045,14451
0130,14468
0088,14469
0099,14470
0099,14471
0099,14473
0097,14475
0130,14485
0136,14487
0159,14490
0159,14491
0159,14492
0159,14493
0159,14494
0159,14495
0159,14496
0159,14497
0160,14498
0009,14575
0035,14584
0033,14585
0049,14587
0052,14587
0049,14588
0052,14588
0049,14589
0052,14589
0049,14590
0049,14591
0052,14592
0049,14592
0052,14593
0049,14593
0052,14594
0049,14594
0052,14595
0047,14596
0118,14601
0015,14601
0099,14601
0146,14601
0062,14601
0040,14601
0128,14601
0117,14606
0116,14606
0169,14609
0169,14610
0162,14611
0162,14612
0170,14613
0162,14614
0173,14615
0173,14616
0169,14617
0170,14617
0162,14618
0172,14619
0176,14620
0169,14621
0172,14622
0169,14623
0169,14624
0172,14625
0176,14626
0172,14627
0172,14628
0172,14629
0172,14630
0172,14631
0172,14632
0172,14633
0174,14634
0174,14635
0168,14636
0176,14637
0175,14638
0175,14639
0176,14640
0176,14641
0176,14642
0176,14643
0176,14644
0175,14645
0168,14646
0176,14647
0167,14648
0167,14649
0168,14650
0165,14651
0167,14652
0176,14653
0171,14654
0168,14655
0168,14656
0175,14657
0172,14658
0172,14659
0165,14660
0162,14661
0165,14662
0168,14663
0168,14664
0162,14665
0162,14666
0176,14667
0176,14668
0168,14669
0168,14670
0165,14671
0165,14672
0165,14673
0165,14674
0172,14676
0172,14677
0172,14678
0172,14679
0165,14682
0172,14683
0172,14684
0165,14685
0162,14686
0162,14687
0162,14688
0162,14689
0163,14692
0165,14693
0165,14694
0165,14695
0165,14696
0165,14697
0165,14698
0011,14702
0047,14708
0047,14709
0130,14710
0047,14711
0007,14793
0006,14793
0048,14802
0096,14808
0097,14809
0097,14810
0099,14811
0099,14812
0099,14813
0099,14814
0099,14815
0099,14816
0117,14826
0117,14827
0162,14831
0162,14832
0162,14833
0162,14834
0018,14898
0018,14899
0018,14900
0018,14901
0022,14902
0022,14903
0018,14904
0018,14905
0018,14906
0018,14907
0018,14908
0018,14909
0049,14920
0100,15008
0097,15008
0018,15009
0130,15014
0130,15015
0107,15032
0136,15040
0136,15041
0136,15042
0047,15048
0029,15092
0030,15092
0047,15096
0062,15097
0059,15098
0062,15099
0058,15100
0058,15101
0069,15102
0065,15105
0157,15105
0088,15106
0088,15107
0089,15107
0088,15108
0089,15108
0093,15108
0093,15109
0088,15109
0089,15109
0130,15110
0130,15111
0113,15116
0115,15116
0115,15117
0113,15117
0130,15119
0116,15119
0093,15119
0117,15119
0088,15119
0116,15120
0130,15120
0117,15120
0130,15121
0122,15122
0119,15123
0141,15124
0136,15125
0151,15130
0152,15130
0160,15130
0166,15131
0162,15132
0172,15133
0004,15134
0004,15135
0017,15136
0032,15139
0069,15139
0098,15139
0041,15140
0032,15141
0059,15141
0065,15141
0100,15141
0001,15141
0098,15141
0069,15141
0097,15141
0041,15141
0096,15141
0059,15143
0032,15143
0097,15144
0041,15144
0098,15144
0001,15144
0096,15144
0032,15144
0100,15144
0065,15144
0069,15144
0059,15144
0071,15145
0065,15146
0097,15146
0041,15146
0001,15146
0096,15146
0032,15146
0100,15146
0069,15146
0059,15146
0091,15147
0125,15147
0097,15148
0041,15148
0098,15148
0001,15148
0032,15148
0100,15148
0065,15148
0069,15148
0059,15148
0096,15148
0091,15154
0125,15154
0041,15155
0100,15155
0121,15156
0121,15157
0121,15158
0121,15159
0121,15160
0121,15161
0121,15162
0121,15163
0121,15164
0121,15165
0121,15166
0121,15167
0121,15168
0121,15169
0121,15170
0121,15171
0088,15247
0121,15253
0121,15254
0121,15255
0121,15256
0121,15257
0119,15258
0146,15258
0007,15281
0007,15282
0085,15314
0093,15326
0096,15391
0062,15392
0054,15392
0125,15392
0116,15392
0118,15392
0055,15393
0061,15394
0061,15395
0110,15396
0116,15397
0127,15398
0123,15398
0116,15398
0116,15399
0123,15400
0127,15400
0131,15401
0143,15401
0097,15401
0126,15402
0116,15402
0002,15403
0053,15403
0053,15404
0002,15404
0053,15405
0002,15405
0056,15406
0135,15407
0141,15408
0135,15408
0055,15409
0017,15410
0014,15411
0099,15412
0049,15413
0049,15414
0031,15415
0073,15416
0073,15417
0085,15418
0090,15419
0125,15420
0102,15421
0102,15422
0103,15423
0096,15424
0096,15425
0096,15426
0100,15427
0097,15427
0141,15428
0062,15429
0054,15429
0125,15429
0118,15429
0116,15429
0046,15430
0002,15431
0053,15431
0001,15432
0163,15433
0163,15434
0002,15435
0176,15436
0173,15437
0173,15438
0165,15439
0173,15440
0162,15441
0162,15442
0173,15443
0006,15444
0053,15445
0002,15445
0012,15446
0046,15446
0002,15447
0053,15447
0009,15449
0014,15450
0095,15451
0090,15451
0042,15452
0090,15454
0095,15454
0017,15455
0014,15457
0092,15460
0093,15460
0018,15461
0013,15462
0141,15462
0023,15462
0125,15463
0130,15464
0001,15464
0001,15466
0001,15467
0002,15468
0053,15468
0010,15469
0001,15470
0162,15471
0055,15472
0090,15473
0048,15474
0175,15474
0044,15474
0176,15474
0093,15475
0092,15475
0067,15476
0064,15477
0063,15477
0079,15478
0071,15479
0081,15480
0068,15481
0063,15482
0068,15482
0097,15483
0055,15483
0067,15483
0094,15484
0044,15484
0012,15485
0051,15485
0012,15486
0012,15487
0051,15487
0059,15489
0002,15490
0053,15490
0056,15491
0046,15492
0042,15493
0055,15494
0046,15495
0012,15495
0048,15496
0175,15496
0044,15496
0176,15496
0053,15497
0002,15497
0061,15498
0061,15499
0055,15500
0008,15501
0055,15502
0155,15503
0116,15504
0007,15504
0096,15505
0055,15505
0135,15506
0141,15507
0013,15507
0131,15508
0143,15508
0131,15509
0143,15509
0138,15510
0135,15511
0139,15511
0155,15512
0161,15513
0152,15513
0157,15514
0157,15515
0091,15516
0125,15516
0152,15517
0161,15517
0157,15518
0001,15519
0011,15519
0002,15520
0053,15520
0012,15522
0012,15523
0004,15524
0001,15525
0053,15526
0002,15526
0012,15527
0046,15527
0117,15528
0116,15528
0132,15529
0126,15530
0116,15530
0116,15531
0097,15532
0055,15532
0067,15532
0096,15533
0173,15535
0176,15535
0002,15536
0053,15536
0162,15537
0118,15538
0062,15538
0054,15538
0116,15538
0125,15538
0055,15539
0162,15540
0173,15541
0163,15541
0176,15541
0173,15542
0176,15542
0163,15542
0162,15543
0162,15544
0110,15545
0110,15546
0110,15547
0108,15547
0163,15548
0175,15549
0044,15549
0048,15549
0176,15549
0173,15550
0176,15550
0163,15550
0162,15551
0044,15552
0048,15552
0125,15553
0127,15554
0055,15555
0042,15556
0012,15557
0042,15558
0012,15559
0051,15560
0051,15561
0175,15562
0044,15562
0032,15563
0053,15564
0002,15564
0001,15565
0012,15566
0002,15567
0020,15568
0129,15568
0004,15568
0001,15569
0053,15570
0002,15570
0053,15571
0002,15571
0003,15573
0006,15574
0002,15575
0004,15576
0056,15576
0002,15577
0053,15577
0006,15578
0043,15580
0042,15580
0032,15581
0059,15581
0017,15583
0157,15586
0024,15588
0018,15590
0023,15590
0013,15590
0021,15591
0020,15592
0018,15594
0013,15594
0013,15595
0023,15595
0018,15595
0013,15596
0018,15596
0048,15597
0173,15597
0007,15598
0051,15599
0152,15600
0156,15601
0155,15601
0156,15602
0135,15603
0149,15604
0149,15605
0131,15606
0138,15607
0150,15607
0129,15608
0020,15608
0122,15609
0125,15610
0125,15611
0096,15612
0099,15613
0055,15614
0097,15614
0101,15615
0055,15615
0055,15616
0098,15617
0096,15618
0055,15619
0098,15620
0092,15621
0093,15621
0152,15622
0155,15623
0156,15623
0093,15624
0092,15624
0159,15625
0042,15626
0043,15626
0176,15627
0162,15628
0162,15629
0162,15630
0162,15631
0167,15633
0166,15634
0162,15635
0172,15636
0176,15637
0162,15638
0162,15639
0171,15640
0175,15640
0172,15641
0157,15642
0152,15643
0156,15644
0151,15645
0156,15646
0092,15647
0155,15648
0093,15649
0092,15649
0053,15650
0002,15650
0055,15651
0056,15652
0053,15653
0002,15653
0061,15654
0055,15655
0055,15656
0055,15658
0056,15658
0053,15659
0002,15659
0054,15660
0058,15660
0061,15661
0061,15662
0060,15663
0043,15664
0042,15664
0042,15665
0043,15665
0051,15666
0012,15666
0044,15667
0175,15667
0012,15668
0095,15669
0012,15670
0055,15671
0056,15672
0055,15673
0004,15673
0067,15674
0165,15674
0092,15675
0093,15675
0061,15676
0093,15677
0093,15678
0093,15680
0092,15680
0071,15681
0080,15683
0065,15685
0080,15686
0072,15687
0075,15688
0067,15689
0067,15690
0080,15690
0059,15691
0032,15691
0055,15692
0061,15693
0055,15694
0071,15696
0065,15697
0064,15697
0080,15697
0081,15698
0081,15699
0067,15701
0088,15702
0064,15703
0083,15703
0055,15704
0165,15705
0053,15706
0002,15706
0056,15706
0072,15707
0080,15707
0078,15707
0068,15708
0069,15709
0063,15710
0045,15710
0085,15711
0069,15712
0081,15712
0072,15713
0059,15713
0083,15714
0126,15714
0088,15715
0088,15716
0069,15718
0067,15720
0080,15721
0130,15721
0067,15721
0061,15722
0007,15723
0061,15724
0051,15725
0053,15726
0002,15726
0004,15729
0038,15733
0176,15734
0049,15735
0042,15737
0051,15738
0012,15738
0051,15739
0004,15741
0061,15742
0054,15742
0062,15742
0045,15744
0063,15744
0004,15745
0054,15746
0055,15747
0056,15747
0054,15748
0125,15748
0059,15749
0053,15750
0002,15750
0059,15751
0053,15752
0002,15752
0059,15753
0055,15754
0101,15754
0061,15755
0063,15756
0007,15756
0068,15758
0157,15759
0126,15760
0083,15760
0128,15761
0099,15761
0020,15763
0116,15763
0135,15765
0150,15767
0132,15767
0136,15768
0151,15769
0157,15770
0160,15772
0159,15773
0071,15774
0151,15775
0165,15776
0168,15777
0162,15778
0163,15779
0162,15780
0162,15782
0162,15783
0162,15784
0176,15786
0051,15787
0130,15788
0067,15788
0130,15789
0116,15790
0130,15790
0107,15791
0063,15792
0065,15793
0064,15793
0068,15793
0071,15794
0088,15795
0070,15796
0065,15797
0064,15797
0088,15798
0088,15799
0083,15800
0064,15800
0088,15801
0088,15802
0083,15803
0099,15803
0055,15806
0099,15807
0083,15807
0096,15808
0096,15809
0100,15810
0128,15811
0099,15811
0099,15812
0128,15812
0099,15813
0100,15814
0055,15815
0101,15816
0097,15817
0055,15817
0098,15817
0108,15818
0049,15819
0012,15819
0012,15820
0049,15820
0007,15821
0002,15822
0053,15822
0001,15823
0002,15824
0053,15824
0012,15825
0051,15825
0007,15826
0009,15826
0063,15826
0001,15828
0009,15829
0007,15829
0063,15829
0007,15831
0007,15832
0009,15833
0007,15833
0063,15833
0007,15836
0009,15836
0063,15836
0002,15837
0053,15837
0006,15838
0002,15842
0053,15842
0056,15842
0020,15843
0004,15843
0004,15844
0060,15844
0014,15845
0004,15846
0157,15847
0019,15848
0019,15849
0014,15850
0014,15851
0020,15852
0004,15852
0017,15853
0014,15854
0001,15855
0001,15856
0019,15857
0021,15858
0157,15859
0004,15860
0055,15860
0001,15861
0006,15862
0001,15863
0011,15864
0001,15864
0007,15865
0028,15866
0028,15867
0004,15868
0032,15869
0032,15870
0034,15872
0039,15873
0038,15874
0025,15875
0039,15876
0039,15877
0032,15878
0036,15878
0007,15879
0007,15880
0007,15881
0001,15882
0021,15884
0019,15885
0122,15889
0121,15891
0130,15892
0126,15893
0130,15893
0081,15895
0069,15895
0069,15896
0065,15897
0068,15897
0064,15897
0126,15898
0083,15898
0064,15898
0072,15898
0116,15900
0116,15901
0028,15902
0032,15903
0039,15904
0091,15905
0034,15905
0039,15906
0163,15906
0032,15907
0038,15908
0034,15909
0081,15909
0100,15910
0097,15910
0056,15913
0059,15914
0056,15915
0053,15916
0002,15916
0056,15917
0055,15917
0053,15918
0002,15918
0056,15919
0053,15919
0002,15919
0004,15920
0055,15920
0054,15920
0056,15921
0053,15922
0002,15922
0059,15923
0053,15924
0002,15924
0056,15925
0056,15926
0056,15927
0055,15927
0055,15928
0056,15928
0055,15929
0101,15929
0055,15930
0101,15930
0059,15932
0157,15933
0157,15934
0064,15935
0072,15935
0014,15936
0017,15937
0162,15937
0014,15938
0018,15939
0133,15942
0014,15943
0149,15946
0064,15950
0072,15950
0081,15951
0069,15952
0063,15953
0095,15954
0090,15954
0097,15955
0100,15955
0097,15956
0100,15956
0096,15958
0101,15959
0100,15960
0099,15961
0098,15962
0055,15963
0099,15964
0100,15965
0097,15965
0099,15966
0098,15967
0109,15968
0114,15969
0090,15971
0095,15971
0090,15972
0095,15972
0093,15973
0097,15974
0069,15975
0099,15976
0100,15977
0099,15978
0120,15978
0119,15978
0118,15978
0096,15979
0100,15980
0055,15980
0098,15981
0092,15982
0093,15982
0095,15983
0095,15984
0090,15984
0090,15985
0095,15985
0090,15986
0095,15986
0095,15987
0090,15987
0088,15988
0092,15989
0093,15989
0093,15990
0092,15990
0014,15992
0096,15993
0063,15994
0038,15994
0083,15995
0064,15995
0083,15997
0064,15997
0041,15997
0118,15997
0080,15998
0067,15998
0080,15999
0067,15999
0063,16000
0038,16000
0081,16001
0034,16001
0069,16002
0065,16003
0068,16003
0080,16004
0065,16006
0078,16006
0065,16007
0078,16007
0069,16008
0157,16010
0065,16010
0038,16010
0063,16010
0157,16012
0129,16014
0020,16014
0126,16015
0116,16016
0020,16016
0120,16017
0099,16017
0119,16017
0118,16017
0020,16018
0129,16018
0055,16019
0100,16019
0122,16020
0128,16021
0122,16022
0116,16024
0116,16025
0126,16025
0077,16027
0055,16028
0064,16029
0083,16029
0072,16029
0126,16029
0099,16030
0056,16031
0020,16032
0056,16033
0156,16034
0159,16034
0001,16036
0001,16038
0157,16039
0063,16039
0065,16039
0151,16040
0152,16042
0152,16043
0002,16044
0155,16046
0004,16047
0055,16047
0054,16047
0002,16048
0001,16049
0152,16050
0152,16051
0159,16052
0012,16053
0162,16055
0176,16056
0042,16057
0048,16059
0175,16059
0042,16060
0049,16060
0049,16064
0042,16064
0175,16065
0044,16065
0176,16065
0048,16065
0012,16069
0004,16069
0004,16070
0004,16071
0001,16073
0012,16074
0162,16075
0159,16076
0156,16076
0168,16077
0162,16078
0051,16082
0051,16087
0042,16088
0042,16089
0043,16089
0041,16092
0064,16092
0083,16092
0118,16092
0041,16093
0035,16093
0055,16096
0159,16097
0165,16099
0165,16100
0162,16101
0165,16102
0162,16103
0162,16104
0168,16105
0049,16106
0163,16107
0039,16107
0162,16108
0162,16110
0165,16111
0162,16112
0072,16114
0175,16114
0176,16114
0081,16116
0077,16117
0051,16118
0039,16119
0064,16120
0083,16120
0072,16120
0063,16121
0038,16121
0045,16121
0078,16122
0093,16122
0157,16125
0063,16125
0099,16126
0065,16127
0080,16127
0064,16127
0081,16129
0045,16130
0038,16130
0063,16130
0071,16131
0081,16132
0033,16132
0081,16133
0033,16133
0063,16134
0157,16134
0081,16135
0051,16136
0049,16138
0047,16138
0113,16139
0069,16140
0055,16141
0097,16141
0098,16143
0097,16143
0099,16144
0100,16145
0097,16145
0097,16146
0096,16146
0100,16147
0123,16147
0055,16148
0097,16148
0097,16149
0101,16151
0162,16152
0162,16153
0163,16154
0162,16155
0162,16156
0162,16157
0175,16158
0048,16158
0162,16159
0162,16160
0088,16161
0088,16164
0130,16164
0093,16167
0078,16167
0092,16168
0093,16168
0175,16170
0048,16170
0176,16171
0175,16171
0171,16172
0038,16172
0063,16172
0099,16173
0083,16173
0069,16174
0103,16176
0113,16177
0013,16182
0018,16182
0017,16182
0157,16183
0157,16184
0017,16186
0108,16188
0104,16188
0062,16188
0104,16189
0062,16189
0108,16189
0105,16190
0096,16191
0097,16191
0097,16192
0051,16193
0055,16196
0101,16197
0055,16197
0055,16198
0097,16198
0096,16199
0055,16200
0100,16201
0097,16201
0097,16202
0100,16202
0096,16203
0097,16203
0055,16204
0096,16205
0042,16206
0055,16209
0056,16209
0055,16210
0101,16210
0056,16211
0083,16213
0064,16213
0130,16214
0055,16215
0056,16215
0117,16216
0121,16216
0121,16217
0130,16218
0130,16219
0055,16220
0101,16220
0117,16221
0061,16222
0054,16222
0062,16222
0055,16223
0056,16223
0055,16224
0055,16225
0056,16226
0055,16228
0055,16229
0053,16230
0002,16230
0056,16231
0055,16231
0056,16232
0055,16232
0061,16233
0055,16234
0056,16234
0053,16235
0002,16235
0001,16236
0022,16237
0017,16239
0013,16239
0018,16239
0018,16240
0013,16240
0017,16240
0017,16242
0096,16243
0022,16244
0012,16245
0004,16245
0002,16246
0053,16246
0001,16247
0062,16250
0104,16250
0108,16250
0139,16251
0116,16253
0139,16253
0117,16254
0038,16255
0063,16255
0171,16255
0136,16256
0062,16257
0104,16257
0056,16258
0055,16258
0055,16259
0056,16259
0055,16260
0101,16260
0053,16261
0002,16261
0001,16262
0038,16263
0045,16263
0033,16264
0081,16264
0047,16266
0037,16273
0028,16273
0130,16274
0088,16274
0152,16275
0155,16277
0159,16279
0155,16281
0039,16283
0039,16284
0130,16285
0004,16286
0083,16287
0099,16287
0130,16288
0116,16290
0139,16290
0012,16293
0001,16294
0010,16295
0053,16296
0002,16296
0002,16299
0116,16301
0116,16302
0117,16302
0117,16304
0116,16304
0162,16305
0130,16306
0088,16306
0130,16307
0088,16307
0092,16308
0130,16308
0162,16309
0175,16311
0162,16312
0038,16313
0063,16313
0171,16313
0026,16314
0032,16314
0104,16315
0062,16315
0117,16316
0165,16317
0104,16318
0056,16320
0038,16320
0063,16320
0171,16320
0063,16322
0038,16322
0171,16322
0030,16322
0029,16322
0116,16323
0126,16323
0096,16324
0116,16325
0171,16326
0038,16326
0063,16326
0151,16327
0165,16328
0165,16329
0171,16330
0063,16330
0030,16330
0029,16330
0038,16330
0162,16332
0022,16333
0118,16334
0064,16334
0083,16334
0041,16334
0017,16335
0113,16337
0130,16340
0116,16340
0152,16341
0152,16342
0152,16346
0152,16347
0013,16349
0013,16350
0018,16352
0096,16353
0155,16355
0155,16356
0155,16357
0130,16358
0116,16358
0055,16360
0103,16361
0055,16362
0097,16362
0069,16364
0100,16365
0097,16365
0055,16366
0096,16368
0117,16369
0116,16369
0055,16370
0097,16371
0055,16372
0097,16373
0100,16373
0100,16374
0097,16374
0069,16375
0055,16377
0097,16377
0098,16378
0098,16379
0055,16380
0004,16380
0096,16381
0099,16382
0116,16384
0124,16384
0117,16385
0121,16385
0116,16386
0117,16386
0126,16386
0104,16387
0105,16388
0104,16389
0062,16389
0105,16390
0108,16390
0108,16391
0105,16391
0130,16392
0092,16392
0090,16393
0171,16394
0038,16394
0063,16394
0088,16395
0130,16395
0078,16396
0093,16396
0072,16397
0063,16399
0081,16400
0065,16401
0064,16401
0080,16401
0072,16401
0064,16403
0041,16403
0083,16403
0118,16403
0072,16405
0080,16405
0064,16405
0065,16405
0078,16406
0009,16407
0064,16409
0083,16409
0006,16411
0038,16414
0063,16414
0056,16414
0002,16415
0053,16415
0058,16415
0072,16417
0175,16417
0065,16418
0068,16418
0064,16418
0080,16418
0081,16419
0080,16420
0006,16421
0065,16426
0083,16428
0130,16429
0116,16429
0063,16430
0171,16430
0165,16432
0065,16433
0080,16433
0072,16434
0083,16434
0064,16434
0063,16435
0029,16435
0038,16435
0078,16436
0063,16437
0171,16437
0030,16437
0029,16437
0065,16438
0072,16438
0080,16438
0064,16438
0002,16440
0053,16440
0058,16440
0007,16441
0043,16443
0047,16446
0051,16451
0043,16452
0062,16454
0038,16456
0171,16456
0030,16457
0041,16458
0083,16458
0064,16458
0118,16458
0028,16459
0038,16460
0171,16460
0029,16461
0030,16461
0038,16461
0063,16461
0037,16462
0030,16463
0029,16463
0042,16466
0043,16466
0034,16467
0061,16468
0053,16469
0002,16469
0090,16469
0053,16470
0002,16470
0056,16471
0053,16472
0002,16472
0056,16473
0053,16474
0058,16474
0002,16474
0061,16475
0054,16475
0059,16476
0053,16477
0002,16477
0062,16478
0104,16478
0053,16479
0002,16479
0058,16479
0053,16480
0002,16480
0053,16481
0002,16481
0026,16482
0038,16483
0171,16483
0032,16484
0026,16484
0038,16485
0032,16486
0080,16488
0067,16488
0006,16489
0089,16490
0088,16491
0093,16492
0078,16492
0093,16493
0092,16493
0093,16494
0092,16494
0093,16495
0093,16496
0088,16497
0130,16497
0004,16498
0055,16498
0002,16499
0058,16499
0113,16500
0115,16501
0113,16501
0093,16502
0092,16502
0010,16504
0113,16505
0116,16507
0126,16509
0117,16510
0121,16510
0117,16511
0064,16511
0116,16512
0083,16516
0072,16516
0064,16516
0113,16517
0113,16518
0115,16519
0081,16522
0002,16522
0065,16523
0072,16524
0063,16525
0039,16525
0078,16526
0072,16526
0064,16527
0117,16527
0078,16530
0072,16530
0065,16530
0068,16530
0065,16531
0081,16532
0002,16532
0002,16534
0072,16537
0065,16537
0072,16538
0041,16541
0117,16544
0093,16545
0092,16545
0130,16545
0088,16546
0093,16547
0092,16547
0152,16548
0152,16549
0152,16550
0151,16551
0151,16552
0151,16554
0175,16555
0092,16556
0093,16556
0130,16556
0041,16557
0032,16560
0059,16560
0002,16560
0030,16561
0029,16561
0032,16563
0034,16564
0034,16565
0030,16566
0029,16566
0038,16567
0039,16567
0041,16568
0093,16569
0092,16569
0092,16570
0093,16570
0130,16571
0093,16571
0092,16571
0056,16572
0061,16574
0056,16576
0002,16577
0053,16577
0002,16578
0053,16578
0058,16578
0059,16579
0032,16579
0056,16580
0053,16582
0002,16582
0061,16583
0006,16584
0146,16587
0171,16589
0039,16591
0038,16591
0063,16591
0049,16592
0042,16594
0065,16596
0072,16596
0078,16596
0068,16596
0039,16597
0055,16598
0101,16598
0055,16599
0100,16601
0097,16602
0098,16603
0097,16603
0055,16604
0055,16605
0055,16606
0004,16606
0055,16607
0055,16608
0055,16609
0100,16610
0101,16611
0002,16612
0053,16612
0058,16612
0032,16612
0059,16612
0002,16613
0081,16613
0002,16615
0099,16616
0004,16617
0055,16617
0006,16618
0099,16619
0100,16620
0055,16621
0038,16622
0039,16622
0063,16622
0002,16628
0059,16628
0058,16628
0099,16629
0002,16632
0006,16633
0097,16638
0002,16640
0058,16640
0059,16641
0061,16643
0056,16646
0002,16648
0059,16648
0061,16649
0099,16654
0055,16655
0100,16656
0069,16657
0002,16660
0061,16663
0059,16664
0056,16665
0058,16665
0056,16667
0058,16667
0077,16668
0165,16669
0065,16670
0007,16673
0116,16674
0117,16674
0117,16675
0116,16675
0117,16678
0117,16679
0117,16680
0100,16681
0061,16683
0061,16684
0007,16690
0002,16694
0004,16695
0069,16696
0151,16697
0151,16698
0130,16701
0088,16702
0116,16704
0037,16709
0032,16710
0026,16710
0038,16711
0039,16711
0039,16712
0063,16712
0038,16712
0007,16713
0071,16714
0063,16715
0038,16715
0039,16715
0071,16716
0105,16717
0104,16718
0111,16718
0108,16719
0065,16720
0165,16720
0072,16721
0136,16727
0002,16731
0033,16733
0099,16734
0165,16736
0032,16737
0059,16737
0032,16738
0039,16739
0038,16739
0063,16739
0165,16740
0165,16743
0165,16744
0063,16750
0038,16750
0039,16750
0035,16751
0039,16752
0029,16753
0030,16753
0078,16754
0037,16754
0006,16756
0088,16757
0088,16758
0130,16759
0088,16760
0088,16762
0088,16763
0093,16764
0032,16767
0032,16768
0032,16769
0065,16770
0080,16771
0041,16772
0080,16775
0006,16777
0001,16778
0002,16781
0001,16782
0006,16783
0002,16784
0061,16786
0062,16786
0061,16787
0002,16788
0006,16790
0006,16791
0165,16799
0081,16800
0072,16802
0105,16803
0107,16804
0101,16806
0055,16807
0099,16808
0083,16808
0093,16809
0099,16812
0096,16815
0165,16821
0151,16828
0151,16829
0152,16834
0151,16835
0002,16836
0069,16840
0041,16841
0065,16842
0081,16842
0081,16843
0049,16845
0172,16846
0065,16847
0088,16848
0165,16849
0121,16850
0088,16855
0071,16856
0081,16857
0130,16858
0088,16859
0117,16860
0121,16860
0002,16863
0151,16866
0152,16867
0151,16868
0001,16869
0001,16870
0006,16871
0061,16875
0006,16877
0001,16878
0002,16879
0041,16881
0026,16882
0031,16882
0100,16883
0069,16885
0069,16886
0098,16887
0097,16888
0032,16890
0002,16892
0041,16893
0151,16894
0001,16896
0058,16898
0059,16898
0061,16899
0059,16900
0058,16901
0059,16901
0088,16905
0002,16906
0002,16909
0001,16910
0001,16912
0006,16913
0006,16915
0006,16916
0151,16920
0069,16921
0151,16924
0069,16925
0002,16926
0065,16931
0088,16932
0093,16933
0130,16934
0065,16935
0065,16936
0065,16937
0081,16937
0081,16938
0065,16940
0088,16941
0088,16943
0026,16951
0031,16951
0088,16952
0098,16953
0069,16955
0007,16957
0011,16957
0002,16958
0117,16959
0107,16961
0002,16963
0002,16964
0002,16965
0006,16967
0006,16969
0061,16972
0121,16974
0097,16981
0128,16981
0100,16985
0097,16987
0097,16988
0097,16989
0151,16991
0151,16998
0152,16999
0007,17009
0011,17009
0069,17010
0097,17011
0097,17016
0088,17017
0021,17018
0006,17022
0072,17026
0041,17029
0007,17032
0011,17032
0121,17037
0058,17039
0061,17040
0130,17041
0121,17042
0121,17044
0121,17045
0121,17046
0121,17047
0121,17048
0117,17049
0121,17049
0049,17050
0093,17050
0088,17061
0088,17062
0088,17063
0058,17064
0121,17065
0117,17065
0058,17067
0065,17070
0041,17071
0130,17072
0072,17073
0021,17076
0021,17079
0163,17082
0163,17083
0047,17086
0058,17088
0088,17089
0130,17089
0130,17090
0130,17091
0058,17093
0121,17095
0130,17096
0088,17096
0088,17098
0130,17098
0130,17099
0130,17100
0121,17100
0088,17101
0088,17102
0097,17104
0058,17105
0097,17106
0121,17107
0130,17107
0121,17118
0006,17120
0130,17125
0121,17125
0088,17127
0065,17127
0121,17128
0088,17129
0121,17130
0121,17131
0121,17132
0058,17133
0130,17134
0121,17134
0121,17134
0121,17135
0130,17135
0121,17136
0121,17137
0065,17138
0088,17138
0071,17140
0163,17141
0007,17142
0011,17142
0007,17143
0007,17145
0007,17146
0011,17146
0007,17147
0088,17148
0099,17150
0088,17151
0047,17159
0121,17160
0130,17160
0121,17161
0121,17162
0121,17163
0121,17164
0072,17165
0093,17167
0049,17167
0088,17169
0121,17171
0130,17171
0121,17171
0088,17172
0072,17174
0065,17175
0130,17181
0121,17181
0049,17185
0093,17185
0007,17210
0088,17212
0047,17218
0088,17222
0047,17223
0072,17224
0007,17227
0007,17228
0007,17231
0121,17237
0121,17241
0058,17253
0065,17257
0058,17259
0058,17260
0058,17261
0121,17263
0121,17265
0088,17267
0088,17269
0078,17271
0121,17274
0121,17281
0121,17283
0121,17293
0121,17298
0121,17299
0121,17300
0047,17313
0011,17342
0151,17353
0151,17354
0047,17359
0121,17372
0121,17374
0121,17375
0047,17376
0049,17384
0114,17393
0151,17398
0105,17401
0105,17402
0105,17403
0047,17405
0047,17408
0121,17409
0049,17413
0121,17419
0114,17423
0049,17430
0049,17431
0049,17432
0047,17433
0105,17434
0047,17437
0049,17442
0105,17443
0105,17450
0121,17451
0121,17454
0047,17456
0047,17457
0121,17470
0121,17471
0105,17476
0121,17484
0121,17487
0105,17490
0105,17494
0121,17496
0121,17497
0047,17498
0105,17502
0105,17506
