id,id_grupo,categoria,titulo,pais,ano,institucion,autores,tipologia
00001,001,Jurado/Comisiones evaluadoras de trabajo de grado,Mejoramiento de algunas propiedades del suelo mediante la aplicación de aditivo Rocamix en suelos arcillosos de barranquilla,Colombia,2023,CORPORACION UNIVERSIDAD DE LA COSTA.,MARIA JULIA NIETO CALLEJAS,4
00002,001,Jurado/Comisiones evaluadoras de trabajo de grado,"Modelamiento y análisis de sensibilidad del proceso de deshidratación y compresión de una planta de tratamiento de gas natural. Una aplicación en el Valle Inferior del Magdalena, Colombia",Colombia,2023,UNIVERSIDAD DE SUCRE.,LUIS FERNANDO CARDONA PALACIO,4
00003,001,Jurado/Comisiones evaluadoras de trabajo de grado,Plasmonic surface lattice resonances in arrays of gold nanoparticles,Colombia,2023,UNIVERSIDAD CENTRAL.,LUIS FERNANDO CARDONA PALACIO,4
00004,001,Jurado/Comisiones evaluadoras de trabajo de grado,Matriz de riesgo sobre disruptores endocrinos presentes en envases plásticos de alimentos y bebidas de consumo masivo.,Colombia,2022,UNIVERSIDAD PONTIFICIA BOLIVARIANA.,LUIS FERNANDO CARDONA PALACIO,4
00005,001,Jurado/Comisiones evaluadoras de trabajo de grado,Modelo matemático para la predicción de la transición de la fase G1 a la fase S del ciclo celular de la línea celular HeLa,Colombia,2021,UNIVERSIDAD EIA.,LUIS FERNANDO CARDONA PALACIO,4
00006,001,Jurado/Comisiones evaluadoras de trabajo de grado,Prototipo de una solución de Inteligencia de Negocios para el tratamiento y análisis de PQRS en el Instituto Distrital de Gestión de Riesgos de Bogotá -IDIGER.,Colombia,2020,UNIVERSIDAD PONTIFICIA BOLIVARIANA.,JUAN SEBASTIAN PARRA SANCHEZ,4
00007,001,Jurado/Comisiones evaluadoras de trabajo de grado,Solución numérica de la ecución KdV utilizando representación de operadores diferenciales en base wavelet,Colombia,2016,UNIVERSIDAD EAFIT.,LUIS FERNANDO CARDONA PALACIO,4
00008,001,Jurado/Comisiones evaluadoras de trabajo de grado,Implementación del Método de Elementos Finitos en la Determinación del Perfil de Temperaturas en una Llama Laminar Premezclada: Efecto de la Difusión,Colombia,2015,UNIVERSIDAD EAFIT.,LUIS FERNANDO CARDONA PALACIO,4
00009,001,Jurado/Comisiones evaluadoras de trabajo de grado,Efectos Relatvistas en el proceso de Microsolvatación del Metilmercurio,Colombia,2015,UNIVERSIDAD DE ANTIOQUIA.,FRANKLIN FERRARO GOMEZ,4
00010,001,Jurado/Comisiones evaluadoras de trabajo de grado,Qumica de especies Inertes: nuevas especies de Metales nobles y gases nobles,Colombia,2014,UNIVERSIDAD DE ANTIOQUIA.,EDISON HUMBERTO OSORIO LOPEZ,4
00011,001,Jurado/Comisiones evaluadoras de trabajo de grado,CARACTERIZACIÓN ESTRUCTURAL Y ENERGÉTICA DE HETEROAGREGADOS CARBONATO DE DIETILO ¿ AGUA: EXPLORACIÓN DEL ESPACIO CONFORMACIONAL,Colombia,2014,UNIVERSIDAD DE ANTIOQUIA.,EDISON HUMBERTO OSORIO LOPEZ,4
00012,001,Jurado/Comisiones evaluadoras de trabajo de grado,Estructuras y Topología de los Clústeres Cu7Zn3,Colombia,2014,UNIVERSIDAD EAFIT.,FRANKLIN FERRARO GOMEZ,4
00013,001,Jurado/Comisiones evaluadoras de trabajo de grado,Modelo para diagnosticar el estado de seguridad en una pyme en Medellín.,Colombia,2012,UNIVERSIDAD CATOLICA LUIS AMIGO.,EDER ALONSO ACEVEDO MARIN,4
00014,001,Jurado/Comisiones evaluadoras de trabajo de grado,Diseño de una Capa de Computacion en la Nube para la Gestion Academica del Colegio Marymount,Colombia,2012,UNIVERSIDAD CATOLICA LUIS AMIGO.,EDER ALONSO ACEVEDO MARIN,4
00015,001,Jurado/Comisiones evaluadoras de trabajo de grado,"Propuesta de Implementación apoyo a la Gestión del Conocimiento en el Área de Infraestructura de TI en Argos, Mediante el Aprovechamiento de la Herramienta Microsoft Lync Server 2010",Colombia,2012,UNIVERSIDAD CATOLICA LUIS AMIGO.,EDER ALONSO ACEVEDO MARIN,4
00016,001,Jurado/Comisiones evaluadoras de trabajo de grado,Propuesta un Prototipo de Integración de Servicios Tecnológicos entre Entidades Financieras,Colombia,2012,UNIVERSIDAD CATOLICA LUIS AMIGO.,EDER ALONSO ACEVEDO MARIN,4
00017,001,Jurado/Comisiones evaluadoras de trabajo de grado,Cibercultura crítica universitaria: el poder de transformar la sociedad informatizada,Colombia,2009,UNIVERSIDAD DE ANTIOQUIA.,EDGAR SERNA M,4
00018,002,Jurado/Comisiones evaluadoras de trabajo de grado,Educación inclusiva para personas con discapacidad visual en entornos educativos de nivel superior,Colombia,2026,UNIVERSIDAD CATOLICA LUIS AMIGO.,MAURICIO MEJIA LOBO,4
00019,002,Jurado/Comisiones evaluadoras de trabajo de grado,Implicaciones del reconocimiento del Río Atrato como Sujeto de Derechos en Colombia a partir de la Sentencia T-622 de 2016,Colombia,2025,UNIVERSIDAD CATOLICA LUIS AMIGO.,MAURICIO MEJIA LOBO,4
00020,002,Jurado/Comisiones evaluadoras de trabajo de grado,Reparación: El caso de la Masacre de la Rochela.,Colombia,2025,UNIVERSIDAD CATOLICA LUIS AMIGO.,ROBERTO MAURICIO ROMERO CARDENAS,4
00021,002,Jurado/Comisiones evaluadoras de trabajo de grado,El Agua Como Derecho Fundamental en Colombia: Asentamiento el Guamo estudio de caso,Colombia,2025,UNIVERSIDAD CATOLICA LUIS AMIGO.,ROBERTO MAURICIO ROMERO CARDENAS,4
00022,002,Jurado/Comisiones evaluadoras de trabajo de grado,DESARROLLO DE LA MINERÍA ILEGAL EN ANTIOQUIA A PARTIR DEL ESCENARIO POSACUERDO,Colombia,2025,UNIVERSIDAD CATOLICA LUIS AMIGO.,ELVIGIA CARDONA ZULETA,4
00023,002,Jurado/Comisiones evaluadoras de trabajo de grado,DESINFORMACIÓN EN LÍNEA EN COLOMBIA: DESAFÍOS PARA LA DELIBERACIÓN PÚBLICA Y LA PROTECCIÓN LEGAL,Colombia,2025,UNIVERSIDAD CATOLICA LUIS AMIGO.,ELVIGIA CARDONA ZULETA,4
00024,002,Jurado/Comisiones evaluadoras de trabajo de grado,ACERCAMIENTO A LA RESPONSABILIDAD PATRIMONIAL PRECONTRACTUAL DEL ESTADO POR VULNERACIÓN AL DERECHO A SER EVALUADO EN PROCESOS DE SELECCIÓN DE LICITACIÓN PÚBLICA O SELECCIÓN ABREVIADA ADELANTADOS POR CERTAMEN DE SUBASTA INVERSA Y ANÁLISIS DEL FALLO EN PRINCIPIO DE EQUIDAD EN COLOMBIA,Colombia,2025,UNIVERSIDAD CATOLICA LUIS AMIGO.,DANY STEVEN GOMEZ AGUDELO,4
00025,002,Jurado/Comisiones evaluadoras de trabajo de grado,"JUSTICIA TRANSICIONAL COMO PUNTO DE CAMBIO SOCIAL EN TRUJILLO, VALLE DEL CAUCA",Colombia,2025,UNIVERSIDAD CATOLICA LUIS AMIGO.,MAURICIO MEJIA LOBO,4
00026,002,Jurado/Comisiones evaluadoras de trabajo de grado,LA SITUACIÓN LABORAL DE LOS MIGRANTES VENEZOLANOS EN COLOMBIA: ESTUDIO JURÍDICO SOBRE LAS GARANTÍAS Y CONDICIONES LABORALES,Colombia,2025,UNIVERSIDAD CATOLICA LUIS AMIGO.,ELVIGIA CARDONA ZULETA,4
00027,002,Jurado/Comisiones evaluadoras de trabajo de grado,PROBLEMÁTICA DE LOS CONTENIDOS DIGITALES EN LA PROPIEDAD INTELECTUAL: UNA MIRADA AL MUNDO CIBERNÉTICO DESDE EL DERECHO,Colombia,2024,UNIVERSIDAD CATOLICA LUIS AMIGO.,DANY STEVEN GOMEZ AGUDELO,4
00028,002,Jurado/Comisiones evaluadoras de trabajo de grado,"VALORACIÓN DE PROGRAMAS DE LA SECRETARÍA DE INCLUSIÓN SOCIAL Y FAMILIA DE MEDELLÍN PARA LA PROTECCIÓN DE NIÑAS, NIÑOS Y ADOLESCENTES EN SITUACIÓN DE CALLE, 2019-2024",Colombia,2024,UNIVERSIDAD CATOLICA LUIS AMIGO.,DANY STEVEN GOMEZ AGUDELO,4
00029,002,Jurado/Comisiones evaluadoras de trabajo de grado,"Cambios en el ámbito de protección a la familia frente a las formas y tipos de violencias contra niñas, niños y adolescentes a través de mecanismo de actuación administrativa",Colombia,2024,UNIVERSIDAD CATOLICA LUIS AMIGO.,ELVIGIA CARDONA ZULETA,4
00030,002,Jurado/Comisiones evaluadoras de trabajo de grado,"VIOLENCIA INTRAFAMILIAR: PROTECCIÓN DE NIÑOS, NIÑAS Y ADOLESCENTES EN COLOMBIA",Colombia,2024,UNIVERSIDAD CATOLICA LUIS AMIGO.,NATALIA BAENA ROBLEDO,4
00031,002,Jurado/Comisiones evaluadoras de trabajo de grado,¿Configuraciones del perdón como mecanismo de reparación en procesos de justicia transicional con paramilitares a partir de las leyes 975 de 2005 y 1592 de 2012¿,Colombia,2024,UNIVERSIDAD CATOLICA LUIS AMIGO.,NATALIA BAENA ROBLEDO,4
00032,002,Jurado/Comisiones evaluadoras de trabajo de grado,IMPLEMENTACIÓN DEL ACUERDOS DE PAZ EN LOS DEPARTAMENTOS DEL CAQUETÁ Y PUTUMAYO A PARTIR DE LOS DIÁLOGOS DE PAZ EN EL 2016,Colombia,2024,UNIVERSIDAD CATOLICA LUIS AMIGO.,NATALIA BAENA ROBLEDO,4
00033,002,Jurado/Comisiones evaluadoras de trabajo de grado,EVOLUCIÓN JURISPRUDENCIAL DE LA CORTE CONSTITUCIONAL DE COLOMBIA FRENTE A LA EUTANASIA EN AUSENCIA DE NORMATIVIDAD ESPECIFICA EN EL ORDENAMIENTO JURÍDICO,Colombia,2024,UNIVERSIDAD CATOLICA LUIS AMIGO.,ANA MARIA ROLDAN VILLA,4
00034,002,Jurado/Comisiones evaluadoras de trabajo de grado,ANÁLISIS DESCRIPTIVO DE LA LEY 1751 DE 2015 COMO REGULADORA DEL DERECHO FUNDAMENTAL A LA SALUD Y SUS LIMITACIONES RELACIONADAS CON LA ACCIÓN DE TUTELA,Colombia,2024,UNIVERSIDAD CATOLICA LUIS AMIGO.,ELVIGIA CARDONA ZULETA,4
00035,002,Jurado/Comisiones evaluadoras de trabajo de grado,ALCANCE JURÍDICO DE LOS MECANISMOS DE REPARACIÓN INTEGRAL SOBRE LA PROTECCIÓN DE LOS DERECHOS DE LAS MUJERES VÍCTIMAS DE VIOLENCIA SEXUAL EN EL MARCO DEL CONFLICTO ARMADO COLOMBIANO,Colombia,2024,UNIVERSIDAD CATOLICA LUIS AMIGO.,ANA MARIA ROLDAN VILLA,4
00036,002,Jurado/Comisiones evaluadoras de trabajo de grado,"Análisis de la Sentencia T-230 de 2020, en el marco del uso de redes sociales para el ejercicio del derecho de petición",Colombia,2024,Universidad Autónoma Latinoamericana - Unaula.,DANY STEVEN GOMEZ AGUDELO,4
00037,002,Jurado/Comisiones evaluadoras de trabajo de grado,LA MATERNIDAD SUBROGADA: UNA APROXIMACIÓN DOCTRINAL JURÍDICA Y JURISPRUDENCIAL PARA SU REGULACIÓN EN EL DERECHO CIVIL COLOMBIANO,Colombia,2023,UNIVERSIDAD CATOLICA LUIS AMIGO.,ELVIGIA CARDONA ZULETA,4
00038,002,Jurado/Comisiones evaluadoras de trabajo de grado,ENFOQUE DE GÉNERO EN LA EDUCACIÓN PÚBLICA: UN ABORDAJE DESDE UNIVERSIDADES PÚBLICAS DE MEDELLÍN ENTRE 2018 Y 2023,Colombia,2023,UNIVERSIDAD CATOLICA LUIS AMIGO.,ELVIGIA CARDONA ZULETA,4
00039,002,Jurado/Comisiones evaluadoras de trabajo de grado,DESAFÍOS JURÍDICOS EN MEDIO DEL METAVERSO: LA PROTECCIÓN DE DATOS PERSONALES EN META,Colombia,2023,UNIVERSIDAD CATOLICA LUIS AMIGO.,ELVIGIA CARDONA ZULETA,4
00040,002,Jurado/Comisiones evaluadoras de trabajo de grado,LA MATERNIDAD SUBROGADA: CONCEPCIONES E IMPLICACIONES CONTRACTUALES EN COLOMBIA,Colombia,2023,UNIVERSIDAD CATOLICA LUIS AMIGO.,NATALIA BAENA ROBLEDO,4
00041,002,Jurado/Comisiones evaluadoras de trabajo de grado,"RECLUTAMIENTO, USO Y VINCULACIÓN DE NIÑOS, NIÑAS Y ADOLESCENTES A LOS GRUPOS ARMADOS AL MARGEN DE LA LEY EN EL CONFLICTO ARMADO COLOMBIANO",Colombia,2022,UNIVERSIDAD CATOLICA LUIS AMIGO.,ANA MARIA ROLDAN VILLA,4
00042,002,Jurado/Comisiones evaluadoras de trabajo de grado,"""La Importancia Del Juez Natural En Asuntos Disciplinarios: Tensiones De Ley 1015 De 2006 Y Solución De La Ley 2196 De 2022""",Colombia,2022,UNIVERSIDAD CATOLICA LUIS AMIGO.,JUAN ESTEBAN AGUIRRE ESPINOSA,4
00043,002,Jurado/Comisiones evaluadoras de trabajo de grado,"""Análisis De Los Límites Del Control Constitucional Y La Función Como Legislador Positivo Y Negativo De La Corte Constitucional Colombiana Desde La Perspectiva Del Equilibrio De Poderes, En Las Sentencias C 355-06 Y Su 214-16¿",Colombia,2022,UNIVERSIDAD CATOLICA LUIS AMIGO.,JUAN ESTEBAN AGUIRRE ESPINOSA,4
00044,002,Jurado/Comisiones evaluadoras de trabajo de grado,"¿Conflictos Ambientales Y Justicia Ambiental Para La Salvaguarda Del Derecho Al Agua En Comunidades Intervenidas Con Proyectos Hidroeléctricos En El Oriente Antioqueño. Caso Rio Dormilón, San Luis Antioquia Entre Los Años 2010- 2019¿",Colombia,2022,UNIVERSIDAD CATOLICA LUIS AMIGO.,JUAN ESTEBAN AGUIRRE ESPINOSA,4
00045,002,Jurado/Comisiones evaluadoras de trabajo de grado,EL ACCESO A LA SALUD DE LA POBLACION TRANSEXUAL O TRANSGENERO EN EL MARCO DE LA PIOLITICA ENMARCADA EN EL ACUERDO 08 DE 2011 DE LA CIUDAD DE MEDELLIN,Colombia,2022,UNIVERSIDAD CATOLICA LUIS AMIGO.,NATALIA BAENA ROBLEDO,4
00046,002,Jurado/Comisiones evaluadoras de trabajo de grado,LA REINSERCIÓN LABORAL DE LOS POSPENADOS,Colombia,2022,UNIVERSIDAD CATOLICA LUIS AMIGO.,ELVIGIA CARDONA ZULETA,4
00047,002,Jurado/Comisiones evaluadoras de trabajo de grado,EL ACCESO A LA SALUD DE LA POBLACIÓN TRANSEXUAL O TRANSGÉNERO EN EL MARCO DE LA POLÍTICA ENMARCADA EN EL ACUERDO 08 DE 2011 DE LA CIUDAD DE MEDELLÍN,Colombia,2022,UNIVERSIDAD CATOLICA LUIS AMIGO.,ELVIGIA CARDONA ZULETA,4
00048,002,Jurado/Comisiones evaluadoras de trabajo de grado,LAS GARANTÍAS DE LOS MIGRANTES EN COLOMBIA: COLOMBIA COMO UN PAÍS GARANTISTA DE DERECHOS PARA LOS MIGRANTES VENEZOLANOS,Colombia,2022,UNIVERSIDAD CATOLICA LUIS AMIGO.,ANA MARIA ROLDAN VILLA,4
00049,002,Jurado/Comisiones evaluadoras de trabajo de grado,IMPACTO SOCIAL Y REPARADOR DE LAS ACCIONES DEL ESTADO FRENTE A LAS VÍCTIMAS DEL CONFLICTO ARMADO EN EL DEPARTAMENTO DE ANTIOQUIA,Colombia,2022,UNIVERSIDAD CATOLICA LUIS AMIGO.,ANA MARIA ROLDAN VILLA,4
00050,002,Jurado/Comisiones evaluadoras de trabajo de grado,UNA MIRADA A LAS POLÍTICAS PÚBLICAS SOBRE EL DERECHO A LA DIVERSIDAD SEXUAL Y DE GÉNERO EN MEDELLÍN,Colombia,2022,UNIVERSIDAD CATOLICA LUIS AMIGO.,NATALIA BAENA ROBLEDO,4
00051,002,Jurado/Comisiones evaluadoras de trabajo de grado,"LIMITACIONES DE LOS DERECHOS FUNDAMENTALES, A LA LIBERTAD DE CONCIENCIA Y LIBERTAD DE CULTO, DE UN JUEZ DE LA REPÚBLICA EN COLOMBIA",Colombia,2022,UNIVERSIDAD CATOLICA LUIS AMIGO.,ANA MARIA ROLDAN VILLA,4
00052,002,Jurado/Comisiones evaluadoras de trabajo de grado,SITUACIÓN ADMINISTRATIVA Y DERECHOS HUMANOS: ¿ES GARANTIZADO EL ACCESO A LA SALUD PARA LAS PERSONAS MIGRANTES EN COLOMBIA Y ESPAÑA?,Colombia,2021,UNIVERSIDAD CATOLICA LUIS AMIGO.,ELVIGIA CARDONA ZULETA,4
00053,002,Jurado/Comisiones evaluadoras de trabajo de grado,EL DERECHO A LA HONRA EN LAS REDES SOCIALES: UTOPÍA O NECESIDAD,Colombia,2021,UNIVERSIDAD CATOLICA LUIS AMIGO.,DANY STEVEN GOMEZ AGUDELO,4
00054,002,Jurado/Comisiones evaluadoras de trabajo de grado,La práctica docente de una agente educativa y la promoción de habilidades para la vida en el Centro de Desarrollo Integral (CDI) ¿Déjame Crecer¿ de Marinilla-Antioquia. Estudio de caso,Colombia,2021,UNIVERSIDAD DE ANTIOQUIA.,JENNY MARCELA ACEVEDO VALENCIA,4
00055,002,Jurado/Comisiones evaluadoras de trabajo de grado,"CONTROVERSIA CONTRACTUAL, HERRAMIENTA PARA CONTROLAR EL DETRIMENTO PATRIMONIAL EN LAS ENTIDADES DESCENTRALIZADAS DEL MUNICIPIO DE MEDELLÍN",Colombia,2021,UNIVERSIDAD CATOLICA LUIS AMIGO.,DANY STEVEN GOMEZ AGUDELO,4
00056,002,Jurado/Comisiones evaluadoras de trabajo de grado,"VACÍOS E INCONSISTENCIAS DEL PROCESO DE REORGANIZACIÓN EN EL RÉGIMEN DE INSOLVENCIA EMPRESARIAL COLOMBIANO (LEY 1116 DEL 2006), ABORDADOS EN LA JURISPRUDENCIA Y LA DOCTRINA ENTRE LOS AÑOS 2006 Y 2019",Colombia,2020,UNIVERSIDAD CATOLICA LUIS AMIGO.,ELVIGIA CARDONA ZULETA,4
00057,002,Jurado/Comisiones evaluadoras de trabajo de grado,JUSTICIA RESTAURATIVA PARA LA GARANTÍA DE LOS DERECHOS DE LA MUJER CONDENADA POR INTERRUPCIÓN VOLUNTARIA DE SU EMBARAZO,Colombia,2020,UNIVERSIDAD CATOLICA LUIS AMIGO.,ELVIGIA CARDONA ZULETA,4
00058,002,Jurado/Comisiones evaluadoras de trabajo de grado,"TRANSFORMACIONES DE LA INVESTIGACIÓN JURÍDICA Y SOCIOJURÍDICA EN LA REGIÓN ANDINA DE COLOMBIA: EJE CAFETERO, SANTANDERES Y TOLIMA GRANDE",Colombia,2020,UNIVERSIDAD CATOLICA LUIS AMIGO.,ELVIGIA CARDONA ZULETA,4
00059,002,Jurado/Comisiones evaluadoras de trabajo de grado,GESTIÓN GUBERNAMENTAL FRENTE A LA POLÍTICA DE TIERRAS AL TENOR DEL ARTÍCULO 64 DE LA CONSTITUCIÓN POLÍTICA DE COLOMBIA ENTRE LOS AÑOS 2002 Y 2010,Colombia,2020,UNIVERSIDAD CATOLICA LUIS AMIGO.,DANY STEVEN GOMEZ AGUDELO,4
00060,002,Jurado/Comisiones evaluadoras de trabajo de grado,DERECHO A LA DESCONEXIÓN LABORAL ¿AUSENTE EN LA LEGISLACIÓN COLOMBIANA?,Colombia,2020,UNIVERSIDAD CATOLICA LUIS AMIGO.,DANY STEVEN GOMEZ AGUDELO,4
00061,002,Jurado/Comisiones evaluadoras de trabajo de grado,Violencia de género institucionalizada en el Sistema Jurídico colombiano. Caso Antioquia,Colombia,2020,UNIVERSIDAD CATOLICA LUIS AMIGO.,JENNY MARCELA ACEVEDO VALENCIA,4
00062,002,Jurado/Comisiones evaluadoras de trabajo de grado,MIGRANTES DESAPARECIDOS; BÚSQUEDA SIN RESPUESTAS,Colombia,2020,UNIVERSIDAD CATOLICA LUIS AMIGO.,ELVIGIA CARDONA ZULETA,4
00063,002,Jurado/Comisiones evaluadoras de trabajo de grado,IMPUTABILIDAD EN MENORES DE 14 AÑOS,Colombia,2020,UNIVERSIDAD CATOLICA LUIS AMIGO.,DANY STEVEN GOMEZ AGUDELO,4
00064,002,Jurado/Comisiones evaluadoras de trabajo de grado,"ASPECTOS PROCESALES DE LA DECLARATORIA DE ADOPTABILIDAD DE NIÑOS, NIÑAS Y ADOLESCENTES EN COLOMBIA. ESTUDIO DE CASO",Colombia,2020,UNIVERSIDAD CATOLICA LUIS AMIGO.,ELVIGIA CARDONA ZULETA,4
00065,002,Jurado/Comisiones evaluadoras de trabajo de grado,Disminución de comportamientos contrarios a la convivencia que involucran el consumo de sustancias psicoactivas activas en el espacio público de la ciudad de Manizales a partir de la Sentencia C-253/19,Colombia,2020,UNIVERSIDAD CATOLICA LUIS AMIGO.,ROBERTO MAURICIO ROMERO CARDENAS,4
00066,002,Jurado/Comisiones evaluadoras de trabajo de grado,Maternidad subrogada en el ordenamiento jurídico colombiano,Colombia,2020,UNIVERSIDAD CATOLICA LUIS AMIGO.,ELVIGIA CARDONA ZULETA,4
00067,002,Jurado/Comisiones evaluadoras de trabajo de grado,El rol de la Corte Constitucional en la construcción de una cultura menos patriarcal.,Colombia,2019,UNIVERSIDAD CATOLICA LUIS AMIGO.,ROBERTO MAURICIO ROMERO CARDENAS,4
00068,002,Jurado/Comisiones evaluadoras de trabajo de grado,¿DERECHOS DE LOS SOBREVIVIENTES Y SUSTITUCIÓN PENSIONAL. UN ANÁLISIS DESDE LAS DECISIONES JURISPRUDENCIALES REALIZADAS POR LA CORTE CONSTITUCIONAL,Colombia,2019,UNIVERSIDAD CATOLICA LUIS AMIGO.,ROBERTO MAURICIO ROMERO CARDENAS,4
00069,002,Jurado/Comisiones evaluadoras de trabajo de grado,Implicaciones socio-jurídicas que genera el régimen de protección de semillas en Colombia frente al derecho del pequeño campesino a explotar y comercializar las semillas tradicionales,Colombia,2019,UNIVERSIDAD CATOLICA LUIS AMIGO.,JENNIFFER LONDONO JURADO,4
00070,002,Jurado/Comisiones evaluadoras de trabajo de grado,Análisis jurisprudencial sobre las fallas en la prestación de los servicios de salud y la responsabilidad del Estado,Colombia,2018,UNIVERSIDAD CATOLICA LUIS AMIGO.,LAURA VICTORIA CARDENAS ROJAS,4
00071,002,Jurado/Comisiones evaluadoras de trabajo de grado,Las prácticas en medicina tradicional y la garantía de los derechos fundamentales a la salud y a la vida de la comunidad Embera Chamí en el resguardo de Cañamomo Lomaprieta ubicado entre los municipios Riosucio y Supía Caldas,Colombia,2018,UNIVERSIDAD CATOLICA LUIS AMIGO.,JENNIFFER LONDONO JURADO,4
00072,002,Jurado/Comisiones evaluadoras de trabajo de grado,"Garantías sindicales en el sector penitenciario, derechos y abusos de la legislación colombiana",Colombia,2018,UNIVERSIDAD CATOLICA LUIS AMIGO.,JENNIFFER LONDONO JURADO,4
00073,002,Jurado/Comisiones evaluadoras de trabajo de grado,"Participación democrática de los estudiantes de Derecho de la Universidad Católica Luis Amigó, sede Manizales, haciendo uso de los mecanismos establecidos en el artículo 103 de la Constitución",Colombia,2018,UNIVERSIDAD CATOLICA LUIS AMIGO.,ROBERTO MAURICIO ROMERO CARDENAS,4
00074,002,Jurado/Comisiones evaluadoras de trabajo de grado,"Los mecanismos de participación ciudadana en el municipio de Chinchiná, Departamento de Caldas. En el marco de la ley 1757 de 2015",Colombia,2018,UNIVERSIDAD CATOLICA LUIS AMIGO.,ROBERTO MAURICIO ROMERO CARDENAS,4
00075,002,Jurado/Comisiones evaluadoras de trabajo de grado,Problemática probatoria en los delitos sexuales con menores de 14 años en Colombia,Colombia,2018,UNIVERSIDAD CATOLICA LUIS AMIGO.,RODRIGO ORLANDO OSORIO MONTOYA,4
00076,002,Jurado/Comisiones evaluadoras de trabajo de grado,Tipología y régimen jurídico de los contratos interadministrativos y los convenios celebrados por la administración en Colombia desde 1887 hasta 2017.,Colombia,2017,UNIVERSIDAD CATOLICA LUIS AMIGO.,ROBERTO MAURICIO ROMERO CARDENAS,4
00077,002,Jurado/Comisiones evaluadoras de trabajo de grado,Derecho al libre desarrollo de la personalidad en el sistema educativo colombiano en la última década (2006 ¿ 2016): una mirada hacia la aceptación de las orientaciones sexuales e identidades de género.,Colombia,2017,UNIVERSIDAD CATOLICA LUIS AMIGO.,ROBERTO MAURICIO ROMERO CARDENAS,4
00078,002,Jurado/Comisiones evaluadoras de trabajo de grado,La titulación de las tierras de las comunidades indígenas desde la perspectiva de la jurisdicción especial indígena en Colombia. Una mirada socio jurídica.,Colombia,2017,UNIVERSIDAD CATOLICA LUIS AMIGO.,ROBERTO MAURICIO ROMERO CARDENAS,4
00079,002,Jurado/Comisiones evaluadoras de trabajo de grado,Criterio de reparación integral de la ley 1448 de 2011 a las víctimas del conflicto armado interno registradas en el municipio de Neira - Caldas.,Colombia,2017,UNIVERSIDAD CATOLICA LUIS AMIGO.,ROBERTO MAURICIO ROMERO CARDENAS,4
00080,002,Jurado/Comisiones evaluadoras de trabajo de grado,Penas privativas y no privativas de la libertad frente al cambio de normatividad penal en Colombia (ley 599 de 2000) aplicada en los juzgados penales de circuito de la ciudad de Manizales tomando como base el delito de omisión de agente retenedor entre los años 2000 y 2004.,Colombia,2017,UNIVERSIDAD CATOLICA LUIS AMIGO.,ROBERTO MAURICIO ROMERO CARDENAS,4
00081,002,Jurado/Comisiones evaluadoras de trabajo de grado,"PROCESO PENAL EN HOMICIDIOS, VISTO DESDE LA DEFENSA DE LAS VÍCTIMAS",Colombia,2017,UNIVERSIDAD CATOLICA LUIS AMIGO.,RODRIGO ORLANDO OSORIO MONTOYA,4
00082,002,Jurado/Comisiones evaluadoras de trabajo de grado,DIFICULTADES EN LA IMPLEMENTACIÓN DE LA LEY DE VÍCTIMAS Y RESTITUCIÓN DE TIERRAS YSUS COMPONENTES.,Colombia,2017,UNIVERSIDAD CATOLICA LUIS AMIGO.,RODRIGO ORLANDO OSORIO MONTOYA,4
00083,002,Jurado/Comisiones evaluadoras de trabajo de grado,Eficacia de la Policía Nacional en la garantía a la seguridad de los ciudadanos de Medellín 2012-2015,Colombia,2015,UNIVERSIDAD CATOLICA LUIS AMIGO.,JORGE IVAN GAVIRIA MESA,4
00084,002,Jurado/Comisiones evaluadoras de trabajo de grado,Adopción en parejas del mismo sexo con base en el concepto de dignidad humana 2015,Colombia,2015,UNIVERSIDAD CATOLICA LUIS AMIGO.,JORGE IVAN GAVIRIA MESA,4
00085,002,Jurado/Comisiones evaluadoras de trabajo de grado,"""La expropiación administrativa: Una medida necesaria para el avance del Macroproyecto San José""",Colombia,2014,Universidad De Manizales - Umanizales.,PAULO BERNARDO ARBOLEDA RAMIREZ,4
00086,002,Jurado/Comisiones evaluadoras de trabajo de grado,"""El poder y la potestad tributaria de los municipios en Colombia a la luz de la Constitución de 1991. Estudio de caso del Municipio de Manizales""",Colombia,2014,Universidad De Manizales - Umanizales.,PAULO BERNARDO ARBOLEDA RAMIREZ,4
00087,002,Jurado/Comisiones evaluadoras de trabajo de grado,Jurisprudencia laboral frente a la carga dinámica de la prueba,Colombia,2014,UNIVERSIDAD DE MEDELLIN.,PAULO BERNARDO ARBOLEDA RAMIREZ,4
00088,002,Jurado/Comisiones evaluadoras de trabajo de grado,Estado social de derecho en Colombia,Colombia,2013,Centro De Investigaciones Universidad De Manizales.,PAULO BERNARDO ARBOLEDA RAMIREZ,4
00089,002,Jurado/Comisiones evaluadoras de trabajo de grado,GRUPO LEGAL AMBIENTAL,Colombia,2012,Corporación Universitaria De Colombia Ideas.,ANA MARIA MESA ELNESER,4
00090,002,Jurado/Comisiones evaluadoras de trabajo de grado,"Estado social de derecho, nativo político o una historia hibrida. Universidad de Manizales.",Colombia,2012,Universidad De Manizales - Umanizales.,MILTON CESAR JIMENEZ RAMIREZ,4
00091,002,Jurado/Comisiones evaluadoras de trabajo de grado,La Hipoteca como Derecho Real y como Contrato,Colombia,2009,INSTITUCIÓN UNIVERSITARIA DE ENVIGADO.,"CARLOS COSSIO, JORGE EDUARDO VASQUEZ SANTAMARIA",4
00092,002,Jurado/Comisiones evaluadoras de trabajo de grado,Tesis para optar al título de Abogado ¿El principio de predicción en la decisión judicial¿. Universidad de Caldas,Colombia,2008,UNIVERSIDAD DE CALDAS.,MILTON CESAR JIMENEZ RAMIREZ,4
00093,002,Jurado/Comisiones evaluadoras de trabajo de grado,Análisis jurisprudencial del principio de la primacía de la realidad en el sector público. Universidad de Caldas,Colombia,2005,UNIVERSIDAD DE CALDAS.,MILTON CESAR JIMENEZ RAMIREZ,4
00094,003,Jurado/Comisiones evaluadoras de trabajo de grado,Práctica Investigativa,Colombia,2020,UNIVERSIDAD CATOLICA LUIS AMIGO.,JOSE ANTONIO LOPEZ GIRALDO,4
00095,003,Jurado/Comisiones evaluadoras de trabajo de grado,Investigación Aplicada Cooperativas Financieras,Colombia,2020,UNIVERSIDAD CATOLICA LUIS AMIGO.,JOSE ANTONIO LOPEZ GIRALDO,4
00096,003,Jurado/Comisiones evaluadoras de trabajo de grado,Investigación Aplicada,Colombia,2020,UNIVERSIDAD CATOLICA LUIS AMIGO.,JOSE ANTONIO LOPEZ GIRALDO,4
00097,003,Jurado/Comisiones evaluadoras de trabajo de grado,Práctica Empresarial Tipo de Contrato Sena EMTELCO CX & BPO,Colombia,2020,UNIVERSIDAD CATOLICA LUIS AMIGO.,JOSE ANTONIO LOPEZ GIRALDO,4
00098,003,Jurado/Comisiones evaluadoras de trabajo de grado,Direccionamiento estratégico para la empresa ASOPROALMO - San Pedro de los Milagros.,Colombia,2020,UNIVERSIDAD CATOLICA LUIS AMIGO.,JAIME ALBERTO BELTRAN RIOS,4
00099,003,Jurado/Comisiones evaluadoras de trabajo de grado,Creación base de datos para servicio al cliente empresa Bancolombia S.A,Colombia,2020,UNIVERSIDAD CATOLICA LUIS AMIGO.,JAIME ALBERTO BELTRAN RIOS,4
00100,003,Jurado/Comisiones evaluadoras de trabajo de grado,Modelo de servicio al cliente para la empresa Fondo de Garantias INMOBILIARIAS - FGI.,Colombia,2020,UNIVERSIDAD CATOLICA LUIS AMIGO.,JAIME ALBERTO BELTRAN RIOS,4
00101,003,Jurado/Comisiones evaluadoras de trabajo de grado,Práctica Empresarial Tipo de Contrato Sena CFA - Cooperativa Financiera.,Colombia,2020,UNIVERSIDAD CATOLICA LUIS AMIGO.,JOSE ANTONIO LOPEZ GIRALDO,4
00102,003,Jurado/Comisiones evaluadoras de trabajo de grado,Proyecto creación de Empresa Dulce Armonía,Colombia,2020,UNIVERSIDAD CATOLICA LUIS AMIGO.,JAIME ALBERTO BELTRAN RIOS,4
00103,003,Jurado/Comisiones evaluadoras de trabajo de grado,Experiencias empresariales contrato Sena,Colombia,2020,UNIVERSIDAD CATOLICA LUIS AMIGO.,JAIME ALBERTO BELTRAN RIOS,4
00104,003,Jurado/Comisiones evaluadoras de trabajo de grado,Gerencia Gestión del Fraude y Sección de Investigación de Fraude Bancolombia Modalidad: Proyecto Aplicado,Colombia,2020,UNIVERSIDAD CATOLICA LUIS AMIGO.,JOSE ANTONIO LOPEZ GIRALDO,4
00105,003,Jurado/Comisiones evaluadoras de trabajo de grado,Emprendiemiento BrowNella,Colombia,2020,UNIVERSIDAD CATOLICA LUIS AMIGO.,JOSE ANTONIO LOPEZ GIRALDO,4
00106,003,Jurado/Comisiones evaluadoras de trabajo de grado,Emprendimiento Conexiones YKC,Colombia,2020,UNIVERSIDAD CATOLICA LUIS AMIGO.,JOSE ANTONIO LOPEZ GIRALDO,4
00107,003,Jurado/Comisiones evaluadoras de trabajo de grado,Proyecto creación de empresa Cien Ladrillos,Colombia,2020,UNIVERSIDAD CATOLICA LUIS AMIGO.,JAIME ALBERTO BELTRAN RIOS,4
00108,003,Jurado/Comisiones evaluadoras de trabajo de grado,Estudio delas percepciones y preferencias de los consumidores de la Empresa PROVENZAL Modalidad: Proyecto Aplicado,Colombia,2020,UNIVERSIDAD CATOLICA LUIS AMIGO.,JOSE ANTONIO LOPEZ GIRALDO,4
00109,003,Jurado/Comisiones evaluadoras de trabajo de grado,Práctica Empresarial Tipo de Contrato Sena Gobernación de Antioquia,Colombia,2020,UNIVERSIDAD CATOLICA LUIS AMIGO.,JOSE ANTONIO LOPEZ GIRALDO,4
00110,003,Jurado/Comisiones evaluadoras de trabajo de grado,Práctica Empresarial Tipo de Contrato Sena Postobón,Colombia,2020,UNIVERSIDAD CATOLICA LUIS AMIGO.,JOSE ANTONIO LOPEZ GIRALDO,4
00111,003,Jurado/Comisiones evaluadoras de trabajo de grado,Aplicación Metodologia FLIPPED CLASS ROOM,Colombia,2018,UNIVERSIDAD CATOLICA LUIS AMIGO.,JAIME ALBERTO BELTRAN RIOS,4
00112,003,Jurado/Comisiones evaluadoras de trabajo de grado,Evaluación Investigación aplicada * Aplicación Metodologia FLIPPED CLASS ROOM,Colombia,2018,UNIVERSIDAD CATOLICA LUIS AMIGO.,JAIME ALBERTO BELTRAN RIOS,4
00113,003,Jurado/Comisiones evaluadoras de trabajo de grado,Evaluación trabajo de grado empresa IDEGAS S.A.S. - MERCADEO.,Colombia,2018,UNIVERSIDAD CATOLICA LUIS AMIGO.,JAIME ALBERTO BELTRAN RIOS,4
00114,003,Jurado/Comisiones evaluadoras de trabajo de grado,Evaluación trabajo de grado empresa Corp. Nal de Lonjas - CORALONJAS,Colombia,2018,UNIVERSIDAD CATOLICA LUIS AMIGO.,JAIME ALBERTO BELTRAN RIOS,4
00115,003,Jurado/Comisiones evaluadoras de trabajo de grado,Plan de Mercadeo Empresa Inst. de Alta Tecnologia Medica I.A.T.M.,Colombia,2018,UNIVERSIDAD CATOLICA LUIS AMIGO.,JOSE ANTONIO LOPEZ GIRALDO,4
00116,003,Jurado/Comisiones evaluadoras de trabajo de grado,Plan de Mercadeo Empresa Llantas El Ferrocarril,Colombia,2018,UNIVERSIDAD CATOLICA LUIS AMIGO.,JOSE ANTONIO LOPEZ GIRALDO,4
00117,003,Jurado/Comisiones evaluadoras de trabajo de grado,Plan de Mercadeo Empresa DOUGLAS GILCHRIST B Y CIA,Colombia,2018,UNIVERSIDAD CATOLICA LUIS AMIGO.,JOSE ANTONIO LOPEZ GIRALDO,4
00118,003,Jurado/Comisiones evaluadoras de trabajo de grado,Procesos de Talento Humano para la empresa inversiones Jaibu S.A.S,Colombia,2018,UNIVERSIDAD CATOLICA LUIS AMIGO.,JOSE ANTONIO LOPEZ GIRALDO,4
00119,003,Jurado/Comisiones evaluadoras de trabajo de grado,Plan de Mercadeo Empresa Termilenio S.A.,Colombia,2018,UNIVERSIDAD CATOLICA LUIS AMIGO.,JOSE ANTONIO LOPEZ GIRALDO,4
00120,003,Jurado/Comisiones evaluadoras de trabajo de grado,Evaluación trabajo de grado Universidad Nacional: Facultad de Minas,Colombia,2018,UNIVERSIDAD CATOLICA LUIS AMIGO.,JAIME ALBERTO BELTRAN RIOS,4
00121,003,Jurado/Comisiones evaluadoras de trabajo de grado,Evaluación trabajo de grado empresa Alcaldía Municipal de Copacabana,Colombia,2018,UNIVERSIDAD CATOLICA LUIS AMIGO.,JAIME ALBERTO BELTRAN RIOS,4
00122,003,Jurado/Comisiones evaluadoras de trabajo de grado,Evaluación trabajo de grado empresa Universidad Nacional,Colombia,2018,UNIVERSIDAD CATOLICA LUIS AMIGO.,JAIME ALBERTO BELTRAN RIOS,4
00123,003,Jurado/Comisiones evaluadoras de trabajo de grado,Evaluación trabajo de grado facultad de minas,Colombia,2018,UNIVERSIDAD CATOLICA LUIS AMIGO.,JAIME ALBERTO BELTRAN RIOS,4
00124,003,Jurado/Comisiones evaluadoras de trabajo de grado,Evaluación trabajo de grado Empresa Encumbra microfinanzas,Colombia,2018,UNIVERSIDAD CATOLICA LUIS AMIGO.,JAIME ALBERTO BELTRAN RIOS,4
00125,003,Jurado/Comisiones evaluadoras de trabajo de grado,Evaluación trabajo de grado Empresa Inder Guarne,Colombia,2018,UNIVERSIDAD CATOLICA LUIS AMIGO.,JAIME ALBERTO BELTRAN RIOS,4
00126,003,Jurado/Comisiones evaluadoras de trabajo de grado,Evaluación trabajo de grado empresa Coopevian,Colombia,2018,UNIVERSIDAD CATOLICA LUIS AMIGO.,JAIME ALBERTO BELTRAN RIOS,4
00127,003,Jurado/Comisiones evaluadoras de trabajo de grado,"Evaluación práctica investigativa Modelo Social Cooperativo - JFK, CONFIAR & COTRAFA",Colombia,2018,UNIVERSIDAD CATOLICA LUIS AMIGO.,JAIME ALBERTO BELTRAN RIOS,4
00128,003,Jurado/Comisiones evaluadoras de trabajo de grado,Evaluación trabajo de grado Encumbra,Colombia,2018,UNIVERSIDAD CATOLICA LUIS AMIGO.,JAIME ALBERTO BELTRAN RIOS,4
00129,003,Jurado/Comisiones evaluadoras de trabajo de grado,Evaluación trabajo de grado INDER,Colombia,2018,UNIVERSIDAD CATOLICA LUIS AMIGO.,JAIME ALBERTO BELTRAN RIOS,4
00130,003,Jurado/Comisiones evaluadoras de trabajo de grado,Evaluación trabajo de grado Encumbra microfinanzas,Colombia,2018,UNIVERSIDAD CATOLICA LUIS AMIGO.,JAIME ALBERTO BELTRAN RIOS,4
00131,003,Jurado/Comisiones evaluadoras de trabajo de grado,Evaluación trabajo de grado empresa Consultores en procesos integrales CPI,Colombia,2018,UNIVERSIDAD CATOLICA LUIS AMIGO.,JAIME ALBERTO BELTRAN RIOS,4
00132,003,Jurado/Comisiones evaluadoras de trabajo de grado,Evaluación trabajo de grado Coopevian,Colombia,2018,UNIVERSIDAD CATOLICA LUIS AMIGO.,JAIME ALBERTO BELTRAN RIOS,4
00133,003,Jurado/Comisiones evaluadoras de trabajo de grado,Evaluación trabajo de grado Maxempleos SA,Colombia,2018,UNIVERSIDAD CATOLICA LUIS AMIGO.,JAIME ALBERTO BELTRAN RIOS,4
00134,003,Jurado/Comisiones evaluadoras de trabajo de grado,VIOLENCIA INTRAFAMILIAR: UNA MIRADA DESDE EL ÁMBITO DE LA CULTURA ORGANIZACIONAL,Colombia,2018,INSTITUCIÓN UNIVERSITARIA SALAZAR Y HERRERA.,MONICA ELIANA ARISTIZABAL VELASQUEZ,4
00135,003,Jurado/Comisiones evaluadoras de trabajo de grado,"ESTRATEGIA CULTURAL DE INNOVACIÓN PARA POSTOBÓN, PLANTA BELLO, EN CARGOS DE LIDERAZGO ALINEADO",Colombia,2018,INSTITUCIÓN UNIVERSITARIA SALAZAR Y HERRERA.,MONICA ELIANA ARISTIZABAL VELASQUEZ,4
00136,003,Jurado/Comisiones evaluadoras de trabajo de grado,Propuesta de fortaleciemiento de plan estratégico. Calzado Milán Tenis S.A.S,Colombia,2017,UNIVERSIDAD CATOLICA LUIS AMIGO.,JAIME ALBERTO BELTRAN RIOS,4
00137,003,Jurado/Comisiones evaluadoras de trabajo de grado,Idea de Negocio Viajes O´clock S.A.S,Colombia,2017,UNIVERSIDAD CATOLICA LUIS AMIGO.,JOSE ANTONIO LOPEZ GIRALDO,4
00138,003,Jurado/Comisiones evaluadoras de trabajo de grado,Sistema Gestión de Seguridad y Salud en el Trabajo para la Agencia de Cooperación e Inversión de Medellín y el Área Metropolitana (ACI),Colombia,2017,UNIVERSIDAD CATOLICA LUIS AMIGO.,JOSE ANTONIO LOPEZ GIRALDO,4
00139,003,Jurado/Comisiones evaluadoras de trabajo de grado,Estacionamiento Canino DiverCan,Colombia,2017,UNIVERSIDAD CATOLICA LUIS AMIGO.,JOSE ANTONIO LOPEZ GIRALDO,4
00140,003,Jurado/Comisiones evaluadoras de trabajo de grado,Creación Modelo programa de formación y capacitación en cultura de servicio al cliente para los colaboradores de la empresa Dogger en la ciudad de Medellín,Colombia,2017,UNIVERSIDAD CATOLICA LUIS AMIGO.,JOSE ANTONIO LOPEZ GIRALDO,4
00141,003,Jurado/Comisiones evaluadoras de trabajo de grado,Determinantes de la Inversión en empresas del sector industrial que no cotizan en el mercado de valores,Colombia,2017,UNIVERSIDAD DE ANTIOQUIA.,MAURICIO ALEJANDRO BEDOYA JIMENEZ,4
00142,003,Jurado/Comisiones evaluadoras de trabajo de grado,Trabajo de grado empresa TAMAYO JARAMILLO ASOCIADOS,Colombia,2017,UNIVERSIDAD CATOLICA LUIS AMIGO.,JAIME ALBERTO BELTRAN RIOS,4
00143,003,Jurado/Comisiones evaluadoras de trabajo de grado,Evaluación trabajo de grado empresa Creaciónes La Hormiguita.,Colombia,2017,UNIVERSIDAD CATOLICA LUIS AMIGO.,JAIME ALBERTO BELTRAN RIOS,4
00144,003,Jurado/Comisiones evaluadoras de trabajo de grado,Evaluación trabajo de grado Empresa TAMAYO JARAMILLO ASOCIADOS,Colombia,2017,UNIVERSIDAD CATOLICA LUIS AMIGO.,JAIME ALBERTO BELTRAN RIOS,4
00145,003,Jurado/Comisiones evaluadoras de trabajo de grado,Evaluación trabajo de grado empresa TRANSMEBA S.A.,Colombia,2017,UNIVERSIDAD CATOLICA LUIS AMIGO.,JAIME ALBERTO BELTRAN RIOS,4
00146,003,Jurado/Comisiones evaluadoras de trabajo de grado,Evaluación trabajo de grado empresa Universidad Catolica Luis Amigó - Escuela de posgrados,Colombia,2017,UNIVERSIDAD CATOLICA LUIS AMIGO.,JAIME ALBERTO BELTRAN RIOS,4
00147,003,Jurado/Comisiones evaluadoras de trabajo de grado,Evaluación trabajo de grado empresa EMPRESA SERVICIOS PUBLICOS COCORNA,Colombia,2017,UNIVERSIDAD CATOLICA LUIS AMIGO.,JAIME ALBERTO BELTRAN RIOS,4
00148,003,Jurado/Comisiones evaluadoras de trabajo de grado,Evaluación trabajo de grado empresa INSTITUTO DEL CORAZON,Colombia,2017,UNIVERSIDAD CATOLICA LUIS AMIGO.,JAIME ALBERTO BELTRAN RIOS,4
00149,003,Jurado/Comisiones evaluadoras de trabajo de grado,Evaluación trabajo de grado empresa FUNDACION VALORA,Colombia,2017,UNIVERSIDAD CATOLICA LUIS AMIGO.,JAIME ALBERTO BELTRAN RIOS,4
00150,003,Jurado/Comisiones evaluadoras de trabajo de grado,Evaluación trabajo de grado empresa Universidad Católica Luis Amigó - posgrados,Colombia,2017,UNIVERSIDAD CATOLICA LUIS AMIGO.,JAIME ALBERTO BELTRAN RIOS,4
00151,003,Jurado/Comisiones evaluadoras de trabajo de grado,Evaluación de experiencias empresa Bancolombia,Colombia,2017,UNIVERSIDAD CATOLICA LUIS AMIGO.,JAIME ALBERTO BELTRAN RIOS,4
00152,003,Jurado/Comisiones evaluadoras de trabajo de grado,Evaluación de experiencias empresa Comedal,Colombia,2017,UNIVERSIDAD CATOLICA LUIS AMIGO.,JAIME ALBERTO BELTRAN RIOS,4
00153,003,Jurado/Comisiones evaluadoras de trabajo de grado,Evaluación de práctica empresa OPERADOR LOGISTICO,Colombia,2017,UNIVERSIDAD CATOLICA LUIS AMIGO.,JAIME ALBERTO BELTRAN RIOS,4
00154,003,Jurado/Comisiones evaluadoras de trabajo de grado,Evaluación de práctica empresa ALIANZA FIDUCIARIA,Colombia,2017,UNIVERSIDAD CATOLICA LUIS AMIGO.,JAIME ALBERTO BELTRAN RIOS,4
00155,003,Jurado/Comisiones evaluadoras de trabajo de grado,Evaluación de práctica empresa BIMBO DE COLOMBIA,Colombia,2017,UNIVERSIDAD CATOLICA LUIS AMIGO.,JAIME ALBERTO BELTRAN RIOS,4
00156,003,Jurado/Comisiones evaluadoras de trabajo de grado,Evaluación de práctica empresa EMTELCO S.A.S,Colombia,2017,UNIVERSIDAD CATOLICA LUIS AMIGO.,JAIME ALBERTO BELTRAN RIOS,4
00157,003,Jurado/Comisiones evaluadoras de trabajo de grado,Evaluación de práctica UNIVERSIDAD MINUTO DE DIOS - UNIMINUTO,Colombia,2017,UNIVERSIDAD CATOLICA LUIS AMIGO.,JAIME ALBERTO BELTRAN RIOS,4
00158,003,Jurado/Comisiones evaluadoras de trabajo de grado,"Evaluación Práctica investigativa Valoración de Mypymes, enfoque Marketing & Marca",Colombia,2017,UNIVERSIDAD CATOLICA LUIS AMIGO.,JAIME ALBERTO BELTRAN RIOS,4
00159,003,Jurado/Comisiones evaluadoras de trabajo de grado,Evaluación práctica de excelencia GOBERNACIÓN DE ANTIOQUIA,Colombia,2017,UNIVERSIDAD CATOLICA LUIS AMIGO.,JAIME ALBERTO BELTRAN RIOS,4
00160,003,Jurado/Comisiones evaluadoras de trabajo de grado,Evaluación de práctica empresa TELEPERFORMANCE,Colombia,2017,UNIVERSIDAD CATOLICA LUIS AMIGO.,JAIME ALBERTO BELTRAN RIOS,4
00161,003,Jurado/Comisiones evaluadoras de trabajo de grado,Evaluación de práctica empresa Bancolombia,Colombia,2017,UNIVERSIDAD CATOLICA LUIS AMIGO.,JAIME ALBERTO BELTRAN RIOS,4
00162,003,Jurado/Comisiones evaluadoras de trabajo de grado,Evaluación de práctica Empresa ACCEQUIP S.A.,Colombia,2017,UNIVERSIDAD CATOLICA LUIS AMIGO.,JAIME ALBERTO BELTRAN RIOS,4
00163,003,Jurado/Comisiones evaluadoras de trabajo de grado,Homologación Proceso Servicio al Cliente Inproquim,Colombia,2016,UNIVERSIDAD CATOLICA LUIS AMIGO.,JOSE ANTONIO LOPEZ GIRALDO,4
00164,003,Jurado/Comisiones evaluadoras de trabajo de grado,Evaluación de experiencias Agencia Claro,Colombia,2016,UNIVERSIDAD CATOLICA LUIS AMIGO.,JAIME ALBERTO BELTRAN RIOS,4
00165,003,Jurado/Comisiones evaluadoras de trabajo de grado,"Escenarios Futurables de Ágora Constructores SAS hacia el año 2024, mediante la aplicación de un estudio prospectivo",Colombia,2016,UNIVERSIDAD CATOLICA LUIS AMIGO.,JUAN SANTIAGO CALLE PIEDRAHITA,4
00166,003,Jurado/Comisiones evaluadoras de trabajo de grado,"Comparativo del liderazgo, asertividad comunicacional y alineamiento organizacional de tres IPS",Colombia,2016,UNIVERSIDAD CATOLICA LUIS AMIGO.,JUAN SANTIAGO CALLE PIEDRAHITA,4
00167,003,Jurado/Comisiones evaluadoras de trabajo de grado,Imaginario de la estrategia de la RSE en la Cooperativa Consumo,Colombia,2016,UNIVERSIDAD CATOLICA LUIS AMIGO.,JUAN SANTIAGO CALLE PIEDRAHITA,4
00168,003,Jurado/Comisiones evaluadoras de trabajo de grado,Modelo de Negocio Canvas,Colombia,2016,UNIVERSIDAD CATOLICA LUIS AMIGO.,JUAN SANTIAGO CALLE PIEDRAHITA,4
00169,003,Jurado/Comisiones evaluadoras de trabajo de grado,Percepción de Espacios Físicos Institucionales de Educación,Colombia,2016,UNIVERSIDAD CATOLICA LUIS AMIGO.,JUAN SANTIAGO CALLE PIEDRAHITA,4
00170,003,Jurado/Comisiones evaluadoras de trabajo de grado,Incidencia en las TIC de Cooperativas Financieras,Colombia,2016,UNIVERSIDAD CATOLICA LUIS AMIGO.,JUAN SANTIAGO CALLE PIEDRAHITA,4
00171,003,Jurado/Comisiones evaluadoras de trabajo de grado,Encuentro de experiencias Empresa EMTELCO,Colombia,2016,UNIVERSIDAD CATOLICA LUIS AMIGO.,JAIME ALBERTO BELTRAN RIOS,4
00172,003,Jurado/Comisiones evaluadoras de trabajo de grado,Encuentro de experiencias empresa Claro,Colombia,2016,UNIVERSIDAD CATOLICA LUIS AMIGO.,JAIME ALBERTO BELTRAN RIOS,4
00173,003,Jurado/Comisiones evaluadoras de trabajo de grado,Encuentro de experiencias empresa MARCO POLO - Super Polo,Colombia,2016,UNIVERSIDAD CATOLICA LUIS AMIGO.,JAIME ALBERTO BELTRAN RIOS,4
00174,003,Jurado/Comisiones evaluadoras de trabajo de grado,Encuentro de experiencias empresa CAICSA S.A,Colombia,2016,UNIVERSIDAD CATOLICA LUIS AMIGO.,JAIME ALBERTO BELTRAN RIOS,4
00175,003,Jurado/Comisiones evaluadoras de trabajo de grado,Encuentro de experiencias MVM Ingenieria de Software,Colombia,2016,UNIVERSIDAD CATOLICA LUIS AMIGO.,JAIME ALBERTO BELTRAN RIOS,4
00176,003,Jurado/Comisiones evaluadoras de trabajo de grado,Encuentro de experiencias-Metodología simposio agencia ITCSA LTDA,Colombia,2016,UNIVERSIDAD CATOLICA LUIS AMIGO.,JAIME ALBERTO BELTRAN RIOS,4
00177,003,Jurado/Comisiones evaluadoras de trabajo de grado,Redes de agremiaciones Bibliotecarias,Colombia,2016,UNIVERSIDAD CATOLICA LUIS AMIGO.,JUAN SANTIAGO CALLE PIEDRAHITA,4
00178,003,Jurado/Comisiones evaluadoras de trabajo de grado,Modelo de estimación del impacto de los riesgos percibidos en las compras por Internet,Colombia,2016,Consejo Latinoamericano de Escuelas de Administrac.,JUAN SANTIAGO CALLE PIEDRAHITA,4
00179,003,Jurado/Comisiones evaluadoras de trabajo de grado,Representación legal de la empresa Profesionales Asociados S.A. (PROAS),Colombia,2016,UNIVERSIDAD CATOLICA LUIS AMIGO.,JOSE ANTONIO LOPEZ GIRALDO,4
00180,003,Jurado/Comisiones evaluadoras de trabajo de grado,Mejoramiento procesos administrativos para la empresa ofimática a través de la creación de cronos Medellin,Colombia,2016,UNIVERSIDAD CATOLICA LUIS AMIGO.,JOSE ANTONIO LOPEZ GIRALDO,4
00181,003,Jurado/Comisiones evaluadoras de trabajo de grado,Practica empresarial Grupo Bancolombia Medellin,Colombia,2016,UNIVERSIDAD CATOLICA LUIS AMIGO.,JOSE ANTONIO LOPEZ GIRALDO,4
00182,003,Jurado/Comisiones evaluadoras de trabajo de grado,"Propuesta para el mejoramiento y fortalecimiento de la estructura organizacional, procesos administrativos y plan de mercadeo de la fundación CRESERES Medellín",Colombia,2016,UNIVERSIDAD CATOLICA LUIS AMIGO.,JOSE ANTONIO LOPEZ GIRALDO,4
00183,003,Jurado/Comisiones evaluadoras de trabajo de grado,Proyecto de grado Alcaldia de Medellin - Practica de EXCELENCIA,Colombia,2016,UNIVERSIDAD CATOLICA LUIS AMIGO.,JAIME ALBERTO BELTRAN RIOS,4
00184,003,Jurado/Comisiones evaluadoras de trabajo de grado,Proyecto trabajo de grado empresa Ofimática,Colombia,2016,UNIVERSIDAD CATOLICA LUIS AMIGO.,JAIME ALBERTO BELTRAN RIOS,4
00185,003,Jurado/Comisiones evaluadoras de trabajo de grado,Diseño del procedimiento para la implementación de seguridad y salud en el trabajo SG-SST del municipio de Itagüi,Colombia,2016,UNIVERSIDAD CATOLICA LUIS AMIGO.,JOSE ANTONIO LOPEZ GIRALDO,4
00186,003,Jurado/Comisiones evaluadoras de trabajo de grado,Proyecto de grado Fundación CRESERES,Colombia,2016,UNIVERSIDAD CATOLICA LUIS AMIGO.,JAIME ALBERTO BELTRAN RIOS,4
00187,003,Jurado/Comisiones evaluadoras de trabajo de grado,Proyecto de grado Fundación ABURRA,Colombia,2016,UNIVERSIDAD CATOLICA LUIS AMIGO.,JAIME ALBERTO BELTRAN RIOS,4
00188,003,Jurado/Comisiones evaluadoras de trabajo de grado,Proyeto de Grado SEM - Solución en Movimiento,Colombia,2016,UNIVERSIDAD CATOLICA LUIS AMIGO.,JAIME ALBERTO BELTRAN RIOS,4
00189,003,Jurado/Comisiones evaluadoras de trabajo de grado,Proyecto de grado Postobon - CEDI ITAGÜI,Colombia,2016,UNIVERSIDAD CATOLICA LUIS AMIGO.,JAIME ALBERTO BELTRAN RIOS,4
00190,003,Jurado/Comisiones evaluadoras de trabajo de grado,Proyecto de grado KIA MOTORS,Colombia,2016,UNIVERSIDAD CATOLICA LUIS AMIGO.,JAIME ALBERTO BELTRAN RIOS,4
00191,003,Jurado/Comisiones evaluadoras de trabajo de grado,Encuentro de experiencias empresa CAICSA S.A,Colombia,2016,UNIVERSIDAD CATOLICA LUIS AMIGO.,JAIME ALBERTO BELTRAN RIOS,4
00192,003,Jurado/Comisiones evaluadoras de trabajo de grado,Proyecto de grado Postobon - CEDI ITAGÜI,Colombia,2016,UNIVERSIDAD CATOLICA LUIS AMIGO.,JAIME ALBERTO BELTRAN RIOS,4
00193,003,Jurado/Comisiones evaluadoras de trabajo de grado,Competitive Strategies Applied to Regional Development: The Case of Regional Productive Development Agency,Colombia,2016,Consejo Latinoamericano de Escuelas de Administrac.,JUAN SANTIAGO CALLE PIEDRAHITA,4
00194,003,Jurado/Comisiones evaluadoras de trabajo de grado,Comunicación afectiva y efectiva en el hospital municipio San Vicente,Colombia,2015,UNIVERSIDAD CATOLICA LUIS AMIGO.,JOSE ANTONIO LOPEZ GIRALDO,4
00195,003,Jurado/Comisiones evaluadoras de trabajo de grado,Protocolo de atención para fortalecer el servicio al cliente en Empresas Varias de Medellín S.A E.S.P,Colombia,2015,UNIVERSIDAD CATOLICA LUIS AMIGO.,JOSE ANTONIO LOPEZ GIRALDO,4
00196,003,Jurado/Comisiones evaluadoras de trabajo de grado,Estandarización y documentación en el proceso de administración del personal de transportadores para una empresa de servicios temporales . Medellín,Colombia,2015,UNIVERSIDAD CATOLICA LUIS AMIGO.,JOSE ANTONIO LOPEZ GIRALDO,4
00197,003,Jurado/Comisiones evaluadoras de trabajo de grado,Diseño y documentación de algunos procesos que permitan la atención oportuna de pacientes hospitalizados y ambulatorios Clinica las Américas Medellin,Colombia,2015,UNIVERSIDAD CATOLICA LUIS AMIGO.,JOSE ANTONIO LOPEZ GIRALDO,4
00198,003,Jurado/Comisiones evaluadoras de trabajo de grado,Fortalecimiento proceso gestión humana cool night producciones Medellín,Colombia,2015,UNIVERSIDAD CATOLICA LUIS AMIGO.,JOSE ANTONIO LOPEZ GIRALDO,4
00199,003,Jurado/Comisiones evaluadoras de trabajo de grado,"Estudio del servicio al cliente actual y diseño y aplicación de herramientas en excel, facilitadora en el registro de las entradas y salidas de efectivo en el parqueadero Paysa S.A.S",Colombia,2015,UNIVERSIDAD CATOLICA LUIS AMIGO.,JOSE ANTONIO LOPEZ GIRALDO,4
00200,003,Jurado/Comisiones evaluadoras de trabajo de grado,Guía didáctica de la administración del riesgo en los procesos de gestión humana . Medellin,Colombia,2015,UNIVERSIDAD CATOLICA LUIS AMIGO.,JOSE ANTONIO LOPEZ GIRALDO,4
00201,003,Jurado/Comisiones evaluadoras de trabajo de grado,Proyecto Herramienta para plan de mejoramiento logístico a sus clientes por servicio logístico a sus clientes por parte de Pavco Mexichem Colombia S.A.S . Medellin,Colombia,2015,UNIVERSIDAD CATOLICA LUIS AMIGO.,JOSE ANTONIO LOPEZ GIRALDO,4
00202,003,Jurado/Comisiones evaluadoras de trabajo de grado,Diseño y aplicación de herramienta de Excel para facilitar el registro de entrada y salida de cartera. Parqueadero PAYSA ¿ Aeropuerto José María Córdoba,Colombia,2015,UNIVERSIDAD CATOLICA LUIS AMIGO.,JUAN SANTIAGO CALLE PIEDRAHITA,4
00203,003,Jurado/Comisiones evaluadoras de trabajo de grado,Propuesta del departamento de relaciones humanas para Dandy Inmobiliaria S.A.,Colombia,2015,UNIVERSIDAD CATOLICA LUIS AMIGO.,JUAN SANTIAGO CALLE PIEDRAHITA,4
00204,003,Jurado/Comisiones evaluadoras de trabajo de grado,Plan de mejoramiento del Departamento de Logística de Comerloa S.A.S,Colombia,2015,UNIVERSIDAD CATOLICA LUIS AMIGO.,JUAN SANTIAGO CALLE PIEDRAHITA,4
00205,003,Jurado/Comisiones evaluadoras de trabajo de grado,Comunicación Afectiva y efectiva en el Hospital Municipio de San Vicente Ferrer,Colombia,2015,UNIVERSIDAD CATOLICA LUIS AMIGO.,JUAN SANTIAGO CALLE PIEDRAHITA,4
00206,003,Jurado/Comisiones evaluadoras de trabajo de grado,Plan de mejoramiento en la prestación del servicio Logísticos a los cliente de Mexichem Colombia - PAVCO,Colombia,2015,UNIVERSIDAD CATOLICA LUIS AMIGO.,JUAN SANTIAGO CALLE PIEDRAHITA,4
00207,003,Jurado/Comisiones evaluadoras de trabajo de grado,Bases de datos en los proceso de admisiones de la Clínica CES,Colombia,2015,UNIVERSIDAD CATOLICA LUIS AMIGO.,JUAN SANTIAGO CALLE PIEDRAHITA,4
00208,003,Jurado/Comisiones evaluadoras de trabajo de grado,Guía didáctica de la administración de riesgo en gestión Humana,Colombia,2015,UNIVERSIDAD CATOLICA LUIS AMIGO.,JUAN SANTIAGO CALLE PIEDRAHITA,4
00209,003,Jurado/Comisiones evaluadoras de trabajo de grado,Propuesta de mejoramiento administrativo para procesos internos de la Papelería Bolivariana,Colombia,2015,UNIVERSIDAD CATOLICA LUIS AMIGO.,JUAN SANTIAGO CALLE PIEDRAHITA,4
00210,003,Jurado/Comisiones evaluadoras de trabajo de grado,Estructura documental de la Curaduría Urbana Primera de Envigado,Colombia,2015,UNIVERSIDAD CATOLICA LUIS AMIGO.,JUAN SANTIAGO CALLE PIEDRAHITA,4
00211,003,Jurado/Comisiones evaluadoras de trabajo de grado,Diagnóstico y formulación de propuesta administrativa para organizaciones sociales Fundación S.O.S.,Colombia,2015,UNIVERSIDAD CATOLICA LUIS AMIGO.,JUAN SANTIAGO CALLE PIEDRAHITA,4
00212,003,Jurado/Comisiones evaluadoras de trabajo de grado,"Practicas Organizaciones sociales, una mirada de las RSE y sus equipos Universidades Púbicas",Colombia,2015,UNIVERSIDAD CATOLICA LUIS AMIGO.,JUAN SANTIAGO CALLE PIEDRAHITA,4
00213,003,Jurado/Comisiones evaluadoras de trabajo de grado,Protocolo de atención para fortalecer el servicio público en EEVV de Medellín,Colombia,2015,UNIVERSIDAD CATOLICA LUIS AMIGO.,JUAN SANTIAGO CALLE PIEDRAHITA,4
00214,003,Jurado/Comisiones evaluadoras de trabajo de grado,Estandarización y documentación de proceso administrativo de personal en servicios temporales Empleamos S.A.,Colombia,2015,UNIVERSIDAD CATOLICA LUIS AMIGO.,JUAN SANTIAGO CALLE PIEDRAHITA,4
00215,003,Jurado/Comisiones evaluadoras de trabajo de grado,Modelo de RSE para F.G.A Fondo de Garantías de Antioquia,Colombia,2015,UNIVERSIDAD CATOLICA LUIS AMIGO.,JUAN SANTIAGO CALLE PIEDRAHITA,4
00216,003,Jurado/Comisiones evaluadoras de trabajo de grado,Diseño del modelo PRR (Producción ¿Reproducción - Rentabilidad) para la evaluación y proyección técnica-económica-financiera de empresas ganaderas especializadas en la producción de leche. Estudio de caso,Colombia,2015,POLITÉCNICO COLOMBIANO JAIME ISAZA CADAVID.,JUAN SANTIAGO CALLE PIEDRAHITA,4
00217,003,Jurado/Comisiones evaluadoras de trabajo de grado,CREACIÓN DE LA UNIDAD DE SERVICIO AL CLIENTE DE RIMOPLASTICAS S.A.,Colombia,2015,UNIVERSIDAD CATOLICA LUIS AMIGO.,MARCELA MEZA SALAZAR,4
00218,003,Jurado/Comisiones evaluadoras de trabajo de grado,MODELO DE COMUNICACIÓN ORGANIZACIONAL COMO HERRAMIENTA DE GESTIÓN DE CAMBIO EN MVM INGENIERIA DE SOFTWARE,Colombia,2015,UNIVERSIDAD CATOLICA LUIS AMIGO.,MARCELA MEZA SALAZAR,4
00219,003,Jurado/Comisiones evaluadoras de trabajo de grado,DOCUMENTACIÓN DEL PLAN ORGANIZACIONAL Y DISEÑO DEL PLAN DE MERCADEO DE LA EMPRESA SOMERAN,Colombia,2015,UNIVERSIDAD CATOLICA LUIS AMIGO.,MARCELA MEZA SALAZAR,4
00220,003,Jurado/Comisiones evaluadoras de trabajo de grado,Diseño de un Modelo que permita medir la satisfacción del servicio prestado a los usuarios de la sucursal Bancolombia Don Matias que sirva como herramienta para la toma de desiciones administrativas,Colombia,2015,UNIVERSIDAD CATOLICA LUIS AMIGO.,MARCELA MEZA SALAZAR,4
00221,003,Jurado/Comisiones evaluadoras de trabajo de grado,Cuadro de Mando de Indicadores Sociales para la Fundación Bancolombia,Colombia,2015,UNIVERSIDAD CATOLICA LUIS AMIGO.,MARCELA MEZA SALAZAR,4
00222,003,Jurado/Comisiones evaluadoras de trabajo de grado,"ANTECEDENTES DE LELATAD Y LA RECOMENDACION EN EL SECTOR SALUD; ESTUDIO APLICADO EN PACIENTES DE MEDICINA ESTETICA DE LA CIUDAD DE MEDELLÍN""",Colombia,2014,UNIVERSIDAD DE ANTIOQUIA.,MARIO LEON RESTREPO MUNERA,4
00223,003,Jurado/Comisiones evaluadoras de trabajo de grado,Una estrategia de comunicación corporativa y relacionamiento con grupos de interés; Propuesta para la Gobernación de Antioquia,Colombia,2013,UNIVERSIDAD DE ANTIOQUIA.,MARIO LEON RESTREPO MUNERA,4
00224,003,Jurado/Comisiones evaluadoras de trabajo de grado,A propósito de la inducción y el acompañamiento en el proceso de integración de profesores cátedra a la Universidad de Antioquia: un estudio de caso.,Colombia,2013,UNIVERSIDAD DE ANTIOQUIA.,ALEXANDER MARIN LOPEZ,4
00225,003,Jurado/Comisiones evaluadoras de trabajo de grado,Diseño de la estructura organizacional y estrategia de mercadeo para la empresa PORZZYNY S.A:S,Colombia,2013,UNIVERSIDAD CATOLICA LUIS AMIGO.,JUAN SANTIAGO CALLE PIEDRAHITA,4
00226,003,Jurado/Comisiones evaluadoras de trabajo de grado,Diseño e implementación de la estructura organizacional de COOPRAUTO,Colombia,2013,UNIVERSIDAD CATOLICA LUIS AMIGO.,JUAN SANTIAGO CALLE PIEDRAHITA,4
00227,003,Jurado/Comisiones evaluadoras de trabajo de grado,Outsourcing de nómina y seguridad social en DAR AYUDA TEMPORAL S.A.,Colombia,2013,UNIVERSIDAD CATOLICA LUIS AMIGO.,JUAN SANTIAGO CALLE PIEDRAHITA,4
00228,003,Jurado/Comisiones evaluadoras de trabajo de grado,Diseño plan de mercadeo FUNDACIÓN CODESARROLLO,Colombia,2013,UNIVERSIDAD CATOLICA LUIS AMIGO.,JUAN SANTIAGO CALLE PIEDRAHITA,4
00229,003,Jurado/Comisiones evaluadoras de trabajo de grado,Diseño y estructuración orgánica de la fundación CIUDAD DON BOSCO,Colombia,2013,UNIVERSIDAD CATOLICA LUIS AMIGO.,JUAN SANTIAGO CALLE PIEDRAHITA,4
00230,003,Jurado/Comisiones evaluadoras de trabajo de grado,"Capacitación por TIC para personal del grupo empresarial COOMEVA, empleados y directivos del área de asesores integrales de la regional Medellín",Colombia,2013,UNIVERSIDAD CATOLICA LUIS AMIGO.,JUAN SANTIAGO CALLE PIEDRAHITA,4
00231,003,Jurado/Comisiones evaluadoras de trabajo de grado,"Implementación de procesos de alta dirección, recursos humanos y comercial bajo la norma ISO 9001: 2008 para la Cooperativa de ahorro y crédito ¿COOPECREDITO¿ de Entrerríos.",Colombia,2013,UNIVERSIDAD CATOLICA LUIS AMIGO.,JUAN SANTIAGO CALLE PIEDRAHITA,4
00232,003,Jurado/Comisiones evaluadoras de trabajo de grado,Proyecto para la creación de fondo de empleados en la CLÍNICA EL ROSARIO,Colombia,2013,UNIVERSIDAD CATOLICA LUIS AMIGO.,JUAN SANTIAGO CALLE PIEDRAHITA,4
00233,003,Jurado/Comisiones evaluadoras de trabajo de grado,Estructura administrativa unidad de oncología Manuel Uribe Angel De Envigado ¿Astorga S.A. ¿Clinac¿,Colombia,2013,UNIVERSIDAD CATOLICA LUIS AMIGO.,JUAN SANTIAGO CALLE PIEDRAHITA,4
00234,003,Jurado/Comisiones evaluadoras de trabajo de grado,"Diseño de una estrategia desde la gestión del conocimiento, para mejorar el proceso de aprendizaje y permitir la continuidad del conocimiento en la empresa DAR AYUDA TEMPORAL S.A.",Colombia,2013,UNIVERSIDAD CATOLICA LUIS AMIGO.,JUAN SANTIAGO CALLE PIEDRAHITA,4
00235,003,Jurado/Comisiones evaluadoras de trabajo de grado,Lealtad de los usuarios finales hacia el programa de Negocios Inclusivos Construyá de la empresa Argos S.A. en la ciudad de Medellín¿,Colombia,2013,UNIVERSIDAD DE ANTIOQUIA.,MARIO LEON RESTREPO MUNERA,4
00236,003,Jurado/Comisiones evaluadoras de trabajo de grado,Estudio de Factibilidad para la creación del Fondo de Empleados de Metroparques FEMPARQUES,Colombia,2013,UNIVERSIDAD CATOLICA LUIS AMIGO.,JUAN SANTIAGO CALLE PIEDRAHITA,4
00237,003,Jurado/Comisiones evaluadoras de trabajo de grado,Planteamiento y diseño de estrategias de mercadeo para la fundación EL EDEN HOGAR GERIATRICO,Colombia,2013,UNIVERSIDAD CATOLICA LUIS AMIGO.,JUAN SANTIAGO CALLE PIEDRAHITA,4
00238,003,Jurado/Comisiones evaluadoras de trabajo de grado,Estudio de Factibilidad para la creación de una empresa Agroindustrial ¿ LA SARITA Hacienda.,Colombia,2013,UNIVERSIDAD CATOLICA LUIS AMIGO.,JUAN SANTIAGO CALLE PIEDRAHITA,4
00239,003,Jurado/Comisiones evaluadoras de trabajo de grado,Estructura administrativa para la Fundación Café centro de apoyo para la felicidad- CAFE,Colombia,2013,UNIVERSIDAD CATOLICA LUIS AMIGO.,JUAN SANTIAGO CALLE PIEDRAHITA,4
00240,003,Jurado/Comisiones evaluadoras de trabajo de grado,Fundación EEVV,Colombia,2013,UNIVERSIDAD CATOLICA LUIS AMIGO.,JUAN SANTIAGO CALLE PIEDRAHITA,4
00241,003,Jurado/Comisiones evaluadoras de trabajo de grado,INFLUENCIA DE LA CALIDAD DEL SERVICIO ONLINE SOBRE LA LEALTAD EN EL SECTOR FINANCIERO,Colombia,2013,UNIVERSIDAD DE ANTIOQUIA.,MARIO LEON RESTREPO MUNERA,4
00242,003,Jurado/Comisiones evaluadoras de trabajo de grado,Diagnóstico y propuesta de modelo de gestión para la junta de acción comunal los ALCÁZARES,Colombia,2013,UNIVERSIDAD CATOLICA LUIS AMIGO.,JUAN SANTIAGO CALLE PIEDRAHITA,4
00243,003,Jurado/Comisiones evaluadoras de trabajo de grado,Creencias y Prácticas de los Docentes sobre la Evalaución del Aprendizaje de los Estudiantes de la Universidad Popular del Cesar,Colombia,2010,UNIVERSIDAD POPULAR DEL CESAR.,CARLOS ANDRES ARISTIZABAL BOTERO,4
00244,003,Jurado/Comisiones evaluadoras de trabajo de grado,Trabajo de grado: Concepciones implícitas de los/las docentes de pre-escolar de las institución educativas publicas de Barranquilla (atlántico) sobre el aprendizaje de la escritura,Colombia,2009,UNIVERSIDAD DEL ATLÁNTICO .,CARLOS ANDRES ARISTIZABAL BOTERO,4
00245,003,Jurado/Comisiones evaluadoras de trabajo de grado,¿las concepciones sobre los procesos de socialización en los estudiantes de la Institución universitaria colegio Mayor de Antioquia¿ sentidos que obstaculizan o facilitan lo ético?,Colombia,2009,Universidad De Manizales - Umanizales.,CARLOS ANDRES ARISTIZABAL BOTERO,4
00246,003,Jurado/Comisiones evaluadoras de trabajo de grado,Universidad y Género: Presencia de la Mujer en la Universidad de Córdoba en la Facultad de Ciencias Básicas e Ingeniería en el Periodo 2000-2006,Colombia,2007,UNIVERSIDAD DE CORDOBA.,CARLOS ANDRES ARISTIZABAL BOTERO,4
00247,003,Jurado/Comisiones evaluadoras de trabajo de grado,Análisis de experiencias en Cooperación Internacional al Desarrollo de las ONGs Federadas de Antioquia,Colombia,2007,UNIVERSIDAD DE ANTIOQUIA.,YOMAR JAVIER SANCHEZ CAICEDO,4
00248,003,Jurado/Comisiones evaluadoras de trabajo de grado,El Modelo de Gerencia Estratégica aplicado a una empresa especializada de transporte de carga,Colombia,2006,UNIVERSIDAD EAFIT.,YOMAR JAVIER SANCHEZ CAICEDO,4
00249,003,Jurado/Comisiones evaluadoras de trabajo de grado,"Un modelo de competencias para siete empresas del sector financiero de la Ciudad de Cali, Valle Colombia",Colombia,2006,Universidad De Manizales - Umanizales.,YOMAR JAVIER SANCHEZ CAICEDO,4
00250,004,Jurado/Comisiones evaluadoras de trabajo de grado,¿Orientación Vocacional y Proyecto de Vida de 16 estudiantes del grado 11 de la Institución Educativa Monseñor Gerardo Valencia Cano (IEMGVC) en tiempo de Pandemia.¿,Colombia,2022,UNIVERSIDAD DE MEDELLIN.,LAURA ELENA ZAPATA JIMENEZ,4
00251,004,Jurado/Comisiones evaluadoras de trabajo de grado,Adaptación de un modelo físico en el estudio de redes de coautoría dinámicas formadas a partir de artículos científicos,Colombia,2021,Universidad Nacional de Colombia Sede Manizales.,SEBASTIAN ROBLEDO GIRALDO,4
00252,004,Jurado/Comisiones evaluadoras de trabajo de grado,Investigación internacional Luis Amigó,Colombia,2020,UNIVERSIDAD CATOLICA LUIS AMIGO.,LAURA ELENA ZAPATA JIMENEZ,4
00253,004,Jurado/Comisiones evaluadoras de trabajo de grado,Investigación GORAS,Colombia,2020,UNIVERSIDAD CATOLICA LUIS AMIGO.,LAURA ELENA ZAPATA JIMENEZ,4
00254,004,Jurado/Comisiones evaluadoras de trabajo de grado,PLAN DE NEGOCIO PARA LA CREACION DE UNA AGENCIA DE TURISMO EN SALUD,Colombia,2020,UNIVERSIDAD DE CALDAS.,JOSE DAVID GIRALDO CASTELLANOS,4
00255,004,Jurado/Comisiones evaluadoras de trabajo de grado,"¿Acercamiento a un modelo para la selección, vinculación y desarrollo de personas con discapacidad en Instituciones Prestadoras de Servicios ¿ IPS en Colombia¿",Colombia,2019,UNIVERSIDAD CATOLICA LUIS AMIGO.,LAURA ELENA ZAPATA JIMENEZ,4
00256,004,Jurado/Comisiones evaluadoras de trabajo de grado,Modelo de las 5 fuerzas de Porter como punto de partida en los factores claves de éxito de Grupo Nutresa,Colombia,2018,UNIVERSIDAD CATOLICA LUIS AMIGO.,MARIA ISABEL GUERRERO MOLINA,4
00257,004,Jurado/Comisiones evaluadoras de trabajo de grado,X encuentro estudiantil ; experincias Investigativas Medellin,Colombia,2017,UNIVERSIDAD CATOLICA LUIS AMIGO.,ELIAS ALEXANDER VALLEJO MONTOYA,4
00258,004,Jurado/Comisiones evaluadoras de trabajo de grado,Modelo de aceptación tecnológica de plataformas M-Learning en estudiantes de educación superior de Colombia: Caso ciudad de medellín,Colombia,2016,UNIVERSIDAD DE ANTIOQUIA.,FRANCISCO JAVIER AGUIRRE ECHAVARRIA,4
00259,004,Jurado/Comisiones evaluadoras de trabajo de grado,Efecto mediador de la capacidad de absorción en la relación entre capacidades de tecnologías de información y el desempeño organizacional,Colombia,2016,UNIVERSIDAD DE ANTIOQUIA.,FRANCISCO JAVIER AGUIRRE ECHAVARRIA,4
00260,004,Jurado/Comisiones evaluadoras de trabajo de grado,Influencia del Brand Equity en la Adopción de Nuevos Productos de consumo masivo para el canal tradicional en el Valle de Aburrá,Colombia,2016,UNIVERSIDAD DE ANTIOQUIA.,LAURA ELENA ZAPATA JIMENEZ,4
00261,004,Jurado/Comisiones evaluadoras de trabajo de grado,"Análisis de los procesos de apropiación social de la ciencia en las comunidades beneficiadas con las actividades formativas de las unidades de vida articulada ¿ UVA, los sueños y la esperanza.",Colombia,2016,UNIVERSIDAD DE ANTIOQUIA.,VICTORIA BLAQUISED RIVERA,4
00262,004,Jurado/Comisiones evaluadoras de trabajo de grado,Capacidades determinantes en el desempeño de nuevas pequeñas y medianas empresas en el área metropolitana de Medellín,Colombia,2016,UNIVERSIDAD DE ANTIOQUIA.,FRANCISCO JAVIER AGUIRRE ECHAVARRIA,4
00263,004,Jurado/Comisiones evaluadoras de trabajo de grado,¿Turismo receptivo¿,Colombia,2014,UNIVERSIDAD CATOLICA LUIS AMIGO.,ROSA JANNET RESTEPO RESTREPO,4
00264,004,Jurado/Comisiones evaluadoras de trabajo de grado,Por una economía con un rostro humano	.,Chile,2009,Universidad Católica Silva Henríquez.,LUZ DOLLY LOPERA GARCIA,4
00265,004,Jurado/Comisiones evaluadoras de trabajo de grado,"Condiciones de vida en educación, seguridad social, vivienda, recreación, empleo y alimentación de las mujeres vinculadas a organizaciones de mujeres en Medellín",Colombia,2005,UNIVERSIDAD CATOLICA LUIS AMIGO.,OLGA LUCIA ARBOLEDA ALVAREZ,4
00266,004,Jurado/Comisiones evaluadoras de trabajo de grado,"Cooperativas de Madres Comunitarias ""COOMEDAC""",Colombia,2005,UNIVERSIDAD CATOLICA LUIS AMIGO.,LUZ DOLLY LOPERA GARCIA,4
00267,004,Jurado/Comisiones evaluadoras de trabajo de grado,La gestión administrativa en las emisoras comunitarias de los municipios de san Pedro y Caldas,Colombia,2004,UNIVERSIDAD CATOLICA LUIS AMIGO.,OLGA LUCIA ARBOLEDA ALVAREZ,4
00268,004,Jurado/Comisiones evaluadoras de trabajo de grado,Las relaciones de cooperación entre las empresas promotoras de salud en la ciudad de Medellín,Colombia,2003,UNIVERSIDAD CATOLICA LUIS AMIGO.,OLGA LUCIA ARBOLEDA ALVAREZ,4
00269,005,Jurado/Comisiones evaluadoras de trabajo de grado,"EXPOSICION A PESTICIDAS ORGANOFOSFORADOS, CARBAMATOS Y ETERES ASOCIADOS A FUNCIONAMIENTO EJECUTIVO EN POBLACION AGRICOLA",Argentina,2025,Universidad de Maimónides.,CESAR ANDRES CARMONA CARDONA,4
00270,005,Jurado/Comisiones evaluadoras de trabajo de grado,"Comparación de los efectos de un programa de entrenamiento en función ejecutiva fría y caliente versus la terapia cognitivo conductual, sobre los síntomas asociados a TEPT y depresión en un grupo de niños y adolescentes, víctimas de violencia social",Argentina,2025,Universidad de Maimónides.,CESAR ANDRES CARMONA CARDONA,4
00271,005,Jurado/Comisiones evaluadoras de trabajo de grado,"Impacto de las nuevas asignaturas del curso Formación de Inspectores Migratorios, en la formación de los egresados de la Academia Migratoria del Servicio Nacional de Migración",Panamá,2020,Universidad del Istmo.,CLAUDIA MARCELA ARANA MEDINA,4
00272,005,Jurado/Comisiones evaluadoras de trabajo de grado,¿Asesor motivacional: una ruta para el progreso metacognitivo durante la creación del trabajo de grado de pregrado de la universidad del istmo¿,Panamá,2020,Universidad del Istmo.,CLAUDIA MARCELA ARANA MEDINA,4
00273,005,Jurado/Comisiones evaluadoras de trabajo de grado,Revisión sistemática sobre juicio moral en toma de decisiones morales 2005-2015,Colombia,2016,UNIVERSIDAD DE ANTIOQUIA.,JULIO ANTONIO OLIVERA LA ROSA,4
00274,005,Jurado/Comisiones evaluadoras de trabajo de grado,Factores motivacionales en la elección académica profesional de jóvenes estudiantes de núcleos educativos de la ciudad de medellín.,Colombia,2015,FUNDACIÓN CENTRO INTERNACIONAL DE EDUCACIÓN Y DESARROLLO HUMANO-CINDE.,ISABEL CRISTINA PUERTA LOPERA,4
00275,005,Jurado/Comisiones evaluadoras de trabajo de grado,Herramienta para la caracterización y atención educativa para la población en preescolar en situación de discapacidad,Colombia,2015,TECNOLOGICO DE ANTIOQUIA INSTITUCION UNIVERSITARIA.,PAULA ANDREA MONTOYA ZULUAGA,4
00276,005,Jurado/Comisiones evaluadoras de trabajo de grado,"Calidad de vida, violencia escolar y dinámica familiar como ejes para la planificación de políticas públicas y la priorización de acciones sanitarias en la adolescencia: desarrollo y validación de un modelo predictivo poblacional.",Colombia,2015,FUNDACIÓN CENTRO INTERNACIONAL DE EDUCACIÓN Y DESARROLLO HUMANO-CINDE.,ISABEL CRISTINA PUERTA LOPERA,4
00277,005,Jurado/Comisiones evaluadoras de trabajo de grado,El Concepto de Función Bajo el Enfoque de la Enseñanza para la Comprensión.,Colombia,2012,UNIVERSIDAD DE ANTIOQUIA.,PAULA ANDREA MONTOYA ZULUAGA,4
00278,005,Jurado/Comisiones evaluadoras de trabajo de grado,FACTORES DEL DESARROLLO Y DEL ESTADO NUTRICIONAL ASOCIADOS CON LA CAPACIDAD INTELECTUAL EN NIÑOS ESCOLARIZADOS DE 6 A 8 AÑOS PERTENECIENTES A LA COMUNA NORORIENTAL Y NOROCCIDENTAL DE LA CIUDAD DE MEDELLIN,Colombia,2010,UNIVERSIDAD DE SAN BUENAVENTURA - SEDE MEDELLÍN.,PAULA ANDREA MONTOYA ZULUAGA,4
00279,005,Jurado/Comisiones evaluadoras de trabajo de grado,"ANTECEDENTES NEUROLÓGICOS, ESTADO NUTRICIONAL Y COEFICIENTE INTELECTUAL EN ESCOLARES DE 6 A 8 AÑOS DE LA CIUDAD DE MEDELLÍN",Colombia,2010,UNIVERSIDAD DE SAN BUENAVENTURA - SEDE MEDELLÍN.,PAULA ANDREA MONTOYA ZULUAGA,4
00280,005,Jurado/Comisiones evaluadoras de trabajo de grado,ANÁLISIS DE LOS ENDOFENOTIPOS CANDIDATOS NEUROCOGNITIVOS Y NEUROFISIOLÓGICOS PRESENTES EN EL SÍNDROME DE GILLES DE LA TOURETTE EN POBLACIÓN ANTIOQUEÑA,Colombia,2010,UNIVERSIDAD DE SAN BUENAVENTURA - SEDE MEDELLÍN.,PAULA ANDREA MONTOYA ZULUAGA,4
00281,005,Jurado/Comisiones evaluadoras de trabajo de grado,ANALISIS NEUROPSICOLOGICO Y NEUROFISIOLOGICO DE LOS SISTEMAS DE RECOMPENSA Y CONTROL INHIBITORIO ASOCAIDOS A LA TOMA DE DECISIONES DEL CONSUMIDOR,Colombia,2010,UNIVERSIDAD DE SAN BUENAVENTURA - SEDE MEDELLÍN.,PAULA ANDREA MONTOYA ZULUAGA,4
00282,005,Jurado/Comisiones evaluadoras de trabajo de grado,ESTIMULACIÓN COGNITIVA EN ADULTOS MAYORES SANOS Y CON DETERIORO COGNITIVO LEVE,Colombia,2010,UNIVERSIDAD DE SAN BUENAVENTURA - SEDE MEDELLÍN.,PAULA ANDREA MONTOYA ZULUAGA,4
00283,005,Jurado/Comisiones evaluadoras de trabajo de grado,MEMORIA AUTOBIOGRÁFICA Y SEMÁNTICA EN EL TRASTORNO POR ESTRÉS POSTRAUMÁTICO EN DESMOVILIZADOS INDIVIDUALES RESIDENTES EN EL MUNICIPIO DE MEDELLÍN,Colombia,2010,UNIVERSIDAD DE SAN BUENAVENTURA - SEDE MEDELLÍN.,PAULA ANDREA MONTOYA ZULUAGA,4
00284,005,Jurado/Comisiones evaluadoras de trabajo de grado,Caracterización Neuropsicológica de la Atención y la Memoria y su Relación con el Rendimiento Académico de Niños con Desnutrición Crónica de 6 a 8 Años De La Zona Urbana De La Ciudad de Medellín.,Colombia,2010,UNIVERSIDAD DE SAN BUENAVENTURA - SEDE MEDELLÍN.,PAULA ANDREA MONTOYA ZULUAGA,4
00285,005,Jurado/Comisiones evaluadoras de trabajo de grado,ALTERACIONES NEUROCOGNITIVAS ASOCIADAS A LA DIABETES MELLITUS TIPO 2 Y A SUS FACTORES DE RIESGO EN POBLACIÓN ANTIOQUEÑA,Colombia,2010,UNIVERSIDAD DE SAN BUENAVENTURA - SEDE MEDELLÍN.,PAULA ANDREA MONTOYA ZULUAGA,4
00286,005,Jurado/Comisiones evaluadoras de trabajo de grado,"Cambios cognitivos, conductuales y emocionales agudos en pacientes con trauma craneoencefálico moderado y severo",Colombia,2010,UNIVERSIDAD DE SAN BUENAVENTURA - SEDE MEDELLÍN.,PAULA ANDREA MONTOYA ZULUAGA,4
00287,006,Jurado/Comisiones evaluadoras de trabajo de grado,XIII Coloquio de Investigación de Posgrados en Educación y Humanidades,Colombia,2025,UNIVERSIDAD CATOLICA LUIS AMIGO.,CRUZ ELENA GARCIA CARMONA,4
00288,006,Jurado/Comisiones evaluadoras de trabajo de grado,The Impact of Reading Strategies through Children's Literature. A Case of Prospective Teachers,Colombia,2024,UNIVERSIDAD CATOLICA LUIS AMIGO.,JOSE VICENTE ABAD OLAYA,4
00289,006,Jurado/Comisiones evaluadoras de trabajo de grado,Estrategias didácticas aplicadas por los docentes de infancia para la enseñanza de la educación ambiental. Un rastreo bibliográfico.,Colombia,2024,UNIVERSIDAD CATOLICA LUIS AMIGO.,ENID DANIELA VARGAS MESA,4
00290,006,Jurado/Comisiones evaluadoras de trabajo de grado,Una revisión literaria acerca del concepto de instante: un puente para pensar las relaciones maestros-estudiantes.,Colombia,2024,UNIVERSIDAD CATOLICA LUIS AMIGO.,ENID DANIELA VARGAS MESA,4
00291,006,Jurado/Comisiones evaluadoras de trabajo de grado,20 minutos: la creación frente al problema del tiempo en el ejercicio médico,Colombia,2024,INSTITUTO TECNOLÓGICO METROPOLITANO -ITM-.,JAIRO GUTIERREZ AVENDANO,4
00292,006,Jurado/Comisiones evaluadoras de trabajo de grado,Metodologías y espacios de educación ambiental en la construcción de un modelo eco sostenible en la Universidad Católica Luis Amigó Centro,Colombia,2023,UNIVERSIDAD CATOLICA LUIS AMIGO.,MARTA ELENA GONZALEZ GIL,4
00293,006,Jurado/Comisiones evaluadoras de trabajo de grado,El rol del maestro frente a la Cuarta Revolución Industrial en las prácticas educativas en el contexto universitario,Colombia,2023,UNIVERSIDAD CATOLICA LUIS AMIGO.,MARTA ELENA GONZALEZ GIL,4
00294,006,Jurado/Comisiones evaluadoras de trabajo de grado,"La paz, es realmente la paz en la ladera, es una paz que se construye diario",Colombia,2023,UNIVERSIDAD DE ANTIOQUIA.,EDISON FERNEY CASTRILLON ANGEL,4
00295,006,Jurado/Comisiones evaluadoras de trabajo de grado,Saberes y prácticas de enseñanza de profesores de matemáticas de la educación básica en el marco de la educación inclusiva en una Institución Educativa pública de Medellín,Colombia,2023,TECNOLOGICO DE ANTIOQUIA INSTITUCION UNIVERSITARIA.,SANDRA MILENA BOTERO BEDOYA,4
00296,006,Jurado/Comisiones evaluadoras de trabajo de grado,Educación Popular como metodología para la transformación,Colombia,2023,TECNOLOGICO DE ANTIOQUIA INSTITUCION UNIVERSITARIA.,MARTA ELENA GONZALEZ GIL,4
00297,006,Jurado/Comisiones evaluadoras de trabajo de grado,Narrativas que emergen en los niños a partir de la lectura de literatura infantil reciente que aborda temas sobre el desplazamiento en el marco del derecho a la memoria,Colombia,2022,UNIVERSIDAD CATOLICA LUIS AMIGO.,ISABEL CRISTINA VALLEJO MERINO,4
00298,006,Jurado/Comisiones evaluadoras de trabajo de grado,Historia de Colombia. Una mirada desde las percepciones de los maestros.,Colombia,2022,UNIVERSIDAD CATOLICA LUIS AMIGO.,ISABEL CRISTINA VALLEJO MERINO,4
00299,006,Jurado/Comisiones evaluadoras de trabajo de grado,"Estado del arte sobre la separación de padres y el rendimiento escolar de los estudiantes de básica primaria en el contexto internacional, nacional y local entre 2010 y 2022.",Colombia,2022,UNIVERSIDAD CATOLICA LUIS AMIGO.,ISABEL CRISTINA VALLEJO MERINO,4
00300,006,Jurado/Comisiones evaluadoras de trabajo de grado,"Estado del arte sobre las estrategias didácticas implementadas por los docentes para el desarrollo del pensamiento creativo en la infancia en el contexto internacional, nacional y local en entre 2010 y 2022",Colombia,2022,UNIVERSIDAD CATOLICA LUIS AMIGO.,ISABEL CRISTINA VALLEJO MERINO,4
00301,006,Jurado/Comisiones evaluadoras de trabajo de grado,EL CONFLICTO ARMADO EN COLOMBIA Y SU REPERCUSIÓN EN LA CONSTRUCCIÓN DE LA IDENTIDAD CULTURAL DE LOS ESTUDIANTES DE GRADO DÉCIMO DE LA INSTITUCIÓN EDUCATIVA SAN FRANCISCO DE ASÍS DE APARTADÓ,Colombia,2022,UNIVERSIDAD POPULAR DEL CESAR.,JOSE WILMAR PINO MONTOYA,4
00302,006,Jurado/Comisiones evaluadoras de trabajo de grado,"EXPERIENCIAS VIVIDAS POR ESTUDIANTES AFRODESCENDIENTES EN CONTEXTOS EDUCATIVOS EN PACHO, CUNDINAMARCA",Colombia,2022,UNIVERSIDAD POPULAR DEL CESAR.,JOSE WILMAR PINO MONTOYA,4
00303,006,Jurado/Comisiones evaluadoras de trabajo de grado,"LA PEDAGOGÍA TEATRAL COMO ESTRATEGIA PARA DESARROLLAR HABILIDADES SOCIALES EN ESTUDIANTES DE SECUNDARIA, EN EL MARCO DE LA POSTPANDEMIA",Colombia,2022,UNIVERSIDAD POPULAR DEL CESAR.,JOSE WILMAR PINO MONTOYA,4
00304,006,Jurado/Comisiones evaluadoras de trabajo de grado,REPRESENTACIONES SOCIALES SOBRE GÉNERO EN ESTUDIANTES DEL GRADO OCTAVO DE LA INSTITUCIÓN EDUCATIVA COMERCIAL ANTONIO ROLDÁN BETANCUR: UNA APUESTA POR LA CONVIVENCIA.,Colombia,2022,UNIVERSIDAD POPULAR DEL CESAR.,JOSE WILMAR PINO MONTOYA,4
00305,006,Jurado/Comisiones evaluadoras de trabajo de grado,Conflicto armado y deserción escolar de adolescentes en el contexto colombiano. Una revisión documental,Colombia,2022,UNIVERSIDAD CATOLICA LUIS AMIGO.,ISABEL CRISTINA VALLEJO MERINO,4
00306,006,Jurado/Comisiones evaluadoras de trabajo de grado,Relación entre las habilidades para la vida y las practicas pedagógicas implementadas por los maestros de básica primaria en los procesos educativos.,Colombia,2022,UNIVERSIDAD CATOLICA LUIS AMIGO.,CARLOS ANDRES CARDONA ARTEAGA,4
00307,006,Jurado/Comisiones evaluadoras de trabajo de grado,"Impacto educativo reflejado en la pandemia del COVID 19 en los procesos de literacidad en el grado tercero del Colegio Nueva Generación, una mirada desde el área de gestión académica.",Colombia,2022,UNIVERSIDAD CATOLICA LUIS AMIGO.,LUIS RICARDO ALVAREZ HUERTAS,4
00308,006,Jurado/Comisiones evaluadoras de trabajo de grado,Cultura de paz: una mirada desde las competencias ciudadanas.,Colombia,2022,UNIVERSIDAD CATOLICA LUIS AMIGO.,LUIS RICARDO ALVAREZ HUERTAS,4
00309,006,Jurado/Comisiones evaluadoras de trabajo de grado,Impact of a multimodal approach and critical literacy practices in english teaching processes in secondary education: critical literature review,Colombia,2022,UNIVERSIDAD PONTIFICIA BOLIVARIANA.,EDISON FERNEY CASTRILLON ANGEL,4
00310,006,Jurado/Comisiones evaluadoras de trabajo de grado,"Gestión de estrategias de prevención de riesgos psicosociales en niños, niñas y adolescentes en tres instituciones educativas de Garzón y Medellín.",Colombia,2021,UNIVERSIDAD CATOLICA LUIS AMIGO.,DIANA MARCELA GARCIA MUNOZ,4
00311,006,Jurado/Comisiones evaluadoras de trabajo de grado,Estrategias didácticas para prevenir el maltrato infantil,Colombia,2021,UNIVERSIDAD CATOLICA LUIS AMIGO.,SONIA RUTH QUINTERO ARRUBLA,4
00312,006,Jurado/Comisiones evaluadoras de trabajo de grado,La dimensión socio afectiva en el ámbito educativo,Colombia,2021,UNIVERSIDAD CATOLICA LUIS AMIGO.,ENID DANIELA VARGAS MESA,4
00313,006,Jurado/Comisiones evaluadoras de trabajo de grado,Incidencia de las TIC en la educación infantil,Colombia,2021,UNIVERSIDAD CATOLICA LUIS AMIGO.,ENID DANIELA VARGAS MESA,4
00314,006,Jurado/Comisiones evaluadoras de trabajo de grado,Las prácticas educativas y las TIC en el contexto rural,Colombia,2021,UNIVERSIDAD CATOLICA LUIS AMIGO.,ENID DANIELA VARGAS MESA,4
00315,006,Jurado/Comisiones evaluadoras de trabajo de grado,Las perspectivas teóricas en las prácticas de crianza en relación al acoso escolar,Colombia,2021,UNIVERSIDAD CATOLICA LUIS AMIGO.,SONIA RUTH QUINTERO ARRUBLA,4
00316,006,Jurado/Comisiones evaluadoras de trabajo de grado,Estrategias educativas para la enseñanza del pensamiento numérico.,Colombia,2021,UNIVERSIDAD CATOLICA LUIS AMIGO.,ENID DANIELA VARGAS MESA,4
00317,006,Jurado/Comisiones evaluadoras de trabajo de grado,Percepciones y Creencias de un grupo de estudiantes de un club de robótica como mediador de competencias comunicativas del inglés como lengua extranjera,Colombia,2021,UNIVERSIDAD DE ANTIOQUIA.,MARTHA INES GOMEZ BETANCUR,4
00318,006,Jurado/Comisiones evaluadoras de trabajo de grado,Desarrollo de habilidades de pensamiento crítico en la clase de inglés como lengua extranjera mediante el uso del Modelo CoI,Colombia,2021,UNIVERSIDAD DE ANTIOQUIA.,MARTHA INES GOMEZ BETANCUR,4
00319,006,Jurado/Comisiones evaluadoras de trabajo de grado,Las ciencias económicas a partir de los problemas socialmente relevantes y la prospectiva para la educación básica y media. Una mirada desde la pedagogía crítica.,Colombia,2021,UNIVERSIDAD CATOLICA LUIS AMIGO.,MARTHA INES GOMEZ BETANCUR,4
00320,006,Jurado/Comisiones evaluadoras de trabajo de grado,Los discursos ideológicos sobre la perspectiva de género en Colombia,Colombia,2020,UNIVERSIDAD CATOLICA LUIS AMIGO.,ENID DANIELA VARGAS MESA,4
00321,006,Jurado/Comisiones evaluadoras de trabajo de grado,Implementación del plan Integral de ajustes razonables en la gestión académica y,Colombia,2020,UNIVERSIDAD CATOLICA LUIS AMIGO.,ENID DANIELA VARGAS MESA,4
00322,006,Jurado/Comisiones evaluadoras de trabajo de grado,Implementación de La Cátedra de La Paz en Instituciones de Educación Superior,Colombia,2020,UNIVERSIDAD CATOLICA LUIS AMIGO.,ENID DANIELA VARGAS MESA,4
00323,006,Jurado/Comisiones evaluadoras de trabajo de grado,"Educación Inclusiva desde la Pedagogía Amigoniana para el Desarrollo Integral de Adolescentes y Jóvenes en Condiciones de Riesgo y Conflicto con la Ley Penal Vinculados a CENFOR, Bogotá",Colombia,2020,UNIVERSIDAD CATOLICA LUIS AMIGO.,JOSE VICENTE ABAD OLAYA,4
00324,006,Jurado/Comisiones evaluadoras de trabajo de grado,Percepciones Construidas por Estudiantes del Grado Noveno sobre los Pensamientos Matemáticos,Colombia,2020,UNIVERSIDAD CATOLICA LUIS AMIGO.,JOSE VICENTE ABAD OLAYA,4
00325,006,Jurado/Comisiones evaluadoras de trabajo de grado,Narrativas de Estudiantes y Docentes acerca del Proceso de Construcción del Proyecto Educativo Comunitario (PEC) de la Comunidad Nasa-Páez,Colombia,2020,UNIVERSIDAD CATOLICA LUIS AMIGO.,JOSE VICENTE ABAD OLAYA,4
00326,006,Jurado/Comisiones evaluadoras de trabajo de grado,Implementación de la Ruta de Atención Escolar: Una Mirada desde las Directrices Institucionales y las Prácticas Pedagógicas,Colombia,2020,UNIVERSIDAD CATOLICA LUIS AMIGO.,JOSE VICENTE ABAD OLAYA,4
00327,006,Jurado/Comisiones evaluadoras de trabajo de grado,De la problemática de los Menores Infractores a la apuesta por el ingreso y permanencia a la formación para el trabajo y el desarrollo humano,Colombia,2020,UNIVERSIDAD CATOLICA LUIS AMIGO.,ENID DANIELA VARGAS MESA,4
00328,006,Jurado/Comisiones evaluadoras de trabajo de grado,Estrategias didácticas que se implementan en el contexto escolar para prevenir el l maltrato infantil en Colombia desde una revisión documental,Colombia,2020,UNIVERSIDAD CATOLICA LUIS AMIGO.,CARLOS ANDRES TORO,4
00329,006,Jurado/Comisiones evaluadoras de trabajo de grado,Propuestas educativas para la permanencia escolar en la educación rural de Colombia de 2010 a 2019 desde una revisión documental,Colombia,2020,UNIVERSIDAD CATOLICA LUIS AMIGO.,CARLOS ANDRES TORO,4
00330,006,Jurado/Comisiones evaluadoras de trabajo de grado,Estrategias didácticas que se implementan en el contexto escolar para prevenir el l maltrato infantil en Colombia desde una revisión documental,Colombia,2020,UNIVERSIDAD CATOLICA LUIS AMIGO.,CARLOS ANDRES TORO,4
00331,006,Jurado/Comisiones evaluadoras de trabajo de grado,Educación rural Colombiana: retos y desafíos que afronta el maestro dese una revisión documental,Colombia,2020,UNIVERSIDAD CATOLICA LUIS AMIGO.,CARLOS ANDRES TORO,4
00332,006,Jurado/Comisiones evaluadoras de trabajo de grado,Imaginarios sobre prácticas pedagógicas incluyentes de docentes de la básica primaria,Colombia,2020,UNIVERSIDAD CATOLICA LUIS AMIGO.,CARLOS ANDRES TORO,4
00333,006,Jurado/Comisiones evaluadoras de trabajo de grado,Imaginarios sociales de las profesoras de básica primaria sobre el maltrato infantil y las garantías de sus derechos en la Institución Educativa Guadalupano La Salle,Colombia,2020,UNIVERSIDAD CATOLICA LUIS AMIGO.,CARLOS ANDRES TORO,4
00334,006,Jurado/Comisiones evaluadoras de trabajo de grado,Educación rural: Una mirada desde la formación docente en educación infanti,Colombia,2020,UNIVERSIDAD CATOLICA LUIS AMIGO.,CARLOS ANDRES TORO,4
00335,006,Jurado/Comisiones evaluadoras de trabajo de grado,Estudio documental sobre Educación rural y las nuevas ruralidades en Colombia,Colombia,2020,UNIVERSIDAD CATOLICA LUIS AMIGO.,CARLOS ANDRES TORO,4
00336,006,Jurado/Comisiones evaluadoras de trabajo de grado,Prácticas discursivas de los docentes sobre educación incluyente. Una mirada en ámbito universitario,Colombia,2020,UNIVERSIDAD CATOLICA LUIS AMIGO.,CARLOS ANDRES TORO,4
00337,006,Jurado/Comisiones evaluadoras de trabajo de grado,"TDAH: en búsqueda de prácticas pedagógica, para el maestro de primera infancia",Colombia,2020,UNIVERSIDAD CATOLICA LUIS AMIGO.,ENID DANIELA VARGAS MESA,4
00338,006,Jurado/Comisiones evaluadoras de trabajo de grado,Literatura infantil un mundo mágico por descubrir,Colombia,2020,UNIVERSIDAD CATOLICA LUIS AMIGO.,ENID DANIELA VARGAS MESA,4
00339,006,Jurado/Comisiones evaluadoras de trabajo de grado,Imaginarios sobre prácticas pedagógicas incluyentes de docentes de la básica primaria,Colombia,2020,UNIVERSIDAD CATOLICA LUIS AMIGO.,ENID DANIELA VARGAS MESA,4
00340,006,Jurado/Comisiones evaluadoras de trabajo de grado,Cultura de paz: un escenario de transformación desde las prácticas autónomas de los niños.,Colombia,2020,UNIVERSIDAD CATOLICA LUIS AMIGO.,ENID DANIELA VARGAS MESA,4
00341,006,Jurado/Comisiones evaluadoras de trabajo de grado,Paso a paso voy aceptando y cambiando mi vida escolar,Colombia,2020,UNIVERSIDAD CATOLICA LUIS AMIGO.,ENID DANIELA VARGAS MESA,4
00342,006,Jurado/Comisiones evaluadoras de trabajo de grado,"Identificación de las estrategias pedagógicas más adecuadas del maestro de primera infancia, para que en su práctica profesional se fortalezcan sus competencias que le permitan suplir las necesidades educativas de los niños de 5 a 6 años diagnosticados con TDAH",Colombia,2020,UNIVERSIDAD CATOLICA LUIS AMIGO.,SANDRA MILENA BOTERO BEDOYA,4
00343,006,Jurado/Comisiones evaluadoras de trabajo de grado,Identificación de los procesos pedagógicos del grado preescolar y el grado primero de primaria y su influencia en el desempeño escolar de los niños y las niñas de 5 a 6 años que viven las denominadas transiciones en el ámbito educativo fortaleciendo la adaptación en dichos niveles.,Colombia,2020,UNIVERSIDAD CATOLICA LUIS AMIGO.,SANDRA MILENA BOTERO BEDOYA,4
00344,006,Jurado/Comisiones evaluadoras de trabajo de grado,CAMBIOS EN EL PROCESO DE FORMACIÓN DE LOS ENFERMEROS EN LA UNIVERSIDAD DE PANAMÁ Y SU IMPACTO EN LAS COMPETENCIAS DEL PROFESIONAL DE ENFERMERÍA. AÑOS 1989-2019,Panamá,2020,Universidad del Istmo.,CLAUDIA MARCELA ARANA MEDINA,4
00345,006,Jurado/Comisiones evaluadoras de trabajo de grado,"CONOCIMIENTO, ACTITUD Y HÁBITOS DE ESTUDIANTES DE LA UNACHI SOBRE EL USO DE LA ENERGÍA",Panamá,2020,Universidad del Istmo.,CLAUDIA MARCELA ARANA MEDINA,4
00346,006,Jurado/Comisiones evaluadoras de trabajo de grado,"La niñez indígena, entre la educación propia y la apropiada",Colombia,2020,UNIVERSIDAD CATOLICA LUIS AMIGO.,SONIA RUTH QUINTERO ARRUBLA,4
00347,006,Jurado/Comisiones evaluadoras de trabajo de grado,"Consumo de Sustancias psicoactivas en adolescentes de los grados 10° y 11° de la -Claudia Karina Diaz Vargas y - 8:50- 9:10Institución Educativa Lacides C. Bersal, córdoba.",Colombia,2020,UNIVERSIDAD CATOLICA LUIS AMIGO.,SONIA RUTH QUINTERO ARRUBLA,4
00348,006,Jurado/Comisiones evaluadoras de trabajo de grado,La interculturalidad en las prácticas pedagógicas de los docentes de inglés,Colombia,2020,UNIVERSIDAD CATOLICA LUIS AMIGO.,SONIA RUTH QUINTERO ARRUBLA,4
00349,006,Jurado/Comisiones evaluadoras de trabajo de grado,Percepciones de los docentes sobre las prácticas pedagógicas implementadas con los niños del programa Ceparcito.,Colombia,2020,UNIVERSIDAD CATOLICA LUIS AMIGO.,ENID DANIELA VARGAS MESA,4
00350,006,Jurado/Comisiones evaluadoras de trabajo de grado,Reconocimiento de los niños en situación de desplazamiento forzado como sujetos de derecho en el jardín infantil Buen Comienzo Puerta del Sol.,Colombia,2020,UNIVERSIDAD CATOLICA LUIS AMIGO.,ENID DANIELA VARGAS MESA,4
00351,006,Jurado/Comisiones evaluadoras de trabajo de grado,Las estrategias socio-afectivas utilizadas por los docentes para el reconocimiento como sujetos de derecho de los niños del grado jardín de la institución Jardín Infantil la Arboleda.,Colombia,2020,UNIVERSIDAD CATOLICA LUIS AMIGO.,ENID DANIELA VARGAS MESA,4
00352,006,Jurado/Comisiones evaluadoras de trabajo de grado,El acompañamiento familiar en la formación de niños y niñas como sujetos de derecho.,Colombia,2020,UNIVERSIDAD CATOLICA LUIS AMIGO.,ENID DANIELA VARGAS MESA,4
00353,006,Jurado/Comisiones evaluadoras de trabajo de grado,Proyecto de aula para la enseñanza del conjunto de los números racionales mediada por clases invertidas,Colombia,2020,UNIVERSIDAD NACIONAL DE COLOMBIA SEDE MEDELLÍN.,SANDRA MILENA BOTERO BEDOYA,4
00354,006,Jurado/Comisiones evaluadoras de trabajo de grado,"Estrategias pedagógicas implementadas por el Colegio Universidad Virtual de Colombia, para abordar la situación de trabajo infantil de los niños de primero.",Colombia,2020,UNIVERSIDAD CATOLICA LUIS AMIGO.,ENID DANIELA VARGAS MESA,4
00355,006,Jurado/Comisiones evaluadoras de trabajo de grado,Factores psicosociales y pedagógicos asociados a la Calidad Educativa.,Colombia,2019,UNIVERSIDAD CATOLICA LUIS AMIGO.,YUSTY CAROLINA RESTREPO SEGURA,4
00356,006,Jurado/Comisiones evaluadoras de trabajo de grado,Formación docente y discapacidad,Colombia,2019,UNIVERSIDAD CATOLICA LUIS AMIGO.,CARLOS ANDRES TORO,4
00357,006,Jurado/Comisiones evaluadoras de trabajo de grado,Detección temprana de las dificultades del aprendizaje,Colombia,2019,UNIVERSIDAD CATOLICA LUIS AMIGO.,CARLOS ANDRES TORO,4
00358,006,Jurado/Comisiones evaluadoras de trabajo de grado,La inclusión educativa en medio del conflicto armado,Colombia,2019,UNIVERSIDAD CATOLICA LUIS AMIGO.,CARLOS ANDRES TORO,4
00359,006,Jurado/Comisiones evaluadoras de trabajo de grado,Capacidades artísticas excepcionales,Colombia,2019,UNIVERSIDAD CATOLICA LUIS AMIGO.,NATALIA GUZMAN ATEHORTUA,4
00360,006,Jurado/Comisiones evaluadoras de trabajo de grado,Satisfacción personal de los docentes y empleados y su relación con la gestión académico-pedagógica para fortalecer procesos educativos: una mirada de los estudiantes desde el desarrollo humano,Colombia,2019,UNIVERSIDAD CATOLICA LUIS AMIGO.,NATALIA GUZMAN ATEHORTUA,4
00361,006,Jurado/Comisiones evaluadoras de trabajo de grado,Niños con dislexia y su inclusión en el aula a través de estrategias pedagógicas basadas en las TIC,Colombia,2019,UNIVERSIDAD CATOLICA LUIS AMIGO.,NATALIA GUZMAN ATEHORTUA,4
00362,006,Jurado/Comisiones evaluadoras de trabajo de grado,Gender representations in local media under the magnifying glass: A CML approach to their analysis in the EFL class,Colombia,2019,UNIVERSIDAD DE ANTIOQUIA.,MARLON VANEGAS ROJAS,4
00363,006,Jurado/Comisiones evaluadoras de trabajo de grado,"Incidencia de familias, docentes y agentes de pastoral en la prevención del uso y abuso de sustancias psicoactivas.",Colombia,2018,UNIVERSIDAD CATOLICA LUIS AMIGO.,MONICA MARIA ALVAREZ GALLEGO,4
00364,006,Jurado/Comisiones evaluadoras de trabajo de grado,XIII Encuentro estudiantil: Experiencias investigativas,Colombia,2018,UNIVERSIDAD CATOLICA LUIS AMIGO.,MONICA MARIA ALVAREZ GALLEGO,4
00365,006,Jurado/Comisiones evaluadoras de trabajo de grado,Influencia del teatro en la adquisición de conocimientos corporales en niños y niñas de 4 y 5 años.,Colombia,2018,UNIVERSIDAD CATOLICA LUIS AMIGO.,DIANA CAROLINA GARCIA LONDONO,4
00366,006,Jurado/Comisiones evaluadoras de trabajo de grado,Beyond language policies: shaping teachers identities and transforming their teaching practices,Colombia,2018,UNIVERSIDAD CATOLICA LUIS AMIGO.,BAIRON JARAMILLO VALENCIA,4
00367,006,Jurado/Comisiones evaluadoras de trabajo de grado,Los hábitos alimenticios en los procesos de aprendizaje de los niños y niñas del grado preescolar en la Institución Educativa José María Bernal,Colombia,2018,UNIVERSIDAD CATOLICA LUIS AMIGO.,BAIRON JARAMILLO VALENCIA,4
00368,006,Jurado/Comisiones evaluadoras de trabajo de grado,Aportes del acompañamiento del docente al desarrollo de habilidades sociales y cognitivas de niños entre 4 y 5 años,Colombia,2018,UNIVERSIDAD CATOLICA LUIS AMIGO.,BAIRON JARAMILLO VALENCIA,4
00369,006,Jurado/Comisiones evaluadoras de trabajo de grado,Inglés en la Infancia,Colombia,2018,UNIVERSIDAD CATOLICA LUIS AMIGO.,BAIRON JARAMILLO VALENCIA,4
00370,006,Jurado/Comisiones evaluadoras de trabajo de grado,Desarrollo Humano: propuesta pedagógica para la paz en la Institución de Formación Toribio Maya.,Colombia,2018,UNIVERSIDAD CATOLICA LUIS AMIGO.,DIANA CAROLINA GARCIA LONDONO,4
00371,006,Jurado/Comisiones evaluadoras de trabajo de grado,La timidez como problemática que incide en el bajo rendimiento académico,Colombia,2018,UNIVERSIDAD CATOLICA LUIS AMIGO.,MONICA MARIA ALVAREZ GALLEGO,4
00372,006,Jurado/Comisiones evaluadoras de trabajo de grado,Coloquio de investigación de los estudiantes de la Especialización en Neuropsicopedagogía infantil.,Colombia,2018,UNIVERSIDAD CATOLICA LUIS AMIGO.,MONICA MARIA ALVAREZ GALLEGO,4
00373,006,Jurado/Comisiones evaluadoras de trabajo de grado,Imaginarios de los niños sobre la literatura de los cuentos,Colombia,2018,UNIVERSIDAD CATOLICA LUIS AMIGO.,DIANA CAROLINA GARCIA LONDONO,4
00374,006,Jurado/Comisiones evaluadoras de trabajo de grado,Valoración del desarrollo en el grado transición: Entre la legislación colombiana y la práctica docente,Colombia,2018,UNIVERSIDAD CATOLICA LUIS AMIGO.,CARMEN YSABEL MARTINEZ DE MERINO,4
00375,006,Jurado/Comisiones evaluadoras de trabajo de grado,Percepciones de los estudiantes en relación con la aplicación de la norma en los procesos disciplinarios,Colombia,2018,UNIVERSIDAD CATOLICA LUIS AMIGO.,CARMEN YSABEL MARTINEZ DE MERINO,4
00376,006,Jurado/Comisiones evaluadoras de trabajo de grado,ANALYZING CULTURAL REPRESENTATIONS OF AN ADULT ENGLISH CLASS AS NON-NATIVE ENGLISH SPEAKERS THROUGH AN INTERCULTURAL PEDAGOGY,Colombia,2018,UNIVERSIDAD DE ANTIOQUIA.,MARLON VANEGAS ROJAS,4
00377,006,Jurado/Comisiones evaluadoras de trabajo de grado,Escuela Nueva. Prácticas educativas para el fortalecimiento de los procesos lectoescriturales,Colombia,2018,UNIVERSIDAD CATOLICA LUIS AMIGO.,JAIRO GUTIERREZ AVENDANO,4
00378,006,Jurado/Comisiones evaluadoras de trabajo de grado,Trabajo interpretativo sobre la incidencia del acompañamiento familiar en el rendimiento escolar de los estudiantes de educación inicial en una institución educativa de Medellín,Colombia,2018,UNIVERSIDAD CATOLICA LUIS AMIGO.,JAIRO GUTIERREZ AVENDANO,4
00379,006,Jurado/Comisiones evaluadoras de trabajo de grado,"PROPUESTA PSICOPEDAGÓGICA ""CONSTRUCCIÓN DE AUTORIDAD EN MAESTRAS DE LA FUNDACIÓN MUNDO MEJOR EN SU PRÁCTICA PEDAGÓGICA CON LA PRIMERA INFANCIA",Colombia,2018,UNIVERSIDAD PONTIFICIA BOLIVARIANA.,SANDRA JULIET CLAVIJO ZAPATA,4
00380,006,Jurado/Comisiones evaluadoras de trabajo de grado,"Herramientas lúdicas aplicadas a la intervención psicosocial para la regulación emocional, el fortalecimiento del lazo afectivo y la base segura con niños en situación de emergencia, vulnerabilidad o factores de riesgo en su entorno.",Colombia,2018,UNIVERSIDAD NACIONAL DE COLOMBIA.,SANDRA JULIET CLAVIJO ZAPATA,4
00381,006,Jurado/Comisiones evaluadoras de trabajo de grado,Historia de la Educación Infantil en Colombia. Narraciones de docentes de la ciudad de Medellín,Colombia,2017,UNIVERSIDAD CATOLICA LUIS AMIGO.,JAIRO GUTIERREZ AVENDANO,4
00382,006,Jurado/Comisiones evaluadoras de trabajo de grado,Historia de la Educación Infantil en Colombia. Narraciones de docentes de la ciudad de Medellín,Colombia,2017,UNIVERSIDAD CATOLICA LUIS AMIGO.,JAIRO GUTIERREZ AVENDANO,4
00383,006,Jurado/Comisiones evaluadoras de trabajo de grado,Estrategias pedagógicas para el cumplimiento de las normas escolares en niños de 5 a 6 años en un colegio de Medellín,Colombia,2017,UNIVERSIDAD CATOLICA LUIS AMIGO.,JAIRO GUTIERREZ AVENDANO,4
00384,006,Jurado/Comisiones evaluadoras de trabajo de grado,Estrategias pedagógicas para el cumplimiento de las normas escolares en niños de 5 a 6 años en un colegio de Medellín,Colombia,2017,UNIVERSIDAD CATOLICA LUIS AMIGO.,JAIRO GUTIERREZ AVENDANO,4
00385,006,Jurado/Comisiones evaluadoras de trabajo de grado,Discourses and Practices About Inclusive Education in the Field of Primary School: A Case Study in Medellin,Colombia,2017,UNIVERSIDAD PONTIFICIA BOLIVARIANA.,OSCAR PELAEZ HENAO,4
00386,006,Jurado/Comisiones evaluadoras de trabajo de grado,An English Participative Curriculum Proposal by Appropriating National Language Education Policies in a Mega-Colegio in the City of Medellin,Colombia,2017,UNIVERSIDAD PONTIFICIA BOLIVARIANA.,OSCAR PELAEZ HENAO,4
00387,006,Jurado/Comisiones evaluadoras de trabajo de grado,"INTERCULTURAL AWARENESS ACTIVITIES IN THE COLOMBIAN LANGUAGE POLICY: ENGLISH, PLEASE! SERIES",Colombia,2016,UNIVERSIDAD PONTIFICIA BOLIVARIANA.,OSCAR PELAEZ HENAO,4
00388,006,Jurado/Comisiones evaluadoras de trabajo de grado,La influencia del acompañamiento familiar en los procesos cognitivos y sociales de los niños y niñas de 5 a 7 años de edad en la institución educativa Arzobispo García del periodo 2014 al 2015.,Colombia,2016,UNIVERSIDAD CATOLICA LUIS AMIGO.,MONICA MARIA ALVAREZ GALLEGO,4
00389,006,Jurado/Comisiones evaluadoras de trabajo de grado,Las prácticas de crianza y su relación con el desarrollo social y comunicativo de la primera infancia.,Colombia,2016,UNIVERSIDAD CATOLICA LUIS AMIGO.,MONICA MARIA ALVAREZ GALLEGO,4
00390,006,Jurado/Comisiones evaluadoras de trabajo de grado,Influencia de la tipología familiar en las dimensiones socio-afectiva y cognitiva de los niños y las niñas dentro el contexto escolar.,Colombia,2016,UNIVERSIDAD CATOLICA LUIS AMIGO.,MONICA MARIA ALVAREZ GALLEGO,4
00391,006,Jurado/Comisiones evaluadoras de trabajo de grado,Influencia de la separación de las madres internas en el sistema carcelario y penitenciario el Pedregal - Coped de la ciudad de Medellín en la dimensión socio afectiva de niños y niñas de 3 a 4 años de edad.,Colombia,2016,UNIVERSIDAD CATOLICA LUIS AMIGO.,MONICA MARIA ALVAREZ GALLEGO,4
00392,006,Jurado/Comisiones evaluadoras de trabajo de grado,Baremación de instrumentos para evaluar la teoría de la mente,Colombia,2016,UNIVERSIDAD CATOLICA LUIS AMIGO.,JAIRO GUTIERREZ AVENDANO,4
00393,006,Jurado/Comisiones evaluadoras de trabajo de grado,The Impact of Using Educational Videos for the Development of Students´Listening and Speaking Skills,Colombia,2015,UNIVERSIDAD CATOLICA LUIS AMIGO.,BAIRON JARAMILLO VALENCIA,4
00394,006,Jurado/Comisiones evaluadoras de trabajo de grado,The Influence of the Mother Tongue in an English as a Foreign Language (EFL) Classroom of Fifth Grade from a Medellín Public School,Colombia,2015,UNIVERSIDAD CATOLICA LUIS AMIGO.,BAIRON JARAMILLO VALENCIA,4
00395,006,Jurado/Comisiones evaluadoras de trabajo de grado,The Impact of the KET Evaluation in the Foreign Language Learning of Fourth Semester Students from Fundación Universitaria Luis Amigó,Colombia,2015,UNIVERSIDAD CATOLICA LUIS AMIGO.,BAIRON JARAMILLO VALENCIA,4
00396,006,Jurado/Comisiones evaluadoras de trabajo de grado,The Impact of the use of Blogs in the Language Learning Process in Students from English Level I (First Semester) of the Licenciatura en Inglés at Funlam,Colombia,2015,UNIVERSIDAD CATOLICA LUIS AMIGO.,BAIRON JARAMILLO VALENCIA,4
00397,006,Jurado/Comisiones evaluadoras de trabajo de grado,Cooperative and Collaborative Work to Develop Language Skills,Colombia,2015,UNIVERSIDAD CATOLICA LUIS AMIGO.,BAIRON JARAMILLO VALENCIA,4
00398,006,Jurado/Comisiones evaluadoras de trabajo de grado,Reading Strategies to Determine the Reading Process through Children´s Literature in Third Grade Students at Alfred Binet School,Colombia,2015,UNIVERSIDAD CATOLICA LUIS AMIGO.,BAIRON JARAMILLO VALENCIA,4
00399,006,Jurado/Comisiones evaluadoras de trabajo de grado,The Impact of Children´s Tales in the English Learning Process,Colombia,2015,UNIVERSIDAD CATOLICA LUIS AMIGO.,BAIRON JARAMILLO VALENCIA,4
00400,006,Jurado/Comisiones evaluadoras de trabajo de grado,Personal Learning Environment on the English Language Learning Process at I.E. Inem José Felix de Restrepo in Medellín,Colombia,2015,UNIVERSIDAD CATOLICA LUIS AMIGO.,BAIRON JARAMILLO VALENCIA,4
00401,006,Jurado/Comisiones evaluadoras de trabajo de grado,The Impact of Reading Learning Strategies Instruction on Reading Comprehension,Colombia,2015,UNIVERSIDAD CATOLICA LUIS AMIGO.,BAIRON JARAMILLO VALENCIA,4
00402,006,Jurado/Comisiones evaluadoras de trabajo de grado,THE INFLUENCE OF THE MOTHER TONGUE IN AN ENGLISH AS A FOREIGN LANGUAGE CLASSROOM.,Colombia,2015,UNIVERSIDAD CATOLICA LUIS AMIGO.,DAMIEN LE GAL FRANCOIS,4
00403,006,Jurado/Comisiones evaluadoras de trabajo de grado,Instructions for reading strategies to determine the reading process in students.,Colombia,2014,UNIVERSIDAD CATOLICA LUIS AMIGO.,DIANA MARCELA JARAMILLO CATANO,4
00404,006,Jurado/Comisiones evaluadoras de trabajo de grado,Implementation of Visual Aids to Increase Learners' Motivation in the EFL Classroom,Colombia,2014,UNIVERSIDAD CATOLICA LUIS AMIGO.,JOSE VICENTE ABAD OLAYA,4
00405,006,Jurado/Comisiones evaluadoras de trabajo de grado,The Importance of Using Didactic Material in Learning a Foreign Language,Colombia,2014,UNIVERSIDAD CATOLICA LUIS AMIGO.,JOSE VICENTE ABAD OLAYA,4
00406,006,Jurado/Comisiones evaluadoras de trabajo de grado,Impact of Teaching Literacy Skills through Content-based Approach in Learning,Colombia,2014,UNIVERSIDAD CATOLICA LUIS AMIGO.,JOSE VICENTE ABAD OLAYA,4
00407,006,Jurado/Comisiones evaluadoras de trabajo de grado,"Environmental Print to Foster Motivation, Self-Study Routines, and Learners' Communicative Competence in English",Colombia,2014,UNIVERSIDAD CATOLICA LUIS AMIGO.,JOSE VICENTE ABAD OLAYA,4
00408,006,Jurado/Comisiones evaluadoras de trabajo de grado,El juego como mediador para La introyección de la norma,Colombia,2014,UNIVERSIDAD CATOLICA LUIS AMIGO.,MARGARITA MARIA ALVIAR RUIZ,4
00409,006,Jurado/Comisiones evaluadoras de trabajo de grado,Bullying palabra violenta en las instituciones públicas y privadas,Colombia,2014,UNIVERSIDAD CATOLICA LUIS AMIGO.,MARGARITA MARIA ALVIAR RUIZ,4
00410,006,Jurado/Comisiones evaluadoras de trabajo de grado,Construcción y apropiación del conocimiento en las tic de los estudiantes de cinco años del jardín infantil vida nueva,Colombia,2014,UNIVERSIDAD CATOLICA LUIS AMIGO.,MARGARITA MARIA ALVIAR RUIZ,4
00411,006,Jurado/Comisiones evaluadoras de trabajo de grado,"Formación de los estudiantes de la licenciatura en educación preescolar de la FUNLAM sede Medellín, en las tecnologías de la información y la comunicación,",Colombia,2014,UNIVERSIDAD CATOLICA LUIS AMIGO.,MARGARITA MARIA ALVIAR RUIZ,4
00412,006,Jurado/Comisiones evaluadoras de trabajo de grado,IDENTIFICACIÓN Y CARACTERIZACIÓN DE LA POBLACIÓN CON DISCAPACIDAD EN EL MUNICIPIO DE BETANIA (ANTIOQUIA) COMO LÍNEA BASE PARA EL DISEÑO DE UN AULA PEDAGÓGICA,Colombia,2014,UNIVERSIDAD DE ANTIOQUIA.,GLORIA MARIA ISAZA ZAPATA,4
00413,006,Jurado/Comisiones evaluadoras de trabajo de grado,Incidencia de los hábitos familiares de estudio en el proceso de aprendizaje significativo de los niños y niñas de jardín del Centro Infantil Génesis.,Colombia,2014,UNIVERSIDAD CATOLICA LUIS AMIGO.,MICHELLE BETANCUR ZULUAGA,4
00414,006,Jurado/Comisiones evaluadoras de trabajo de grado,Concepciones y sentidos de la escritura en facebook. visión de estudiantes y docentes de la institución educativa escuela normal superior de jericó,Colombia,2014,UNIVERSIDAD DE ANTIOQUIA.,JUAN CARLOS MONSALVE GOMEZ,4
00415,006,Jurado/Comisiones evaluadoras de trabajo de grado,Influencia del trato afectivo familiar en el rendimiento académico del niño,Colombia,2014,UNIVERSIDAD CATOLICA LUIS AMIGO.,MICHELLE BETANCUR ZULUAGA,4
00416,006,Jurado/Comisiones evaluadoras de trabajo de grado,El acompañamiento familiar y su relación con el rendimiento académico,Colombia,2014,UNIVERSIDAD CATOLICA LUIS AMIGO.,MICHELLE BETANCUR ZULUAGA,4
00417,006,Jurado/Comisiones evaluadoras de trabajo de grado,Reconocimiento de la autoestima de niñas en situación de padres separados a través de textos infantiles,Colombia,2014,UNIVERSIDAD CATOLICA LUIS AMIGO.,MICHELLE BETANCUR ZULUAGA,4
00418,006,Jurado/Comisiones evaluadoras de trabajo de grado,Monografía,Colombia,2011,"ARTES PLASTICAS, Institución",ANGELA MARIA RESTREPO JARAMILLO,4
00419,007,Jurado/Comisiones evaluadoras de trabajo de grado,FACTORES DE RIESGO EN EX HABITANTES DE CALLE QUE INTERFIEREN EN EL PROCESO DE RESOCIALIZACION (MEDELLIN - COLOMBIA),Colombia,2024,UNIVERSIDAD CATOLICA LUIS AMIGO.,OVIDIO HERRERA RIVERA,4
00420,007,Jurado/Comisiones evaluadoras de trabajo de grado,El ser mujer. Configuración de la identidad de género en las mujeres de las veredas ¿Caballeros¿ y ¿Las Leonas¿ de Puerto López-Meta,Colombia,2024,UNIVERSIDAD PONTIFICIA BOLIVARIANA.,ANGELA MARITZA LOPERA JARAMILLO,4
00421,007,Jurado/Comisiones evaluadoras de trabajo de grado,"Subjetividades políticas en tres sobrevivientes del conflicto armado: Participación en la Mesa de Víctimas de Facatativá, Cundinamarca",Colombia,2023,UNIVERSIDAD DE ANTIOQUIA.,ANGELA MARITZA LOPERA JARAMILLO,4
00422,007,Jurado/Comisiones evaluadoras de trabajo de grado,Ser creativos. Reflexiones sobre la subjetivación creativa: una aproximación desde la ontología de nosotros mismos,Colombia,2023,UNIVERSIDAD DE ANTIOQUIA.,EDISON FRANCISCO VIVEROS CHAVARRIA,4
00423,007,Jurado/Comisiones evaluadoras de trabajo de grado,Salud Mental y Actividad física: Una revisión de revisiones sistemáticas,Colombia,2023,UNIVERSIDAD CATOLICA DE PEREIRA.,ZONAIKA MAIRA POSADA LOPEZ,4
00424,007,Jurado/Comisiones evaluadoras de trabajo de grado,Futuros posibles en adversidad: significados familiares atribuidos a la pérdida de oportunidades de rebusque en tiempos de pandemia COVID-19,Colombia,2023,UNIVERSIDAD PONTIFICIA BOLIVARIANA.,ANGELA MARITZA LOPERA JARAMILLO,4
00425,007,Jurado/Comisiones evaluadoras de trabajo de grado,El sentido del trabajo para los enfermeros en época de pandemia,Colombia,2022,UNIVERSIDAD DE ANTIOQUIA.,EDISON FRANCISCO VIVEROS CHAVARRIA,4
00426,007,Jurado/Comisiones evaluadoras de trabajo de grado,Condiciones Sociodemográficas y Crianza de Familias Monoparentales Maternas de la Ciudad de Medellín,Colombia,2022,UNIVERSIDAD DE ANTIOQUIA.,EDISON FRANCISCO VIVEROS CHAVARRIA,4
00427,007,Jurado/Comisiones evaluadoras de trabajo de grado,Sentidos atribuidos al retiro laboral por parte de los docentes de la universidad de Antioquia próximos a jubilarse,Colombia,2022,UNIVERSIDAD DE ANTIOQUIA.,EDISON FRANCISCO VIVEROS CHAVARRIA,4
00428,007,Jurado/Comisiones evaluadoras de trabajo de grado,El diálogo en tiempos de pandemia. percepciones de los profesionales de Gestión Humana,Colombia,2022,UNIVERSIDAD DE ANTIOQUIA.,EDISON FRANCISCO VIVEROS CHAVARRIA,4
00429,007,Jurado/Comisiones evaluadoras de trabajo de grado,Narrativas de roles de género en un grupo de adolescentes cisgénero y transgénero de la ciudad de Medellin en el año 2019,Colombia,2019,UNIVERSIDAD EL BOSQUE.,PAULA ANDREA SERNA CARMONA,4
00430,007,Jurado/Comisiones evaluadoras de trabajo de grado,Relación entre dinámica familia y la participación ciudadana,Colombia,2019,UNIVERSIDAD CATOLICA LUIS AMIGO.,OVIDIO HERRERA RIVERA,4
00431,007,Jurado/Comisiones evaluadoras de trabajo de grado,"Estrategias pedagógicas incluyentes para el desarrollo de la inteligencia emocional en los niños del programa Buen Comienzo, Coomei, comuna dos",Colombia,2019,UNIVERSIDAD CATOLICA LUIS AMIGO.,OVIDIO HERRERA RIVERA,4
00432,007,Jurado/Comisiones evaluadoras de trabajo de grado,Acompañamiento de los padres de familia en el proceso escolar de los niños de básica primaria en la institución educativa Cecilia de Lleras de la ciudad de Montería.,Colombia,2019,UNIVERSIDAD CATOLICA LUIS AMIGO.,OVIDIO HERRERA RIVERA,4
00433,007,Jurado/Comisiones evaluadoras de trabajo de grado,Relaciones internacionales con visión compleja,México,2019,Multiversidad Mundo Real Edgar Morín .,OVIDIO HERRERA RIVERA,4
00434,007,Jurado/Comisiones evaluadoras de trabajo de grado,"Fortalecimiento de las competencias socioemocionales relacionadas con la empatía en estudiantes entre 10 y 14 años, protagonistas de situaciones tipo I y II que afectan la convivencia escolar de la Institución Educativa Valdivia, del municipio de Valdivia Antioquia.",Colombia,2019,UNIVERSIDAD DE ANTIOQUIA.,ALEXANDER RODRIGUEZ BUSTAMANTE,4
00435,007,Jurado/Comisiones evaluadoras de trabajo de grado,Relaciones parentofiliales en la infancia. Prevención del comportamiento suicida.,Colombia,2018,UNIVERSIDAD CATOLICA LUIS AMIGO.,ALEXANDER RODRIGUEZ BUSTAMANTE,4
00436,007,Jurado/Comisiones evaluadoras de trabajo de grado,Formación docente para la transversalización del enfoque CTS en educación media: Caso I.E la La Sierra,Colombia,2018,INSTITUCIÓN UNIVERSITARIA ITM.,OVIDIO HERRERA RIVERA,4
00437,007,Jurado/Comisiones evaluadoras de trabajo de grado,Comportamiento suicida: subjetividades en la dinámica interna familiar.,Colombia,2018,UNIVERSIDAD CATOLICA LUIS AMIGO.,ALEXANDER RODRIGUEZ BUSTAMANTE,4
00438,007,Jurado/Comisiones evaluadoras de trabajo de grado,Calidad de vida: la familia como una posibilidad transformadora.,Colombia,2018,UNIVERSIDAD CATOLICA LUIS AMIGO.,ALEXANDER RODRIGUEZ BUSTAMANTE,4
00439,007,Jurado/Comisiones evaluadoras de trabajo de grado,Prácticas de crianza y comunicación familiar: una estrategia para la socialización primaria,Colombia,2018,UNIVERSIDAD CATOLICA LUIS AMIGO.,ALEXANDER RODRIGUEZ BUSTAMANTE,4
00440,007,Jurado/Comisiones evaluadoras de trabajo de grado,Influencia de las relaciones familiares en la primera infancia.,Colombia,2018,UNIVERSIDAD CATOLICA LUIS AMIGO.,ALEXANDER RODRIGUEZ BUSTAMANTE,4
00441,007,Jurado/Comisiones evaluadoras de trabajo de grado,Conceptualización familiar: entre la discusión y la construcción.,Colombia,2018,UNIVERSIDAD CATOLICA LUIS AMIGO.,ALEXANDER RODRIGUEZ BUSTAMANTE,4
00442,007,Jurado/Comisiones evaluadoras de trabajo de grado,Acompañamiento al enfermo crónico o terminal y calidad de vida en familia,Colombia,2018,UNIVERSIDAD CATOLICA LUIS AMIGO.,ALEXANDER RODRIGUEZ BUSTAMANTE,4
00443,007,Jurado/Comisiones evaluadoras de trabajo de grado,Geometría en contextos de diversidad: aproximación a los procesos de comunicación y resolución de problemas de espacio desde el diálogo intercultural.,Colombia,2017,UNIVERSIDAD PONTIFICIA BOLIVARIANA.,ALEXANDER RODRIGUEZ BUSTAMANTE,4
00444,007,Jurado/Comisiones evaluadoras de trabajo de grado,Acciones de participación familiar que favorecen el rendimiento académico de los niños de 5°grado de la Institución Educativa Francisco de Miranda del Municipio de Inírida (Guainía).,Colombia,2017,UNIVERSIDAD PONTIFICIA BOLIVARIANA.,ALEXANDER RODRIGUEZ BUSTAMANTE,4
00445,007,Jurado/Comisiones evaluadoras de trabajo de grado,Propuesta curricular intercultural participativa de la tradición oral Puinave.,Colombia,2017,UNIVERSIDAD PONTIFICIA BOLIVARIANA.,ALEXANDER RODRIGUEZ BUSTAMANTE,4
00446,007,Jurado/Comisiones evaluadoras de trabajo de grado,Diseño de un proyecto de aula basado en el dialogo intercultural que contribuya en el proceso de resolución de problemas asociados a la semejanza de triángulos.,Colombia,2017,UNIVERSIDAD PONTIFICIA BOLIVARIANA.,ALEXANDER RODRIGUEZ BUSTAMANTE,4
00447,007,Jurado/Comisiones evaluadoras de trabajo de grado,Componentes motivacionales que intervienen en la comprensión lectora en los niños de primaria de la Institución Educativa la Primavera del Municipio de Inírida.,Colombia,2017,UNIVERSIDAD PONTIFICIA BOLIVARIANA.,ALEXANDER RODRIGUEZ BUSTAMANTE,4
00448,007,Jurado/Comisiones evaluadoras de trabajo de grado,"El juego cooperativo: estrategia pedagógica en la mediación de conflictos y mejora del clima escolar de los grados 4° y 5° de la educación primaria Institución Educativa Francisco de Paula Santander, la Primavera Vichada.",Colombia,2017,UNIVERSIDAD PONTIFICIA BOLIVARIANA.,ALEXANDER RODRIGUEZ BUSTAMANTE,4
00449,007,Jurado/Comisiones evaluadoras de trabajo de grado,Cultura del emprendimiento en el primer ciclo de grados. Instituciones Educativas Eduardo Carranza y Escuela normal Superior Federico Lleras Acosta.,Colombia,2017,UNIVERSIDAD PONTIFICIA BOLIVARIANA.,ALEXANDER RODRIGUEZ BUSTAMANTE,4
00450,007,Jurado/Comisiones evaluadoras de trabajo de grado,Interacciones en un ambiente escolar plurietnico Institución Educativa San Bartolomé Municipio Santa Rosalia Vichada.,Colombia,2017,UNIVERSIDAD PONTIFICIA BOLIVARIANA.,ALEXANDER RODRIGUEZ BUSTAMANTE,4
00451,007,Jurado/Comisiones evaluadoras de trabajo de grado,"El sendero ecológico, una alternativa didáctica para la conservación de los recursos naturales. Estrategias verdes.",Colombia,2017,UNIVERSIDAD PONTIFICIA BOLIVARIANA.,ALEXANDER RODRIGUEZ BUSTAMANTE,4
00452,007,Jurado/Comisiones evaluadoras de trabajo de grado,Imaginarios sociales acerca de la cultura de paz en familias del programa de desarrollo para la paz del Magdalena centro,Colombia,2016,UNIVERSIDAD DE CALDAS.,EDISON FRANCISCO VIVEROS CHAVARRIA,4
00453,007,Jurado/Comisiones evaluadoras de trabajo de grado,"REPENSANDO EL PRESENTE Y EL FUTURO: RAZONES, MOTIVACIONES E INTENCIONES DE VIDA EN LOS ADOLESCENTES Y FAMILIAS EN CONFLICTO CON LA LEY PROGRAMA TEJIENDO VIDA ¿ Cali-",Colombia,2016,UNIVERSIDAD DE CALDAS.,ALEXANDER RODRIGUEZ BUSTAMANTE,4
00454,007,Jurado/Comisiones evaluadoras de trabajo de grado,REPRESENTACIONES SOCIALES SOBRE LAS PRÁCTICAS DE PREVENCIÓN DEL CONSUMO DE SUSTANCIAS PSICOACTIVAS DE LA COMUNIDAD ACADÉMICA (DOCENTES Y ESTUDIANTES) EN LA FACULTAD DE CIENCIAS AGRARIAS DE LA UNIVERSIDAD DE ANTIOQUIA,Colombia,2016,Universidad De Manizales - Umanizales.,ALEXANDER RODRIGUEZ BUSTAMANTE,4
00455,007,Jurado/Comisiones evaluadoras de trabajo de grado,VIDA FAMILIAR EN EL ESCENARIO DE LA DISCAPACIDAD: UNA LECTURA DESDE LA PERSPECTIVA DE LA INCLUSIÓN,Colombia,2015,UNIVERSIDAD DE CALDAS.,ALEXANDER RODRIGUEZ BUSTAMANTE,4
00456,007,Jurado/Comisiones evaluadoras de trabajo de grado,Narrativas del adolescente y sus padres en torno al riesgo en la adolescencia,Colombia,2015,UNIVERSIDAD DE ANTIOQUIA.,ALEXANDER RODRIGUEZ BUSTAMANTE,4
00457,007,Jurado/Comisiones evaluadoras de trabajo de grado,PÉRDIDAS AFECTIVAS DE LOS VARONES AL DIVORCIARSE,Colombia,2015,UNIVERSIDAD PONTIFICIA BOLIVARIANA.,ALEXANDER RODRIGUEZ BUSTAMANTE,4
00458,007,Jurado/Comisiones evaluadoras de trabajo de grado,Una aproximación a la comprensión del significado de la comunicación para la familia como aporte a la Terapia Familiar,Colombia,2014,UNIVERSIDAD DE ANTIOQUIA.,EDISON FRANCISCO VIVEROS CHAVARRIA,4
00459,007,Jurado/Comisiones evaluadoras de trabajo de grado,El papel de las técnicas e instrumentos metodológicos para mediar los procesos de intervención desde las prácticas psicosocial y educativa que favorecieron la comunicación familiar,Colombia,2013,UNIVERSIDAD DE CALDAS.,ALEXANDER RODRIGUEZ BUSTAMANTE,4
00460,007,Jurado/Comisiones evaluadoras de trabajo de grado,"REALIDADES FAMILIARES CONTEMPORÁNEAS: ALGUNAS CONTINGENCIAS EN LA ESTRUCTURA FAMILIAR, DESAFÍOS PARA LA INTERVENCIÓN TERAPÉUTICA. MEDELLÍN, 2011-2012",Colombia,2013,UNIVERSIDAD PONTIFICIA BOLIVARIANA.,ALEXANDER RODRIGUEZ BUSTAMANTE,4
00461,007,Jurado/Comisiones evaluadoras de trabajo de grado,Significados sobre pareja y su relación con los vínculos amorosos emergentes en la contemporaneidad en jóvenes de 18 a 25 años de edad del municipio de Andes,Colombia,2013,UNIVERSIDAD DE ANTIOQUIA.,ALEXANDER RODRIGUEZ BUSTAMANTE,4
00462,007,Jurado/Comisiones evaluadoras de trabajo de grado,XI Concurso de Oratoria,Colombia,2012,UNIVERSIDAD CATOLICA LUIS AMIGO.,ALEXANDER RODRIGUEZ BUSTAMANTE,4
00463,007,Jurado/Comisiones evaluadoras de trabajo de grado,"Cuidadores Intergeneracionales: una aproximación a las rutinas, rituales y significados del cuidado en el marco de la organización doméstica.",Colombia,2011,UNIVERSIDAD PONTIFICIA BOLIVARIANA.,EDISON FRANCISCO VIVEROS CHAVARRIA,4
00464,008,Jurado/Comisiones evaluadoras de trabajo de grado,Factores que determinan el comportamiento proambiental de gestión de residuos en el trabajo de profesores universitarios. Un estudio transcultural de dos Instituciones de Educación Superior de Latinoamérica,Colombia,2024,UNIVERSIDAD SURCOLOMBIANA.,KATY LUZ MILLAN OTERO,4
00465,008,Jurado/Comisiones evaluadoras de trabajo de grado,La identidad narrativa en mujeres universitarias mayores de edad en relación con el proceso de pertenencia a colectivos feministas en la ciudad de Armenia,Colombia,2024,CORPORACIÓN UNIVERSITARIA EMPRESARIAL ALEXANDER VON HUMBOLDT.,KATY LUZ MILLAN OTERO,4
00466,008,Jurado/Comisiones evaluadoras de trabajo de grado,"Sentidos y significados de las prácticas culturales de los jóvenes afrodescendientes pertenecientes a la Organización OEACOR, para un acercamiento a su ratificación identitaria.",Colombia,2023,UNIVERSIDAD DE CORDOBA.,KATY LUZ MILLAN OTERO,4
00467,008,Jurado/Comisiones evaluadoras de trabajo de grado,Ser creativos. Reflexiones sobre la subjetivación creativa: una aproximación desde la ontología de nosotros mismos,Colombia,2023,UNIVERSIDAD DE ANTIOQUIA.,JORGE ANDRES JIMENEZ RODAS,4
00468,008,Jurado/Comisiones evaluadoras de trabajo de grado,"Sujeto al margen: una mirada al sujeto político presente en la teoría queer y en el feminismo latinoamericano, desde la teoría de Judith Butler y Marcela Lagarde",Colombia,2023,UNIVERSIDAD PONTIFICIA BOLIVARIANA.,JORGE ANDRES JIMENEZ RODAS,4
00469,008,Jurado/Comisiones evaluadoras de trabajo de grado,Violencia sexual y riesgo de suicidio en adolescentes entre los 12 y los 18 años de edad en la ciudad de Monteria,Colombia,2023,Universidad De Manizales - Umanizales.,JOSE ALCIDES CASTRO ACEVEDO,4
00470,008,Jurado/Comisiones evaluadoras de trabajo de grado,"Factores protectores que promueven la resiliencia en niños y niñas escolarizados victimas del desplazamiento por violencia social en las Instituciones Educativas Camilo Torres y Capitán Bermúdez del municipio de-Patía, Cauca.",Colombia,2023,Universidad De Manizales - Umanizales.,JOSE ALCIDES CASTRO ACEVEDO,4
00471,008,Jurado/Comisiones evaluadoras de trabajo de grado,"Calidad de vida en familias de niños, niñas y adolescentes con trastorno del espectro autista en una población del departamento de Caldas",Colombia,2023,Universidad De Manizales - Umanizales.,JOSE ALCIDES CASTRO ACEVEDO,4
00472,008,Jurado/Comisiones evaluadoras de trabajo de grado,Autoconcepto de las Mujeres Desvinculadas de la Guerrilla de las FARC - EP Durantes y Después de la Firma de los Acuerdos de Paz,Colombia,2023,UNIVERSIDAD CATOLICA LUIS AMIGO.,JOSE ALCIDES CASTRO ACEVEDO,4
00473,008,Jurado/Comisiones evaluadoras de trabajo de grado,Hacia una crianza humanizada: familia y escuela como potenciadores de salud mental,Colombia,2023,UNIVERSIDAD CATOLICA LUIS AMIGO.,JOSE ALCIDES CASTRO ACEVEDO,4
00474,008,Jurado/Comisiones evaluadoras de trabajo de grado,La separación de los padres y su relación con la adolescencia,Colombia,2023,UNIVERSIDAD CATOLICA LUIS AMIGO.,JOSE ALCIDES CASTRO ACEVEDO,4
00475,008,Jurado/Comisiones evaluadoras de trabajo de grado,Familia y escuela: perspectivas desde la salud mental en la adolescencia,Colombia,2023,UNIVERSIDAD CATOLICA LUIS AMIGO.,JOSE ALCIDES CASTRO ACEVEDO,4
00476,008,Jurado/Comisiones evaluadoras de trabajo de grado,"Familia y escuela, un tránsito reflexivo en niños, niñas y adolescentes",Colombia,2023,UNIVERSIDAD CATOLICA LUIS AMIGO.,JOSE ALCIDES CASTRO ACEVEDO,4
00477,008,Jurado/Comisiones evaluadoras de trabajo de grado,La comunicación: fundamentos en la familia y la escuela,Colombia,2023,UNIVERSIDAD CATOLICA LUIS AMIGO.,JOSE ALCIDES CASTRO ACEVEDO,4
00478,008,Jurado/Comisiones evaluadoras de trabajo de grado,"Acompañamiento y salud mental. Niños, niñas y adolescentes; un asunto de inclusión",Colombia,2023,UNIVERSIDAD CATOLICA LUIS AMIGO.,JOSE ALCIDES CASTRO ACEVEDO,4
00479,008,Jurado/Comisiones evaluadoras de trabajo de grado,"""Representaciones sociales del cuidado del ambiente en niños escolarizados de áreas urbanas y rurales",Colombia,2022,UNIVERSIDAD DE ANTIOQUIA.,KATY LUZ MILLAN OTERO,4
00480,008,Jurado/Comisiones evaluadoras de trabajo de grado,La identidad personal en las redes sociales. Estudio con jóvenes de la I.E. Vida Para Todos en Medellín,Colombia,2021,INSTITUTO TECNOLÓGICO METROPOLITANO -ITM-.,KATY LUZ MILLAN OTERO,4
00481,008,Jurado/Comisiones evaluadoras de trabajo de grado,Narrativas de Jóvenes Escolares Sobre el Conflicto Armado Colombiano,Colombia,2020,UNIVERSIDAD CATOLICA LUIS AMIGO.,JOSE ALCIDES CASTRO ACEVEDO,4
00482,008,Jurado/Comisiones evaluadoras de trabajo de grado,Educación rural: un aporte a la comprensión del sentido de educaciones ¿otras¿ en el ámbito rural desde una mirada crítico vivencial,Colombia,2020,UNIVERSIDAD DE ANTIOQUIA.,MAGDA VICTORIA DIAZ ALZATE,4
00483,008,Jurado/Comisiones evaluadoras de trabajo de grado,Concepciones y prácticas de la formación de subjetividad política en los entornos familiares: propuesta de acompañamiento psicopedagógico,Colombia,2020,UNIVERSIDAD PONTIFICIA BOLIVARIANA.,MAGDA VICTORIA DIAZ ALZATE,4
00484,008,Jurado/Comisiones evaluadoras de trabajo de grado,"Intervención psicopedagógica desde la literatura, con padres de familia de los grados primero y segundo de la sede rural La Florida del Colegio Campestre nuevo horizonte de El Carmen de Viboral",Colombia,2019,UNIVERSIDAD PONTIFICIA BOLIVARIANA.,MAGDA VICTORIA DIAZ ALZATE,4
00485,008,Jurado/Comisiones evaluadoras de trabajo de grado,El trabajo cooperativo: una herramienta psicopedagógica para el reconocimiento de sí mismo y del otro desde la diversidad,Colombia,2019,UNIVERSIDAD PONTIFICIA BOLIVARIANA.,MAGDA VICTORIA DIAZ ALZATE,4
00486,008,Jurado/Comisiones evaluadoras de trabajo de grado,Alfabetización de adultos en la cárcel. Una experiencia desde la educación popular con los presos políticos de la Cárcel Bellavista en Medellín,Colombia,2018,UNIVERSIDAD DE ANTIOQUIA.,MAGDA VICTORIA DIAZ ALZATE,4
00487,008,Jurado/Comisiones evaluadoras de trabajo de grado,Transformaciones en los sentimientos de familias que han vivido el intento de suicido,Colombia,2018,UNIVERSIDAD DE ANTIOQUIA.,NICOLASA MARIA DURAN PALACIO,4
00488,008,Jurado/Comisiones evaluadoras de trabajo de grado,CONFIGURACIÓN DEL ROL PATERNO SIN LA PRESENCIA DE LA MADRE EN DOS TIPOLOGÍAS DE HOGAR,Colombia,2018,UNIVERSIDAD DE ANTIOQUIA.,NICOLASA MARIA DURAN PALACIO,4
00489,008,Jurado/Comisiones evaluadoras de trabajo de grado,Transformaciones del terapeuta a partir de la atención de parejas con conflictos de infidelidad,Colombia,2018,UNIVERSIDAD DE ANTIOQUIA.,NICOLASA MARIA DURAN PALACIO,4
00490,008,Jurado/Comisiones evaluadoras de trabajo de grado,La demencia como objeto judicial en Antioquia. La interdicción entre 1886 y 1936,Colombia,2018,UNIVERSIDAD DE ANTIOQUIA.,JAIRO GUTIERREZ AVENDANO,4
00491,008,Jurado/Comisiones evaluadoras de trabajo de grado,Conductas prosociales y su relación Con convivencia escolar en el grado Transición,Colombia,2018,UNIVERSIDAD CATOLICA LUIS AMIGO.,MAGDA VICTORIA DIAZ ALZATE,4
00492,008,Jurado/Comisiones evaluadoras de trabajo de grado,Influencia del divorcio de los padres en el desarrollo de la dimensión socio afectiva de niños y niñas de 8 a 9 años,Colombia,2018,UNIVERSIDAD CATOLICA LUIS AMIGO.,MAGDA VICTORIA DIAZ ALZATE,4
00493,008,Jurado/Comisiones evaluadoras de trabajo de grado,Conductas prosociales y su relación Con convivencia escolar en el grado Transición,Colombia,2018,UNIVERSIDAD CATOLICA LUIS AMIGO.,MAGDA VICTORIA DIAZ ALZATE,4
00494,008,Jurado/Comisiones evaluadoras de trabajo de grado,SIGNIFICADOS DE LA EXPERIENCIA DE LA ATENCIÓN TERAPÉUTICA A PAREJAS CON CONFLICTOS DE INFIDELIDAD Y SU RELACIÓN CON LAS TRASFORMACIONES DEL SER DEL TERAPEUTA,Colombia,2018,UNIVERSIDAD DE ANTIOQUIA.,NICOLASA MARIA DURAN PALACIO,4
00495,008,Jurado/Comisiones evaluadoras de trabajo de grado,Entre la locura y la vulnerabilidad en el encierro: la vida de las mujeres en los asilos de Bogotá y Medellín 1900-1950,Colombia,2018,UNIVERSIDAD DE ANTIOQUIA.,JAIRO GUTIERREZ AVENDANO,4
00496,008,Jurado/Comisiones evaluadoras de trabajo de grado,DE LA PUESTA DE LÍMITES A LA CONSTRUCCIÓN DE LEGALIDADES: LOS APORTES DEL PSICOANÁLISIS EN LA COMPRENSIÓN DE LA VIOLENCIA HOMOFÓBICA HACIA LOS NIÑOS Y ADOLESCENTES CON UNA ORIENTACIÓN SEXUAL DIVERSA,Colombia,2018,UNIVERSIDAD PONTIFICIA BOLIVARIANA.,NICOLASA MARIA DURAN PALACIO,4
00497,008,Jurado/Comisiones evaluadoras de trabajo de grado,"Peritazgos médico legales. Referentes de la locura en Antioquia, siglo XIX y principios del XX",Colombia,2017,UNIVERSIDAD NACIONAL DE COLOMBIA.,JAIRO GUTIERREZ AVENDANO,4
00498,008,Jurado/Comisiones evaluadoras de trabajo de grado,Los organizadores gráficos en el proceso lecto-escritural en niños y niñas del grado primero de la Institución Educativa Los Gómez.,Colombia,2017,UNIVERSIDAD CATOLICA LUIS AMIGO.,KATY LUZ MILLAN OTERO,4
00499,008,Jurado/Comisiones evaluadoras de trabajo de grado,Las vivencias de maternar y paternar de los padres que tienen hijos con seguimiento comportamental en la Unidad Educativa San Marcos De Envigado.,Colombia,2017,UNIVERSIDAD DE ANTIOQUIA.,NICOLASA MARIA DURAN PALACIO,4
00500,008,Jurado/Comisiones evaluadoras de trabajo de grado,Del niño de cuidados al sujeto de derechos: efectos de una transición,Colombia,2017,UNIVERSIDAD PEDAGÓGICA NACIONAL.,HERWIN EDUARDO CARDONA QUITIAN,4
00501,008,Jurado/Comisiones evaluadoras de trabajo de grado,"Seremos canciones, el ruido, las melodías y el barrio en los jóvenes urbano populares de Alfonzo López",Colombia,2017,UNIVERSIDAD PEDAGÓGICA NACIONAL.,HERWIN EDUARDO CARDONA QUITIAN,4
00502,008,Jurado/Comisiones evaluadoras de trabajo de grado,"Sonoridades convergentes, una propuesta educativa desde la propuesta tejida en los jóvenes a partir del rock como estrategia pedagógica en la IED San Ignacio de Bosa",Colombia,2017,UNIVERSIDAD PEDAGÓGICA NACIONAL.,HERWIN EDUARDO CARDONA QUITIAN,4
00503,008,Jurado/Comisiones evaluadoras de trabajo de grado,Dificultades que Presentan los Docentes en la Aplicación de Estrategias de Intervención en el Manejo de Niños con Diagnóstico de Trastorno por Déficit de Atención con Hiperactividad (TDAH) en el Aula de Clase,Colombia,2017,UNIVERSIDAD PONTIFICIA BOLIVARIANA.,NICOLASA MARIA DURAN PALACIO,4
00504,008,Jurado/Comisiones evaluadoras de trabajo de grado,Elementos éticos de la organización subjetiva en adolescentes desvinculados de grupos armados ilegales,Colombia,2017,UNIVERSIDAD DEL VALLE.,NORMAN DARIO MORENO CARMONA,4
00505,008,Jurado/Comisiones evaluadoras de trabajo de grado,La articulación de las estrategias pedagógicas para la implementación de la norma en los grupos de preescolar en un contexto educativo del municipio de la estrella,Colombia,2017,UNIVERSIDAD CATOLICA LUIS AMIGO.,KATY LUZ MILLAN OTERO,4
00506,008,Jurado/Comisiones evaluadoras de trabajo de grado,Experiencias emocionales y sentidos de lo político en las prácticas cotidianas de las familias,Colombia,2016,FUNDACIÓN CENTRO INTERNACIONAL DE EDUCACIÓN Y DESARROLLO HUMANO-CINDE.,NICOLASA MARIA DURAN PALACIO,4
00507,008,Jurado/Comisiones evaluadoras de trabajo de grado,Estilos lingüísticos y tipos de propaganda asociados al consumo ideológico de la paz divulgados por actores políticos colombianos en Facebook y Twitter.,Colombia,2016,Fundacion Universitaria Konrad Lorenz.,MONICA ALZATE GARCIA,4
00508,008,Jurado/Comisiones evaluadoras de trabajo de grado,"RELACIÓN ENTRE IDENTIDAD SOCIAL, TRAUMA PSICOSOCIAL Y BIENESTAR SOCIAL EN PERSONAS VÍCTIMAS DE DESPLAZAMIENTO FORZADO EN LA CIUDAD DE BOGOTÁ",Colombia,2016,UNIVERSIDAD CATOLICA DE COLOMBIA.,MONICA ALZATE GARCIA,4
00509,008,Jurado/Comisiones evaluadoras de trabajo de grado,Influence of Anxiety on Students¿ Performance in English Oral Exams at Funlam University,Colombia,2016,UNIVERSIDAD CATOLICA LUIS AMIGO.,SANDRA ISABEL MEJIA ZAPATA,4
00510,008,Jurado/Comisiones evaluadoras de trabajo de grado,Percepción de justicia organizacional y su relación con el desempeño laboral en empleados con diversidad funcional que laboran en tres empresas de la ciudad de Medellín,Colombia,2015,UNIVERSIDAD CATOLICA LUIS AMIGO.,NICOLASA MARIA DURAN PALACIO,4
00511,008,Jurado/Comisiones evaluadoras de trabajo de grado,"Vivencias de participación exclusión sociolaboral de un grupo de jóvenes con diversidad funcional intelectual en el Municipio de Rionegro, Antiquia",Colombia,2015,UNIVERSIDAD CATOLICA LUIS AMIGO.,NICOLASA MARIA DURAN PALACIO,4
00512,008,Jurado/Comisiones evaluadoras de trabajo de grado,Construcción de Sentidos de Vida en Universitarios con Diversidad Funcional,Colombia,2015,UNIVERSIDAD CATOLICA LUIS AMIGO.,NICOLASA MARIA DURAN PALACIO,4
00513,008,Jurado/Comisiones evaluadoras de trabajo de grado,Historia vincular del padre adolescente: implicaciones subjetivas en el vínculo con su hijo y su temprana paternidad,Colombia,2015,UNIVERSIDAD DE ANTIOQUIA.,JOHN JAIRO GARCIA PENA,4
00514,008,Jurado/Comisiones evaluadoras de trabajo de grado,"Procesos de transformación y construcción de la subjetividad política, desarrollados en el marco de las prácticas sociales de sujetos resilientes que han padecido eventos adversos relacionados con la violencia sociopolítica en tres regiones de Colombia",Colombia,2014,UNIVERSIDAD DE SAN BUENAVENTURA - SEDE MEDELLÍN.,MONICA ALZATE GARCIA,4
00515,008,Jurado/Comisiones evaluadoras de trabajo de grado,Significaciones ideologicas de las actitudes entre los profesionales psicosociales y las personas en situación de desplazamiento forzado de la Fundación Universitaria Luis Amigó,Colombia,2014,UNIVERSIDAD CATOLICA LUIS AMIGO.,ANDRES FELIPE MARIN CORTES,4
00516,008,Jurado/Comisiones evaluadoras de trabajo de grado,La relación madre - hijo en la desnutrición tipo marasmo,Colombia,2013,UNIVERSIDAD CES.,NICOLASA MARIA DURAN PALACIO,4
00517,008,Jurado/Comisiones evaluadoras de trabajo de grado,Significado de la maternidad y del control prenatal para un grupo de embarazadas y miembros del equipo de salud de Bucaramanga,Colombia,2012,UNIVERSIDAD DE ANTIOQUIA.,JAIME ALBERTO CARMONA PARRA,4
00518,008,Jurado/Comisiones evaluadoras de trabajo de grado,"Reconfiguración de la identidad y construcción de ciudadanía entre jóvenes desmovilizados de la guerrilla, pertenecientes al programa de reintegración a la vida civil, en la ciudad de Medellín.",Colombia,2009,UNIVERSIDAD DE SAN BUENAVENTURA - SEDE MEDELLÍN.,ANDRES FELIPE MARIN CORTES,4
00519,009,Jurado/Comisiones evaluadoras de trabajo de grado,Autonomía de la Universidad de Córdoba: la presencia de las Autodefensas Unidas de Colombia (AUC) en el periodo 2003-2009,Colombia,2021,UNIVERSIDAD DE CORDOBA.,HUBER YECID CASTRO ESCOBAR,4
00520,009,Jurado/Comisiones evaluadoras de trabajo de grado,Herramientas didácticas como facilitadoras de la comunicación y el aprendizaje dentro del aula,Colombia,2021,Universidad del Sinú - Elías Bechara Zainum.,HUBER YECID CASTRO ESCOBAR,4
00521,009,Jurado/Comisiones evaluadoras de trabajo de grado,Una propuesta pedagógica para fortalecer el proceso de enseñanza aprendizaje en los estudiantes con NEE en el Centro Educativo mi bello mundo en el municipio de Arboletes Antioquia,Colombia,2020,UNIVERSIDAD CATOLICA LUIS AMIGO.,PAULJAVIER BEDOYA PASTRANA,4
00522,009,Jurado/Comisiones evaluadoras de trabajo de grado,Una propuesta pedagógica para fortalecer el proceso de enseñanza aprendizaje en los estudiantes con NEE en el Centro Educativo mi bello mundo en el municipio de Arboletes Antioquia,Colombia,2020,UNIVERSIDAD CATOLICA LUIS AMIGO.,MARIA CLAUDIA DIAZ SOTOMAYOR,4
00523,009,Jurado/Comisiones evaluadoras de trabajo de grado,Factores Psicosociales que inciden en el embarazo precoz en las adolescentes entre 12 y 14 años en el municipio de Lorica,Colombia,2020,UNIVERSIDAD CATOLICA LUIS AMIGO.,PAULJAVIER BEDOYA PASTRANA,4
00524,009,Jurado/Comisiones evaluadoras de trabajo de grado,La Imagen en la Geografía Escolar para la Construcción del Pensamiento crítico: I. E. Trementino Arriba,Colombia,2020,UNIVERSIDAD DE CORDOBA.,HUBER YECID CASTRO ESCOBAR,4
00525,009,Jurado/Comisiones evaluadoras de trabajo de grado,"Análisis de la efectidad de la ley , en la atención de victimas en el municipio de Cotorra periodo 2014- 2017",Colombia,2018,UNIVERSIDAD CATOLICA LUIS AMIGO.,CARLOS RODRIGUEZ SANTOS,4
00526,009,Jurado/Comisiones evaluadoras de trabajo de grado,"Políticas públicas como instrumento de garantía de no repetición del conflicto armado en grupos étnicos del municipio de San José de Uré, Córdoba",Colombia,2018,UNIVERSIDAD CATOLICA LUIS AMIGO.,CARLOS RODRIGUEZ SANTOS,4
00527,009,Jurado/Comisiones evaluadoras de trabajo de grado,"Una mirada jurídica a la situación de los niños, niñas y adolescentes en riesgo de vinculación a los grupos armados ilegales",Colombia,2018,UNIVERSIDAD CATOLICA LUIS AMIGO.,VICTOR TERAN REALES,4
00528,009,Jurado/Comisiones evaluadoras de trabajo de grado,"Delitos que cometen los grupos armados ilegales o actores del conflicto armado  al incurrir al reclutamiento forzado o ¿voluntario¿ de los niños, niñas y adolescentes del Urabá Antioqueño y Córdoba.",Colombia,2018,UNIVERSIDAD CATOLICA LUIS AMIGO.,VICTOR TERAN REALES,4
00529,009,Jurado/Comisiones evaluadoras de trabajo de grado,"INTEGRACIÓN LABORAL DE PERSONAS CON DISCAPACIDAD FÍSICA QUE LABORAN EN INSTITUCIONES PÚBLICAS EN LA CIUDAD DE PANAMÁ, AÑO 2017",Colombia,2018,"Universidad Metropolitana de Educación, Ciencia y Tecnología.",LIVIA DIAZ GONZALEZ,4
00530,009,Jurado/Comisiones evaluadoras de trabajo de grado,POLÍTICAS DE FORMACIÓN DOCENTE EN COLOMBIA (1994 - 2014). EL CASO DE MONTERÍA.,Colombia,2017,UNIVERSIDAD DE CORDOBA.,VICTOR TERAN REALES,4
00531,009,Jurado/Comisiones evaluadoras de trabajo de grado,"Establecimiento de un jardín botánico de plantas medicinales tradicionales de la etnia Zenú, como fundamento de apropiación y aplicación en diversas situaciones educativas con niños de sexto grado de la institución educativa técnica agropecuaria de cerró Vidales (Tuchin ¿ córdoba",Colombia,2017,UNIVERSIDAD CATOLICA LUIS AMIGO.,VICTOR TERAN REALES,4
00532,009,Jurado/Comisiones evaluadoras de trabajo de grado,PROYECTO TECNOLOGICO (TIC`S) PADRES Y ESTUDIANTES CIBERNÉTICOS,Colombia,2017,UNIVERSIDAD CATOLICA LUIS AMIGO.,VICTOR TERAN REALES,4
00533,009,Jurado/Comisiones evaluadoras de trabajo de grado,ESTRATEGIAS DE ENSEÑANZA APRENDIZAJE EN LOS PADRES DE FAMILIA DE LA INSTITUCION EDUCATIVA FRANCISCO JOSE DE CALDAS DE MOMIL CÓRDOBA ENFOCADAS EN EL BUEN USO DE LAS HERRAMIENTAS WEB 2.0.,Colombia,2017,UNIVERSIDAD CATOLICA LUIS AMIGO.,VICTOR TERAN REALES,4
00534,009,Jurado/Comisiones evaluadoras de trabajo de grado,¿Principales causas del bajo rendimiento en el área de matemáticas de los estudiantes de la Institución educativa San Jorge¿.,Colombia,2017,UNIVERSIDAD CATOLICA LUIS AMIGO.,VICTOR TERAN REALES,4
00535,009,Jurado/Comisiones evaluadoras de trabajo de grado,"Cultura alimenticia en los estudiantes de básica secundaria y media de la institución educativa Cristobal Colón de Cereté, Córdoba: una mirada desde las representaciones sociales.",Colombia,2017,UNIVERSIDAD CATOLICA LUIS AMIGO.,PAULJAVIER BEDOYA PASTRANA,4
00536,009,Jurado/Comisiones evaluadoras de trabajo de grado,Factores que influyen en los problemas de drogadicción en los jóvenes de la institución educativa Luis Fernando González Botero del municipio de La Apartada,Colombia,2017,UNIVERSIDAD CATOLICA LUIS AMIGO.,PAULJAVIER BEDOYA PASTRANA,4
00537,009,Jurado/Comisiones evaluadoras de trabajo de grado,CONCEPCIONES Y PRÁCTICAS EVALUATIVAS DE LOS DOCENTES DE L.A INSTITUCIÓN EDUCATIVA NUEVA GRANADA DE TURBO ANTIOQUIA,Colombia,2017,UNIVERSIDAD DE CORDOBA.,VICTOR TERAN REALES,4
00538,009,Jurado/Comisiones evaluadoras de trabajo de grado,LA MÚSICA INFANTIL EN EL APRENDIZAJE DE LOS NIÑOS Y NIÑAS DE TRANSICIÓN EN EL COLEGIO PEQUEÑOS GENIOS DE LA CIUDAD DE MONTERÍA,Colombia,2017,UNIVERSIDAD CATOLICA LUIS AMIGO.,HUBER YECID CASTRO ESCOBAR,4
00539,009,Jurado/Comisiones evaluadoras de trabajo de grado,¿USO DE ESTRATEGIAS CON CARÁCTER LÚDICO Y ARTÍSTICO EN LA POBLACIÓN CON SÍNDROME DE DOWN DE LA ASOCIACIÓN HUELLAS EN MONTERÍA (CÓRDOBA)¿.,Colombia,2017,UNIVERSIDAD CATOLICA LUIS AMIGO.,HUBER YECID CASTRO ESCOBAR,4
00540,009,Jurado/Comisiones evaluadoras de trabajo de grado,"Impacto Cognitivo - Conductual del embarazo precoz de las niñas y adolescentes en edades de 12 a16 años atendidas en la E.S.E. Vida Sinú, sede la gloria del municipio de Montería, durante el año 2017.",Colombia,2017,UNIVERSIDAD CATOLICA LUIS AMIGO.,MARIA CLAUDIA DIAZ SOTOMAYOR,4
00541,009,Jurado/Comisiones evaluadoras de trabajo de grado,LA VIOLENCIA INTRAFAMILIAR EN MENORES BENEFICIARIOS DE LOS PROGRAMAS DE LA FUNDACION ¿AMINTESO¿ AMIGOS DEL INGLES Y TEJIDO SOCIAL DE LA CIUDAD DE VILLAVICENCIO DEPARTAMENTO DEL META 2017,Panamá,2017,"Universidad Metropolitana de Educación, Ciencia y Tecnología.",LIVIA DIAZ GONZALEZ,4
00542,009,Jurado/Comisiones evaluadoras de trabajo de grado,Intervención psicosocial en prevención del consumo de sustancias psicoactivas en jóvenes y adolescentes del Barrio Villa Paz del Municipio de Montería,Colombia,2016,UNIVERSIDAD CATOLICA LUIS AMIGO.,LIVIA DIAZ GONZALEZ,4
00543,009,Jurado/Comisiones evaluadoras de trabajo de grado,INCIDENCIA DE LA CONVIVENCIA ESCOLAR EN EL DESARROLLO INTEGRAL DE LOS NIÑOS Y NIÑAS DEL GRADO TRANSICIÓN EN EL CDI JUAN XXIII,Colombia,2016,UNIVERSIDAD CATOLICA LUIS AMIGO.,HUBER YECID CASTRO ESCOBAR,4
00544,009,Jurado/Comisiones evaluadoras de trabajo de grado,Intervención Psicosocial para fortalecer la autogestión en familias damnificadas por el fenómeno de la niña 2010-2011 del Municipio de Chima-Córdoba.,Colombia,2016,UNIVERSIDAD CATOLICA LUIS AMIGO.,LIVIA DIAZ GONZALEZ,4
00545,009,Jurado/Comisiones evaluadoras de trabajo de grado,Intervención Psicosocial para fortalecer el proceso de aprendizaje en estudiantes del grado noveno del Colegio evangélico ¿La Esperanza¿ del Municipio de Planeta Rica.,Colombia,2016,UNIVERSIDAD CATOLICA LUIS AMIGO.,LIVIA DIAZ GONZALEZ,4
00546,009,Jurado/Comisiones evaluadoras de trabajo de grado,Intervención psicosocial para fortalecer los vínculos afectivos y el desarrollo integral a las familias con niños y niñas de 0 a 5 años con discapacidad del Municipio de Sincelejo ¿ Sucre,Colombia,2016,UNIVERSIDAD CATOLICA LUIS AMIGO.,LIVIA DIAZ GONZALEZ,4
00547,009,Jurado/Comisiones evaluadoras de trabajo de grado,Intervención psicosocial para mejorar la convivencia de las parejas con personalidad disfuncional en el barrio altos de la sabana de la ciudad de Sincelejo.,Colombia,2016,UNIVERSIDAD CATOLICA LUIS AMIGO.,LIVIA DIAZ GONZALEZ,4
00548,009,Jurado/Comisiones evaluadoras de trabajo de grado,Factores Psicosociales que afectan la comunicación intrafamiliar en adolescentes del municipio de Sincelejo,Colombia,2016,UNIVERSIDAD CATOLICA LUIS AMIGO.,LIVIA DIAZ GONZALEZ,4
00549,009,Jurado/Comisiones evaluadoras de trabajo de grado,Intervención Psicosocial en madres fami y tradicional para prevenir los riesgos psicosociales en sus labores zona norte en Sincelejo ¿ Sucre.,Colombia,2016,UNIVERSIDAD CATOLICA LUIS AMIGO.,LIVIA DIAZ GONZALEZ,4
00550,009,Jurado/Comisiones evaluadoras de trabajo de grado,Intervención psicosocial en promoción y prevención del abuso sexual en niños y niñas del Centro de desarrollo Integral Familiar Valencia.,Colombia,2016,UNIVERSIDAD CATOLICA LUIS AMIGO.,LIVIA DIAZ GONZALEZ,4
00551,009,Jurado/Comisiones evaluadoras de trabajo de grado,Intervención Psicosocial para prevenir la deserción escolar en la Institución Educativa San Juan de Urabá.,Colombia,2016,UNIVERSIDAD CATOLICA LUIS AMIGO.,LIVIA DIAZ GONZALEZ,4
00552,009,Jurado/Comisiones evaluadoras de trabajo de grado,Intervención psicosocial en mujeres víctimas del conflicto armado del barrio veinte de enero en el Municipio de Valencia.,Colombia,2016,UNIVERSIDAD CATOLICA LUIS AMIGO.,LIVIA DIAZ GONZALEZ,4
00553,009,Jurado/Comisiones evaluadoras de trabajo de grado,Intervención Psicosocial a mujeres viudas víctimas del conflicto armado en el Corregimiento de Chengue del Municipio de Ovejas,Colombia,2015,UNIVERSIDAD CATOLICA LUIS AMIGO.,LIVIA DIAZ GONZALEZ,4
00554,009,Jurado/Comisiones evaluadoras de trabajo de grado,Intervención psicosocial para la prevención del síndrome de burnout en madres comunitarias que laboran en el hogar infantil pupo Jiménez de la Ciudad de Montería año 2015,Colombia,2015,UNIVERSIDAD CATOLICA LUIS AMIGO.,LIVIA DIAZ GONZALEZ,4
00555,009,Jurado/Comisiones evaluadoras de trabajo de grado,"Intervención psicosocial para fortalecer la educación sexual en la formación inicial de los niños y las niñas del CDI Villa Sabanera en el corregimiento de la Yé, Municipio de Sahagún.",Colombia,2015,UNIVERSIDAD CATOLICA LUIS AMIGO.,LIVIA DIAZ GONZALEZ,4
00556,009,Jurado/Comisiones evaluadoras de trabajo de grado,Proyecto de investigación representaciones sociales sobre el perdón en dos víctimas de la de la violencia sociopolítica en Montelíbano Córdoba.,Colombia,2015,UNIVERSIDAD CATOLICA LUIS AMIGO.,LIVIA DIAZ GONZALEZ,4
00557,009,Jurado/Comisiones evaluadoras de trabajo de grado,"Intervención Psicosocial para enfrentar la problemática Socio Ambiental en Pro de una mejor calidad de vida, en la parte alta del Barrio Villa Jiménez de la Ciudad de Montería Córdoba.",Colombia,2015,UNIVERSIDAD CATOLICA LUIS AMIGO.,LIVIA DIAZ GONZALEZ,4
00558,009,Jurado/Comisiones evaluadoras de trabajo de grado,Factores psicosociales que intervienen en el proceso de desarrollo familiar de los adolescentes víctimas del conflicto armado del barrio Furatena de la ciudad de Monteria,Colombia,2015,UNIVERSIDAD CATOLICA LUIS AMIGO.,LIVIA DIAZ GONZALEZ,4
00559,009,Jurado/Comisiones evaluadoras de trabajo de grado,Deprivación psicoafectiva en familias residentes del barrio minuto de dios de la ciudad de montería,Colombia,2015,UNIVERSIDAD CATOLICA LUIS AMIGO.,LIVIA DIAZ GONZALEZ,4
00560,009,Jurado/Comisiones evaluadoras de trabajo de grado,Factores socio-familiares que influye en el desarrollo de habilidades resilientes en familias con problemáticas codependientes en la ciudad de montería,Colombia,2015,UNIVERSIDAD CATOLICA LUIS AMIGO.,LIVIA DIAZ GONZALEZ,4
00561,009,Jurado/Comisiones evaluadoras de trabajo de grado,Pautas de crianza asociados al comportamiento desadaptativo en adolescentes ubicados en el municipio de Sincelejo.,Colombia,2015,UNIVERSIDAD CATOLICA LUIS AMIGO.,LIVIA DIAZ GONZALEZ,4
00562,009,Jurado/Comisiones evaluadoras de trabajo de grado,La doctrina Monroe en el contexto de la geopolítica latinoamericana,Venezuela,2015,Universidad Privada Dr. Rafael Belloso Chacín.,"ESTELIO JOSE ANGULO, JOSE VICENTE VILLALOBOS ANTUNEZ",4
00563,009,Jurado/Comisiones evaluadoras de trabajo de grado,"La salud: política de estado en el marco del goce efectivo de derecho de la población, victima de desplazamiento forzado por la violencia en Colombia",Venezuela,2015,Universidad Privada Dr. Rafael Belloso Chacín.,"ESTELIO JOSE ANGULO, JOSE VICENTE VILLALOBOS ANTUNEZ",4
00564,009,Jurado/Comisiones evaluadoras de trabajo de grado,LIBRO INVESTIGACIÓN Y FORMACIÓN DOCENTE: APORTES EN DIDÁCTICA,Colombia,2013,UNIVERSIDAD DE LA AMAZONIA.,VICTOR TERAN REALES,4
00565,009,Jurado/Comisiones evaluadoras de trabajo de grado,"CARACTERIZACIÓN DE LAS INSTITUCIONES QUE APOYAN A LA POBLACIÓN EN SITUACIÓN DE DESPLAZAMIENTO EN LA CIUDAD DE MONTERÍA,RED UNIDOS,GOBERNACIÓN DE CÓRDOBA,CORPORACIÓN MARÍA CANO,FUNDACIÓN PRODESAL",Colombia,2013,UNIVERSIDAD CATOLICA LUIS AMIGO.,LACIDES DE JESUS CANAVERA GUZMAN,4
00566,009,Jurado/Comisiones evaluadoras de trabajo de grado,"CARACTERIZACIÓN DE LAS ORGANIZACIONES (COMFACOR,SENA,DIOCESIS DE MONTERÍA,PERSONERIA DE MONTERÍA) QUE DESARROLLAN PROGRAMAS CON LA POBLACIÓN EN SITUACIÓN DE DESPLAZAMIENTO FORZADO EN EL MUNICIPIO DE MONTERÍA.",Colombia,2013,UNIVERSIDAD CATOLICA LUIS AMIGO.,LACIDES DE JESUS CANAVERA GUZMAN,4
00567,009,Jurado/Comisiones evaluadoras de trabajo de grado,CARACTERIZACIÓN DE LAS INSTITUCIONES QUE TRABAJAN CON POBLACIÓN DESPLAZADA VICTIMAS DEL CONFLICTO ARMADO EN EL MUNICIPIO DE MONTERÍA,Colombia,2013,UNIVERSIDAD CATOLICA LUIS AMIGO.,LACIDES DE JESUS CANAVERA GUZMAN,4
00568,009,Jurado/Comisiones evaluadoras de trabajo de grado,"HACIA LA COMPRENSIÓN DE LAS PRÁCTICAS PEDAGÓGICAS QUE POSIBILITAN LA FORMACIÓN INVESTIGATIVA DE DOCENTES, EN LA LICENCIATURA DE ELECTRÓNICA, DE LA UNIVERSIDAD PEDAGÓGICA NACIONAL",Colombia,2013,UNIVERSIDAD PEDAGÓGICA NACIONAL.,VICTOR TERAN REALES,4
00569,009,Jurado/Comisiones evaluadoras de trabajo de grado,Propuesta de mejoramiento para la enseñanza de la lectoescritura en el Preescolar de la Institucion Educativa Camilo Torres,Colombia,2013,UNIVERSIDAD CATOLICA LUIS AMIGO.,MERY RAQUEL CARDONA OVIEDO,4
00570,009,Jurado/Comisiones evaluadoras de trabajo de grado,Evaluacion de los sintomas de ansiedad en personas victimas del dsplazamiento forzado Barrio Cantaclaro,Colombia,2012,UNIVERSIDAD CATOLICA LUIS AMIGO.,MERY RAQUEL CARDONA OVIEDO,4
00571,009,Jurado/Comisiones evaluadoras de trabajo de grado,Expectativas hacia el futuro como factores que generan ansiedad entre los estudiantes del grado 11 en el colegio Militar Almirante Colon sede Pradera ciudad de Monteria,Colombia,2012,UNIVERSIDAD CATOLICA LUIS AMIGO.,MERY RAQUEL CARDONA OVIEDO,4
00572,009,Jurado/Comisiones evaluadoras de trabajo de grado,"Tesis Barreras para el Desarrollo Económico, Político y Social de las Comunidades Afro en el Municipio de Montería",Colombia,2012,UNIVERSIDAD CATOLICA LUIS AMIGO.,AMAURY DE JESUS ROMERO BALLESTEROS,4
00573,009,Jurado/Comisiones evaluadoras de trabajo de grado,Tesis Impacto del programa de Todo Corazón en la comunidad Hipertensa del Municipio de Ciénaga de oro.,Colombia,2012,UNIVERSIDAD CATOLICA LUIS AMIGO.,AMAURY DE JESUS ROMERO BALLESTEROS,4
00574,009,Jurado/Comisiones evaluadoras de trabajo de grado,Impacto del programa clubes prejuveniles y juveniles del ICBF vigencia 2010 en el municipio de Monteria,Colombia,2012,UNIVERSIDAD CATOLICA LUIS AMIGO.,ANIBAL MONTIEL ENSUNCHO,4
00575,009,Jurado/Comisiones evaluadoras de trabajo de grado,Tesis Impacto de los Clubes Juveniles en las condiciones familiares de los jóvenes participantes en los mismos.,Colombia,2012,UNIVERSIDAD CATOLICA LUIS AMIGO.,AMAURY DE JESUS ROMERO BALLESTEROS,4
00576,009,Jurado/Comisiones evaluadoras de trabajo de grado,Impacto de los procesos reeducativos de ASOMENORES en los Jóvenes sujetos del proceso de responsabilidad Penal para Adolescentes,Colombia,2012,UNIVERSIDAD CATOLICA LUIS AMIGO.,AMAURY DE JESUS ROMERO BALLESTEROS,4
00577,009,Jurado/Comisiones evaluadoras de trabajo de grado,Creacion de una Empresa comercializadora de productos nutricionales SOY BET,Colombia,2012,UNIVERSIDAD CATOLICA LUIS AMIGO.,MERY RAQUEL CARDONA OVIEDO,4
00578,009,Jurado/Comisiones evaluadoras de trabajo de grado,Proyecto de creacion de una Empresa de capacitacion y suministro de personal para la prestacion de un servicio de reparacion y mantenimiento del hogar,Colombia,2012,UNIVERSIDAD CATOLICA LUIS AMIGO.,MERY RAQUEL CARDONA OVIEDO,4
00579,009,Jurado/Comisiones evaluadoras de trabajo de grado,La lectura textual como elemento dinamizador del desarrollo de competencias cognitivas en los estudiantes del grado transicion de la Institucion Educativa San Jorge sede Villamatoso de Montelibano Cordoba,Colombia,2012,UNIVERSIDAD CATOLICA LUIS AMIGO.,MERY RAQUEL CARDONA OVIEDO,4
00580,009,Jurado/Comisiones evaluadoras de trabajo de grado,Creación de Empresas de Produccion y Comercializacion del campo,Colombia,2012,UNIVERSIDAD CATOLICA LUIS AMIGO.,MERY RAQUEL CARDONA OVIEDO,4
00581,009,Jurado/Comisiones evaluadoras de trabajo de grado,Creación de Empresas de Produccion y Comercializacion del campo,Colombia,2012,UNIVERSIDAD CATOLICA LUIS AMIGO.,MERY RAQUEL CARDONA OVIEDO,4
00582,009,Jurado/Comisiones evaluadoras de trabajo de grado,IMPACTO DEL PROGRAMA CLUBES PREJUVENILES Y JUVENILES DEL ICBF - VIGENCIA 201 EN EL MUNICIPIO DE MONTERIA.,Colombia,2012,UNIVERSIDAD CATOLICA LUIS AMIGO.,LACIDES DE JESUS CANAVERA GUZMAN,4
00583,009,Jurado/Comisiones evaluadoras de trabajo de grado,IMPACTO DEL CENTRO DE REEDUCACION DE ASOMENORES DE TURBACO BOLIVAR EN EL PROCESO DE RESOCIALIZACION DE MENORES INFRACTORES,Colombia,2012,UNIVERSIDAD CATOLICA LUIS AMIGO.,LACIDES DE JESUS CANAVERA GUZMAN,4
00584,009,Jurado/Comisiones evaluadoras de trabajo de grado,"BARRERAS QUE IMPIDEN EL DESARROLLO SOCIAL,POLITICO Y ECONOMICO DE LA POBLACION AFROCLOMBIANA PERTENECIENTE A LAS ORGANIZACIONES NELSON BANDELA Y OADEN DEL MUNICIPIO DE MONTERIA - CORDOBA",Colombia,2012,UNIVERSIDAD CATOLICA LUIS AMIGO.,LACIDES DE JESUS CANAVERA GUZMAN,4
00585,009,Jurado/Comisiones evaluadoras de trabajo de grado,"PROYECTO DE CREACIÓN DE UNA EMPRESA DE CAPACITACIÓN Y SUMINISTRO DE PERSONAL PARA SERVICIOS DE REPARACIÓN Y MANTENIMIENTO DEL HOGAR UBICADA EN LA CUIDAD DE MONTERÍA, DEPARTAMENTO DE CÓRDOBA",Colombia,2012,UNIVERSIDAD CATOLICA LUIS AMIGO.,LACIDES DE JESUS CANAVERA GUZMAN,4
00586,009,Jurado/Comisiones evaluadoras de trabajo de grado,CREACION DE UNA EMPRESA COMERCIALIZADORA DE PRODUCTOS ALIMENTICIOS (SOY BET) UBICADA EN LA CIUDAD DE MONTERIA-DEPARTAMENTO DE CORDOBA,Colombia,2012,UNIVERSIDAD CATOLICA LUIS AMIGO.,LACIDES DE JESUS CANAVERA GUZMAN,4
00587,009,Jurado/Comisiones evaluadoras de trabajo de grado,PROYECTO DE CREACION DE UNA EMPRESA PRODUCTORA Y COMERCIALIZADORA DE MIEL UBICADA EN EL MUNICIPIO DE SAHAGÚN-DEPARTAMENTO DE CÓRDOBA,Colombia,2012,UNIVERSIDAD CATOLICA LUIS AMIGO.,LACIDES DE JESUS CANAVERA GUZMAN,4
00588,009,Jurado/Comisiones evaluadoras de trabajo de grado,"Energia, Ecosistemas y Vida, Ciencias Naturales para la Basica primaria 5°",Colombia,2012,UNIVERSIDAD CATOLICA LUIS AMIGO.,MERY RAQUEL CARDONA OVIEDO,4
00589,009,Jurado/Comisiones evaluadoras de trabajo de grado,Creacion de una empresa productora y comercializadora de miel de abeja ubicada en el municipio de Sahagun Cordoba,Colombia,2012,UNIVERSIDAD CATOLICA LUIS AMIGO.,ANIBAL MONTIEL ENSUNCHO,4
00590,009,Jurado/Comisiones evaluadoras de trabajo de grado,Creacion de una empresa de produccion y comercializacion de productos del campo,Colombia,2012,UNIVERSIDAD CATOLICA LUIS AMIGO.,ANIBAL MONTIEL ENSUNCHO,4
00591,009,Jurado/Comisiones evaluadoras de trabajo de grado,Creacion de una empresa de capacitacion y suministro de personal para la prestacion de los servicioos de reparacion y mantenimiento del hogar,Colombia,2012,UNIVERSIDAD CATOLICA LUIS AMIGO.,ANIBAL MONTIEL ENSUNCHO,4
00592,009,Jurado/Comisiones evaluadoras de trabajo de grado,Barreras que impiden el desarrollo social politico y economico de la poblacion afrocolombiana pertenecientes a la organizacion nelson mandela y oaden del municipio de Monteria- Cordoba,Colombia,2012,UNIVERSIDAD CATOLICA LUIS AMIGO.,ANIBAL MONTIEL ENSUNCHO,4
00593,009,Jurado/Comisiones evaluadoras de trabajo de grado,Creacion de una empresa comercializadora de productos nutricionales,Colombia,2012,UNIVERSIDAD CATOLICA LUIS AMIGO.,ANIBAL MONTIEL ENSUNCHO,4
00594,009,Jurado/Comisiones evaluadoras de trabajo de grado,Impacto del centro de reeducacion de asomenores de Turbaco- Bolivar en el proceso de resocializacion de menores infractores,Colombia,2012,UNIVERSIDAD CATOLICA LUIS AMIGO.,ANIBAL MONTIEL ENSUNCHO,4
00595,009,Jurado/Comisiones evaluadoras de trabajo de grado,Creación de Empresas de Produccion y Comercializacion del campo,Colombia,2012,UNIVERSIDAD CATOLICA LUIS AMIGO.,MERY RAQUEL CARDONA OVIEDO,4
00596,009,Jurado/Comisiones evaluadoras de trabajo de grado,MANEJO DE LOS RESIDUOS SÓLIDOS PARA EL MEJORAMIENTO DE LA PROBLEMÁTICA AMBIENTAL EN LA INSTITUCIÓN EDUCATIVA CARLOS ADOLFO URUETA DEL MUNICIPIO DE AYAPEL.,Colombia,2011,CORPORACIÓN UNIVERSITARIA DEL CARIBE - CECAR.,FRANCISCO WILLIAM MERCADO MERCADO,4
00597,009,Jurado/Comisiones evaluadoras de trabajo de grado,Intervención psicológica en ansiedad y depresión a pacientes con diagnostico medico de insuficiencia renal crónica que reciben tratamiento de hemodiálisis en unidad nefrosinu en la ciudad de Montería.,Colombia,2011,UNIVERSIDAD CATOLICA LUIS AMIGO.,MARLON ANTONIO ARRIETA ALMARIO,4
00598,009,Jurado/Comisiones evaluadoras de trabajo de grado,Estrategias para estimular valores y hábitos cotidianos en menores de 2 a 5 años con deprivación afectiva en el barrio canta claro de la ciudad de Montería.,Colombia,2011,UNIVERSIDAD CATOLICA LUIS AMIGO.,MARLON ANTONIO ARRIETA ALMARIO,4
00599,009,Jurado/Comisiones evaluadoras de trabajo de grado,IMPLEMENTACION DE LOS INDICADORES DE GESTION EN EL AREA LOGISTICA DE DISPROLACTEOS,Colombia,2011,UNIVERSIDAD CATOLICA LUIS AMIGO.,LACIDES DE JESUS CANAVERA GUZMAN,4
00600,009,Jurado/Comisiones evaluadoras de trabajo de grado,Estrategia para estimular valores y hàbitos cotianos en menores de 2 a 5 años con deprtivacion psioafectiva en el Bario Cantaclaro.,Colombia,2011,UNIVERSIDAD CATOLICA LUIS AMIGO.,MERY RAQUEL CARDONA OVIEDO,4
00601,009,Jurado/Comisiones evaluadoras de trabajo de grado,Factores que impiden el exito del emprendimiento en las bandas musicales de la cabecera municipal de San Pelayo - Cordoba,Colombia,2011,UNIVERSIDAD CATOLICA LUIS AMIGO.,ANIBAL MONTIEL ENSUNCHO,4
00602,009,Jurado/Comisiones evaluadoras de trabajo de grado,MEJORAMIENTO DEL AREA DEL TALENTO HUMANO EN LA CLINICA DEL NIÑO LTDA.,Colombia,2011,UNIVERSIDAD CATOLICA LUIS AMIGO.,LACIDES DE JESUS CANAVERA GUZMAN,4
00603,009,Jurado/Comisiones evaluadoras de trabajo de grado,IMPLEMENTACION DE INDICADORES DE GESTION EL EN AREA LOGISTICA DE DISPROLACTEOS,Colombia,2011,UNIVERSIDAD CATOLICA LUIS AMIGO.,LACIDES DE JESUS CANAVERA GUZMAN,4
00604,009,Jurado/Comisiones evaluadoras de trabajo de grado,MANIFESTACIONES PSICOAFECTIVAS PRESENTE EN MADRES CON HIJOS E HIJAS EN SITUACION DE DISCAPACIDAD COGNITIVA Y FISICA EN LA FUNDACION FUNDEINH: FUNDACION DE DESARROLLO INTEGRAL HUMANO UBICADA EN EL MUNICIPIO DE CERETE DEPARTAMENTO DE CORDOBA EN EL AÑO 2010-2011,Colombia,2011,UNIVERSIDAD CATOLICA LUIS AMIGO.,MARIA ELENA CASTILLO HURTADO,4
00605,009,Jurado/Comisiones evaluadoras de trabajo de grado,Manifestaciones psicoafectivas presentes en madres con hijos e hijas en situación de discacacidad cognitiva y física.,Colombia,2011,UNIVERSIDAD CATOLICA LUIS AMIGO.,MARLON ANTONIO ARRIETA ALMARIO,4
00606,009,Jurado/Comisiones evaluadoras de trabajo de grado,caracterizacion de las conductas sexogenitales en adolescente en edades de11 a 16 años de la ciudad de monteria,Colombia,2011,UNIVERSIDAD CATOLICA LUIS AMIGO.,MARLON ANTONIO ARRIETA ALMARIO,4
00607,009,Jurado/Comisiones evaluadoras de trabajo de grado,Estudio descriptivo de la dependencia emocional en las areas psicológica emocional y conductuales en estudiantes universitarios de la fundación universitaria Luis Amigo.,Colombia,2011,UNIVERSIDAD CATOLICA LUIS AMIGO.,MARLON ANTONIO ARRIETA ALMARIO,4
00608,009,Jurado/Comisiones evaluadoras de trabajo de grado,Manifestaciones psicoafectivas presentes en madres con hijos en situacion de discapacidad cognitiva y fìsica.,Colombia,2011,UNIVERSIDAD CATOLICA LUIS AMIGO.,MERY RAQUEL CARDONA OVIEDO,4
00609,009,Jurado/Comisiones evaluadoras de trabajo de grado,"Estudio descrptivo de la dependencia emocional en las àreas psicològicas, emocionales, y conductuales en estudiantes universitarios de la Fundaciòn Univeritaria Luis Amigò",Colombia,2011,UNIVERSIDAD CATOLICA LUIS AMIGO.,MERY RAQUEL CARDONA OVIEDO,4
00610,009,Jurado/Comisiones evaluadoras de trabajo de grado,Arteterapia.La Psicologìa del arte y su importancia terapèutica en l a rehabilitacion del deficit de atenciòn.,Colombia,2011,UNIVERSIDAD CATOLICA LUIS AMIGO.,MERY RAQUEL CARDONA OVIEDO,4
00611,009,Jurado/Comisiones evaluadoras de trabajo de grado,Caracterizaciòn de las conductas sexogenitales en adolescentes en edades de 11 a 16 años de la I.E.Guillermo Valencia de la ciudad de Monterìa.,Colombia,2011,UNIVERSIDAD CATOLICA LUIS AMIGO.,MERY RAQUEL CARDONA OVIEDO,4
00612,009,Jurado/Comisiones evaluadoras de trabajo de grado,"Conocimiento de los mètodos anticonceptivos en las adolescentes embarazadas y su relaciòn con la ideas irracionales, en el Barrio Santa Fè de la ciudad de Monterìa, año 2011.",Colombia,2011,UNIVERSIDAD CATOLICA LUIS AMIGO.,MERY RAQUEL CARDONA OVIEDO,4
00613,009,Jurado/Comisiones evaluadoras de trabajo de grado,APLICACIÓN DE LAS TICs EN LA ENSEÑANZA DE LA CÉLULA A LOS ESTUDIANTES DEL GRADO 5º DE LA INSTITUCIÓN EDUCATIVA SANTA MARÍA DE MONTERÍA.,Colombia,2011,CORPORACIÓN UNIVERSITARIA DEL CARIBE - CECAR.,FRANCISCO WILLIAM MERCADO MERCADO,4
00614,009,Jurado/Comisiones evaluadoras de trabajo de grado,DESCRIPCIÓN DEL USO DE LA ENSEÑANZA PROBLÉMICA PARA FOMENTAR MAYOR MOTIVACIÓN HACIA LAS MATEMÁTICAS EN LOS ESTUDIANTES DEL GRADO 2º DE LA INSTITUCIÓN EDUCATIVA TREMENTINO ARRIBA DEL MUNICIPIO DE SAN CARLOS.,Colombia,2011,CORPORACIÓN UNIVERSITARIA DEL CARIBE - CECAR.,FRANCISCO WILLIAM MERCADO MERCADO,4
00615,009,Jurado/Comisiones evaluadoras de trabajo de grado,DISEÑO DE SOFTWARE EDUCATIVO PARA ENSEÑAR LA MULTIPLICACIÓN DE NÚMEROS NATURALES A LOS ESTUDIANTES DEL GRADO 2º DE LA INSTITUCIÓN EDUCATIVA EUGENIO SÁNCHEZ CÁRDENAS DEL MUNICIPIO DE SANTA CRUZ DE LORICA.,Colombia,2011,CORPORACIÓN UNIVERSITARIA DEL CARIBE - CECAR.,FRANCISCO WILLIAM MERCADO MERCADO,4
00616,009,Jurado/Comisiones evaluadoras de trabajo de grado,ENFOQUE PROBLÉMICO PARA POTENCIAR LAS INTELIGENCIAS MÚLTIPLES EN LAS NIÑAS DE EDUCACIÓN BÁSICA PRIMARIA DE LA INSTITUCIÓN EDUCATIVA LA INMACULADA DE MONTERÍA.,Colombia,2011,CORPORACIÓN UNIVERSITARIA DEL CARIBE - CECAR.,FRANCISCO WILLIAM MERCADO MERCADO,4
00617,009,Jurado/Comisiones evaluadoras de trabajo de grado,ESTRATEGIAS LÚDICO-DIDÁCTICAS PARA ELEVAR EL NIVEL DE APRENDIZAJE DE UNA SEGUNDA LENGUA (INGLÉS) EN LOS NIÑOS DEL GRADO 4º DEL INSTITUTO PESTALOZZI DE MONTERÍA.,Colombia,2011,CORPORACIÓN UNIVERSITARIA DEL CARIBE - CECAR.,FRANCISCO WILLIAM MERCADO MERCADO,4
00618,009,Jurado/Comisiones evaluadoras de trabajo de grado,EVALUACIÓN DE LA OBRA ESCRITA TITULADA: SEMILLERO DE CIENCIAS 4. CIENCIAS NATURALES PARA LA EDUCACIÓN BÁSICA. TEXTO DEL ESTUDIANTE.,Colombia,2011,UNIVERSIDAD CATOLICA LUIS AMIGO.,FRANCISCO WILLIAM MERCADO MERCADO,4
00619,009,Jurado/Comisiones evaluadoras de trabajo de grado,GUÍA DE TRABAJO PARA EL DESARROLLO DE LA COMPRENSIÓN LECTORA EN NIÑOS DEL GRADO 3º DE LA INSTITUCIÓN EDUCATIVA SANTA CECILIA DE CRUCITO DEL MUNICIPIO DE TIERRALTA.,Colombia,2011,CORPORACIÓN UNIVERSITARIA DEL CARIBE - CECAR.,FRANCISCO WILLIAM MERCADO MERCADO,4
00620,009,Jurado/Comisiones evaluadoras de trabajo de grado,"LA ENSEÑANZA POR PROYECTO COMO ESTRATEGIA PARA QUE LOS ESTUDIANTES DEL GRADO 4º DE LA INSTITUCIÓN EDUCATIVA LETICIA, SEDE MARTINICA CONSTRUYAN CONOCIMIENTO.",Colombia,2011,CORPORACIÓN UNIVERSITARIA DEL CARIBE - CECAR.,FRANCISCO WILLIAM MERCADO MERCADO,4
00621,009,Jurado/Comisiones evaluadoras de trabajo de grado,Actitudes que inciden en la violencia de género en parejas atendidas en la Comisaría de Familia Montería 2011.,Colombia,2011,UNIVERSIDAD CATOLICA LUIS AMIGO.,MERY RAQUEL CARDONA OVIEDO,4
00622,009,Jurado/Comisiones evaluadoras de trabajo de grado,Caracterización del acoso entre pares (Bullying) de acuerdo al genero en menores escolarizados en la ciudad de Montería,Colombia,2011,Universidad del Sinú - Elías Bechara Zainum.,MARIA CLAUDIA DIAZ SOTOMAYOR,4
00623,009,Jurado/Comisiones evaluadoras de trabajo de grado,Ansiedad ante los examenes y su relacion con el rendimiento academico en estudiantes universitarios,Colombia,2011,Universidad del Sinú - Elías Bechara Zainum.,MARIA CLAUDIA DIAZ SOTOMAYOR,4
00624,009,Jurado/Comisiones evaluadoras de trabajo de grado,"CREACIÓN DE UNA EMPRESA PRESTADORA DE SERVICIOS DE LAVADO DE AUTOS Y BELLEZA, UBICADA EN LA CIUDAD DE MONTERÍA ¿ CÓRDOBA",Colombia,2011,UNIVERSIDAD CATOLICA LUIS AMIGO.,LACIDES DE JESUS CANAVERA GUZMAN,4
00625,009,Jurado/Comisiones evaluadoras de trabajo de grado,"La superstición, resultado de una problemática sociohistórica y cultural presente en la novela En chimá nace un santo de Manuel Zapata Olivella",Colombia,2011,UNIVERSIDAD DE CORDOBA.,MAURICIO JAVIER BURGOS ALTAMIRANDA,4
00626,009,Jurado/Comisiones evaluadoras de trabajo de grado,PROYECTO PARA LA CREACIÓN DE UNA EMPRESA DESTINADA A OFRECER SERVICIOS INTEGRALES EN MONTERÍA,Colombia,2011,UNIVERSIDAD CATOLICA LUIS AMIGO.,LACIDES DE JESUS CANAVERA GUZMAN,4
00627,009,Jurado/Comisiones evaluadoras de trabajo de grado,El uso de plantas con propiedades medicinales,Colombia,2011,UNIVERSIDAD DE CORDOBA.,MERY RAQUEL CARDONA OVIEDO,4
00628,009,Jurado/Comisiones evaluadoras de trabajo de grado,INCIDENCIA DE LA POLITICA PUBLICA DE ATENCION INTEGRAL A LA POBLACION EN SITUACION DE DESPLAZAMIENTO EN ARAS DE OBTENER UNA ESTABILIZACION SOCIOECONOMICA DE LA COMUNIDAD DEL BARRIO VILLA CIELO DEL MUNICIPIO DE MONTERIA - CORDOBA,Colombia,2011,UNIVERSIDAD CATOLICA LUIS AMIGO.,LACIDES DE JESUS CANAVERA GUZMAN,4
00629,009,Jurado/Comisiones evaluadoras de trabajo de grado,"ECOLOGÍA REPRODUCTIVA DEL CHIPE (Hoplosternum magdalenae Eigenmann, 1913) EN LA CIÉNAGA GRANDE DE LORICA, COLOMBIA.",Colombia,2011,UNIVERSIDAD DE CORDOBA.,FRANCISCO WILLIAM MERCADO MERCADO,4
00630,009,Jurado/Comisiones evaluadoras de trabajo de grado,Estado de la investigación formativa en el programa de la licenciatura en informática y medios audiovisuales: estudio de los referentes teóricos en el diseño de propuestas y modelos para la incorporación e integración de la informática y los medios audiovisuales en la educación,Colombia,2011,UNIVERSIDAD DE CORDOBA.,GLENIS BIBIANA ALVAREZ QUIROZ,4
00631,009,Jurado/Comisiones evaluadoras de trabajo de grado,ESTUDIO QUÍMICO PRELIMINAR Y ACTIVIDAD INSECTICIDA Y ANTIALIMENTARIA DE LA ESPONJA MARINA (Cinachyrella kuekenthali) RECOLECTADA EN EL CARIBE CORDOBÉS.,Colombia,2011,UNIVERSIDAD DE CORDOBA.,FRANCISCO WILLIAM MERCADO MERCADO,4
00632,009,Jurado/Comisiones evaluadoras de trabajo de grado,"RELACIÓN TALLA-PESO Y FACTOR DE CONDICIÓN DEL GUABINO (Gobiomorus dormitor Lacépede, 1800) EN EL BAJO RÍO SINÚ, COLOMBIA.",Colombia,2011,UNIVERSIDAD DE CORDOBA.,FRANCISCO WILLIAM MERCADO MERCADO,4
00633,009,Jurado/Comisiones evaluadoras de trabajo de grado,"RELACIÓN LONGITUD-PESO Y FACTOR DE CONDICIÓN DE LA AGUJETA (Ctenolucius hujeta Valenciennes, 1850) EN LA CIÉNAGA GRANDE DE LORICA, COLOMBIA.",Colombia,2011,UNIVERSIDAD DE CORDOBA.,FRANCISCO WILLIAM MERCADO MERCADO,4
00634,009,Jurado/Comisiones evaluadoras de trabajo de grado,"CUENTOS, MITOS Y LEYENDAS DEL SINÚ COMO ESTRATEGIA PARA ENSEÑAR A PRODUCIR TEXTOS ESCRITOS A LOS ESTUDIANTES DEL GRADO 5º DE LA INSTITUCIÓN EDUCATIVA JUAN XXIII, SEDES CENTRAL Y EL MINUTO DE DIOS DE MONTERÍA.",Colombia,2010,CORPORACIÓN UNIVERSITARIA DEL CARIBE - CECAR.,FRANCISCO WILLIAM MERCADO MERCADO,4
00635,009,Jurado/Comisiones evaluadoras de trabajo de grado,Relaciòn entre la Resilencia estudiantil con repitencia en niños de 6o grado de Ed.Bàsica Secundaria I.E Marceliano Polo,Colombia,2010,UNIVERSIDAD CATOLICA LUIS AMIGO.,MERY RAQUEL CARDONA OVIEDO,4
00636,009,Jurado/Comisiones evaluadoras de trabajo de grado,Calidad de Vida de un grupo de personas desmovilizadas del conflicto armado que llevan 5 años en el proceso de reintegraciòn en Monterìa.,Colombia,2010,UNIVERSIDAD CATOLICA LUIS AMIGO.,MERY RAQUEL CARDONA OVIEDO,4
00637,009,Jurado/Comisiones evaluadoras de trabajo de grado,Estado del arte de la problemàtica del reclutamiento de menores en Colombia durante el perìodo de 2000-2010 a la luz de las Ciencias Sociales y la Psicologìa.,Colombia,2010,UNIVERSIDAD CATOLICA LUIS AMIGO.,MERY RAQUEL CARDONA OVIEDO,4
00638,009,Jurado/Comisiones evaluadoras de trabajo de grado,"Càracterìsticas del proyecto de vida de las mujeres vìctimas de la violencia de pareja, atendidas en la Comisarìa de Familia de Monterìa , año 2010.",Colombia,2010,UNIVERSIDAD CATOLICA LUIS AMIGO.,MERY RAQUEL CARDONA OVIEDO,4
00639,009,Jurado/Comisiones evaluadoras de trabajo de grado,"La Gestiòn del conocimiento escolar como estrategia de aprendizaje y formaciòn integral en niñas de Preescolar y Bàsica Primaria del Colegio La Sagrada Familia de la ciudad de Monterìa, años 2009, 2010.",Colombia,2010,UNIVERSIDAD CATOLICA LUIS AMIGO.,MERY RAQUEL CARDONA OVIEDO,4
00640,009,Jurado/Comisiones evaluadoras de trabajo de grado,Factores generadores de estrès en empleados del Centro Ocular IPS de la ciudad de Monterìa.,Colombia,2010,UNIVERSIDAD CATOLICA LUIS AMIGO.,MERY RAQUEL CARDONA OVIEDO,4
00641,009,Jurado/Comisiones evaluadoras de trabajo de grado,CLUB DE LECTOESCRITURA COMO ESTRATEGIA METODOLÓGICA PARA CREAR HÁBITOS LECTOESCRITORES EN ESTUDIANTES DEL GRADO 1º 2 DE LA INSTITUCIÓN EDUCATIVA JOSÉ MARÍA CÓRDOBA DE MONTERÍA.,Colombia,2010,CORPORACIÓN UNIVERSITARIA DEL CARIBE - CECAR.,FRANCISCO WILLIAM MERCADO MERCADO,4
00642,009,Jurado/Comisiones evaluadoras de trabajo de grado,"Características del proyecto de vion de las mujeres víctimas de las violencia de pareja, en las áreas persona y familiar, atendidas en la comisaria de familia del municipio de Montería, año 2010",Colombia,2010,UNIVERSIDAD CATOLICA LUIS AMIGO.,MARIA ELENA CASTILLO HURTADO,4
00643,009,Jurado/Comisiones evaluadoras de trabajo de grado,RELACIÓN ENTRE LA RESILENCIA ESTUDIANTIL CON REPITENCIA EN NIÑOS DE SEXTO GRADO DE BÁSICA SECUNDARIA DE LA INSTITUCIÓN EDUCATIVA MARCELIANO POLO DE CERETE-CORDOBA,Colombia,2010,UNIVERSIDAD CATOLICA LUIS AMIGO.,MARIA ELENA CASTILLO HURTADO,4
00644,009,Jurado/Comisiones evaluadoras de trabajo de grado,Ritos de iniciación en personas pertenecientes a grupo armados al margen de la ley en de departamento de Córdoba,Colombia,2010,UNIVERSIDAD CATOLICA LUIS AMIGO.,MARIA ELENA CASTILLO HURTADO,4
00645,009,Jurado/Comisiones evaluadoras de trabajo de grado,ASOCIACION DE LA METODOLOGIA PROBLEMICA Y EL DESARROLLO DE COMPETENCIAS EN LOS ESTUDIANTES DE DECIMO GRADO DE LA I.E. MANUEL RUIZ DE LA CIUDAD DE MONTERIA,Colombia,2010,CORPORACIÓN UNIVERSITARIA DEL CARIBE - CECAR.,VICTOR TERAN REALES,4
00646,009,Jurado/Comisiones evaluadoras de trabajo de grado,"CARACTERÍSTICAS DEL PROYECTO DE VIDA DE LAS MUJERES VÍCTIMAS DE LA VIOLENCIA FAMILIAR, EMOCIONAL Y SOCIAL, ATENDIDAS EN LA COMISARIA DE FAMILIA DEL MUNICIPIO DE MONTERÍA, AÑO 2010",Colombia,2010,UNIVERSIDAD CATOLICA LUIS AMIGO.,MARIA ELENA CASTILLO HURTADO,4
00647,009,Jurado/Comisiones evaluadoras de trabajo de grado,POWER POINT COMO HERRAMIENTA GENERADORA DE APRENDIZAJE SIGNIFICATIVO EN LOS EDUCANDOS DEL GRADO 4º DEL ÁREA DE CIENCIAS NATURALES Y EDUCACIÓN AMBIENTAL DEL CENTRO EDUCATIVO LAS AREPAS DEL MUNICIPIO DE COTORRA DEPARTAMENTO DE CÓRDOBA.,Colombia,2010,CORPORACIÓN UNIVERSITARIA DEL CARIBE - CECAR.,FRANCISCO WILLIAM MERCADO MERCADO,4
00648,009,Jurado/Comisiones evaluadoras de trabajo de grado,CUENTOS E HISTORIETAS MUDAS COMO ESTRATEGIA PARA ENSEÑAR COMPRENSIÓN LECTORA.,Colombia,2010,CORPORACIÓN UNIVERSITARIA DEL CARIBE - CECAR.,FRANCISCO WILLIAM MERCADO MERCADO,4
00649,009,Jurado/Comisiones evaluadoras de trabajo de grado,"EL CUENTO COMO ESTRATEGIA PARA CORREGIR LA DISGRAFÍA EN EL APRENDIZAJE DE LA ESCRITURA DE LOS EDUCANDOS DEL GRADO 3º EN LA INSTITUCIÓN EDUCATIVA SAN MIGUEL ABAJO DEL MUNICIPIO DE SAN CARLOS DEPARTAMENTO DE CÓRDOBA, 2010.",Colombia,2010,CORPORACIÓN UNIVERSITARIA DEL CARIBE - CECAR.,FRANCISCO WILLIAM MERCADO MERCADO,4
00650,009,Jurado/Comisiones evaluadoras de trabajo de grado,EL PICTOGRAMA COMO ESTRATEGIA PARA LA ENSEÑANZA DE LA LECTOESCRITURA A LOS NIÑOS DEL GRADO 2º DEL CENTRO DE DESARROLLO INTEGRAL (CDI) GETSEMANÍ DE MONTERÍA.,Colombia,2010,CORPORACIÓN UNIVERSITARIA DEL CARIBE - CECAR.,FRANCISCO WILLIAM MERCADO MERCADO,4
00651,009,Jurado/Comisiones evaluadoras de trabajo de grado,FRISOS E HISTORIETAS COMO ESTRATEGIA PEDAGÓGICA PARA FORTALECER LAS COMPETENCIAS LECTORAS.,Colombia,2010,CORPORACIÓN UNIVERSITARIA DEL CARIBE - CECAR.,FRANCISCO WILLIAM MERCADO MERCADO,4
00652,009,Jurado/Comisiones evaluadoras de trabajo de grado,HERRAMIENTA WORD COMO ESTRATEGIA PEDAGÓGICA PARA ENSEÑAR A PRODUCIR TEXTOS ESCRITOS.,Colombia,2010,CORPORACIÓN UNIVERSITARIA DEL CARIBE - CECAR.,FRANCISCO WILLIAM MERCADO MERCADO,4
00653,009,Jurado/Comisiones evaluadoras de trabajo de grado,"HERRAMIENTAS TECNOLÓGICAS COMO ESTRATEGIA PARA ENSEÑAR ORTOGRAFÍA A LOS ESTUDIANTES DEL GRADO 4º DE LA INSTITUCIÓN EDUCATIVA CRISTOBAL COLÓN, SEDE PABLO VI DE MONTERÍA.",Colombia,2010,CORPORACIÓN UNIVERSITARIA DEL CARIBE - CECAR.,FRANCISCO WILLIAM MERCADO MERCADO,4
00654,009,Jurado/Comisiones evaluadoras de trabajo de grado,"JUEGO DE ROLES Y LA UTILIZACIÓN DE EMPAQUES VACÍOS COMO ESTRATEGIAS PARA LA ENSEÑANZA DE LA EXPRESIÓN ORAL EN LOS NIÑOS DEL GRADO 2º DE LA INSTITUCIÓN EDUCATIVA EL ÉBANO DEL MUNICIPIO DE LOS CÓRDOBAS, DEPARTAMENTO DE CÓRDOBA.",Colombia,2010,CORPORACIÓN UNIVERSITARIA DEL CARIBE - CECAR.,FRANCISCO WILLIAM MERCADO MERCADO,4
00655,009,Jurado/Comisiones evaluadoras de trabajo de grado,JUEGO DE LOTERIA COMO ESTRATEGIA PARA LA ENSEÑANZA DE LA LECTOESCRITURA EN LOS ESTUDIANTES DEL GRADO 2º DE LA INSTITUCIÓN EDUCATIVA SANTA MARÍA GORETTI DE MONTERÍA.,Colombia,2010,CORPORACIÓN UNIVERSITARIA DEL CARIBE - CECAR.,FRANCISCO WILLIAM MERCADO MERCADO,4
00656,009,Jurado/Comisiones evaluadoras de trabajo de grado,PERCEPCIÓN DEL AMBIENTE ESCOLAR EN EL AULA QUE TIENEN LOS ESTUDIANTES DEL GRADO NOVENO DE LA INSTITUCIÓN EDUCATIVA LOS CÓRDOBAS.,Colombia,2010,CORPORACIÓN UNIVERSITARIA DEL CARIBE - CECAR.,FRANCISCO WILLIAM MERCADO MERCADO,4
00657,009,Jurado/Comisiones evaluadoras de trabajo de grado,LA METODOLOGIA PROBLEMICA Y EL DESARROLLO DE LAS COMPETENCIAS EN LOS ESTUDIANTES DE 10 MANUEL ALVAREZ RUIZ,Colombia,2010,CORPORACIÓN UNIVERSITARIA DEL CARIBE - CECAR.,VICTOR TERAN REALES,4
00658,009,Jurado/Comisiones evaluadoras de trabajo de grado,CONCEPCION DE LOS DOCENTES SOBRE CIENCIAS Y SU ASOCIACION EN LA CONCEPCION DE PRACTICAS PEDAGOGICAS I.E ANTONIA SANTOS,Colombia,2010,CORPORACIÓN UNIVERSITARIA DEL CARIBE - CECAR.,VICTOR TERAN REALES,4
00659,009,Jurado/Comisiones evaluadoras de trabajo de grado,PRACTICAS EVALUATIVAS EPLICADAS POR LOS DOCENTES DEL AREA DE LENGUA CASTELLANA CATALINA GULFO DEL MUNICIPIO DE VALENCIA,Colombia,2010,CORPORACIÓN UNIVERSITARIA DEL CARIBE - CECAR.,VICTOR TERAN REALES,4
00660,009,Jurado/Comisiones evaluadoras de trabajo de grado,CREACIÓN DE UNA EMPRESA PRESTADORA DEL SERVICIO DE LAVADO DE AUTOS UBICADA EN LA CIUDAD DE MONTERÍA ¿ CÓRDOBA,Colombia,2010,UNIVERSIDAD CATOLICA LUIS AMIGO.,LACIDES DE JESUS CANAVERA GUZMAN,4
00661,009,Jurado/Comisiones evaluadoras de trabajo de grado,CREACIÓN DE UNA EMPRESA PRESTADORA DE SERVICIOS AUXILIARES Y EDUCATIVOS PARA HOGARES Y EMPRESAS UBICADA EN LA CIUDAD DE MONTERIA DEPARTAMENTO DE CÓRDOBA,Colombia,2010,UNIVERSIDAD CATOLICA LUIS AMIGO.,LACIDES DE JESUS CANAVERA GUZMAN,4
00662,009,Jurado/Comisiones evaluadoras de trabajo de grado,"EL EMPLEO DE TEXTOS PRETEXTOS COMO ESTRATEGIA PEDAGÓGICA DIDÁCTICA PARA LA ENSEÑENZA Y APRENDIZAJE DE LAS CIENCIAS NATURALES EN LOS EDUCANDOS DEL GRADO 7º DE LA INSTITUCIÓN EDUCATIVA ALBERTO ALZATE PATIÑO DE PUNTA VERDE, PLANETA RICA - CÓRDOBA.",Colombia,2010,CORPORACIÓN UNIVERSITARIA DEL CARIBE - CECAR.,FRANCISCO WILLIAM MERCADO MERCADO,4
00663,009,Jurado/Comisiones evaluadoras de trabajo de grado,RENDIMIENTO ACADÉMICO DE ESTUDIANTES DE GRADO 5º DE EDUCACIÓN BÁSICA PRIMARIA EN LA INSTITUCIÓN EDUCATIVA VICTORIA MANZUR QUE ESTUDIAN Y TRABAJAN.,Colombia,2010,CORPORACIÓN UNIVERSITARIA DEL CARIBE - CECAR.,FRANCISCO WILLIAM MERCADO MERCADO,4
00664,009,Jurado/Comisiones evaluadoras de trabajo de grado,PERCEPCIÓN DE ESTUDIANTES ACERCA DEL AMBIENTE ESCOLAR Y SU ASESORIA EN EL RENDIMIENTO ACADEMICO DE LOS ESTUDI ANTES DE BACHILLERATO DE LA IE.LOS CORDOBAS.,Colombia,2010,CORPORACIÓN UNIVERSITARIA DEL CARIBE - CECAR.,VICTOR TERAN REALES,4
00665,009,Jurado/Comisiones evaluadoras de trabajo de grado,FACTORES QUE AFECTAN LA CALIDAD EN LAS INSITUCIONES DE EDUCACION PARA EL TRABAJO Y EL DESARROLLO HUMANO EN LA CIUDAD DE MONTERIA,Colombia,2009,UNIVERSIDAD DE CORDOBA.,VICTOR TERAN REALES,4
00666,009,Jurado/Comisiones evaluadoras de trabajo de grado,TRABAJO DE GRADO DE 20 GRUPOS DE ESTUDIANTES,Colombia,2009,CORPORACIÓN UNIVERSITARIA REMINGTON.,EDGARDO JESUS ANNICCHIARICO TEJADA,4
00667,009,Jurado/Comisiones evaluadoras de trabajo de grado,Depresión e ideación suicida en individuos recluídos en el Instituto Penitenciario y Carcelario Las Mercedes de la ciudad de Montería,Colombia,2009,Universidad del Sinú - Elías Bechara Zainum.,GUSTAVO ANTONIO BRUNAL GONZALEZ,4
00668,009,Jurado/Comisiones evaluadoras de trabajo de grado,Estado actual de las Tic´s en las escuelas Públicas de Media Académica de la ciudad de Montería.,Colombia,2008,Universidad del Sinú - Elías Bechara Zainum.,MIGUEL EFREN GARCES PRETTEL,4
00669,009,Jurado/Comisiones evaluadoras de trabajo de grado,experiencias comunicativas en el desarrollo de las familias del sector el bongo y los reubicados al minuto de dios de Montería,Colombia,2008,Universidad del Sinú - Elías Bechara Zainum.,MIGUEL EFREN GARCES PRETTEL,4
00670,009,Jurado/Comisiones evaluadoras de trabajo de grado,la comunicación entre los vendedores informales y la administración municipal en aras de recuperar los espacios y garantizar el derecho al trabajo,Colombia,2008,Universidad del Sinú - Elías Bechara Zainum.,MIGUEL EFREN GARCES PRETTEL,4
00671,009,Jurado/Comisiones evaluadoras de trabajo de grado,dinámica laboral de las mujeres cabezas de familia y sus efectos en la comunicación familiar con sus hijos.,Colombia,2008,Universidad del Sinú - Elías Bechara Zainum.,MIGUEL EFREN GARCES PRETTEL,4
00672,009,Jurado/Comisiones evaluadoras de trabajo de grado,Razones que inciden en los canales locales de televisión para que halla déficit de identidad cultural en su programación.,Colombia,2008,Universidad del Sinú - Elías Bechara Zainum.,MIGUEL EFREN GARCES PRETTEL,4
00673,009,Jurado/Comisiones evaluadoras de trabajo de grado,"Estado actual del contenido de los programas que emiten el canal Global TV, de la ciudad de Montería",Colombia,2008,Universidad del Sinú - Elías Bechara Zainum.,MIGUEL EFREN GARCES PRETTEL,4
00674,009,Jurado/Comisiones evaluadoras de trabajo de grado,CARACTERIZACION Y ROLES DE LA RADIO EN LA PREVENCIÓN DEL VIH-SIDA EN LA CIUDAD DE MONTERÍA,Colombia,2008,Universidad del Sinú - Elías Bechara Zainum.,MIGUEL EFREN GARCES PRETTEL,4
00675,009,Jurado/Comisiones evaluadoras de trabajo de grado,nuevos códigos lingüísticos a nivel popular diferentes al convencional que aparecen en las relaciones interpersonales de los adolescentes del barrio el Dorado,Colombia,2008,Universidad del Sinú - Elías Bechara Zainum.,MIGUEL EFREN GARCES PRETTEL,4
00676,009,Jurado/Comisiones evaluadoras de trabajo de grado,Comunicación en las relaciones internas del patio 3 de la cárcel las mercedes de la ciudad Montería,Colombia,2008,Universidad del Sinú - Elías Bechara Zainum.,MIGUEL EFREN GARCES PRETTEL,4
00677,009,Jurado/Comisiones evaluadoras de trabajo de grado,"SISTEMATIZACIÓN DEL PROCESO DE FORTALECIMIENTO DE LAS RELACIONES AFECTIVAS EN LAS FAMILIAS DE 15 MADRES COMUNITARIAS FAMI MEDIANTE LA ORIENTACIÓN FAMILIAR EN LOS BARRIOS ARENAL Y PARAÍSO DEL MUNICIPIO DE SANTA CRUZ DE LORICA, DEPARTAMENTO DE CÓRDOBA.",Colombia,2006,UNIVERSIDAD CATOLICA LUIS AMIGO.,FRANCISCO WILLIAM MERCADO MERCADO,4
00678,009,Jurado/Comisiones evaluadoras de trabajo de grado,"SISTEMATIZACIÓN DEL PROCESO DE FORTALECIMIENTO DE LAS RELACIONES AFECTIVAS EN LAS FAMILIAS DE LOS MENORES TRABAJADORES DEL CENTRO DE FORMACIÓN INTEGRAL NUESTRA SEÑORA DEL ROSARIO, MUNICIPIO DE MONTERÍA, DEPARTAMENTO DE CÓRDOBA.",Colombia,2006,UNIVERSIDAD CATOLICA LUIS AMIGO.,FRANCISCO WILLIAM MERCADO MERCADO,4
00679,009,Jurado/Comisiones evaluadoras de trabajo de grado,"CALIDAD DE LA ATENCIÓN MÉDICA GENERAL AMBULATORIA Y VISIÓN LABORAL DE LOS ACTORES DE LA SEDE ESE CAMU DEL MUNICIPIO DE LORICA, DEPARTAMENTO DE CÓRDOBA, AÑO 2005.",Colombia,2006,UNIVERSIDAD CATOLICA LUIS AMIGO.,FRANCISCO WILLIAM MERCADO MERCADO,4
00680,009,Jurado/Comisiones evaluadoras de trabajo de grado,"UNA MIRADA DEL TRABAJO INFANTIL DESDE LA GERENCIA DE LOS SERVICIOS SOCIALES EN LA CIUDAD DE CERETÉ, DEPARTAMENTO DE CÓRDOBA.",Colombia,2006,UNIVERSIDAD CATOLICA LUIS AMIGO.,FRANCISCO WILLIAM MERCADO MERCADO,4
00681,009,Jurado/Comisiones evaluadoras de trabajo de grado,SISTEMATIZACION DEL PROCESO DE FORTALECIMIENTO DELAS RELACIONES AFECTIVAS EN LA FAMILIA DE LOS NIÑOS DEL CENTRO DE EDUCACION ESPECIAL QUERUBINES DE MONTERIA,Colombia,2006,UNIVERSIDAD CATOLICA LUIS AMIGO.,LUCILA SOTTER MERCADO,4
00682,009,Jurado/Comisiones evaluadoras de trabajo de grado,SISTEMATIZACION DEL FORTALECIMIENTO DE LAS RELACIONES AFECTIVAS EN 18 FAMILIAS USUARIAS DE LA FISCALIA GENERAL DE LA NACION RESIDENTES EN EL BARRIO EL DORADO DE LA CIUDAD DE MONTERIA,Colombia,2006,UNIVERSIDAD CATOLICA LUIS AMIGO.,LUCILA SOTTER MERCADO,4
00683,009,Jurado/Comisiones evaluadoras de trabajo de grado,"Sistematización del proceso de fortalecimiento del vínculo afectivo en las relaciones mader-hijo de 20 familias de la 3a etapa, Sector ""El Bongo"" del Barrio Minuto de Dios de la ciudad de Montería.",Colombia,2005,UNIVERSIDAD CATOLICA LUIS AMIGO.,AMAURY DE JESUS ROMERO BALLESTEROS,4
00684,009,Jurado/Comisiones evaluadoras de trabajo de grado,Fortalecimiento de los niveles de comunicación en las relaciones interpersonales de 20 familias pertenecientes al programa Gestores de Paz de Visión Mundial ubicadas en el Barrio Robinson Pitalúa en la ciudad de Montería.,Colombia,2005,UNIVERSIDAD CATOLICA LUIS AMIGO.,AMAURY DE JESUS ROMERO BALLESTEROS,4
00685,009,Jurado/Comisiones evaluadoras de trabajo de grado,"Caracterización de la situación de las empresas del sector comercial, servicios y manufacturero existentes en la zona urbana del municipio de Puerto Libertador, durante los años 2000 y 2001.",Colombia,2005,UNIVERSIDAD CATOLICA LUIS AMIGO.,AMAURY DE JESUS ROMERO BALLESTEROS,4
00686,009,Jurado/Comisiones evaluadoras de trabajo de grado,Sistematización del proceso de fortalecimiento de la Comunicación asertiva en las Familias de las Madres comunitarias del Barrio Juan XXIII afiliadas a la ONG Corporación Minuto de Dios de la Ciudad de Montería.,Colombia,2005,UNIVERSIDAD CATOLICA LUIS AMIGO.,AMAURY DE JESUS ROMERO BALLESTEROS,4
00687,009,Jurado/Comisiones evaluadoras de trabajo de grado,Proceso de fortalecimiento en las relaciones socioafectivas de quince familias con hijos adolescentes afiliadas a la Fundación Vida Nueva vereda San Clemente Municipio de Tierralta.,Colombia,2005,UNIVERSIDAD CATOLICA LUIS AMIGO.,AMAURY DE JESUS ROMERO BALLESTEROS,4
00688,009,Jurado/Comisiones evaluadoras de trabajo de grado,"Sistematización del proceso de fortalecimiento de la comunicación en las familias de los jóvenes ""Forjadores de Paz"" afiliados a la entidad Visión Mundial residentes en el Barrio Canta Claro de la ciudad de Montería.",Colombia,2005,UNIVERSIDAD CATOLICA LUIS AMIGO.,AMAURY DE JESUS ROMERO BALLESTEROS,4
00689,009,Jurado/Comisiones evaluadoras de trabajo de grado,"Caracterización empresarial de los sectores comercial, manufacturero o industrial y servicios de la zona urbana del muncipio de la Apartada entre los años 2000 y 2001.",Colombia,2005,UNIVERSIDAD CATOLICA LUIS AMIGO.,AMAURY DE JESUS ROMERO BALLESTEROS,4
00690,009,Jurado/Comisiones evaluadoras de trabajo de grado,"Sistematización del proceso de fortalecimiento de las Relaciones afectivas en quince familias de los niños del grado 5o de primaria de la Institución Educativa Básica Rural José María Córdoba del Corregimiento Pica Pica Nuevo-Montelibano, Córdoba.",Colombia,2005,UNIVERSIDAD CATOLICA LUIS AMIGO.,AMAURY DE JESUS ROMERO BALLESTEROS,4
00691,009,Jurado/Comisiones evaluadoras de trabajo de grado,"Caracterización del sector empresarial de la zona urbana del municipio de Montelibano, durante el 2000 y primer semestre de 2001.",Colombia,2005,UNIVERSIDAD CATOLICA LUIS AMIGO.,AMAURY DE JESUS ROMERO BALLESTEROS,4
00692,009,Jurado/Comisiones evaluadoras de trabajo de grado,"Sistematización del ejercicio de la autoridad en quince familias de los niños del Barrio el Dorado de Montería, adscritos al programa Gestores de Paz de la ONG Visión Mundial.",Colombia,2005,UNIVERSIDAD CATOLICA LUIS AMIGO.,AMAURY DE JESUS ROMERO BALLESTEROS,4
00693,009,Jurado/Comisiones evaluadoras de trabajo de grado,Incidencia económica del comercio informal en el comercio formal sector céntrico del municipio de Montería.,Colombia,2005,UNIVERSIDAD CATOLICA LUIS AMIGO.,AMAURY DE JESUS ROMERO BALLESTEROS,4
00694,009,Jurado/Comisiones evaluadoras de trabajo de grado,"SISTEMATIZACIÓN DEL PROCESO DE FORTALECIMIENTO DEL VÍNCULO AFECTIVO EN LAS RELACIONES MADRE ¿ HIJO DE 20 FAMILIAS DE LA TERCERA ETAPA, SECTOR ¿EL BONGO¿ DEL BARRIO MINUTO DE DIOS DE LA CIUDAD DE MONTERÍA, DEPARTAMENTO DE CÓRDOBA.",Colombia,2005,UNIVERSIDAD CATOLICA LUIS AMIGO.,FRANCISCO WILLIAM MERCADO MERCADO,4
00695,009,Jurado/Comisiones evaluadoras de trabajo de grado,"SISTEMATIZACIÓN DEL PROCESO DE FORTALECIMIENTO DEL EJERCICIO DE LA AUTORIDAD DE LOS PADRES DE FAMILIA HACIA LOS HIJOS QUE ASISTEN AL PROYECTO ¿GESTORES DE PAZ¿ DE VISIÓN MUNDIAL EN EL BARRIO EL DORADO DE MONTERÍA, DEPARTAMENTO DE CÓRDOBA.",Colombia,2005,UNIVERSIDAD CATOLICA LUIS AMIGO.,FRANCISCO WILLIAM MERCADO MERCADO,4
00696,009,Jurado/Comisiones evaluadoras de trabajo de grado,"SISTEMATIZACIÓN DEL PROCESO DE FORTALECIMIENTO DE LOS NIVELES DE COMUNICACIÓN INTERPERSONAL EN 20 FAMILIAS PERTENECIENTES AL PROGRAMA ¿GESTORES DE PAZ¿ DE VISIÓN MUNDIAL, BARRIO ROBINSON PITALÚA DE LA CIUDAD DE MONTERÍA, DEPARTAMENTO DE CÓRDOBA.",Colombia,2005,UNIVERSIDAD CATOLICA LUIS AMIGO.,FRANCISCO WILLIAM MERCADO MERCADO,4
00697,009,Jurado/Comisiones evaluadoras de trabajo de grado,"SISTEMATIZACIÓN DEL PROCESO DE FORTALECIMIENTO DE LAS RELACIONES SOCIOAFECTIVAS EN 15 FAMILIAS CON HIJOS ADOLESCENTES AFILIADOS A LA FUNDACIÓN VILLANUEVA DE LA VEREDA SAN CLEMENTE, MUNICIPIO DE TIERRALTA, DEPARTAMENTO DE CÓRDOBA.",Colombia,2005,UNIVERSIDAD CATOLICA LUIS AMIGO.,FRANCISCO WILLIAM MERCADO MERCADO,4
00698,009,Jurado/Comisiones evaluadoras de trabajo de grado,"SISTEMATIZACIÓN DEL PROCESO DE FORTALECIMIENTO DE LAS RELACIONES AFECTIVAS EN 15 FAMILIAS DE LOS NIÑOS DEL GRADO 5° DE PRIMARIA DE LA INSTITUCIÓN EDUCATIVA BÁSICA RURAL JOSÉ MARÍA CÓRDOBA DEL CORREGIMIENTO DE PICAPICA NUEVO, MUNICIPIO DE MONTELÍBANO, DEPARTAMENTO DE CÓRDOBA.",Colombia,2005,UNIVERSIDAD CATOLICA LUIS AMIGO.,FRANCISCO WILLIAM MERCADO MERCADO,4
00699,009,Jurado/Comisiones evaluadoras de trabajo de grado,"SISTEMATIZACIÓN DEL PROCESO DE FORTALECIMIENTO DE LA COMUNICACIÓN ASERTIVA EN LAS MADRES COMUNITARIAS DEL BARRIO JUAN XXIII AFILIADAS A LA CORPORACIÓN ONG MINUTO DE DIOS, MUNICIPIO DE MONTERÍA, DEPARTAMENTO DE CÓRDOBA.",Colombia,2005,UNIVERSIDAD CATOLICA LUIS AMIGO.,FRANCISCO WILLIAM MERCADO MERCADO,4
00700,009,Jurado/Comisiones evaluadoras de trabajo de grado,"SISTEMATIZACIÓN DEL PROCESO DE FORTALECIMIENTO DE LA COMUNICACIÓN EN LAS FAMILIAS DE LOS JÓVENES ¿FORJADORES DE PAZ¿ AFILIADOS A LA ENTIDAD VISIÓN MUNDIAL RESIDENTES EN EL BARRIO CANTA CLARO DE LA CIUDAD DE MONTERÍA, DEPARTAMENTO DE CÓRDOBA.",Colombia,2005,UNIVERSIDAD CATOLICA LUIS AMIGO.,FRANCISCO WILLIAM MERCADO MERCADO,4
00701,009,Jurado/Comisiones evaluadoras de trabajo de grado,"La enseñanza , valoración conservación del patrimonio cultural orense en el grado tercero de primaria del colegio Marco Fidel Suárez de Cienaga de Oro, Córdoba",Colombia,2005,UNIVERSIDAD DE CORDOBA.,MERY RAQUEL CARDONA OVIEDO,4
00702,009,Jurado/Comisiones evaluadoras de trabajo de grado,"Autogestiòn de madres ante la presencia de un problema de salud en niños menores de 5 años del sector 9 de Junio, Caserìo Boca de la Ceiba, Monterìa 2005-2006",Colombia,2005,UNIVERSIDAD DE CORDOBA.,"MERY RAQUEL CARDONA OVIEDO, YOMARA JARAMILLO VERGARA",4
00703,009,Jurado/Comisiones evaluadoras de trabajo de grado,"Estudio del currículo en la Institución Educativa Junín y su pertinencia en el proceso de formación integral de la población estudiantil índigena embera katio.Tierralta, Córdoba",Colombia,2005,UNIVERSIDAD DE CORDOBA.,MERY RAQUEL CARDONA OVIEDO,4
00704,009,Jurado/Comisiones evaluadoras de trabajo de grado,"Sistematización del proceso de fortalecimiento de las relaciones intrafamiliares, de 15 familias del barrio Robinson Pitalúa de la ciudad de Montería afiliadas a Visión Mundial.",Colombia,2004,UNIVERSIDAD CATOLICA LUIS AMIGO.,AMAURY DE JESUS ROMERO BALLESTEROS,4
00705,009,Jurado/Comisiones evaluadoras de trabajo de grado,Sistematización del proceso de fortalecimiento de las relaciones familiares en las familias de los jóvenes adcritos a la Fundación Solidaridad por Colombia en el municipio de San Pelayo.,Colombia,2004,UNIVERSIDAD CATOLICA LUIS AMIGO.,AMAURY DE JESUS ROMERO BALLESTEROS,4
00706,009,Jurado/Comisiones evaluadoras de trabajo de grado,Sistematización del proceso de manejo de la autoridad en las familias de los estudiantes del grado segundo de la Institución Educativa General Santander de la ciudad de Montería.,Colombia,2004,UNIVERSIDAD CATOLICA LUIS AMIGO.,AMAURY DE JESUS ROMERO BALLESTEROS,4
00707,009,Jurado/Comisiones evaluadoras de trabajo de grado,"Sistematización del proceso de fortalecimiento de las relaciones afectivas en las familias con menor trabajador del Barrio La Unión, municipio de Tierralta.",Colombia,2004,UNIVERSIDAD CATOLICA LUIS AMIGO.,AMAURY DE JESUS ROMERO BALLESTEROS,4
00708,009,Jurado/Comisiones evaluadoras de trabajo de grado,"Sistematización del proceso de fortalecimiento de la dinámica interna en las familias afiliadas al proyecto ""El Porvenir"" de Visión Mundial del sector la Candelaria en la ciudad de Montería.",Colombia,2004,UNIVERSIDAD CATOLICA LUIS AMIGO.,AMAURY DE JESUS ROMERO BALLESTEROS,4
00709,009,Jurado/Comisiones evaluadoras de trabajo de grado,"Sistematización del proceso de fortalecimiento de los niveles de comunicación en la dinámica interna de 13 familias del Barrio Rancho Grande de Montería, adscrita al programa de madres comunitarias del ICBF.",Colombia,2004,UNIVERSIDAD CATOLICA LUIS AMIGO.,AMAURY DE JESUS ROMERO BALLESTEROS,4
00710,009,Jurado/Comisiones evaluadoras de trabajo de grado,Sistematización del proceso de fortalecimiento en los niveles de comunicación familiar de los jóvenes de la Institución Educativa General Santander de Montería.,Colombia,2004,UNIVERSIDAD CATOLICA LUIS AMIGO.,AMAURY DE JESUS ROMERO BALLESTEROS,4
00711,009,Jurado/Comisiones evaluadoras de trabajo de grado,Sistematización del proceso de fortalecimiento de acuerdos en las pautas de crianza en las 30 familias de la Institución Educativa José Manuel Restrepo del Municipio de Arboletes.,Colombia,2004,UNIVERSIDAD CATOLICA LUIS AMIGO.,AMAURY DE JESUS ROMERO BALLESTEROS,4
00712,009,Jurado/Comisiones evaluadoras de trabajo de grado,"Sistematización del proceso de fortalecimiento de los valores y las relaciones afectivas en las madres comunitarias, modalidad FAMI, del barrio Villa Margarita, municipio de Montería, Córdoba.",Colombia,2004,UNIVERSIDAD CATOLICA LUIS AMIGO.,AMAURY DE JESUS ROMERO BALLESTEROS,4
00713,009,Jurado/Comisiones evaluadoras de trabajo de grado,"Sistematización del proceso de fortalecimiento de las relaciones conyugales y familiares a través del adecuado manejo del tiempo libre en cuatro familias adscritas a la policía nacional del Departamento de Córdoba, estación Montería.",Colombia,2003,UNIVERSIDAD CATOLICA LUIS AMIGO.,AMAURY DE JESUS ROMERO BALLESTEROS,4
00714,009,Jurado/Comisiones evaluadoras de trabajo de grado,Sistematización del proceso de fortalecimiento de las pautas de crianza en 10 familias de los estudiantes del ciclo 5 de la Institución Educativa la Ribera de Montería.,Colombia,2003,UNIVERSIDAD CATOLICA LUIS AMIGO.,AMAURY DE JESUS ROMERO BALLESTEROS,4
00715,009,Jurado/Comisiones evaluadoras de trabajo de grado,"Sistematización del proceso de fortalecimiento de las relaciones familiares en 11 familias del Barrio 24 de Mayo de Cereté, adscritas al programa del menor trabajador de la Policía Nacional estación Cereté.",Colombia,2003,UNIVERSIDAD CATOLICA LUIS AMIGO.,AMAURY DE JESUS ROMERO BALLESTEROS,4
00716,009,Jurado/Comisiones evaluadoras de trabajo de grado,Sistematización del proceso de fortalecimiento de las relaciones padres e hijos en las familias de los jóvenes adscritos a la Fundación Solidaridad por Colombia en el municipio de San Pelayo.,Colombia,2003,UNIVERSIDAD CATOLICA LUIS AMIGO.,AMAURY DE JESUS ROMERO BALLESTEROS,4
00717,009,Jurado/Comisiones evaluadoras de trabajo de grado,Sistematización del proceso de fortalecimiento de la comunicación en las 15 familias usuarias de los bancos comunales de la Fundación Producir del Barrio Ranchos del Inat de Montería.,Colombia,2003,UNIVERSIDAD CATOLICA LUIS AMIGO.,AMAURY DE JESUS ROMERO BALLESTEROS,4
00718,009,Jurado/Comisiones evaluadoras de trabajo de grado,Sistematización del proceso de fortalecimiento de las relaciones afectivas en las familias adscritas a Visión Mundial del Sector Ñipi B del Barrio Canta Claro de Montería,Colombia,2003,UNIVERSIDAD CATOLICA LUIS AMIGO.,AMAURY DE JESUS ROMERO BALLESTEROS,4
00719,009,Jurado/Comisiones evaluadoras de trabajo de grado,"Sistematización del proceso de fortalecimiento de las relaciones afectivas en 13 familias del Barrio Canta Claro sector La Unión de Montería, adscritas al Banco Comunal MAS de la Fundación Producir.",Colombia,2003,UNIVERSIDAD CATOLICA LUIS AMIGO.,AMAURY DE JESUS ROMERO BALLESTEROS,4
00720,009,Jurado/Comisiones evaluadoras de trabajo de grado,"Sistematización del proceso de fortalecimiento de la autoestima, el respeto y la tolerancia en las familias de los estudiantes del Colegio la Ribera, beneficiarias del programa Pro-niño de Fundecor.",Colombia,2003,UNIVERSIDAD CATOLICA LUIS AMIGO.,AMAURY DE JESUS ROMERO BALLESTEROS,4
00721,009,Jurado/Comisiones evaluadoras de trabajo de grado,Sistematización del proceso de fortalecimiento de las relaciones interpersonales e intrafamiliares de las familias usuarias del programa hogares comunitarios tradicional en el sector Camilo torres del Barrio Mocarí de la ciudad de Montería.,Colombia,2003,UNIVERSIDAD CATOLICA LUIS AMIGO.,AMAURY DE JESUS ROMERO BALLESTEROS,4
00722,009,Jurado/Comisiones evaluadoras de trabajo de grado,Sistematización del proceso de fortalecimiento de las pautas de crianza en 10 familias de los estudiantes del ciclo 5 de la Institución Educativa La Ribera de Montería.,Colombia,2003,UNIVERSIDAD CATOLICA LUIS AMIGO.,AMAURY DE JESUS ROMERO BALLESTEROS,4
00723,009,Jurado/Comisiones evaluadoras de trabajo de grado,Sistematización del proceso de fortalecimiento del autoestima a través de la lúdica y la orientación en los ancianos vinculados al centro Vida de Pueblo Nuevo Córdoba.,Colombia,2003,UNIVERSIDAD CATOLICA LUIS AMIGO.,AMAURY DE JESUS ROMERO BALLESTEROS,4
00724,009,Jurado/Comisiones evaluadoras de trabajo de grado,Sistematización del fortalecimiento de la comunicación.,Colombia,2003,UNIVERSIDAD CATOLICA LUIS AMIGO.,AMAURY DE JESUS ROMERO BALLESTEROS,4
00725,009,Jurado/Comisiones evaluadoras de trabajo de grado,"Sistematización del proceso de fortalecimiento de las relaciones afectivas del núcleo familiar, del hogar infantil ""Los Pisingos"" de Santa Cruz de Lorica, a través de la lúdica como estrategia metodológica.",Colombia,2003,UNIVERSIDAD CATOLICA LUIS AMIGO.,AMAURY DE JESUS ROMERO BALLESTEROS,4
00726,009,Jurado/Comisiones evaluadoras de trabajo de grado,Sistematización del proceso de fortalecimiento de la forma de orientar y comprender los padres a los hijos en las familias que presentan crisis en el manejo de las relaciones con adolescentes en la Institución Educativa General Santander de la Ciudad de Montería.,Colombia,2003,UNIVERSIDAD CATOLICA LUIS AMIGO.,AMAURY DE JESUS ROMERO BALLESTEROS,4
00727,009,Jurado/Comisiones evaluadoras de trabajo de grado,"Sistematización del proceso de fortalecimiento de las relaciones padres e hijos en 10 familias del Barrio Canta Claro sector La Unión de Montería, adcritas al Banco Comunal Mujeres en Acción Solidaria de la Fundación Producir.",Colombia,2003,UNIVERSIDAD CATOLICA LUIS AMIGO.,AMAURY DE JESUS ROMERO BALLESTEROS,4
00728,009,Jurado/Comisiones evaluadoras de trabajo de grado,"Sistematización del proceso de fortalecimiento de los valores, enfatizando la tolerancia en las familias del Hogar Infantil Sagrado Corazón de Planeta Rica Córdoba.",Colombia,2003,UNIVERSIDAD CATOLICA LUIS AMIGO.,AMAURY DE JESUS ROMERO BALLESTEROS,4
00729,009,Jurado/Comisiones evaluadoras de trabajo de grado,Sistematización del proceso de disminución de la intolerancia en las familias del grado 4o de básica primaria del Centro Educativo Palmasoriana de Planeta Rica,Colombia,2003,UNIVERSIDAD CATOLICA LUIS AMIGO.,AMAURY DE JESUS ROMERO BALLESTEROS,4
00730,009,Jurado/Comisiones evaluadoras de trabajo de grado,"Sistematización sobre el fortalecimientos de la comunicación familiar en los padres de familia del Centro Docente el Viajano del municipio de Sahagún, Córdoba.",Colombia,2003,UNIVERSIDAD CATOLICA LUIS AMIGO.,AMAURY DE JESUS ROMERO BALLESTEROS,4
00731,009,Jurado/Comisiones evaluadoras de trabajo de grado,Sistematización del proceso de fortalecimiento de las familias de crianza en las familias usuarias del programa Educador Familiar del ICBF en el Barrio el Cerro Sector las Margaritas Montería.,Colombia,2003,UNIVERSIDAD CATOLICA LUIS AMIGO.,AMAURY DE JESUS ROMERO BALLESTEROS,4
00732,009,Jurado/Comisiones evaluadoras de trabajo de grado,Sistematización del proceso de fortalecimiento de la comunicación al interior de las familias usuarias del hogar infantil Sagrado Corazón del ICBF de Planeta Rica,Colombia,2003,UNIVERSIDAD CATOLICA LUIS AMIGO.,AMAURY DE JESUS ROMERO BALLESTEROS,4
00733,009,Jurado/Comisiones evaluadoras de trabajo de grado,"Sistematización del proceso de fortalecimiento de la comunicación en las familias usuarias de la Casa Vecinal del Niño ICBF de Pueblo Nuevo, Córdoba.",Colombia,2003,UNIVERSIDAD CATOLICA LUIS AMIGO.,AMAURY DE JESUS ROMERO BALLESTEROS,4
00734,009,Jurado/Comisiones evaluadoras de trabajo de grado,Sistematización del proceso de fortalecimiento de la tolerancia en las familias de las madres comunitarias FAMI del municipio de Buenavista Córdoba.,Colombia,2003,UNIVERSIDAD CATOLICA LUIS AMIGO.,AMAURY DE JESUS ROMERO BALLESTEROS,4
00735,009,Jurado/Comisiones evaluadoras de trabajo de grado,Sistematización del proceso de fortalecimiento de la comunicación y el manejo del tiempo libre en las familias usuarias del programa FAMI del sector Alfonso López de Montería.,Colombia,2003,UNIVERSIDAD CATOLICA LUIS AMIGO.,AMAURY DE JESUS ROMERO BALLESTEROS,4
00736,009,Jurado/Comisiones evaluadoras de trabajo de grado,"Sistematización del fortalecimiento de los valores como el autoestima, tolerancia y amor en los padres de familias con hijos limitados, de los estudiantes del Centro Integral ""El Amparo"" de Santa Cruz",Colombia,2002,UNIVERSIDAD CATOLICA LUIS AMIGO.,AMAURY DE JESUS ROMERO BALLESTEROS,4
00737,009,Jurado/Comisiones evaluadoras de trabajo de grado,Sistematización del proceso de fortalecimiento de la comunicación familiar en 22 familias usuarias del programa Hogares Comunitarios de Bienestar modalidad FAMI del Barrio Mocarí sector Camilo Torres de la ciudad de Montería.,Colombia,2002,UNIVERSIDAD CATOLICA LUIS AMIGO.,AMAURY DE JESUS ROMERO BALLESTEROS,4
00738,009,Jurado/Comisiones evaluadoras de trabajo de grado,Sistematización del proceso de fortalecimiento de la comunicación familiar en 10 familias del Barrio Robinson Pitalúa de Montería,Colombia,2002,UNIVERSIDAD CATOLICA LUIS AMIGO.,AMAURY DE JESUS ROMERO BALLESTEROS,4
00739,009,Jurado/Comisiones evaluadoras de trabajo de grado,Sistematización del trabajo de fortalecimiento de los niveles de fortalecimiento en los corregimiento el Retiro de los Indios y el Quemado del Municipio de Cereté.,Colombia,2002,UNIVERSIDAD CATOLICA LUIS AMIGO.,AMAURY DE JESUS ROMERO BALLESTEROS,4
00740,009,Jurado/Comisiones evaluadoras de trabajo de grado,"Sistematización del proceso de fortalecimiento de la comunicación en la pareja y en las familias usuarias del programa FAMI del ICBF del Barrio Mocarí de la ciudad de Montería, Córdoba.",Colombia,2002,UNIVERSIDAD CATOLICA LUIS AMIGO.,AMAURY DE JESUS ROMERO BALLESTEROS,4
00741,009,Jurado/Comisiones evaluadoras de trabajo de grado,Sistematización del proceso de fortalecimiento de la comunicación familiar en las familias de los estudiantes del programa de bachillerato semi escolarizado de la hacienda Sana Elena zona rural del municipio de Montería,Colombia,2002,UNIVERSIDAD CATOLICA LUIS AMIGO.,AMAURY DE JESUS ROMERO BALLESTEROS,4
00742,009,Jurado/Comisiones evaluadoras de trabajo de grado,"Sistematización del fortalecimiento de las relaciones afectivas en quince familias del Barrio Colina Real de Montería, afiliadas a Visión Mundial.",Colombia,2002,UNIVERSIDAD CATOLICA LUIS AMIGO.,AMAURY DE JESUS ROMERO BALLESTEROS,4
00743,009,Jurado/Comisiones evaluadoras de trabajo de grado,Seminario de grado Didactica de la tecnología y la informática,Colombia,2002,CORPORACIÓN UNIVERSITARIA DEL CARIBE - CECAR.,GLENIS BIBIANA ALVAREZ QUIROZ,4
00744,009,Jurado/Comisiones evaluadoras de trabajo de grado,Sistematización dela experiencia: Resignificación de la comunicación y el manejo adecuado de la autoridad como estrategia que propician el desarrollo de relaciones intra familiares armónicas.,Colombia,2002,UNIVERSIDAD CATOLICA LUIS AMIGO.,AMAURY DE JESUS ROMERO BALLESTEROS,4
00745,009,Jurado/Comisiones evaluadoras de trabajo de grado,Sistematización de la significación que tuvo la experiencia para el fortalecimiento de la comunicación de las familias del barrio el Dorado de la ciudad de Montería año 2002.,Colombia,2002,UNIVERSIDAD CATOLICA LUIS AMIGO.,AMAURY DE JESUS ROMERO BALLESTEROS,4
00746,009,Jurado/Comisiones evaluadoras de trabajo de grado,Sistematización del proceso de mejoramiento de la comunicación familiar en las 18 familias ubicadas en el barrio Colina Real sector 9 y 10 de la ciudad de Montería.,Colombia,2002,UNIVERSIDAD CATOLICA LUIS AMIGO.,AMAURY DE JESUS ROMERO BALLESTEROS,4
00747,009,Jurado/Comisiones evaluadoras de trabajo de grado,"Sistematización del proceso de crecimiento en los niveles de autoestima en las usuarias, gestantes y lactantes del programa FAMI, barrios Polo y San Simón del municipio de Chinú, Córdoba.",Colombia,2002,UNIVERSIDAD CATOLICA LUIS AMIGO.,AMAURY DE JESUS ROMERO BALLESTEROS,4
00748,009,Jurado/Comisiones evaluadoras de trabajo de grado,Sistematización del proceso de fortalecimiento de la comunicación en las familias usuarias del programa FAMI del ICBF de Mocarí de la ciudad de Montería.,Colombia,2002,UNIVERSIDAD CATOLICA LUIS AMIGO.,AMAURY DE JESUS ROMERO BALLESTEROS,4
00749,009,Jurado/Comisiones evaluadoras de trabajo de grado,Sistematización del proceso de fortalecimiento de la comunicación en 20 familias usuarias de las madres comunitarias FAMI del barrio La Granja,Colombia,2002,UNIVERSIDAD CATOLICA LUIS AMIGO.,AMAURY DE JESUS ROMERO BALLESTEROS,4
00750,009,Jurado/Comisiones evaluadoras de trabajo de grado,"Sistematización del fortalecimiento de la comunicación familiar en las familias usuarias del programa de hogares comunitarios, de bienestar modalidad FAMI del barrio el Dorado de la ciudad de Montería",Colombia,2002,UNIVERSIDAD CATOLICA LUIS AMIGO.,AMAURY DE JESUS ROMERO BALLESTEROS,4
00751,009,Jurado/Comisiones evaluadoras de trabajo de grado,Sistematización del fortalecimiento de los lazos afectivos en las familias usuarias del programa Hogares Comunitarios del ICBF del barrio la Candelaria de Montería,Colombia,2002,UNIVERSIDAD CATOLICA LUIS AMIGO.,AMAURY DE JESUS ROMERO BALLESTEROS,4
00752,009,Jurado/Comisiones evaluadoras de trabajo de grado,LA PREVENCION INTEGRAL AL MENOR TRABAJDOR EN SITUACION DE ALTO RIESGO SOCIAL DEL BARRIO RANCHO GRANDE SECTOR CASAFINCA DE LA CIUDAD DE MONTERIA,Colombia,2002,UNIVERSIDAD CATOLICA LUIS AMIGO.,LUCILA SOTTER MERCADO,4
00753,009,Jurado/Comisiones evaluadoras de trabajo de grado,PREVENCION INTEGRAL A MENORES TRABAJDORES EN MEDIO ABIERTO DE LA ZONAS CENTRICAS DE LA CIUDAD DE MONTERIA MEDIANTE LA UTILIZACION DE ESTRATEGIAS,Colombia,2002,UNIVERSIDAD CATOLICA LUIS AMIGO.,LUCILA SOTTER MERCADO,4
00754,009,Jurado/Comisiones evaluadoras de trabajo de grado,LA LUDICA COMO PROCESO EDUCATIVO DE UNA SANA SEXUALIDAD,Colombia,2002,UNIVERSIDAD CATOLICA LUIS AMIGO.,LUCILA SOTTER MERCADO,4
00755,009,Jurado/Comisiones evaluadoras de trabajo de grado,ESTADO DEL ARTE DE LAS EXPERIENCIAS DE INVESTIGACION Y PRACTICA EN EL PROGRAMA DE PEDAGOGIA REEDUCATIVA ENTRE LOS AÑOS DE 1992 Y 1998 EN EL DEPARTAMENTO DE CORDOBA,Colombia,2002,UNIVERSIDAD CATOLICA LUIS AMIGO.,LUCILA SOTTER MERCADO,4
00756,009,Jurado/Comisiones evaluadoras de trabajo de grado,"Proceso pedagogico, didàctico y los factores socioeconomicos que inciden en la desercion escolar, de los niños de la escuela Severo J Garcia, Barrio la Unión -Monteria",Colombia,2002,.,MERY RAQUEL CARDONA OVIEDO,4
00757,009,Jurado/Comisiones evaluadoras de trabajo de grado,"Utilizacion de las fuentes historicas como estrategias metodologicas para mejorar procesos de enseñanza-aprendizaje de la asignatura de Historia en el colegio Dolores Garrido, Cerete",Colombia,2002,.,MERY RAQUEL CARDONA OVIEDO,4
00758,009,Jurado/Comisiones evaluadoras de trabajo de grado,"Factores socioeconomicos y bajo rendimiento academico en el area de Ciencias Sociales en los estudiantes de primaria de la escuela Santander, Monteria",Colombia,2002,.,MERY RAQUEL CARDONA OVIEDO,4
00759,009,Jurado/Comisiones evaluadoras de trabajo de grado,Como incide la enseñanza-aprendizaje de la historia de Colombia en la formación de la identidad cultural de los alumnos del colegio Alfonso Spath de Martinez-Cordoba,Colombia,2002,.,MERY RAQUEL CARDONA OVIEDO,4
00760,009,Jurado/Comisiones evaluadoras de trabajo de grado,Diseño de una propuesta de formación para las madres comunitarias de los hogares tradicionales del ICBF del corregimiento de los Garzones,Colombia,2002,.,MERY RAQUEL CARDONA OVIEDO,4
00761,009,Jurado/Comisiones evaluadoras de trabajo de grado,Como la compensión lectora afecta el rendimiento academico en area de las Ciencias Sociales en los estudiantes del colegio Lacides Sebersal de Lorica,Colombia,2002,.,MERY RAQUEL CARDONA OVIEDO,4
00762,009,Jurado/Comisiones evaluadoras de trabajo de grado,Estudio del impacto sociocultural por la aplicaión del proyecto etnoeducativo en el colegio nacionalizado de bachillerato mixto de Puerto Escondido,Colombia,2002,.,MERY RAQUEL CARDONA OVIEDO,4
00763,009,Jurado/Comisiones evaluadoras de trabajo de grado,Cosmovisión de las mujeres palenqueras residentes ocasionales en Monteria y su incidencia en la construcción del proyecto de vida de sus hijos,Colombia,2002,.,MERY RAQUEL CARDONA OVIEDO,4
00764,009,Jurado/Comisiones evaluadoras de trabajo de grado,Diseño de una propuesta metodologica para construir en la formacion de valores socioafectivos a traves de actividades recreativas dirigidas en el grupo de jóvenes reinseertados de Valle Encantado del corregimiento las Palomas del municipio de Monteria,Colombia,2002,.,MERY RAQUEL CARDONA OVIEDO,4
00765,009,Jurado/Comisiones evaluadoras de trabajo de grado,LOS VALORES Y LAS RELACIONES INTERPERSONALES EN EL AMBITO ESCOLAR,Colombia,2002,UNIVERSIDAD CATOLICA LUIS AMIGO.,LUCILA SOTTER MERCADO,4
00766,009,Jurado/Comisiones evaluadoras de trabajo de grado,SISTEMATIZACION DE ACCIONES PREVENTIVAS TENDIENTES A DISMUNUIR EL CONSUMO DE SUSTANCIAS PSICOACTIVAS EN LOS NIÑOS Y JOVENES DEL BARRIO NUEVO BOLIVAR DE LA CIUDAD DE SINCELEJO SUCRE,Colombia,2002,UNIVERSIDAD CATOLICA LUIS AMIGO.,LUCILA SOTTER MERCADO,4
00767,009,Jurado/Comisiones evaluadoras de trabajo de grado,Sistematización del proceso de fortalecimiento de la comunicación en las familias de los jóvenes del colegio General Santander de la Ciudad de Montería,Colombia,2001,UNIVERSIDAD CATOLICA LUIS AMIGO.,AMAURY DE JESUS ROMERO BALLESTEROS,4
00768,009,Jurado/Comisiones evaluadoras de trabajo de grado,Caracterización del perfil gerencial de los empresarios del sector microempresarial productivo en el municipio de Montería.,Colombia,2001,UNIVERSIDAD CATOLICA LUIS AMIGO.,AMAURY DE JESUS ROMERO BALLESTEROS,4
00769,009,Jurado/Comisiones evaluadoras de trabajo de grado,Sistematización del fortalecimiento de la comunicación familiar en las familias usuarias del programa Hogares Comunitarios de Bienestar Familiar modalidad FAMI del Barrio El Dorado de la ciudad de Montería.,Colombia,2001,UNIVERSIDAD CATOLICA LUIS AMIGO.,AMAURY DE JESUS ROMERO BALLESTEROS,4
00770,009,Jurado/Comisiones evaluadoras de trabajo de grado,Sistematización del proceso de fortalecimiento de la autoestima del adulto mayor y sus familias afiliadas a AMUSS en el municipio de Cereté,Colombia,2001,UNIVERSIDAD CATOLICA LUIS AMIGO.,AMAURY DE JESUS ROMERO BALLESTEROS,4
00771,009,Jurado/Comisiones evaluadoras de trabajo de grado,Mejoramiento de las relaciones socioafectivas de los estudiantes con limitaciones del Centro de atención integral el Amparo de Lorica,Colombia,2001,UNIVERSIDAD CATOLICA LUIS AMIGO.,AMAURY DE JESUS ROMERO BALLESTEROS,4
00772,009,Jurado/Comisiones evaluadoras de trabajo de grado,"Fortalecimiento de la autoestima, una estrategia para mejorar las relaciones interpersonales en las familias de los jóvenes becados por la Fundación Solidaridad por Colombia de Lorica",Colombia,2001,UNIVERSIDAD CATOLICA LUIS AMIGO.,AMAURY DE JESUS ROMERO BALLESTEROS,4
00773,009,Jurado/Comisiones evaluadoras de trabajo de grado,Estudio sobre Gestión Administrativa de las empresas asociativas de trabajo del municipio de Montería.,Colombia,2001,UNIVERSIDAD CATOLICA LUIS AMIGO.,AMAURY DE JESUS ROMERO BALLESTEROS,4
00774,009,Jurado/Comisiones evaluadoras de trabajo de grado,Sistematización del proceso del adecuado ejercicio de la autoridad en las familias usuarias del programa hogares comunitarios de bienestar modalidad FAMI del Barrio Robínson Pitalúa de la Ciudad de Montería,Colombia,2001,UNIVERSIDAD CATOLICA LUIS AMIGO.,AMAURY DE JESUS ROMERO BALLESTEROS,4
00775,009,Jurado/Comisiones evaluadoras de trabajo de grado,Caracterización del proceso administrativo de las Cooperativas del sector urbano del municipio de Santa Cruz de Lorica.,Colombia,2001,UNIVERSIDAD CATOLICA LUIS AMIGO.,AMAURY DE JESUS ROMERO BALLESTEROS,4
00776,009,Jurado/Comisiones evaluadoras de trabajo de grado,Sistematización del fortalecimiento de los lazos afectivos en las familias usuarias del programa Hogares Comunitarios del I.C.B.F. del Barrio la Candelaria de Montería.,Colombia,2001,UNIVERSIDAD CATOLICA LUIS AMIGO.,AMAURY DE JESUS ROMERO BALLESTEROS,4
00777,009,Jurado/Comisiones evaluadoras de trabajo de grado,Sistematización del fortalecimiento de la comunicación a través de la estrategia escuela de padres en las familias usuarias del programa hogares comunitarios de bienestar modalidad FAMI Barrio el Dorado de la Ciudad de Montería.,Colombia,2001,UNIVERSIDAD CATOLICA LUIS AMIGO.,AMAURY DE JESUS ROMERO BALLESTEROS,4
00778,009,Jurado/Comisiones evaluadoras de trabajo de grado,Fortalecimiento de la comunicación a través del diálogo para el desarrollo de las relaciones familiares de los adolescentes del grado 10 vinculados a la Fundación Solidaridad por Colombia,Colombia,2001,UNIVERSIDAD CATOLICA LUIS AMIGO.,AMAURY DE JESUS ROMERO BALLESTEROS,4
00779,009,Jurado/Comisiones evaluadoras de trabajo de grado,Sistematización del proceso de mejoramiento de la Recreación en los adolescentes y sus familias afiliadas al programa AMUSS del Barrio Pastrana Borrero de la ciudad de Montería.,Colombia,2001,UNIVERSIDAD CATOLICA LUIS AMIGO.,AMAURY DE JESUS ROMERO BALLESTEROS,4
00780,009,Jurado/Comisiones evaluadoras de trabajo de grado,Sistematización del proceso de fortalecimiento de la comunicación al interior de las familias usuarias de los hogares tradicionales del ICBF del Barrio Sucre de Montería,Colombia,2001,UNIVERSIDAD CATOLICA LUIS AMIGO.,AMAURY DE JESUS ROMERO BALLESTEROS,4
00781,009,Jurado/Comisiones evaluadoras de trabajo de grado,Tesis: Proyección comunitaria de los adolescentes de la policía cívica juvenil del municipio de Cereté que participaron en el proceso de práctica.,Colombia,2001,UNIVERSIDAD CATOLICA LUIS AMIGO.,AMAURY DE JESUS ROMERO BALLESTEROS,4
00782,009,Jurado/Comisiones evaluadoras de trabajo de grado,Sistematización del fortalecimiento del amor para el manejo de la autoridad en las familias usuarias del Programa FAMI del ICBF del barrio el Dorado de la Ciudad de Montería,Colombia,2001,UNIVERSIDAD CATOLICA LUIS AMIGO.,AMAURY DE JESUS ROMERO BALLESTEROS,4
00783,009,Jurado/Comisiones evaluadoras de trabajo de grado,"Fortalecimiento de las relaciones de las familias del barrio 9 de Julio, vinculadas a los programas de la Secretaría de Mujer y Género del Municipio de San Antero",Colombia,2001,UNIVERSIDAD CATOLICA LUIS AMIGO.,AMAURY DE JESUS ROMERO BALLESTEROS,4
00784,009,Jurado/Comisiones evaluadoras de trabajo de grado,Sistematización del proceso de participación activa y productiva de los adolescentes y sus familias afiliados a AMUSS en el barrio Canta Claro de la ciudad de Montería.,Colombia,2001,UNIVERSIDAD CATOLICA LUIS AMIGO.,AMAURY DE JESUS ROMERO BALLESTEROS,4
00785,009,Jurado/Comisiones evaluadoras de trabajo de grado,Sistematización de la experiencia sobre la poca motivación de los padres de familia en el proceso de acompañamiento realizado en el hogar infantil Mogambo ICBF Montería.,Colombia,2001,UNIVERSIDAD CATOLICA LUIS AMIGO.,AMAURY DE JESUS ROMERO BALLESTEROS,4
00786,009,Jurado/Comisiones evaluadoras de trabajo de grado,"Tesis de grado: Identificación y manejo de la pauta transaccional por parte de los padres, como elemento esencial para la resolución de conflictos en las familias de los adolescentes asistidos por el Instituto Colombiano de Bienestar Familiar.",Colombia,2001,UNIVERSIDAD CATOLICA LUIS AMIGO.,AMAURY DE JESUS ROMERO BALLESTEROS,4
00787,009,Jurado/Comisiones evaluadoras de trabajo de grado,Tesis: Sistematización del incumplimiento de las actividades de acompañamiento en los adolescentes y sus familias afiliadas a AMUSS del Barrio el Dorado de Montería.,Colombia,2001,UNIVERSIDAD CATOLICA LUIS AMIGO.,AMAURY DE JESUS ROMERO BALLESTEROS,4
00788,009,Jurado/Comisiones evaluadoras de trabajo de grado,Sistematización del proceso de fortalecimiento de la comunicación en las familias hogar sustituto del ICBF Montería.,Colombia,2001,UNIVERSIDAD CATOLICA LUIS AMIGO.,AMAURY DE JESUS ROMERO BALLESTEROS,4
00789,009,Jurado/Comisiones evaluadoras de trabajo de grado,Sistematización del proceso de mejoramiento de los niveles de demostración de afecto al interior de las Familias usuarias del ICBF del Barrio Sucre de Montería.,Colombia,2001,UNIVERSIDAD CATOLICA LUIS AMIGO.,AMAURY DE JESUS ROMERO BALLESTEROS,4
00790,009,Jurado/Comisiones evaluadoras de trabajo de grado,SISTEMATIZACION DE LA EXPERIENCIA RELACIONADA CON EL DESINTERES MANIFIESTO EN LOS JOVENES DE MONTRIA PARA PARTICIPAR EN EL PROCESO DE INTERVENCION REEDUCATIVA,Colombia,2001,UNIVERSIDAD CATOLICA LUIS AMIGO.,LUCILA SOTTER MERCADO,4
00791,009,Jurado/Comisiones evaluadoras de trabajo de grado,SISTEMATIZACION DELA PROPUESTA PEDAGOGICA PARA LA PROMOCION DE ACTITUDES QUE CONLLEVAN A MINIMIZAR LA AGRESIVIDAD EN ESTUDIANTES DEL GRADO 4 DEL CENTRO DOCENTE MARIA MONTESSORI DE CIENAGA DE ORO CORDOBA,Colombia,2001,UNIVERSIDAD CATOLICA LUIS AMIGO.,LUCILA SOTTER MERCADO,4
00792,009,Jurado/Comisiones evaluadoras de trabajo de grado,REEDUCAR PARA PROMOVER LAS ADECUADAS RELACIONES INTERPERSONALES A UN GRUPO DE ESTUDIATES DEL GRADO VI DE LA ESCUELA ISABEL LA CATOLICA DE MONTERIA,Colombia,2001,UNIVERSIDAD CATOLICA LUIS AMIGO.,LUCILA SOTTER MERCADO,4
00793,009,Jurado/Comisiones evaluadoras de trabajo de grado,PREVENCION PRIAMRIA DEL CONSUMO DE SUSTANCIAS PSICOACTIVAS EN UN GRUPO DE ADOLESCENTES DE MONTERIA CORDOBA,Colombia,2001,UNIVERSIDAD CATOLICA LUIS AMIGO.,LUCILA SOTTER MERCADO,4
00794,009,Jurado/Comisiones evaluadoras de trabajo de grado,LA PROMOCION EN VALORES UNA ESTRATEGIA PEDAGOGICA REEDUCATIVA FRENTE AL CONSUMO DE ALCOHOL EN MENORES TRABAJDORES,Colombia,2001,UNIVERSIDAD CATOLICA LUIS AMIGO.,LUCILA SOTTER MERCADO,4
00795,009,Jurado/Comisiones evaluadoras de trabajo de grado,PREVENCION PRIMARIA DEL MALTRATO AL MENOR EN LAS FAMILIAS DE POZO HONDO TARAZA,Colombia,2001,UNIVERSIDAD CATOLICA LUIS AMIGO.,LUCILA SOTTER MERCADO,4
00796,009,Jurado/Comisiones evaluadoras de trabajo de grado,POTENCIALIZACION DE VALORES HUMANODS COMO ESTRATEGIA PARA CONTRARESTAR LA TIMIDEZ EN LOS JOVENES DEL GRADO 7 JORNADA NOCTURA COLEGIO NACIONAL JOSE MARIA CORDOBA MUNICIPIO DE MONTERIA,Colombia,2001,UNIVERSIDAD CATOLICA LUIS AMIGO.,LUCILA SOTTER MERCADO,4
00797,009,Jurado/Comisiones evaluadoras de trabajo de grado,Tesis de grado: Sistematización del fortalecimiento de la comunicación en quince madres comunitarias y veinte familias usuarias del programa hogares comunitarios del ICBF en el Barrio Rancho Grande del Municipio de Montería.,Colombia,2000,UNIVERSIDAD CATOLICA LUIS AMIGO.,AMAURY DE JESUS ROMERO BALLESTEROS,4
00798,009,Jurado/Comisiones evaluadoras de trabajo de grado,"Tesis: Sistematización del proceso de fortalecimiento de los valores Autoestima, respeto y tolerancia en las familias usuarias del programa de hogares comunitarios del ICBF del Barrio Rancho Grande de Montería1998-2000.",Colombia,2000,UNIVERSIDAD CATOLICA LUIS AMIGO.,AMAURY DE JESUS ROMERO BALLESTEROS,4
00799,009,Jurado/Comisiones evaluadoras de trabajo de grado,Tesis de grado: Sistematización del proceso de fortalecimiento de la comunicación en los adolescentes y sus familias afiliados a AMUSS del barrio el Dorado de Montería,Colombia,2000,UNIVERSIDAD CATOLICA LUIS AMIGO.,AMAURY DE JESUS ROMERO BALLESTEROS,4
00800,009,Jurado/Comisiones evaluadoras de trabajo de grado,"Tesis de grado: sistematización del proceso de fortalecimiento de las relaciones socioafectivas de los gerentes y sus familiasafiliadas a AMUSS, el Dorado, Montería",Colombia,2000,UNIVERSIDAD CATOLICA LUIS AMIGO.,AMAURY DE JESUS ROMERO BALLESTEROS,4
00801,009,Jurado/Comisiones evaluadoras de trabajo de grado,Sistematización del proceso de fortalecimiento de la comunicación de las familias de los policias de la estación Montería.,Colombia,2000,UNIVERSIDAD CATOLICA LUIS AMIGO.,AMAURY DE JESUS ROMERO BALLESTEROS,4
00802,009,Jurado/Comisiones evaluadoras de trabajo de grado,ACCIONES REEDUCATIVA OREINTADAS A LA PREVENCION DEL COMPORTAMIENTO AGRESIVO EN LOS JOVENES DE LA FUNDACION SOLIDARIDAD POR COLOMBIA DEL MUNICIPIO DE LORICA CORDOBA,Colombia,2000,UNIVERSIDAD CATOLICA LUIS AMIGO.,LUCILA SOTTER MERCADO,4
00803,009,Jurado/Comisiones evaluadoras de trabajo de grado,"ESTARTEGIAS PEDAGOGICAS REEDUCATIVAS COMO ALTERNATIVA DE PREVENCION AL MALTRATO INFANTIL EN LA COMUNIDAD EDUCATIVA ""SEVERO J GARCIA"" DEL SECTOR LA UNION DEL BARRIO CANTA CLARO DEL MUNICIPIO DE MONTERIA",Colombia,2000,UNIVERSIDAD CATOLICA LUIS AMIGO.,LUCILA SOTTER MERCADO,4
00804,009,Jurado/Comisiones evaluadoras de trabajo de grado,SISTEMATIZACION DE LA FORMACION DEL VINCULOA FECTIVO COMO ESTRATEGIA DE PREVENCION INTEGRAL DEL MALTARTO AL MENOR DEL BARRIO 7 DE AGOSTO DEL MUNICIPIO DE AYAPEL CORDOBA,Colombia,2000,UNIVERSIDAD CATOLICA LUIS AMIGO.,LUCILA SOTTER MERCADO,4
00805,009,Jurado/Comisiones evaluadoras de trabajo de grado,"PREVENCION PRIMARIA COMOA CCION MINIMIZANTE DE LA AGRESIVIDAD NEGATIVA EN UN GRUPO DE ESTUDIANTES DE LA ESCUELA ""SEVERO GARCIA"" DEL BARRIO CANTACLARO DEL MUNICIPIO DE MONTERIA",Colombia,2000,UNIVERSIDAD CATOLICA LUIS AMIGO.,LUCILA SOTTER MERCADO,4
00806,009,Jurado/Comisiones evaluadoras de trabajo de grado,"ACCIONE SPEDAGOGICAS REEDUCATIVAS PARA LA PREVENCION DE LOS COMPORTAMIENTOS AGRESIVOS DE ESTUDIANTES DEL COLEGIO MIXTO DEL BACHILLERATO ""MARCO FIDEL SUAREZ ""JORNADA DE LA MAÑANA DEL MUNICIPIO DE CIENAGA DE ORO CORDOBA",Colombia,2000,UNIVERSIDAD CATOLICA LUIS AMIGO.,LUCILA SOTTER MERCADO,4
00807,009,Jurado/Comisiones evaluadoras de trabajo de grado,RESCATE DE VALORES ETICOS Y MORALES EN JOVENES DE 7 A 15 DE LA ESCUELA PABLO VI DEL BARRIO EDMUNDO LOPEZ DE LA CIUDAD DE MONTERIA,Colombia,1999,UNIVERSIDAD CATOLICA LUIS AMIGO.,LUCILA SOTTER MERCADO,4
00808,009,Jurado/Comisiones evaluadoras de trabajo de grado,ALTERNATIVA PEDAGOGIC AREEDICATIVA PARA LA PREVENCION PRIMARIA DEL CONSUMO DE BEBIDAS ALCOHOLICAS EN LOS JOVENES DE 12 A 17 AÑOS DEEDAD EN LA COMUNIDAD CRUZ DEL GUAYABO DE SAN ANDRES DE SOTAVENTO CORDOBA,Colombia,1999,UNIVERSIDAD CATOLICA LUIS AMIGO.,LUCILA SOTTER MERCADO,4
00809,009,Jurado/Comisiones evaluadoras de trabajo de grado,PREVENCION Y DISMINUCION DE LA AGRESIVIDAD EN MENORES ESCOLARES DE 6 A 14 AÑOS DEL CENTRO EDUCATIVO CAROLINA DEL MUNICIPIO DE PLANETA RICA,Colombia,1999,UNIVERSIDAD CATOLICA LUIS AMIGO.,LUCILA SOTTER MERCADO,4
00810,009,Jurado/Comisiones evaluadoras de trabajo de grado,ORIENTACION A LOS MIEMBROS DE AL FAMILIA COMO ESTRATEGIA PEDAGOGICA REEDUCATIVA PARA LA PREVENCION DEL MALTRATAO AL MENOR DE LA COMINIDAD DEL BARRIO LA PESQUERA DEL MUNICIPIO DE MONTELIBANO CORDOBA,Colombia,1999,UNIVERSIDAD CATOLICA LUIS AMIGO.,LUCILA SOTTER MERCADO,4
00811,009,Jurado/Comisiones evaluadoras de trabajo de grado,EL AFECTO COMO ALTERNATIVA PEDAGOGICA REEDUCATIVA PARA FORTALECER LAS RELACIONES INTER E INTRA FAMILIARES QUE POSIBILITENE L DESRROLLO HUMANO DE LOS MENORES DEL ASENTAMIENTO LAS DELICIAS MUNICIPIO DE TIERRA ALTA,Colombia,1999,UNIVERSIDAD CATOLICA LUIS AMIGO.,LUCILA SOTTER MERCADO,4
00812,009,Jurado/Comisiones evaluadoras de trabajo de grado,FORMACION INTEGRAL EN EDUCACION SEXUAL A LOS ADOLESCENTES DEL GRADO 5 DE LA ESCUELA LAS DELICIAS COMO ESTRATEGIA PARA UNA SANA SEXUALIDAD,Colombia,1999,UNIVERSIDAD CATOLICA LUIS AMIGO.,LUCILA SOTTER MERCADO,4
00813,009,Jurado/Comisiones evaluadoras de trabajo de grado,LA EDUCACION Y LA FORMACION EN VALORES COMO ALTERNATIVA DE PREVENCION PRIMARIA A LA DROGADICCION EN MENORES CUYAS EDADES OSCILAN ENTRE 0 Y 12 AÑOS DE EDAD DEL BARRIO NUEVO HORIZONTE DE MONTERIA,Colombia,1998,UNIVERSIDAD CATOLICA LUIS AMIGO.,LUCILA SOTTER MERCADO,4
00814,009,Jurado/Comisiones evaluadoras de trabajo de grado,DESARROLLO DE VALORES COMO ESTRATEGIA REEDUCATIVA PARA LA PREVENCION DEL MALTRAATO AL MENOR EN LA FAMILIA DE LA COMUNIDAD SANTA CATALINA DEL MUNICIPIO DE SAHAGUN,Colombia,1998,UNIVERSIDAD CATOLICA LUIS AMIGO.,LUCILA SOTTER MERCADO,4
00815,009,Jurado/Comisiones evaluadoras de trabajo de grado,PREVENCION PRIAMRIA DEL MALTRATO AL MENOR A TRAVES DE LA CAPACITACION A LAS FAMILIAS DEL BARRIO EL PROGRESO DE SANTA CRUZ DE LORICA,Colombia,1998,UNIVERSIDAD CATOLICA LUIS AMIGO.,LUCILA SOTTER MERCADO,4
00816,009,Jurado/Comisiones evaluadoras de trabajo de grado,LA ORIENTACION LUDICA COMO PREVENCION PRIMARIA DEL MALTRATO AL MENOR Y ENTRE MENORES EN LA COMUNIDAD DEL PUERTO BAHIA CISPATA SAN ANTERO CORDOBA,Colombia,1998,UNIVERSIDAD CATOLICA LUIS AMIGO.,LUCILA SOTTER MERCADO,4
00817,009,Jurado/Comisiones evaluadoras de trabajo de grado,ACCIONES REEDUCATIVAS ORIENTADAS A PREVENIR PRIMARIAMENTE LA AGRESIVIDAD EN UN GRUPO DE MENORES DEL SECTOR SANTA MARIA DEL BARRIO SAN FELIPE DEL MUNICIPIO DE SAN BERNARDO DEL VIENTO,Colombia,1998,UNIVERSIDAD CATOLICA LUIS AMIGO.,LUCILA SOTTER MERCADO,4
00818,009,Jurado/Comisiones evaluadoras de trabajo de grado,ORIENTACION FAMILIAR COMO ESTRATEDIA REEDUCATIVA PARA PREVENIR PRIMSARIAMENTE EN LOS MENORES DEL BARRIO EL MAMON MUNICIPIO DE MOMIL LA PROSTITUCION,Colombia,1998,UNIVERSIDAD CATOLICA LUIS AMIGO.,LUCILA SOTTER MERCADO,4
00819,009,Jurado/Comisiones evaluadoras de trabajo de grado,"Convivencia ambiental en la comunidad de Vlla Hermosa - MOntelíbano, Córdoba",Colombia,1997,UNIVERSIDAD CATOLICA LUIS AMIGO.,MARIA ELENA CASTILLO HURTADO,4
00820,009,Jurado/Comisiones evaluadoras de trabajo de grado,Diseño y aplicación de una estrategía reeducativa para prevenir la desintegración familiar en la vereda de Santa Rosa corregimiento de Marañonal municipio de Planeta Rica - Córdoba,Colombia,1997,UNIVERSIDAD CATOLICA LUIS AMIGO.,MARIA ELENA CASTILLO HURTADO,4
00821,009,Jurado/Comisiones evaluadoras de trabajo de grado,Organización de la comunidad como estrategias pedagógicas para fortalecer la unidad familiar en el corregimiento de Puerto Córdoba- Buenavista,Colombia,1997,UNIVERSIDAD CATOLICA LUIS AMIGO.,MARIA ELENA CASTILLO HURTADO,4
00822,009,Jurado/Comisiones evaluadoras de trabajo de grado,Implementación de la escuela de padres como estrategia reeducativa para disminuir la agresividad en los menores de 6 a 12 años del Centro Docente Sagrado Corazon de Jesús de Buenavista Cordoba,Colombia,1997,UNIVERSIDAD CATOLICA LUIS AMIGO.,MARIA ELENA CASTILLO HURTADO,4
00823,009,Jurado/Comisiones evaluadoras de trabajo de grado,"Orientación a jovenes de la vereda Florizan municipio de Momil para fortalecer en ellos los valores etico-morales de respeto, autoestima y tolerancia.",Colombia,1997,UNIVERSIDAD CATOLICA LUIS AMIGO.,MARIA ELENA CASTILLO HURTADO,4
00824,009,Jurado/Comisiones evaluadoras de trabajo de grado,LAS RELACIONES AFECTIVAS ENTRE PADRES E HIJOS Y SU INCIDENCIA EN LAS MANIFESTACIONES AGRESIVAS EN UN GRUPO DE MENORES DE 4 A 15 AÑOS DEL BARRIO PERALONSO DEL MUNICIPIO DE CHINU CORDOBA,Colombia,1997,UNIVERSIDAD CATOLICA LUIS AMIGO.,LUCILA SOTTER MERCADO,4
00825,009,Jurado/Comisiones evaluadoras de trabajo de grado,MINIMIZACION DE LAS INFLUENCIAS DE LOS FACTORES QUE INCIDEN EN LOS COMPORTAMIENTOS AGRESIVOS DE LOS MENORES VENDEDORES EN LA CALLE DEL MUNICIPIO DE SAHAGUN CORDOBA,Colombia,1997,UNIVERSIDAD CATOLICA LUIS AMIGO.,LUCILA SOTTER MERCADO,4
00826,009,Jurado/Comisiones evaluadoras de trabajo de grado,PREVENCION DE LA AGRESIVIDAD EN LOS MENORES EN LA CALLE DEL BARRIO 16 DE JUNIO DEL MUNICIPIO DE SAHAGUN CORDOBA,Colombia,1997,UNIVERSIDAD CATOLICA LUIS AMIGO.,LUCILA SOTTER MERCADO,4
00827,009,Jurado/Comisiones evaluadoras de trabajo de grado,PREVENCION A LA VIOLENCIA ESCOLAR EN LA ESCUELA NUEVA DE VARONES CARRILLO DE SAN PELAYO CORDOBA,Colombia,1997,UNIVERSIDAD CATOLICA LUIS AMIGO.,LUCILA SOTTER MERCADO,4
00828,009,Jurado/Comisiones evaluadoras de trabajo de grado,INTERVENCION A LA VIOLENCIA INTRAFAMILIAR ENE L BARRIO COSTA NORTE DESAHAGUN CORDOBA,Colombia,1997,UNIVERSIDAD CATOLICA LUIS AMIGO.,LUCILA SOTTER MERCADO,4
00829,009,Jurado/Comisiones evaluadoras de trabajo de grado,PREVENCION DE LA VIOLENCIA FAMILIAR EN LAS FAMILIAS PERTENECIENTES A ALGUNOS HOGARES COMUNITARIOS DEL ICBF DEL BARRIO SAN JOSE DE SAHAGUN CORDOBA,Colombia,1997,UNIVERSIDAD CATOLICA LUIS AMIGO.,LUCILA SOTTER MERCADO,4
00830,009,Jurado/Comisiones evaluadoras de trabajo de grado,DISEÑO Y APLICACION DE UN PLAN DE ACCION REEDUCATIVO PARA PREVENIR LA VIOLENCIA FAMILIAR EN LA COMUNIDAD DEL BARRIO RANCHO GRANDE SECTOR EL PARQUE DEL MUNICIPIO DE MONTERIA,Colombia,1996,UNIVERSIDAD CATOLICA LUIS AMIGO.,LUCILA SOTTER MERCADO,4
00831,009,Jurado/Comisiones evaluadoras de trabajo de grado,ACCIONES PREVENTIVAS DE AL PROSTITUCION EN MENORES DE LA VEREDA CORTIZOS SAN PELAYO,Colombia,1996,UNIVERSIDAD CATOLICA LUIS AMIGO.,LUCILA SOTTER MERCADO,4
00832,009,Jurado/Comisiones evaluadoras de trabajo de grado,INSTITUCION REEDUCATIVA TENDIENTE AL RESCATE DE VALORES Y AL USO ADECUADO DEL TIEMPO LIBRE EN LOS INTEGRANTES DEL HOGAR CRISTO REY DE MONTERIA,Colombia,1996,UNIVERSIDAD CATOLICA LUIS AMIGO.,LUCILA SOTTER MERCADO,4
00833,009,Jurado/Comisiones evaluadoras de trabajo de grado,DISEÑO Y APLICACION DE UN PLAN DE ACCION REEDUCATIVA PARA PREVENIR LA VIOLENCIA FAMILIAR ENTRE LOS HABITANTES DEL BARRIO SAN JOSE DE GAITA Y LA ESMERALDA DEL MUNICIPIO DE LORICA,Colombia,1996,UNIVERSIDAD CATOLICA LUIS AMIGO.,LUCILA SOTTER MERCADO,4
00834,009,Jurado/Comisiones evaluadoras de trabajo de grado,DISEÑO Y APLICACION DE UN PLAN DE ACCION REEDUCATIVO PARAPREVENIR LA VIOLENCIA FAMILIAR ENTRE LOS HABOITANTES DEL BARRIO SAN FRANCISCO DEL MUNICIPIO DE SANTA CRUZ DE LORICA,Colombia,1996,UNIVERSIDAD CATOLICA LUIS AMIGO.,LUCILA SOTTER MERCADO,4
00835,009,Jurado/Comisiones evaluadoras de trabajo de grado,PREVENIR LA VINCULACION DE MENORES A PANDILLAS JUVENILES DEL BARRIO CANTACLARO DE MONTERIA,Colombia,1996,UNIVERSIDAD CATOLICA LUIS AMIGO.,LUCILA SOTTER MERCADO,4
00836,009,Jurado/Comisiones evaluadoras de trabajo de grado,PREVENCION A SITUACIONES DE RIESGO AL ROBO EN MENORES DEL BARRIO EDMUNDO LOPEZ,Colombia,1995,UNIVERSIDAD CATOLICA LUIS AMIGO.,LUCILA SOTTER MERCADO,4
00837,009,Jurado/Comisiones evaluadoras de trabajo de grado,ACCIONES REEDUCATIVAS TENDIENTES A PREVENIR LA AGRESIVIDAD DE MENORES TRABAJADORES EN LA CALLE EN EL MUNICIPIO DE SAHAGUN,Colombia,1995,UNIVERSIDAD CATOLICA LUIS AMIGO.,LUCILA SOTTER MERCADO,4
00838,009,Jurado/Comisiones evaluadoras de trabajo de grado,ACCIONES REEDUCATIVAS TENDEINTES A PREVENIR EL CONSUMO DE DROGAS EN JOVENES DEL BARRIO BRISAS DE CORDOBA EN EL MUNICIPIO DE SAHAGUN,Colombia,1995,UNIVERSIDAD CATOLICA LUIS AMIGO.,LUCILA SOTTER MERCADO,4
00839,009,Jurado/Comisiones evaluadoras de trabajo de grado,ACCIONES REEDUCATIVAS PREVENCION INTEGRAL AL RESCATE DE VALORES EN LOS JOVENES GUIAS TURISTICAS EN EL MUNICIPIO DE SAN ANTERO,Colombia,1995,UNIVERSIDAD CATOLICA LUIS AMIGO.,LUCILA SOTTER MERCADO,4
00840,010,Jurado/Comisiones evaluadoras de trabajo de grado,Efectos de la musicoterapia en las funciones ejecutivas en el trastorno del espectro autista,Colombia,2019,UNIVERSIDAD CATOLICA LUIS AMIGO.,ROLAN CORREA LOPEZ,4
00841,010,Jurado/Comisiones evaluadoras de trabajo de grado,Memoria de trabajo en la discapacidad intelectual leve durante la etapa de la niñez intermedia: Una revisión documental,Colombia,2019,UNIVERSIDAD CATOLICA LUIS AMIGO.,ROLAN CORREA LOPEZ,4
00842,010,Jurado/Comisiones evaluadoras de trabajo de grado,"INTERVENCION PSICOSOCIAL PARA OPTIMIZAR LA CALIDAD DE VIDA EN ADOLESCENTES EN CONFLICTO CON LA LEY, VINCULADOS AL CENTRO DE ORIENTACION JUVENIL LUIS AMIGO",Colombia,2015,UNIVERSIDAD CATOLICA LUIS AMIGO.,BENILDA LAYNE BERNAL,4
00843,010,Jurado/Comisiones evaluadoras de trabajo de grado,Estrategias basadas en la expresión de afecto para la construcción de autoeestima en niños del primer grado de Colegio Alejandro Obragon,Colombia,2013,UNIVERSIDAD CATOLICA LUIS AMIGO.,BENILDA LAYNE BERNAL,4
00844,010,Jurado/Comisiones evaluadoras de trabajo de grado,"Vínculos, factores de riesgo e intervención psicosocial en las pandillas.",Colombia,2011,UNIVERSIDAD CATOLICA LUIS AMIGO.,MARIELA INES SANCHEZ CARDONA,4
00845,010,Jurado/Comisiones evaluadoras de trabajo de grado,"Una aproximación a las representaciones sociales de los parches: con familia, entre sus integrantes y consigo mismos, en la localidad de Suba.",Colombia,2011,fundacvion universitaria luis amigò.,MARIELA INES SANCHEZ CARDONA,4
00846,010,Jurado/Comisiones evaluadoras de trabajo de grado,Lector de trabajos de grado y jurado de sustentaciones finales del programa de licenciatura en Pedagogía Reeducativa.,Colombia,2006,UNIVERSIDAD CATOLICA LUIS AMIGO.,EDILBERTO PEREGRINO LASSO CARDENAS,4
00847,011,Jurado/Comisiones evaluadoras de trabajo de grado,Familia y Escuela. Claves hacia una comprensión sistémica desde la Psicología.,Colombia,2024,UNIVERSIDAD CATOLICA LUIS AMIGO.,ALEXANDER RODRIGUEZ BUSTAMANTE,4
00848,011,Jurado/Comisiones evaluadoras de trabajo de grado,"LA IMPLEMENTACIÓN DE LA INTELIGENCIA ARTIFICIAL Y LAS TIC EN LA ADMINISTRACIÓN PÚBLICA. DESAFÍOS, RETOS Y OPORTUNIDADES. CASO ARGENTINA Y COLOMBIA",Colombia,2021,UNIVERSIDAD CATOLICA LUIS AMIGO.,MAURICIO MEJIA LOBO,4
00849,011,Jurado/Comisiones evaluadoras de trabajo de grado,Representaciones sociales y percepción de riesgo de los jóvenes y los profesionales en salud de la ciudad de Medellín frente a las adicciones comportamentales,Colombia,2020,Universidad Nacional del Rosario de Argentina.,SANDRA MILENA RESTREPO ESCOBAR,4
00850,011,Jurado/Comisiones evaluadoras de trabajo de grado,Relación entre la dinámica familiar y la participación ciudadana,Colombia,2019,UNIVERSIDAD CATOLICA LUIS AMIGO.,ALEXANDER RODRIGUEZ BUSTAMANTE,4
00851,011,Jurado/Comisiones evaluadoras de trabajo de grado,El paso del ambiente familiar al escolar: estrategias de madres con formación en educación para acompañar a sus hijos.,Colombia,2019,UNIVERSIDAD CATOLICA LUIS AMIGO.,ALEXANDER RODRIGUEZ BUSTAMANTE,4
00852,011,Jurado/Comisiones evaluadoras de trabajo de grado,Acompañamiento de los padres de familia en el proceso escolar de los niños de básica primaria en la Institución educativa Cecilia de Lleras de la ciudad de Montería.,Colombia,2019,UNIVERSIDAD CATOLICA LUIS AMIGO.,ALEXANDER RODRIGUEZ BUSTAMANTE,4
00853,011,Jurado/Comisiones evaluadoras de trabajo de grado,Evaluación y rehabilitación neuropsicológica en un caso de cirugía de epilepsia del lóbulo temporal izquierdo. Estudio sistemático no experimental de caso único,Colombia,2018,UNIVERSIDAD DE SAN BUENAVENTURA - SEDE MEDELLÍN.,DUBIS MARCELA RINCON BARRETO,4
00854,011,Jurado/Comisiones evaluadoras de trabajo de grado,Rehabilitación neuropsicológica: análisis no experimental en un paciente con trauma craneoencefálico,Colombia,2018,UNIVERSIDAD DE SAN BUENAVENTURA - SEDE MEDELLÍN.,DUBIS MARCELA RINCON BARRETO,4
00855,011,Jurado/Comisiones evaluadoras de trabajo de grado,Perfil Neuropsicológico y habilidades adaptativas en niños entre 3-5 años que presentan retraso global del desarrollo,Colombia,2018,UNIVERSIDAD DE SAN BUENAVENTURA - SEDE MEDELLÍN.,DUBIS MARCELA RINCON BARRETO,4
00856,011,Jurado/Comisiones evaluadoras de trabajo de grado,Frecuencia y severidad del trauma temprano en el deterioro cognitivo,Colombia,2018,UNIVERSIDAD DE SAN BUENAVENTURA - SEDE MEDELLÍN.,DUBIS MARCELA RINCON BARRETO,4
00857,011,Jurado/Comisiones evaluadoras de trabajo de grado,Entrenamiento computarizado en funciones ejecutivas y frontales en jóvenes con bajo rendimiento académico,Colombia,2018,UNIVERSIDAD DE SAN BUENAVENTURA - SEDE MEDELLÍN.,DUBIS MARCELA RINCON BARRETO,4
00858,011,Jurado/Comisiones evaluadoras de trabajo de grado,Rasgos de personalidad relacionados con niveles de acumulación TAU y amiloide,Colombia,2018,UNIVERSIDAD DE SAN BUENAVENTURA - SEDE MEDELLÍN.,DUBIS MARCELA RINCON BARRETO,4
00859,011,Jurado/Comisiones evaluadoras de trabajo de grado,"Evaluación de la eficacia de una propuesta de intervención en atención, memoria de trabajo y funciones ejecutivas en un paciente con esclerosis mesial temporal bilateral:Diseño experimental de caso único",Colombia,2018,UNIVERSIDAD DE SAN BUENAVENTURA - SEDE MEDELLÍN.,DUBIS MARCELA RINCON BARRETO,4
00860,011,Jurado/Comisiones evaluadoras de trabajo de grado,"La personalidad del docente, la motivación, el coeficiente intelectual y su relación con el rendimiento académico de los menores infractores del Centro Carlos Lleras Restrepo de la ciudad de Medellín",Colombia,2018,UNIVERSIDAD CATOLICA LUIS AMIGO.,SANDRA MILENA RESTREPO ESCOBAR,4
00861,011,Jurado/Comisiones evaluadoras de trabajo de grado,"Relación entre el coeficiente intelectual, el autoconcepto y los estilos de enseñanza con el rendimiento académico en niños de 9 a 14 años de edad",Colombia,2018,UNIVERSIDAD CATOLICA LUIS AMIGO.,SANDRA MILENA RESTREPO ESCOBAR,4
00862,011,Jurado/Comisiones evaluadoras de trabajo de grado,"le lectura extensiva y su relación con la memoria de trabajo, la velocidad de procesamiento, la motivación y el desarrollo de la competencia lecto escritural del inglés como lengua extranjera",Colombia,2018,UNIVERSIDAD CATOLICA LUIS AMIGO.,SANDRA MILENA RESTREPO ESCOBAR,4
00863,011,Jurado/Comisiones evaluadoras de trabajo de grado,Proyecto de intervención psicoeducativa para la prevención del trabajo infantil minero en el municipio de El Bagre ¿ Antioquia,Colombia,2018,UNIVERSIDAD CATOLICA LUIS AMIGO.,SANDRA MILENA RESTREPO ESCOBAR,4
00864,011,Jurado/Comisiones evaluadoras de trabajo de grado,DISCURSOS SOBRE LA RESOCIALIZACIÓN,Colombia,2017,TECNOLOGICO DE ANTIOQUIA INSTITUCION UNIVERSITARIA.,SANDRA MILENA RESTREPO ESCOBAR,4
00865,011,Jurado/Comisiones evaluadoras de trabajo de grado,"Factores personales, socio-familiares y de atención asociados a la calidad de vida de los usuarios del Sistema de Atención al Habitante de Calle Adulto de Medellín, año 2015.",Colombia,2015,UNIVERSIDAD CES.,SANDRA MILENA RESTREPO ESCOBAR,4
00866,011,Jurado/Comisiones evaluadoras de trabajo de grado,POTENCIAL DE DISPARIDAD ASOCIADO A ESQUIZOFRENIA EN CONSUMIDORES DE CANNABIS,Colombia,2014,UNIVERSIDAD CES.,GUILLERMO ALONSO CASTANO PEREZ,4
00867,011,Jurado/Comisiones evaluadoras de trabajo de grado,"Percepciones de los voluntarios de la defensa civil seccional Antioquia sobre los efectos que tiene en su salud mental, la intervención con emergencias, urgencias y desastres.",Colombia,2013,INSTITUCIÓN UNIVERSITARIA DE ENVIGADO.,CESAR AUGUSTO JARAMILLO JARAMILLO,4
00868,011,Jurado/Comisiones evaluadoras de trabajo de grado,"Efectos psicosociales asociados al desempleo en mujeres jefas de Hogar, entre los 30 y 50 años de edad del municipio de Sabaneta",Colombia,2013,INSTITUCIÓN UNIVERSITARIA DE ENVIGADO.,CESAR AUGUSTO JARAMILLO JARAMILLO,4
00869,011,Jurado/Comisiones evaluadoras de trabajo de grado,Concepción de sentido de vida y actitudes frente al abandono en dos hogares geriátricos del municipio de Envigado.,Colombia,2013,INSTITUCIÓN UNIVERSITARIA DE ENVIGADO.,CESAR AUGUSTO JARAMILLO JARAMILLO,4
00870,011,Jurado/Comisiones evaluadoras de trabajo de grado,Locura y Fármaco: ¿Exclusión o Inclusión?,Colombia,2012,INSTITUCIÓN UNIVERSITARIA DE ENVIGADO.,CESAR AUGUSTO JARAMILLO JARAMILLO,4
00871,011,Jurado/Comisiones evaluadoras de trabajo de grado,"DIAGNÓSTICO DE CLIMA ORGANIZACIONAL EN LA EMPRESA PORZZYNY, QUE PERMITA ORIENTAR ESTRATEGIAS DE MEJORAMIENTO ORGANIZACIONAL ENCAMINADAS AL INCREMENTO DEL COMPROMISO, LA PRODUCTIVIDAD Y LA LEALTAD HACIA LA EMPRESA.",Colombia,2012,INSTITUCIÓN UNIVERSITARIA DE ENVIGADO.,CESAR AUGUSTO JARAMILLO JARAMILLO,4
00872,011,Jurado/Comisiones evaluadoras de trabajo de grado,"EVALUACION DE LA EFECTIVIDAD DE UN PROGRAMA PARA LA PREVENCIÓN DEL CONSUMO DE CIGARRILLO EN ESCOLARES ADOLESCENTES DE SEXTO Y SÉPTIMO GRADO EN ALGUNOS CENTROS DE ENSEÑANZA DE CARTAGENA, COLOMBIA.",Colombia,2011,UNIVERSIDAD NACIONAL DE COLOMBIA.,GUILLERMO ALONSO CASTANO PEREZ,4
00873,011,Jurado/Comisiones evaluadoras de trabajo de grado,Pensando el Modelo de Atencion del CIAF,Colombia,2009,UNIVERSIDAD DE SAN BUENAVENTURA - SEDE MEDELLÍN.,GUILLERMO ALONSO CASTANO PEREZ,4
00874,011,Jurado/Comisiones evaluadoras de trabajo de grado,Un modelo Psicosocial Educativo para el tratamiento de las Adicciones en Colombia. Sistematizacin de una Experiencia,España,2007,Universidad De Deusto De Bilbao.,GUILLERMO ALONSO CASTANO PEREZ,4
00875,011,Jurado/Comisiones evaluadoras de trabajo de grado,"Aplicacion de un programa Cognitivo conductual sobre estilos de afrontamiento en adolescentes entre lso 16 y 17 años que consumen drogas, residentes en la Comunidad Terapeutica San Gregoria, Colombia 2005- 2006",Colombia,2007,Universidad Nacional de Educación a Distancia.,GUILLERMO ALONSO CASTANO PEREZ,4
00876,011,Jurado/Comisiones evaluadoras de trabajo de grado,Alternativas de tratamiento que se ofrecen a la ludopatía en el Área metropolitana,Colombia,2007,UNIVERSIDAD CATOLICA LUIS AMIGO.,MARIA ADELAIDA STORTI CALDERON,4
00877,011,Jurado/Comisiones evaluadoras de trabajo de grado,Factores protectores y de riesgo a la drogadicción en adolescentes de 12 a 14 años en Instituciones educativas de Fe y Alegría. San José,Colombia,2005,UNIVERSIDAD CATOLICA LUIS AMIGO.,MARIA ADELAIDA STORTI CALDERON,4
00878,012,Jurado/Comisiones evaluadoras de trabajo de grado,Inteligencia artificial en las organizaciones del norte del Valle de Aburrá,Colombia,2023,Corporación Universitaria Minuto De Dios - Sede Bello.,WILMAR DANIEL GOMEZ MONSALVE,4
00879,012,Jurado/Comisiones evaluadoras de trabajo de grado,"Propuesta de medio digital de contenidos de seguimiento a la contratación y el gasto público en la ciudad de Cali, Colombia",Colombia,2023,UNIVERSIDAD PONTIFICIA BOLIVARIANA.,MARIA CRISTINA PINTO ARBOLEDA,4
00880,012,Jurado/Comisiones evaluadoras de trabajo de grado,VIDEOJUEGOS COMERCIALES EN EL AULA: ESTRATEGIA PARA LA COMUNICACIÓN Y EDUCACIÓN EN SALUD SEXUAL DE LOS ADOLESCENTES,España,2023,Universidad Autónoma de Barcelona.,MARIA CRISTINA PINTO ARBOLEDA,4
00881,012,Jurado/Comisiones evaluadoras de trabajo de grado,"Interacción comunicativa entre los usuarios, las publicaciones y los contenidos en las fanpage de Facebook de la Alcaldía de Medellín y las Alcaldías del Sur del Valle de Aburrá.",Colombia,2019,UNIVERSIDAD CATOLICA LUIS AMIGO.,CARLOS ANDRES TREJOS GIL,4
00882,012,Jurado/Comisiones evaluadoras de trabajo de grado,FASHION FILM: RGB,Colombia,2018,POLITÉCNICO COLOMBIANO JAIME ISAZA CADAVID.,MARCOS VEGA SENA,4
00883,012,Jurado/Comisiones evaluadoras de trabajo de grado,"LA COMUNICACIÓN MÓVIL EN LA ERA DE LAS REDES SOCIALES Y EL VIDEO (Una herramienta de difusión de narrativas hipermedia para fomentar la participación, activación y difusión de contenidos)",Colombia,2018,POLITÉCNICO COLOMBIANO JAIME ISAZA CADAVID.,MARCOS VEGA SENA,4
00884,012,Jurado/Comisiones evaluadoras de trabajo de grado,Memorias de Capurganá: Ruptura y cambio generacional de las tradiciones,Colombia,2018,UNIVERSIDAD DE ANTIOQUIA.,MARCOS VEGA SENA,4
00885,012,Jurado/Comisiones evaluadoras de trabajo de grado,EmberApp: un diálogo con el universo indígena.,Colombia,2018,Universidad De Antioquia - Sede Turbo.,MARCOS VEGA SENA,4
00886,012,Jurado/Comisiones evaluadoras de trabajo de grado,Categorías sintácticas finitas: una propuesta pedagógica orientada a fortalecer la competencia lingüística en los estudiantes del grado segundo de la Institución Educativa Rosalía Suárez del municipio de Medellín-Antioquia.,Colombia,2018,UNIVERSIDAD DE MEDELLIN.,MARCOS VEGA SENA,4
00887,012,Jurado/Comisiones evaluadoras de trabajo de grado,EL REPOSICIONAMIENTO: Análisis conceptual y causal del fenómeno desde su origen hasta el (re)planteamiento actual.,España,2017,UNIVERSIDAD DE BARCELONA.,PAOLO ANTONIO VILLALBA STORTI,4
00888,012,Jurado/Comisiones evaluadoras de trabajo de grado,ESTADO DEL ARTE DE LA PRODUCCIÓN ACADÉMICA-INVESTIGATIVA EN MARKETING DIGITAL DESARROLLADA EN COLOMBIA Y LATINOAMÉRICA DURANTE EL PERIODO 2006-2016,España,2017,UNIVERSIDAD DE BARCELONA.,PAOLO ANTONIO VILLALBA STORTI,4
00889,012,Jurado/Comisiones evaluadoras de trabajo de grado,Isla Fuerte: La antes de Los Otros,Colombia,2017,UNIVERSIDAD DE ANTIOQUIA.,MARCOS VEGA SENA,4
00890,012,Jurado/Comisiones evaluadoras de trabajo de grado,"¿ De que manera la marca de cerveza Pilsen implementa el el engagement en su estrategia digital en redes sociales Facebook, Twitter y en su página principal, para lograr fidalización de marca en el consumidor?",Colombia,2017,UNIVERSIDAD CATOLICA LUIS AMIGO.,CLAUDIA INES VELEZ OCHOA,4
00891,012,Jurado/Comisiones evaluadoras de trabajo de grado,"Alabaos, bullerengue y sextetos como formas de conservación de la tradición oral afrocolombiana en un grupo de personas del municipio de Turbo",Colombia,2017,UNIVERSIDAD DE ANTIOQUIA.,MARCOS VEGA SENA,4
00892,012,Jurado/Comisiones evaluadoras de trabajo de grado,Influencia de la música reggae panameña en la inclusión de nuevas palabras en el dialecto de un grupo de jóvenes del barrio Obrero de Apartadó.,Colombia,2017,UNIVERSIDAD DE ANTIOQUIA.,MARCOS VEGA SENA,4
00893,012,Jurado/Comisiones evaluadoras de trabajo de grado,Aporte del metal en la construcción de identidad cultural de Andes en un grupo de personas a partir de 1990,Colombia,2017,UNIVERSIDAD DE ANTIOQUIA.,MARCOS VEGA SENA,4
00894,012,Jurado/Comisiones evaluadoras de trabajo de grado,Las mujeres en el fandango,Colombia,2017,UNIVERSIDAD DE ANTIOQUIA.,MARCOS VEGA SENA,4
00895,012,Jurado/Comisiones evaluadoras de trabajo de grado,La empatía teratológica en la obra de Patricia Piccinini,Colombia,2016,UNIVERSIDAD DE ANTIOQUIA.,"JUAN DIEGO LOPEZ MEDINA, RAFAEL MAURICIO PARIS RESTREPO",4
00896,012,Jurado/Comisiones evaluadoras de trabajo de grado,Construcciones simbólicas de los consumidores sobre eatertainment y restaurantes temáticos en la ciudad de Medellín.,Colombia,2016,UNIVERSIDAD PONTIFICIA BOLIVARIANA.,"CLAUDIA INES VELEZ OCHOA, OMAR MUNOZ SANCHEZ",4
00897,012,Jurado/Comisiones evaluadoras de trabajo de grado,Posicionamiento del canal TVN como una empresa socialmente responsable con base en las comunicaciones y las Relaciones Públicas,Colombia,2016,UNIVERSIDAD CATOLICA LUIS AMIGO.,LINA MARIA GONZALEZ CORREA,4
00898,012,Jurado/Comisiones evaluadoras de trabajo de grado,Incidencia del sistema de gestión administrativo de la Fundación Universitaria San Martín (FUSM) en su crisis actual y su relación con los públicos internos de la institución,Colombia,2016,UNIVERSIDAD CATOLICA LUIS AMIGO.,LINA MARIA GONZALEZ CORREA,4
00899,012,Jurado/Comisiones evaluadoras de trabajo de grado,"Facebook como medio de promoción y convocatoria al programa de participación ciudadana de la Alcaldía de Medellín, entre la población joven de la comunica 10 ¿ La Candelaria",Colombia,2016,UNIVERSIDAD CATOLICA LUIS AMIGO.,LINA MARIA GONZALEZ CORREA,4
00900,012,Jurado/Comisiones evaluadoras de trabajo de grado,LA INTERATIVIDAD COMUNICATIVA ENTRE EL USUARIO T EL SITIO WEB EL PERIÓDICO EL TIEMPO,Colombia,2016,UNIVERSIDAD CATOLICA LUIS AMIGO.,LINA MARIA GONZALEZ CORREA,4
00901,012,Jurado/Comisiones evaluadoras de trabajo de grado,Somos Sura: Intranet que gestiona el conocimiento de Suramericana,Colombia,2016,UNIVERSIDAD CATOLICA LUIS AMIGO.,LINA MARIA GONZALEZ CORREA,4
00902,012,Jurado/Comisiones evaluadoras de trabajo de grado,Responsabilidad social en la Fundación Universitaria Luis Amigo,Colombia,2016,UNIVERSIDAD CATOLICA LUIS AMIGO.,LINA MARIA GONZALEZ CORREA,4
00903,012,Jurado/Comisiones evaluadoras de trabajo de grado,"Consumo de la red social Facebook por los estudiantes universitarios: Caso Universidad Santo Tomás, Sede Medellín",Colombia,2016,UNIVERSIDAD CATOLICA LUIS AMIGO.,LINA MARIA GONZALEZ CORREA,4
00904,012,Jurado/Comisiones evaluadoras de trabajo de grado,Diagnóstico del relacionamiento de la marca ¿Colectivo Siclas¿ con sus diferentes públicos,Colombia,2016,UNIVERSIDAD CATOLICA LUIS AMIGO.,LINA MARIA GONZALEZ CORREA,4
00905,012,Jurado/Comisiones evaluadoras de trabajo de grado,Estrategias de Relaciones Públicas para centros de formación,Colombia,2016,UNIVERSIDAD CATOLICA LUIS AMIGO.,LINA MARIA GONZALEZ CORREA,4
00906,012,Jurado/Comisiones evaluadoras de trabajo de grado,¿Imagen de Medellín. Mercadeo y percepciones en el caso de la ciudad más innovadora¿,Colombia,2015,UNIVERSIDAD DE ANTIOQUIA.,LINA MARIA GONZALEZ CORREA,4
00907,012,Jurado/Comisiones evaluadoras de trabajo de grado,COLOMBIAMODA. ESTUDIO DE CASO DE PROCESOS COMUNICATIVOS,Colombia,2015,UNIVERSIDAD CATOLICA LUIS AMIGO.,LINA MARIA GONZALEZ CORREA,4
00908,012,Jurado/Comisiones evaluadoras de trabajo de grado,COLOMBIAMODA. ESTUDIO DE CASO DE PROCESOS COMUNICATIVOS,Colombia,2015,UNIVERSIDAD CATOLICA LUIS AMIGO.,LINA MARIA GONZALEZ CORREA,4
00909,012,Jurado/Comisiones evaluadoras de trabajo de grado,ESTRATEGIAS DE COMUNICACIÓN UTILIZADAS EN LOS PROCESOS ARTÍSTICOS DE LA CORPORACIÓN CULTURAL NUESTRA GENTE,Colombia,2015,UNIVERSIDAD CATOLICA LUIS AMIGO.,LINA MARIA GONZALEZ CORREA,4
00910,012,Jurado/Comisiones evaluadoras de trabajo de grado,ESTRATEGIAS DE COMUNICACIÓN UTILIZADAS EN LOS PROCESOS ARTÍSTICOS DE LA CORPORACIÓN CULTURAL NUESTRA GENTE,Colombia,2015,UNIVERSIDAD CATOLICA LUIS AMIGO.,LINA MARIA GONZALEZ CORREA,4
00911,012,Jurado/Comisiones evaluadoras de trabajo de grado,COMPETENCIAS PARA EL USO DE TIC EN PROCESOS EDUCATIVOS DE LOS DOCENTES. ESTUDIO DE CASO,Colombia,2015,UNIVERSIDAD CATOLICA LUIS AMIGO.,LINA MARIA GONZALEZ CORREA,4
00912,012,Jurado/Comisiones evaluadoras de trabajo de grado,LAS PRÁCTICAS DISCURSIVAS GENERADAS A TRAVÉS DEL REGGEATON,Colombia,2015,UNIVERSIDAD CATOLICA LUIS AMIGO.,LINA MARIA GONZALEZ CORREA,4
00913,012,Jurado/Comisiones evaluadoras de trabajo de grado,PERCEPCIÓN DE LA FOTOGRAFÍA ERÓTICA DE LA REVISTA SOHO,Colombia,2015,UNIVERSIDAD CATOLICA LUIS AMIGO.,LINA MARIA GONZALEZ CORREA,4
00914,012,Jurado/Comisiones evaluadoras de trabajo de grado,PROCESO COMUNICATIVO EN LA CRISIS DE LA SALUD PÚBLICA,Colombia,2015,UNIVERSIDAD CATOLICA LUIS AMIGO.,LINA MARIA GONZALEZ CORREA,4
00915,012,Jurado/Comisiones evaluadoras de trabajo de grado,TWITTER COMO ESCENARIO COMUNICATIVO ENTRE LAS ORGANIZACIONES PERIODISTICAS Y SUS RECEPTORES,Colombia,2015,UNIVERSIDAD CATOLICA LUIS AMIGO.,LINA MARIA GONZALEZ CORREA,4
00916,012,Jurado/Comisiones evaluadoras de trabajo de grado,REALITY SHOW COMO CONSTRUCTORES DE IMAGINARIOS SOCIALES,Colombia,2015,UNIVERSIDAD CATOLICA LUIS AMIGO.,LINA MARIA GONZALEZ CORREA,4
00917,012,Jurado/Comisiones evaluadoras de trabajo de grado,ESTRATEGIAS EDUCOMUNICATIVAS USADAS EN LAS CARICATURAS POLÍTICAS DE BETTO Y MICO,Colombia,2015,UNIVERSIDAD CATOLICA LUIS AMIGO.,LINA MARIA GONZALEZ CORREA,4
00918,012,Jurado/Comisiones evaluadoras de trabajo de grado,APROPIACIÓN CIUDADANA DE ESPACIOS. ESTUDIO DE CASO: CARLOS E. RESTREPO	ESTE,Colombia,2015,UNIVERSIDAD CATOLICA LUIS AMIGO.,LINA MARIA GONZALEZ CORREA,4
00919,012,Jurado/Comisiones evaluadoras de trabajo de grado,ESTRATEGIAS COMUNICATIVAS PARA EL USO DE TIC EN INSTITUCIONES DE EDUACIÓN PRIVADAS Y PÚBLICAS,Colombia,2015,UNIVERSIDAD CATOLICA LUIS AMIGO.,LINA MARIA GONZALEZ CORREA,4
00920,012,Jurado/Comisiones evaluadoras de trabajo de grado,ESTRATEGIAS DE COMUNICACIÓN DIGITAL EN PYMES,Colombia,2015,UNIVERSIDAD CATOLICA LUIS AMIGO.,LINA MARIA GONZALEZ CORREA,4
00921,012,Jurado/Comisiones evaluadoras de trabajo de grado,ESTUDIO DE TIC EN LA INSTITUCIÓN EDUCATIVA FÉ Y ALEGRÍA,Colombia,2015,UNIVERSIDAD CATOLICA LUIS AMIGO.,LINA MARIA GONZALEZ CORREA,4
00922,012,Jurado/Comisiones evaluadoras de trabajo de grado,PRÁCTICAS DISCURSIVAS GENERADAS POR EL REGGETON EN JÓVENES DE LA CIUDAD,Colombia,2015,UNIVERSIDAD CATOLICA LUIS AMIGO.,LINA MARIA GONZALEZ CORREA,4
00923,012,Jurado/Comisiones evaluadoras de trabajo de grado,RESPONSABILIDAD SOCIAL COMO ESTRÁTEGIA GENERADORA DE IMAGEN CORPORATIVA DE EEPP,Colombia,2015,UNIVERSIDAD CATOLICA LUIS AMIGO.,LINA MARIA GONZALEZ CORREA,4
00924,012,Jurado/Comisiones evaluadoras de trabajo de grado,TRANSFORMACIÓN EN LOS IMAGINARIOS SOCIALES DESDE LAS ESTÉTICAS DEL VESTIR DE LAS MUJERES A TRAVÉS DE LOS CONTENIDOS TEMÁTICOS DE COLOMBIAMODA,Colombia,2015,UNIVERSIDAD CATOLICA LUIS AMIGO.,LINA MARIA GONZALEZ CORREA,4
00925,012,Jurado/Comisiones evaluadoras de trabajo de grado,EXPRESIONES NARRADAS VISUALMENTE EN LA SERIE DE PINTURAS ABU GHRAIB DE FERNANDO BOTERO,Colombia,2015,UNIVERSIDAD CATOLICA LUIS AMIGO.,LINA MARIA GONZALEZ CORREA,4
00926,012,Jurado/Comisiones evaluadoras de trabajo de grado,CARACTERÍSTICAS GENERALES Y PRAGMÁTICAS DE LOS ARTÍCULOS DE DIVULGACIÓN CIENTIFÍCA EN EL COLOMBIANO Y EL MUNDO,Colombia,2015,UNIVERSIDAD CATOLICA LUIS AMIGO.,LINA MARIA GONZALEZ CORREA,4
00927,012,Jurado/Comisiones evaluadoras de trabajo de grado,MODELOS ESTÉTICOS COMO IMAGINARIO SOCIAL,Colombia,2015,UNIVERSIDAD CATOLICA LUIS AMIGO.,LINA MARIA GONZALEZ CORREA,4
00928,012,Jurado/Comisiones evaluadoras de trabajo de grado,DISCURSO PERIODÍSTICO Y FÚTBOL,Colombia,2015,UNIVERSIDAD CATOLICA LUIS AMIGO.,LINA MARIA GONZALEZ CORREA,4
00929,012,Jurado/Comisiones evaluadoras de trabajo de grado,LAS TIC COMO HERRAMIENTAS PEDAGÓGICAS EN EL COLEGIO SAGRADO CORAZÓN DE MARÍA,Colombia,2015,UNIVERSIDAD CATOLICA LUIS AMIGO.,LINA MARIA GONZALEZ CORREA,4
00930,012,Jurado/Comisiones evaluadoras de trabajo de grado,INFLUENCIA DE LAS NARCOSERIES EN LAS MUJERES PARA LA TRANSFORMACIÓN DEL CUERPO CON FINES ESTÉTICOS	ALEJANDRA MORENO RAVE ¿ STEPHANIA CESPEDES AGUDELO,Colombia,2015,UNIVERSIDAD CATOLICA LUIS AMIGO.,LINA MARIA GONZALEZ CORREA,4
00931,012,Jurado/Comisiones evaluadoras de trabajo de grado,INTERACCIONES COMUNICATIVS ENTRE LOS EDUCADORES Y LOS NIÑOS ASISTENTES AL PROGRAMA ¿CREATIVOS MAMM¿,Colombia,2015,UNIVERSIDAD CATOLICA LUIS AMIGO.,LINA MARIA GONZALEZ CORREA,4
00932,012,Jurado/Comisiones evaluadoras de trabajo de grado,CARACTERISTICAS DE LAS NARRATIVAS AUDIOVISUALES EN LAS PRODUCCIONES DE FICCIÓN QUE SE PRESENTAN EN FESTIVALES DE CINE VIRTUALES: ESTUDIO DE CASO FESTIVAL CORTOPUNZANTE,Colombia,2015,UNIVERSIDAD CATOLICA LUIS AMIGO.,LINA MARIA GONZALEZ CORREA,4
00933,012,Jurado/Comisiones evaluadoras de trabajo de grado,ESTUDIO DE CASO: PROCESO COMUNICATIVO ORAL QUE SE PRODUCE ENTRE LOS EMPLEADOS DEL TRAPICHE PANELERO MAVEICO,Colombia,2015,UNIVERSIDAD CATOLICA LUIS AMIGO.,LINA MARIA GONZALEZ CORREA,4
00934,012,Jurado/Comisiones evaluadoras de trabajo de grado,INTERACCIONES COMUNICATIVAS ENTRE LA FUNDACIÓN FORJANDO FUTUROS Y VÍCTIMAS DE DESPLAZAMIENTO FORZADO,Colombia,2015,UNIVERSIDAD CATOLICA LUIS AMIGO.,LINA MARIA GONZALEZ CORREA,4
00935,012,Jurado/Comisiones evaluadoras de trabajo de grado,EL CINE COMO ESTRÁTEGIA PARA LA ESTIMULACIÓN DE LAS MANIFESTACIONES DEL HABLA,Colombia,2015,UNIVERSIDAD CATOLICA LUIS AMIGO.,LINA MARIA GONZALEZ CORREA,4
00936,012,Jurado/Comisiones evaluadoras de trabajo de grado,ESTUDIO DE CASO: POSICIONAMIENTO ESTRÁTEGICO RESTAURANTE MORE,Colombia,2015,UNIVERSIDAD CATOLICA LUIS AMIGO.,LINA MARIA GONZALEZ CORREA,4
00937,012,Jurado/Comisiones evaluadoras de trabajo de grado,¿FORTALECIMIENTO DEL SENTIDO DE PERTENENCIA COMO MANIFESTACIÓN DE LA CULTURA ORGANIZACIONAL EN EL ÁREA ADMINISTRATIVA DEL INSTITUTO METROPOLITANO DE EDUCACIÓN - IME.¿,Colombia,2015,UNIVERSIDAD PONTIFICIA BOLIVARIANA.,GABRIEL JAIME LOTERO ECHEVERRI,4
00938,012,Jurado/Comisiones evaluadoras de trabajo de grado,"Estrategia de Comunicación Corporativa y Relacionamiento con Grupo de Interés, una propuesta para la Gobernación de Antioquia",Colombia,2013,UNIVERSIDAD DE ANTIOQUIA.,EDWIN ANDRES SEPULVEDA CARDONA,4
00939,013,Jurado/Comisiones evaluadoras de trabajo de grado,Los aportes teológicos de John Hernry Newman a los laicos para vivir la fe en sociedades secularizadas,Colombia,2024,UNIVERSIDAD DE LA SABANA.,JUAN SEBASTIAN HERNANDEZ VALENCIA,4
00940,013,Jurado/Comisiones evaluadoras de trabajo de grado,"Una propuesta formativa inspirada en 1 Jn 4, 8 para los jóvenes de la Universidad Católica san Pablo en la ciudad de Arequipa, Perú",Colombia,2024,UNIVERSIDAD DE LA SABANA.,JUAN SEBASTIAN HERNANDEZ VALENCIA,4
00941,013,Jurado/Comisiones evaluadoras de trabajo de grado,Resistencias: un estudio de las trayectorias del yoga en Medellín a partir de un ejercicio etnográfico y de historias de vida de yoguis (1980- 2017),Colombia,2022,UNIVERSIDAD NACIONAL DE COLOMBIA SEDE MEDELLÍN.,LINA MARCELA DE LA MILAGROSA CADAVID RAMIREZ,4
00942,013,Jurado/Comisiones evaluadoras de trabajo de grado,¿La búsqueda de la trascendencia: un estudio sobre la lectura heideggeriana de la Crítica de la razón pura,Colombia,2022,UNIVERSIDAD DE LA SABANA.,JUAN SEBASTIAN HERNANDEZ VALENCIA,4
00943,013,Jurado/Comisiones evaluadoras de trabajo de grado,Las Ciencias Sociales y las Humanidades en los estudios sobre el cambio climático: un análisis de las conferencias presentadas en American Geophysical Union (2010-2018),Colombia,2020,UNIVERSIDAD EAFIT.,LINA MARCELA DE LA MILAGROSA CADAVID RAMIREZ,4
00944,013,Jurado/Comisiones evaluadoras de trabajo de grado,La Comunicación Matemática Elemento Clave en la Resolución de Problemas,Colombia,2020,UNIVERSIDAD CATOLICA DE ORIENTE.,HERNAN ANDRES CARMONA GARZON,4
00945,013,Jurado/Comisiones evaluadoras de trabajo de grado,El concepto de acción y la formación del hombre político en Hannah Arendt,Colombia,2019,UNIVERSIDAD PONTIFICIA BOLIVARIANA.,ANDRES FELIPE AGUDELO ZORRILLA,4
00946,013,Jurado/Comisiones evaluadoras de trabajo de grado,El silencio de la poesía. Las poéticas de Hugo Mujica y Gregorio Cuartas,Colombia,2019,UNIVERSIDAD DE ANTIOQUIA.,JUAN ESTEBAN LONDONO BETANCUR,4
00947,013,Jurado/Comisiones evaluadoras de trabajo de grado,EL SENTIDO COMO ESTRUCTURA DEL SER HUMANO A PROPOSITO DE WITTGENTEIN Y GADAMER,Colombia,2017,UNIVERSIDAD PONTIFICIA BOLIVARIANA.,DAVID ESTEBAN ZULUAGA MESA,4
00948,013,Jurado/Comisiones evaluadoras de trabajo de grado,Estrategias Metodológicas: Filosofía para niños y taller lúdico,Colombia,2017,UNIVERSIDAD CATOLICA LUIS AMIGO.,JONNY ALEXANDER GARCIA ECHEVERRI,4
00949,013,Jurado/Comisiones evaluadoras de trabajo de grado,Heidegger: aproximación al concepto de verdad,Colombia,2013,UNIVERSIDAD DE ANTIOQUIA.,ANDRES ALFREDO CASTRILLON CASTRILLON,4
00950,013,Jurado/Comisiones evaluadoras de trabajo de grado,Verdad y democracia en Richard Rorty. El paso de la epistemología a la política como clave de lectura del neopragmatismo,Colombia,2013,UNIVERSIDAD PONTIFICIA BOLIVARIANA.,"DAVID ESTEBAN ZULUAGA MESA, JOSE OLIMPO SUAREZ MOLANO",4
00951,014,Jurado/Comisiones evaluadoras de trabajo de grado,"Learning in service companies: A case analysis of SMEs in the gastronomic sector in Antioquia, Colombia",Colombia,2025,UNIVERSIDAD DE MEDELLIN.,FARLEY SARY ROJAS RESTREPO,4
00952,014,Jurado/Comisiones evaluadoras de trabajo de grado,EFECTOS DE LA IMPLEMETACIÓN DEL MARCO TÉCNICO NORMATIVO CONTABLE PARA ENTIDADES DEL GRUPO 1 EN LA EMPRESA FERROVIARIA DE MEDELLIN,Colombia,2022,UNIVERSIDAD DE ANTIOQUIA.,FARLEY SARY ROJAS RESTREPO,4
00953,014,Jurado/Comisiones evaluadoras de trabajo de grado,Prácticas de gestión financiera en las MIPYMES del Urabá antioqueño ante la pandemia: caracterización y estudios de correlación,Colombia,2022,UNIVERSIDAD DE ANTIOQUIA.,FARLEY SARY ROJAS RESTREPO,4
00954,014,Jurado/Comisiones evaluadoras de trabajo de grado,"Análisis de financiamiento con terceros para mejorar el desempeño competitivo y productivo de los mineros con explotación a baja escala y bajos niveles de formalización, dedicados a la explotación aurífera en el nordeste de Antioquia",Colombia,2022,UNIVERSIDAD DE ANTIOQUIA.,FARLEY SARY ROJAS RESTREPO,4
00955,014,Jurado/Comisiones evaluadoras de trabajo de grado,Incidencia económica de las importaciones en la competitividad del sector textil de Medellín,Colombia,2020,TECNOLOGICO DE ANTIOQUIA INSTITUCION UNIVERSITARIA.,LUZ MERY ORTIZ SANCHEZ,4
00956,014,Jurado/Comisiones evaluadoras de trabajo de grado,Creación de políticas y proceso idóneos de posicionamiento de créditos educativos y manejo de cartera en el instituto Colombia de educación para el trabajo INSET,Colombia,2020,Universidad Católica del Norte.,SOL BEATRIZ VELEZ ESCOBAR,4
00957,014,Jurado/Comisiones evaluadoras de trabajo de grado,LA CONTABILIDAD PÚBLICA COMO HERRAMIENTA DE GESTION Y MECANISMO DE CONTROL PARA EL MUNICIPIO DE YARUMAL,Colombia,2020,UNIVERSIDAD DE ANTIOQUIA.,FARLEY SARY ROJAS RESTREPO,4
00958,014,Jurado/Comisiones evaluadoras de trabajo de grado,Evolución de las prácticas profesionales contables en el relacionamiento de los stakeholders 2014-2018,Colombia,2019,UNIVERSIDAD DE ANTIOQUIA.,FARLEY SARY ROJAS RESTREPO,4
00959,014,Jurado/Comisiones evaluadoras de trabajo de grado,Jurado Evaluador Ética del profesional en contaduria publica,Venezuela,2018,Universidad de los Andes Venezuela.,MARIA VICTORIA AGUDELO VARGAS,4
00960,014,Jurado/Comisiones evaluadoras de trabajo de grado,"Impactos de la información e indicadores financieros, por la convergencia de NIIF Plenas: Propiedad, Planta y Equipo",Colombia,2013,UNIVERSIDAD DE ANTIOQUIA.,LILIAM BETANCUR JARAMILLO,4
00961,014,Jurado/Comisiones evaluadoras de trabajo de grado,Manejo de Insumos y Control Interno de Inventarios en el Área de Almacén de la Empresa Flores el Trigal Ltda.,Colombia,2009,POLITÉCNICO COLOMBIANO JAIME ISAZA CADAVID.,LILIAM BETANCUR JARAMILLO,4
00962,014,Jurado/Comisiones evaluadoras de trabajo de grado,Normalización de los Procesos Contables y Recursos Humanos del Restaurante Deli Loy,Colombia,2009,POLITÉCNICO COLOMBIANO JAIME ISAZA CADAVID.,LILIAM BETANCUR JARAMILLO,4
00963,014,Jurado/Comisiones evaluadoras de trabajo de grado,Implementación de un Modelo de Balance Social para la Fundación Banco Arquidiocesano de Alimentos de Medellín,Colombia,2008,POLITÉCNICO COLOMBIANO JAIME ISAZA CADAVID.,LILIAM BETANCUR JARAMILLO,4
00964,014,Jurado/Comisiones evaluadoras de trabajo de grado,Modelo de Control Interno para el Proceso de Inventarios de Todollantas Del Valle S.A.,Colombia,2008,POLITÉCNICO COLOMBIANO JAIME ISAZA CADAVID.,LILIAM BETANCUR JARAMILLO,4
