id,id_grupo,categoria,tipo_producto,titulo,pais,revista,ano,autores,tipologia
00001,001,Otros artículos publicados,Revista de divulgación,Control y mitigación de ácaros en especies de flores ornamentales en Colombia,Colombia,CIENCIA Y ACADEMIA,2026,"SERGIO BONILLA MENDIETA, LUIS FERNANDO CARDONA PALACIO",1
00002,001,Otros artículos publicados,Revista de divulgación,Functional Prototype of Biometric Fingerprint Recognition Software for Airlines,Colombia,Cuaderno Activa,2025,"VICTOR DANIEL GIL VERA, JEAN CARLOS LOPEZ TAVERA",1
00003,001,Otros artículos publicados,Revista de divulgación,La evolución de la visualización de datos: Campos de aplicación y herramientas de Business Intelligence,Colombia,REVISTA INTERFACES,2024,"ANDRES MAURICIO GRISALES AGUIRRE, LEIDY MARIAN ESPINOSA VILLA, PAOLA MARCELA ALZATE MONTOYA",1
00004,001,Otros artículos publicados,Revista de divulgación,Análisis de Sentimientos Sobre la Educación Remota en Tiempos de Pandemia: Latinoamérica,Colombia,Palobra,2024,"CATALINA QUINTERO LOPEZ, VICTOR DANIEL GIL VERA, KAREN ANGEL GOMEZ, JULIANA VALENCIA OCHOA, YESENIA RESTREPO CAMARGO, YENNI RIVERA MONTOYA, ALEJANDRA HERRERA VELEZ",1
00005,001,Otros artículos publicados,Revista de divulgación,ENSEÑANZA DEL MACHINE LEARNING EN PROGRAMAS DE INGENIERÍA,Colombia,Revista Sai / Sociedad Antioqueña De Ingenieros Y Arquitectos,2023,VICTOR DANIEL GIL VERA,1
00006,001,Otros artículos publicados,Revista de divulgación,Machine Learning Applied to Viscosity Prediction: A Case Study,Grecia,WSEAS TRANSACTIONS ON COMPUTERS,2023,VICTOR DANIEL GIL VERA,1
00007,001,Otros artículos publicados,Revista de divulgación,Aprovechamiento energético del lavado industrial de la empresa Relianz CAT,Colombia,CIENCIA Y ACADEMIA,2023,"LUIS FERNANDO CARDONA PALACIO, VICTOR ORLANDO MARTINEZ MONSALVE",1
00008,001,Otros artículos publicados,Revista de divulgación,Using Machine Learning to Predict the Death Risk in COVID-19 Patients,Bulgaria,International Journal of Biology and Biomedicine,2022,VICTOR DANIEL GIL VERA,1
00009,001,Otros artículos publicados,Periódico de noticias,Objetos Virtuales de Aprendizaje: Un Análisis de Sentimientos,Colombia,Innovación Digital y Desarrollo Sostenible,2022,"VICTOR DANIEL GIL VERA, ALLISON RAMIREZ BERMUDEZ",1
00010,001,Otros artículos publicados,Revista de divulgación,Modelamiento matemático para correlacionar la viscosidad dinámica de refrigerantes utilizando la teoría de reacción absoluta de Eyring,Colombia,INVENTUM,2022,"LUIS FERNANDO CARDONA PALACIO, VIVIANA GOMEZ CEBALLOS",1
00011,001,Otros artículos publicados,Periódico de noticias,Covid -19 como estudio de la pobreza de América Latina en el 2021,Colombia,Revista De Economía Del Caribe,2021,"ANDRES MAURICIO GRISALES AGUIRRE, PAOLA MARCELA ALZATE MONTOYA, KARLA BEATRIZ JULIO MORENO",1
00012,001,Otros artículos publicados,Revista de divulgación,Predicting the melting temperature and the heat of melting of ionic liquids,Estados Unidos,JOURNAL OF IONIC LIQUIDS,2021,"JOSE O VALDERRAMA, LUIS FERNANDO CARDONA PALACIO",1
00013,001,Otros artículos publicados,Revista de divulgación,Modelo generalizado para representar la viscosidad dinámica de mezclas binarias de fluidos Newtonianos de n-alcanos utilizando el concepto de solución regular,Colombia,RIDING,2021,LUIS FERNANDO CARDONA PALACIO,1
00014,001,Otros artículos publicados,Revista de divulgación,Competencias en networking: perspectivas desde una revisión literaria,Colombia,REVISTA INTERFACES,2021,"ANDRES MAURICIO GRISALES AGUIRRE, DAHIANA RAMIREZ CARVAJAL, ADRIAN TORO CARDONA, MARTIN EUGENIO CARVAJAL HENAO",1
00015,001,Otros artículos publicados,Revista de divulgación,Creación de pacientes internacionales automatizado con AUTOIT: Un caso de aplicación,Colombia,REVISTA DIGITAL LAMPSAKOS,2020,LINA MARIA MONTOYA SUAREZ,1
00016,001,Otros artículos publicados,Revista de divulgación,Enfoque multidimensional para el estudio de la pobreza: perspectivas desde una revisión sistemática de literatura multidimensional,Colombia,"INNOVA ""ITFIP""",2020,ANDRES MAURICIO GRISALES AGUIRRE,1
00017,001,Otros artículos publicados,Revista de divulgación,Reporte de caso: análisis de propiedades geotécnicas de un suelo en Copacabana-Antioquia contaminado con jabón,Colombia,MEMORIAS CIMTED,2019,MARIA JULIA NIETO CALLEJAS,1
00018,001,Otros artículos publicados,Revista de divulgación,Balance of Trade and the Dollar Price: A Relational Analysis of the Colombian Case,Pakistán,MIDDLE EAST JOURNAL OF SCIENTIFIC RESEARCH,2019,"VICTOR DANIEL GIL VERA, CATALINA QUINTERO LOPEZ, JAVIER SEBASTIAN RUIZ SANTACRUZ",1
00019,001,Otros artículos publicados,Periódico de noticias,Enseñanza del concepto de derivada con Geogebra: una guía didáctica desde el aula de clase,España,Revista Internacional de Aprendizaje en Ciencia,2386,VICTOR DANIEL GIL VERA,1
00020,001,Otros artículos publicados,Revista de divulgación,Robótica educativa como estrategia pedagógica para construcción y aprehensión de conceptos de ciencias básicas e ingeniería,Colombia,ACOFI,2019,"INGRID DURLEY TORRES PARDO, FRANKLIN FERRARO GOMEZ, JUAN CAMILO GIRALDO CESPEDES, JAIME ALBERTO GUZMAN LUNA",1
00021,001,Otros artículos publicados,Revista de divulgación,Obtención de pigmentos inorgánicos por síntesis de combustión para la industria de pinturas,Colombia,Encuentro Nacional De Investigación Memorias,2019,EDGAR ANDRES CHAVARRIAGA MIRANDA,1
00022,001,Otros artículos publicados,Revista de divulgación,Aceptación del Mlearning: Un Análisis de Sentimientos basado en Minería de Texto,Colombia,CUADERNO ACTIVA,2019,VICTOR DANIEL GIL VERA,1
00023,001,Otros artículos publicados,Revista de divulgación,OBJETOS VIRTUALES DE APRENDIZAJE EN LA ENSEÑANZA DE LA FÍSICA Un Caso de Aplicación,España,Revista Internacional de Aprendizaje en Ciencia,2386,VICTOR DANIEL GIL VERA,1
00024,001,Otros artículos publicados,Revista de divulgación,Memoria TELEDU 2018 -El uso de las TIC en la Universidad Católica Luis Amigó para la enseñanza ¿ aprendizaje,Chile,MEMORIAS CIMTED,2018,LINA MARIA MONTOYA SUAREZ,1
00025,001,Otros artículos publicados,Revista de divulgación,"Memoria III Simposio - Uso de las metodologías ágiles de desarrollo, un análisis de las Pymes Medellín, Colombia",Colombia,Memorias II Simposio de Investigación Uniremington 2016 - Medellín,2018,"LINA MARIA MONTOYA SUAREZ, JORGE MAURICIO SEPULVEDA CASTANO",1
00026,001,Otros artículos publicados,Revista de divulgación,"Memoria CITICI 2018 - Xanthomona, limpieza orgánica de aguas residuales",Argentina,MEMORIAS CIMTED,2018,LINA MARIA MONTOYA SUAREZ,1
00027,001,Otros artículos publicados,Revista de divulgación,Sentiment Analysis on Post conflict in Colombia: A Text Mining Approach,Pakistán,ASIAN JOURNAL OF APPLIED SCIENCES,2018,"VICTOR DANIEL GIL VERA, LINA MARIA MONTOYA SUAREZ, ISABEL CRISTINA PUERTA LOPERA",1
00028,001,Otros artículos publicados,Revista de divulgación,Artificial Neural Networks Applied to the Monitoring of Cost and Durations in Juvenile Reformatories,Pakistán,ASIAN JOURNAL OF APPLIED SCIENCES,2018,"VICTOR DANIEL GIL VERA, ISABEL CRISTINA PUERTA LOPERA, LINA MARIA MONTOYA SUAREZ, JORGE MAURICIO SEPULVEDA CASTANO",1
00029,001,Otros artículos publicados,Revista de divulgación,"Memorias TELEDU 2017 - Metodologías ágiles de desarrollo, uso y beneficio",Colombia,MEMORIAS CIMTED,2017,"LINA MARIA MONTOYA SUAREZ, JORGE MAURICIO SEPULVEDA CASTANO, BAYRON ANDRES SALDARRIAGA ZULUAGA",1
00030,001,Otros artículos publicados,Revista de divulgación,"Memorias CIFCOM 2017 - El uso de las metodologías ágiles de desarrollo, un análisis de las Pymes en Medellín - Colombia",Colombia,MEMORIAS CIMTED,2017,"LINA MARIA MONTOYA SUAREZ, JORGE MAURICIO SEPULVEDA CASTANO",1
00031,001,Otros artículos publicados,Revista de divulgación,Learning Analytics and Scholar Dropout: A Predictive Model,Pakistán,MIDDLE EAST JOURNAL OF SCIENTIFIC RESEARCH,2017,VICTOR DANIEL GIL VERA,1
00032,001,Otros artículos publicados,Revista de divulgación,Prototipo de realidad aumentada orientado al ámbito Educativo,Colombia,Journal Of Engineering And Technology,2256,"EVELYN AGUIRRE MOLINA, LINA MARIA MONTOYA SUAREZ",1
00033,001,Otros artículos publicados,Revista de divulgación,Memorias CIFCOM 2016 - Análisis comparativo de las metodologías ágiles en el desarrollo de software aplicadas en Colombia,Colombia,MEMORIAS CIMTED,2016,"LINA MARIA MONTOYA SUAREZ, JORGE MAURICIO SEPULVEDA CASTANO, LUISA MARIA JIMENEZ RAMOS",1
00034,001,Otros artículos publicados,Revista de divulgación,"Memorias II Simposio - Revisión sistemática de métodos de programación ágil en Medellín, Colombia",Colombia,Memorias II Simposio de Investigación Uniremington 2016 - Medellín,2016,"LINA MARIA MONTOYA SUAREZ, JORGE MAURICIO SEPULVEDA CASTANO, LUISA MARIA JIMENEZ RAMOS",1
00035,001,Otros artículos publicados,Revista de divulgación,Sistema tutorial de aprendizaje y nivelación para aspirantes a PMP,Colombia,REVISTA PERSPECTIVA EMPRESARIAL,2016,VICTOR DANIEL GIL VERA,1
00036,001,Otros artículos publicados,Revista de divulgación,Medicamentos como contaminates de las Aguas. Estudio Teórico Experimental,Colombia,Encuentro Nacional De Investigación Memorias,2016,FRANKLIN FERRARO GOMEZ,1
00037,001,Otros artículos publicados,Revista de divulgación,La química en el mundo de hoy,Colombia,Encuentro Nacional De Investigación Memorias,2016,EDISON HUMBERTO OSORIO LOPEZ,1
00038,001,Otros artículos publicados,Revista de divulgación,Efectos de la Ferrorresonancia en la Energización de Transformadores,Colombia,Revista Cintex,2015,GABRIEL JAIME CORREA HENAO,1
00039,001,Otros artículos publicados,Revista de divulgación,Multi-objective Optimization Proposal with Fuzzy Coefficients in both Constraints and Objective Functions,Colombia,CUADERNO ACTIVA,2015,"GABRIEL JAIME CORREA HENAO, GLORIA ELENA PENA",1
00040,001,Otros artículos publicados,Revista de divulgación,Degradación del colorante índigo carmín: estudio teórico experimental,Colombia,Encuentro Nacional De Investigación Memorias,2015,FRANKLIN FERRARO GOMEZ,1
00041,001,Otros artículos publicados,Revista de divulgación,"Estrategia para generar, teóricamente, cúmulos atómicos que puedan almacenar hidrógeno",Colombia,Encuentro Nacional De Investigación Memorias,2015,EDISON HUMBERTO OSORIO LOPEZ,1
00042,001,Otros artículos publicados,Revista de divulgación,DESARROLLO DE UNA RED NEURONAL ARTIFICIAL PARA LA IDENTIFICACIÓN DE POSIBLES DEUDORES MOROSOS,Colombia,QUID,2015,VICTOR DANIEL GIL VERA,1
00043,001,Otros artículos publicados,Revista de divulgación,"Reflexiones en torno al Mecanismo de Comercialización en el Mercado Eléctrico Británico, después de la Reforma de 2001",Colombia,QUID,2014,GABRIEL JAIME CORREA HENAO,1
00044,001,Otros artículos publicados,Periódico de noticias,Estrategias didácticas en el aprendizaje para el levantamiento de requisitos,Colombia,Interlocuciones Desde La Funlam / Fundacion Universitaria Luis Amigo,2014,"LINA MARIA MONTOYA SUAREZ, ELIZABETH PULGARIN MEJIA, JUAN CARLOS MONSALVE GOMEZ",1
00045,001,Otros artículos publicados,Revista de divulgación,Aplicación de un caso de estudio para la enseñanza de ingeniería de requisitos basado en lúdica en pregrado,Colombia,Universidad Crítica / Universidad Francisco De Paula Santander,2014,"LINA MARIA MONTOYA SUAREZ, JUAN CARLOS MONSALVE GOMEZ, JORGE GAVIRIA HINCAPIE",1
00046,001,Otros artículos publicados,Revista de divulgación,Estudio computacional para la interacción molecular entre el clúster de oro más estable Au7 y la molécula de acetileno C2H2,Colombia,Encuentro Nacional De Investigación Memorias,2014,FRANKLIN FERRARO GOMEZ,1
00047,001,Otros artículos publicados,Revista de divulgación,Enlace químico en compuestos orgánicos cíclicos tipo propalenos,Colombia,Encuentro Nacional De Investigación Memorias,2014,EDISON HUMBERTO OSORIO LOPEZ,1
00048,001,Otros artículos publicados,Revista de divulgación,Diseño y Simulación de un Control para un Aerogenerador Síncrono de Imanes Permanentes,Colombia,QUID,2014,GABRIEL JAIME CORREA HENAO,1
00049,001,Otros artículos publicados,Revista de divulgación,Implementación de Entornos Personales de Aprendizaje -PLE- y con estudiantes universitarios,Colombia,Interlocuciones Desde La Funlam / Fundacion Universitaria Luis Amigo,2014,"JUAN CARLOS MONSALVE GOMEZ, LINA MARIA MONTOYA SUAREZ",1
00050,001,Otros artículos publicados,Revista de divulgación,Development of Large Photovoltaic Solar Energy Projects in South America,Colombia,Journal Of Engineering And Technology,2256,"VICTOR DANIEL GIL VERA, GABRIEL JAIME CORREA HENAO",1
00051,001,Otros artículos publicados,Periódico de noticias,Evaluación de la Vulnerabilidad Estructural en Redes de Transporte de Alta Tensión,Colombia,Revista Cidet,2013,"GABRIEL JAIME CORREA HENAO, JOSE MARIA YUSTA LOYO",1
00052,001,Otros artículos publicados,Revista de divulgación,Representación Topológica de los Sistemas Eléctricos de Potencia y Aplicación en el Análisis de Riesgos - Topologic Representation of Electric Power Systems and Application to Risk Analysis,Colombia,Simposio Internacional Sobre La Calidad De La Energía Eléctrica - Sicel,2013,"GABRIEL JAIME CORREA HENAO, JOSE MARIA YUSTA LOYO",1
00053,001,Otros artículos publicados,Revista de divulgación,Indicador de Vulnerabilidad Geodésica para Análisis de Contingencias en Infraestructuras Eléctricas - Geodesic Vulnerability Index for Contingency Analysis in Electric Infrastructures,Colombia,Simposio Internacional Sobre La Calidad De La Energía Eléctrica - Sicel,2013,"GABRIEL JAIME CORREA HENAO, JOSE MARIA YUSTA LOYO",1
00054,001,Otros artículos publicados,Revista de divulgación,Critical Infrastructure Protection Plans - Planes de Protección de Infraestructuras Críticas,Colombia,Simposio Internacional Sobre La Calidad De La Energía Eléctrica - Sicel,2013,"GABRIEL JAIME CORREA HENAO, JOSE MARIA YUSTA LOYO",1
00055,001,Otros artículos publicados,Revista de divulgación,Seguridad Energética y Protección de Infraestructuras Críticas,Colombia,REVISTA DIGITAL LAMPSAKOS,2013,"GABRIEL JAIME CORREA HENAO, JOSE MARIA YUSTA LOYO",1
00056,001,Otros artículos publicados,Revista de divulgación,Búsqueda de nuevos materiales para celdas solares y dispositivos luminiscentes,Colombia,Encuentro Nacional De Investigación Memorias,2013,FRANKLIN FERRARO GOMEZ,1
00057,001,Otros artículos publicados,Revista de divulgación,Estrategias didácticas para enseñar técnicas de elicitación de requisitos,Colombia,Interlocuciones Desde La Funlam / Fundacion Universitaria Luis Amigo,2013,"LINA MARIA MONTOYA SUAREZ, ELIZABETH PULGARIN MEJIA, JUAN CARLOS MONSALVE GOMEZ",1
00058,001,Otros artículos publicados,Revista de divulgación,Modelos de Trazabilidad de Requisitos para el Desarrollo de Software,Colombia,QUID,2013,"GABRIEL JAIME CORREA HENAO, LINA MARIA MONTOYA SUAREZ, LINA MARIA MONTOYA SUAREZ",1
00059,001,Otros artículos publicados,Revista de divulgación,Enseñanza en la ingeniería de software: aproximación a un estado del arte,Colombia,Interlocuciones Desde La Funlam / Fundacion Universitaria Luis Amigo,2013,"LINA MARIA MONTOYA SUAREZ, ELIZABETH PULGARIN MEJIA",1
00060,001,Otros artículos publicados,Revista de divulgación,Aplicación del modelo ANFIS para predicción de series de tiempo,Colombia,Interlocuciones Desde La Funlam / Fundacion Universitaria Luis Amigo,2013,"LINA MARIA MONTOYA SUAREZ, GABRIEL JAIME CORREA HENAO",1
00061,001,Otros artículos publicados,Revista de divulgación,Modelos de trazabilidad de Requisitos para el desarrollo de software.,Colombia,QUID,2013,"LINA MARIA MONTOYA SUAREZ, GABRIEL JAIME CORREA HENAO",1
00062,001,Otros artículos publicados,Periódico de noticias,Una propuesta de incorporación de Objetos de Aprendizaje Conectivistas en redes sociales,Colombia,QUID,2012,JUAN CARLOS MONSALVE GOMEZ,1
00063,001,Otros artículos publicados,Periódico de noticias,Artículos Científicos: Generalidades y Docencia,Colombia,QUID,2011,"INGRID DURLEY TORRES PARDO, JUAN FELIPE ALVAREZ VILLA, EDWIN MAURICIO HINCAPIE MONTOYA",1
00064,002,Otros artículos publicados,Revista de divulgación,Enseñanza de los mecanismos alternativos de resolución de conflictos,Colombia,Memorias de eventos Universidad Católica Luis Amigó. La ciencia como escritura,2024,ELVIGIA CARDONA ZULETA,1
00065,002,Otros artículos publicados,Revista de divulgación,Investigación Sociojurídica. Una oportunidad para pensar diferente,Colombia,Memorias de eventos Universidad Católica Luis Amigó. La ciencia como escritura,2024,ELVIGIA CARDONA ZULETA,1
00066,002,Otros artículos publicados,Revista de divulgación,La informalidad de la actuación administrativa en el ordenamiento territorial local de Colombia,España,Geographicalia,2023,JORGE EDUARDO VASQUEZ SANTAMARIA,1
00067,002,Otros artículos publicados,Revista de divulgación,LA INTERRELACIÓN ENTRE LOS DERECHOS FUNDAMENTALES Y LA INTELIGENCIA ARTIFICIAL: DESAFÍOS ÉTICOS Y SESGOS ALGORÍTMICOS UNA MIRADA DESDE LA PROPUESTA NORMATIVA DEL PARLAMENTO EUROPEO,Colombia,REVISTA DE LA RED IBEROAMERICANA DE ABOGADOS,2023,JUAN ESTEBAN AGUIRRE ESPINOSA,1
00068,002,Otros artículos publicados,Revista de divulgación,LA ACTUACIÓN ADMINISTRATIVA INFORMAL EN EL ORDENAMIENTO TERRITORIAL DE COLOMBIA,España,SIIU (seminario internacional de investigación en urbanismo),2022,JORGE EDUARDO VASQUEZ SANTAMARIA,1
00069,002,Otros artículos publicados,Revista de divulgación,Aproximación a la categoría género a partir de las experiencias de mujeres excombatientes de las FARC-EP,Colombia,Encuentro Nacional De Investigación Memorias,2022,JENNY MARCELA ACEVEDO VALENCIA,1
00070,002,Otros artículos publicados,Revista de divulgación,Análisis del Phishing y la Ley de delitos informáticos en Colombia,Colombia,Cuaderno De Investigaciones Andina/Semilleros Andina,2021,MAURICIO MEJIA LOBO,1
00071,002,Otros artículos publicados,Revista de divulgación,Conciencia emocional y roles del bullying en un grupo de estudiantes pertenecientes a una institución educativa de la ciudad de Manizales,Colombia,Revista Tempus Psicológico,2021,PAOLA ANDREA CARMONA TORO,1
00072,002,Otros artículos publicados,Revista de divulgación,¿LA POLÍTICA Y LA CORRUPCIÓN EN LA ¿REBELIÓN DE LA GRANJA¿.,Colombia,CIENCIA Y ACADEMIA,2021,ROBERTO MAURICIO ROMERO CARDENAS,1
00073,002,Otros artículos publicados,Revista de divulgación,Mujeres excombatientes de las farc-ep: experiencias y significados del espacio público privado,Brasil,Eletrônica do Programa de Mestrado em Direitos Humanos,1809,"JENNY MARCELA ACEVEDO VALENCIA, STEFANI CASTANO TORRES",1
00074,002,Otros artículos publicados,Revista de divulgación,Políticas lingüísticas colombianas,Colombia,Innovación Digital y Desarrollo Sostenible,2020,"JENNY MARCELA ACEVEDO VALENCIA, SINDY YULIANA GALLEGO TAVERA",1
00075,002,Otros artículos publicados,Revista de divulgación,Mujeres excombatientes de Las Farc-ep: tensiones y reconfiguraciones del espacio público y privado,México,Asociación Latinoamericana de Ciencia Política (ALACIP),2020,"JENNY MARCELA ACEVEDO VALENCIA, STEFANI CASTANO TORRES",1
00076,002,Otros artículos publicados,Revista de divulgación,Memoria y construcción de paz con primera infancia y agentes relacionales 2008-2018,Colombia,INFANCIAS IMAGENES,2020,PAOLA ANDREA CARMONA TORO,1
00077,002,Otros artículos publicados,Revista de divulgación,La paz: un derecho contramayoritario,México,Revista Iberoamericana De Derecho Procesal Constitucional,2019,ROBERTO MAURICIO ROMERO CARDENAS,1
00078,002,Otros artículos publicados,Columna de opinión,¿De qué hablamos cuando hablamos de feminismo?,Colombia,Periodico El Tiempo,2019,JENNIFFER LONDONO JURADO,1
00079,002,Otros artículos publicados,Columna de opinión,Es necesario nombrar y juzgar ciertos crímenes como feminicidios,Colombia,Razon Publica,2019,JENNIFFER LONDONO JURADO,1
00080,002,Otros artículos publicados,Periódico de noticias,Sobre la violencia letal del machismo,Colombia,Diario La Patria,2019,JENNIFFER LONDONO JURADO,1
00081,002,Otros artículos publicados,Columna de opinión,"¿ Se debe limitar el derecho a ""parir""?",Colombia,Razon Publica,2019,JENNIFFER LONDONO JURADO,1
00082,002,Otros artículos publicados,Revista de divulgación,"Implementação de direitoss humanos no ordenamento juridico colombiano, um enfoque a partir da constituição política nacional e do bloco de constitucionalidade",Colombia,Summa Luris,2018,JUAN ESTEBAN AGUIRRE ESPINOSA,1
00083,002,Otros artículos publicados,Revista de divulgación,Civil Society: The Complexity of a Concept,Indonesia,ASIAN INSTITUTE OF RESEARCH JOURNAL OF SOCIAL AND POLITICAL SCIENCES,2018,"JORGE IVAN GAVIRIA MESA, MONICA LUCIA GRANDA VIVEROS",1
00084,002,Otros artículos publicados,Revista de divulgación,"Reconocimiento, verdad y derechos de las víctimas del conflicto armado en Colombia, para la construcción de una paz estable y duradera",Colombia,MEMORIAS X ENCUENTRO FACULTAD DE CIENCIAS - UPTC II ENCUENTRO NACIONAL,2018,"EYDER BOLIVAR MOJICA, LAURA VICTORIA CARDENAS ROJAS, OMAR HUERTAS DIAZ",1
00085,002,Otros artículos publicados,Revista de divulgación,¿Colombia... a punto de cambiar? ¿y en la senda de La Paz?,Colombia,Ecos de Paz,2018,RODRIGO ORLANDO OSORIO MONTOYA,1
00086,002,Otros artículos publicados,Revista de divulgación,Conceptos básicos y prácticos de la extradición en el derecho penal colombiano: en la búsqueda de cimentar un tratado de aplicación general y con fundamento en los derechos humanos,Colombia,Summa Luris,2018,"RODRIGO ORLANDO OSORIO MONTOYA, OMAR HUERTAS DIAZ, FILIBERTO EDUARDO MANRIQUE MOLINA",1
00087,002,Otros artículos publicados,Revista de divulgación,La internacionalización de la profesión jurídica en la contratación estatal,Colombia,Memorias Congreso La Internacionalización de la Profesión Jurídica,2016,JESUS DAVID LONDONO BEDOYA,1
00088,002,Otros artículos publicados,Revista de divulgación,Democracy: an Incomplete Invention. Reflections on Giovanni Sartori´s what is Democracy?,Estados Unidos,Journal of Power,2372,"JORGE IVAN GAVIRIA MESA, MONICA LUCIA GRANDA VIVEROS",1
00089,002,Otros artículos publicados,Revista de divulgación,El concepto de Constitución en la carta política de 1991,Colombia,Summa Luris,2015,JESUS DAVID LONDONO BEDOYA,1
00090,002,Otros artículos publicados,Revista de divulgación,Democracy: an Incomplete Invention. Reflections on Giovanni Sartori´s what is Democracy?,Estados Unidos,Journal of Power,2372,"MONICA LUCIA GRANDA VIVEROS, JORGE IVAN GAVIRIA MESA",1
00091,002,Otros artículos publicados,Revista de divulgación,"Teoría de la Respuesta Correcta y Moralidad Política Aproximación a dos Elementos del Debate Judicial. Summa Iuris, 2",Colombia,Summa Luris,2014,MILTON CESAR JIMENEZ RAMIREZ,1
00092,002,Otros artículos publicados,Revista de divulgación,El Estado Social de Derecho en la jurisprudencia constitucional,Colombia,Summa Luris,2014,PAULO BERNARDO ARBOLEDA RAMIREZ,1
00093,003,Otros artículos publicados,Revista de divulgación,El consumidor y la percepción sobre el modelo de negocio de las tiendas de conveniencia en la ciudad de Medellín,Colombia,CIENCIA Y ACADEMIA,2025,"DEIWI JESUS ZURBARAN ARIAS, LUIS FERNANDO QUINTERO ARANGO",1
00094,003,Otros artículos publicados,Revista de divulgación,Aprovechamiento de la cáscara de café y uva en la industria alimenticia,Colombia,Perspectivas,2024,ANA MARIA CHAUX GUTIERREZ,1
00095,003,Otros artículos publicados,Revista de divulgación,Cambios organizacionales implementados a partir del Covid-19 en un laboratorio químico de la ciudad de Medellín,Colombia,CIENCIA Y ACADEMIA,2024,"CHRISTIAN ORLANDO ZAPATA VASQUEZ, LUIS FERNANDO QUINTERO ARANGO",1
00096,003,Otros artículos publicados,Revista de divulgación,Factores psicosociales y organizacionales generados por el COVID-19 en los colaboradores del sector de las ópticas en la ciudad de Medellín,Colombia,CIENCIA Y ACADEMIA,2022,LUIS FERNANDO QUINTERO ARANGO,1
00097,003,Otros artículos publicados,Revista de divulgación,"Formulación de una harina integral funcional, a partir de cereales andinos y subproductos de la uva y el café",Colombia,OBJETIVOS DE DESARROLLO SOSTENIBLE,2021,"SEBASTIAN ARIAS GIRALDO, SUGEY ELENA ANAYA GARCIA, DANIEL MUNOZ QUINTERO, ANA MARIA CHAUX GUTIERREZ",1
00098,003,Otros artículos publicados,Revista de divulgación,Sustainable entrepreneurship and new business models: a market research in Colombia,Colombia,Revista de Administração da UFSM,2020,SANDRA MILENA MALAVERA PINEDA,1
00099,003,Otros artículos publicados,Revista de divulgación,LA INNOVACIÓN COMO ACTIVO ESTRATÉGICO PARA LA PRODUCTIVIDAD EN LA ERA TECNOLÓGICA,Colombia,SCIENCE OF HUMAN ACTION,2020,LUIS FERNANDO QUINTERO ARANGO,1
00100,003,Otros artículos publicados,Revista de divulgación,"LAS TECNOLOGÍAS DE LA INFORMACIÓN Y LAS COMUNICACIONES EN EL PROCESO DE VENTAS POR CATÁLOGO COMO UN APOYO PARA LA GESTIÓN DEL VENDEDOR: CASO DE ESTUDIO EN MEDELLÍN, ANTIOQUIA",Colombia,Funlam Journal  of Students´ Research,2019,LUIS FERNANDO QUINTERO ARANGO,1
00101,003,Otros artículos publicados,Revista de divulgación,La formación en administración de empresas como herramienta clave para procesos empresariales,Colombia,SCIENCE OF HUMAN ACTION,2019,NESTOR EDUARDO FLOREZ OVIEDO,1
00102,003,Otros artículos publicados,Revista de divulgación,El talento humano: factor estratégico para la innovación y la transformación organizacional,Colombia,SCIENCE OF HUMAN ACTION,2019,"NATALLY YEPES BAENA, LUIS FERNANDO QUINTERO ARANGO",1
00103,003,Otros artículos publicados,Revista de divulgación,La internacionalización: un acercamiento al crecimiento empresarial,Colombia,Funlam Journal  of Students´ Research,2018,"NATALLY YEPES BAENA, LUIS FERNANDO QUINTERO ARANGO",1
00104,003,Otros artículos publicados,Revista de divulgación,Desarrollo de la logística humanitaria:Una revisión de la literatura.,Colombia,SCIENCE OF HUMAN ACTION,2018,NESTOR EDUARDO FLOREZ OVIEDO,1
00105,003,Otros artículos publicados,Revista de divulgación,Relación entre liderazgo y violencia ocupacional en las pymes de la comuna once,Colombia,Encuentro Nacional De Investigación Memorias,2018,"JAIME ALBERTO BELTRAN RIOS, JOSE ANTONIO LOPEZ GIRALDO",1
00106,003,Otros artículos publicados,Periódico de noticias,Valor agregado del proceso formativo en los graduados de la Universidad Católica Luis Amigó,Colombia,Encuentro Nacional De Investigación Memorias,2018,MONICA ELIANA ARISTIZABAL VELASQUEZ,1
00107,003,Otros artículos publicados,Revista de divulgación,Neurophysiological and neuropsychological damages produced by cocaine in adult populations,Estados Unidos,MOJ Addiction Medicine & Therapy,2018,"SINDY YULIANA GALLEGO TAVERA, NICOLAS PARRA BOLANOS, JUAN SEBASTIAN BENJUMEA GARCES",1
00108,003,Otros artículos publicados,Periódico de noticias,Sentiment Analysis on Post conflict in Colombia: A Text Mining Approach,Pakistán,ASIAN JOURNAL OF APPLIED SCIENCES,2018,"VICTOR DANIEL GIL VERA, ISABEL CRISTINA PUERTA LOPERA, LINA MARIA MONTOYA SUAREZ",1
00109,003,Otros artículos publicados,Periódico de noticias,Relación entre liderazgo y violencia ocupacional en las Pymes de la comuna once Medellín,Colombia,Encuentro Nacional De Investigación Memorias,2018,JOSE ANTONIO LOPEZ GIRALDO,1
00110,003,Otros artículos publicados,Revista de divulgación,"RETENCIÓN DE EMPLEADOS, UNA ESTRATEGIA PARA EL ÉXITO DE LAS ORGANIZACIONES",Colombia,Revista Universitaria Luis Amigó,2016,JORMARIS MARTINEZ GOMEZ,1
00111,003,Otros artículos publicados,Revista de divulgación,"Gestión del conocimiento, innovación para el crecimiento empresarial",Colombia,SCIENCE OF HUMAN ACTION,2016,JORMARIS MARTINEZ GOMEZ,1
00112,003,Otros artículos publicados,Revista de divulgación,Errores en la investigación: una mirada desde la administración,México,Revista Iberoamericana De Producción Académica Y Gestión Educativa,2014,JUAN SANTIAGO CALLE PIEDRAHITA,1
00113,003,Otros artículos publicados,Revista de divulgación,POLÍTICAS INSTITUCIONALES COMO DINAMIZADOR DE LA INVESTIGACIÓN ESCOLAR: REFLEXIONES PRELIMINARES DADAS DESDE DOS IE DEL ÁREA METROPOLITANA DEL VALLE DE ABURRÁ,Colombia,Memorias Congreso De Investigación Y Pedagogía. Ii Nacional I Internacional,,"JUAN SANTIAGO CALLE PIEDRAHITA, GLORIA MARIA ISAZA ZAPATA",1
00114,003,Otros artículos publicados,Revista de divulgación,REFLEXIONES SOBRE LA MOTIVACIÓN DE ESTUDIANTES DE BÁSICA PRIMARIA HACIA LA INVESTIGACIÓN EN DOS INSTITUCIONES EDUCATIVAS (IE) DEL VALLE DE ABURRÁ,Colombia,Memorias Congreso De Investigación Y Pedagogía. Ii Nacional I Internacional,,"JUAN SANTIAGO CALLE PIEDRAHITA, GLORIA MARIA ISAZA ZAPATA",1
00115,003,Otros artículos publicados,Revista de divulgación,¿QUÉ SIGNIFICA SER EMPRENDEDOR?,Colombia,La Voz Del Semillero,2013,"MARTHA DEL SOCORRO ALZATE CARDENAS, SEBASTIAN SUAREZ LOPERA, LAURA TATIANA SANCHEZ TORRES, DANIELA ARIAS RESTREPO, JUAN PABLO PORRAS SIERRA",1
00116,003,Otros artículos publicados,Revista de divulgación,LA IMPORTANCIA DE LA CULTURA EMPRENDEDORA EN EL DESARROLLO DE LAS ORGANIZACIONES SOCIALES,Colombia,La Voz Del Semillero,2013,"MARTHA DEL SOCORRO ALZATE CARDENAS, MARIA ESPERANZA BEDOYA ROLDAN, DANIELA URREGO BURGOS, ANA CAROLINA ACEVEDO MONSALVE, YENIFER HINCAPIE MOSCOSO",1
00117,003,Otros artículos publicados,Periódico de noticias,El conocimiento científico y tecnológico disponible en el Departamento de Antioquia 1990 - 2010,Colombia,La Sociología En Sus Escenarios,2012,"CARLOS ANDRES ARISTIZABAL BOTERO, GABRIEL VELEZ CUARTAS",1
00118,004,Otros artículos publicados,Revista de divulgación,Problemáticas de la ruralidad en colombia y las deficiencias del mercado interno regional. La apuesta cooperativa,Colombia,Revista Ciriec Colombia,2025,"HERNANDO EMILIO ZABALA SALAZAR, ELIAS ALEXANDER VALLEJO MONTOYA",1
00119,004,Otros artículos publicados,Periódico de noticias,Redes cooperativas para un ordenamiento de la economía local: el caso de San Antonio de Prado en Medellín,Costa Rica,Revista CIRIEC Costa Rica,2024,HERNANDO EMILIO ZABALA SALAZAR,1
00120,004,Otros artículos publicados,Revista de divulgación,"Conceptualización de la Empresa Como Territorio, Base Para Una Mejor Transformación Social Interna",Colombia,Revista Ciriec Colombia,2024,HERNANDO EMILIO ZABALA SALAZAR,1
00121,004,Otros artículos publicados,Revista de divulgación,Prácticas de optimización de la cadena de suministro: mapeo de literatura,Colombia,Publicaciones E Investigación,2024,"PAOLA MARCELA ALZATE MONTOYA, JOSE DAVID GIRALDO CASTELLANOS, JONATHAN ARIAS",1
00122,004,Otros artículos publicados,Revista de divulgación,Redes Cooperativas para un Ordenamiento de la Economía Local el Caso de San Antonio de Prado en Medellín,Costa Rica,Revista CIRIEC Costa Rica,2024,"HERNANDO EMILIO ZABALA SALAZAR, ELIAS ALEXANDER VALLEJO MONTOYA",1
00123,004,Otros artículos publicados,Revista de divulgación,Aproximaciones a la definición de lineamientos para la producción de observatorios regionales de comportamiento y evolución de las empresas de economía solidaria,Colombia,Revista Ciriec Colombia,2023,HERNANDO EMILIO ZABALA SALAZAR,1
00124,004,Otros artículos publicados,Revista de divulgación,Tendencias y estrategias del Greenwashing: Una aproximación teórica y crítica,Colombia,REVISTA INTERFACES,2023,"PAOLA MARCELA ALZATE MONTOYA, MAURICIO PINILLA JURADO",1
00125,004,Otros artículos publicados,Revista de divulgación,"La automedicación y sus implicaciones en la salud y el bienestar: estudio de caso, Unidad Hospitalaria Doce de Octubre",Colombia,CIENCIA Y ACADEMIA,2020,"MARTHA DEL SOCORRO ALZATE CARDENAS, SANDRA MARGARITA SUAREZ MOLINA",1
00126,004,Otros artículos publicados,Revista de divulgación,Toma de decisiones financieras: perspectivas de investigación,Colombia,Revista Interfaces,2020,"PEDRO LUIS DUQUE HURTADO, DAMIAND FELIPE TREJOS SALAZAR",1
00127,004,Otros artículos publicados,Revista de divulgación,Riesgos en las microfinanzas: una revisión y análisis bibliométrico,Colombia,Revista Interfaces,2020,"PEDRO LUIS DUQUE HURTADO, DAMIAND FELIPE TREJOS SALAZAR",1
00128,004,Otros artículos publicados,Revista de divulgación,El sector social y solidario y las coyunturas críticas,Colombia,Organizaciones Solidarias,2020,HERNANDO EMILIO ZABALA SALAZAR,1
00129,004,Otros artículos publicados,Revista de divulgación,Tráfico postal y envíos urgentes: facilitador de las importaciones de limitados volúmenes de mercancía,Colombia,Escenarios,2322,ROSA JANNET RESTEPO RESTREPO,1
00130,004,Otros artículos publicados,Revista de divulgación,FUNDAMENTACIÓN DE LA LÍNEA DE INVESTIGACIÓN DEL PROGRAMA DE NEGOCIOS INTERNACIONALES DE LA UNIVERSIDAD CATÓLICA LUIS AMIGÓ,Colombia,SCIENCE OF HUMAN ACTION,2018,CARLOS EDUARDO SAENZ CASTILLO,1
00131,004,Otros artículos publicados,Periódico de noticias,Aproximaciones a una antropología de la cooperación,Colombia,SCIENCE OF HUMAN ACTION,2018,"HERNANDO EMILIO ZABALA SALAZAR, EDUARDO NICOLAS CUETO FUENTES, OLGA LUCIA ARBOLEDA ALVAREZ",1
00132,004,Otros artículos publicados,Revista de divulgación,COMPONENTES EXPLICATIVOS DEL CAPITAL INTELECTUAL EN EMPRESAS DESARROLLADORAS DE SOFTWARE EN COLOMBIA,Colombia,SCIENCE OF HUMAN ACTION,2018,CARLOS EDUARDO SAENZ CASTILLO,1
00133,004,Otros artículos publicados,Revista de divulgación,VIH por practicas sexuales en encuentros casuales,Colombia,Encuentro Nacional De Investigación Memorias,2016,"OLGA LUCIA ARBOLEDA ALVAREZ, SANTIAGO ALBERTO MORALES MESA",1
00134,004,Otros artículos publicados,Revista de divulgación,Dinámica de desarrollo de las cooperativas de caficultores de Antioquia,Colombia,Libro De Resumenes: Simposio De Investigación Ustamed,2016,"HERNANDO EMILIO ZABALA SALAZAR, EDUARDO NICOLAS CUETO FUENTES, OLGA LUCIA ARBOLEDA ALVAREZ",1
00135,004,Otros artículos publicados,Revista de divulgación,La pobreza un tema de clase aprendido desde sus manifestaciones en la realidad social,Colombia,Encuentro Nacional De Investigación Memorias,2016,"OLGA LUCIA ARBOLEDA ALVAREZ, SANTIAGO ALBERTO MORALES MESA",1
00136,004,Otros artículos publicados,Revista de divulgación,Formando redes cooperativas en el departamento de Antioquia (Colombia) vinculadas a procesos de desarrollo territorial,Argentina,Cuad Econ Soc,2016,HERNANDO EMILIO ZABALA SALAZAR,1
00137,004,Otros artículos publicados,Revista de divulgación,A Reflection to the Latin America´s Regional Integration,Colombia,SCIENCE OF HUMAN ACTION,2016,CAMILO ALBERTO HIGUITA CARDENAS,1
00138,004,Otros artículos publicados,Revista de divulgación,La solidaridad fuente generadora de riqueza y bienestar social,Colombia,Encuentro Nacional De Investigación Memorias,2016,"OLGA LUCIA ARBOLEDA ALVAREZ, MARTHA DEL SOCORRO ALZATE CARDENAS, OSWALDO ANTONIO SALGADO CANAVERAL",1
00139,004,Otros artículos publicados,Revista de divulgación,Estudio de las estrategias que permiten minimizar el riesgo en la exportación de flores de las pymes del oriente antioqueño,Colombia,Escenarios,2322,ROSA JANNET RESTEPO RESTREPO,1
00140,004,Otros artículos publicados,Revista de divulgación,LOGISTIC AND SUPPLY CHAIN MANAGEMENT SOLUTION,Colombia,QUID,2014,ROSA JANNET RESTEPO RESTREPO,1
00141,004,Otros artículos publicados,Periódico de noticias,EL MAESTRO COMO ARQUITECTO Y CONSTRUCTOR DE PENSAMIENTO,Colombia,Revista Universitaria Luis Amigó,2014,"LILIAN JOHANNA MARROQUIN NAVARRO, ALEXANDER RODRIGUEZ BUSTAMANTE, GLORIA MARIA LOPEZ ARBOLEDA",1
00142,004,Otros artículos publicados,Periódico de noticias,La dimensión biológica y la dimensión cultural como asíntotas de la emoción: una posibilidad actual en la comprensión de la emoción,Colombia,REVISTA COLOMBIANA DE CIENCIAS SOCIALES,2013,"LILIAN JOHANNA MARROQUIN NAVARRO, ALEXANDER RODRIGUEZ BUSTAMANTE, GLORIA MARIA LOPEZ ARBOLEDA",1
00143,004,Otros artículos publicados,Revista de divulgación,Colombia revolución de medio siglo y pensamiento social,Argentina,Memorias Del I Congreso Internacional De Adhilac Y Terceras Jornadas De Historia De La Cooperación Floreal Gorini,2013,HERNANDO EMILIO ZABALA SALAZAR,1
00144,004,Otros artículos publicados,Revista de divulgación,"LA VIDA COTIDIANA, CONSTRUCTORA DE REALIDAD SOCIAL Y DE HISTORIA",Colombia,La Voz Del Semillero,2010,FRANCISCO JAVIER AGUIRRE ECHAVARRIA,1
00145,004,Otros artículos publicados,Revista de divulgación,"La experiencia de formación en el semillero de investigación de Administración , Negocios Internacionales y Economía",Colombia,La Voz Del Semillero,2010,"LUZ DOLLY LOPERA GARCIA, CINDY MARCELA ZAPATA PADIERNA, YURY ASTRID ARENAS MORALES",1
00146,004,Otros artículos publicados,Revista de divulgación,Economia solidaria y gestión social,Colombia,(0123-9864) Revista Fundación Universitaria Luis Amigó,2006,LUZ DOLLY LOPERA GARCIA,1
00147,004,Otros artículos publicados,Revista de divulgación,Construccción interactiva de ambientes para el desarrollo humano : Rompiendo circulos de explotación sexual infantil y juvenil,Colombia,Textos Y Argumentos,2004,CLARA INES ORREGO CORREA,1
00148,004,Otros artículos publicados,Revista de divulgación,Fundamentos para la construcción de la economía solidaria:lo incluyente en el contexto de la globalización,Colombia,Textos Y Argumentos,2002,"CLARA INES ORREGO CORREA, LUZ DOLLY LOPERA GARCIA, OLGA LUCIA ARBOLEDA ALVAREZ",1
00149,004,Otros artículos publicados,Revista de divulgación,La economía solidaria en Antioquia: una perspectiva descriptiva,Colombia,(0123-9864) Revista Fundación Universitaria Luis Amigó,2001,LUZ DOLLY LOPERA GARCIA,1
00150,005,Otros artículos publicados,Revista de divulgación,"Los chicos ""malos"": Callous Unemotional y Agresión proactiva",Colombia,CIENCIA Y ACADEMIA,2024,"CESAR ANDRES CARMONA CARDONA, CINDY VANESSA CARDONA GUTIERREZ",1
00151,005,Otros artículos publicados,Revista de divulgación,Celos patológicos e impulsividad: un actual dilema en las relaciones de pareja,Colombia,CIENCIA Y ACADEMIA,2023,"CESAR ANDRES CARMONA CARDONA, MARIA ISABEL PIMIENTA SIERRA, YESID FELIPE TAPIAS MEDINA, LEIDY JOHANA ARIASX HENAO, SINDY MARCELY URANGO RODRIGUEZ, RAUL ANTONIO CALLE MUNOZ",1
00152,005,Otros artículos publicados,Carta al editor,La ciencia exclusiva... para el servicio de todos al alcance de unos,Colombia,CIENCIA Y ACADEMIA,2022,"CESAR ANDRES CARMONA CARDONA, CAMILA MONTOYA OSORIO",1
00153,005,Otros artículos publicados,Revista de divulgación,Psicopatía y Control Inhibitorio,Colombia,CIENCIA Y ACADEMIA,2022,"CESAR ANDRES CARMONA CARDONA, YESID FELIPE TAPIAS MEDINA",1
00154,005,Otros artículos publicados,Revista de divulgación,Alteraciones en el control de los impulsos y la conducta suicida,Colombia,CIENCIA Y ACADEMIA,2022,"CESAR ANDRES CARMONA CARDONA, YESID FELIPE TAPIAS MEDINA",1
00155,005,Otros artículos publicados,Revista de divulgación,"Revisión teórica sobre la relación entre variables psicológicas, neuropsicológicas y pedagógicas en el proceso de enseñanza/aprendizaje con niños y jóvenes entre los 9 y 14 años de edad.",España,Revista de neuroeducacion,2022,"PAULA ANDREA MONTOYA ZULUAGA, MARIBEL REGINA ATEHORTUA VELEZ",1
00156,005,Otros artículos publicados,Revista de divulgación,"Revisión teórica de la relación entre memoria de trabajo, estilo cognitivo dependencia/independencia de campo y estilos de enseñanza con el rendimiento académico",España,Revista de neuroeducacion,2022,"PAULA ANDREA MONTOYA ZULUAGA, ANA MARIA FLOREZ DURANGO, CARLOS ANDRES TORO",1
00157,005,Otros artículos publicados,Revista de divulgación,Psicología social y neurociencia: un llamado al trabajo transdisciplinar,Colombia,Revista Tempus Psicológico,2020,DANIEL ALFREDO LANDINEZ MARTINEZ,1
00158,005,Otros artículos publicados,Periódico de noticias,Aceptación del M-learning: Un Análisis de Sentimientos basado en Minería de Texto,Colombia,CUADERNO ACTIVA,2019,"CATALINA QUINTERO LOPEZ, VICTOR DANIEL GIL VERA",1
00159,005,Otros artículos publicados,Revista de divulgación,Applying an implicit approach to research on the uncanny feeling,Colombia,JOURNAL OF ARTICLES IN SUPPORT OF THE NULL HYPOTHESIS,2019,JULIO ANTONIO OLIVERA LA ROSA,1
00160,005,Otros artículos publicados,Revista de divulgación,THE FEMICIDE IN COLOMBIA AND MEXICO: A TEXT MINING ANALYSIS,Turquía,The Turkish Online Journal of Design,2146,JUAN DIEGO BETANCUR ARIAS,1
00161,005,Otros artículos publicados,Revista de divulgación,ESTILOS PARENTALES EN EL PROCESO DE CRIANZA DE NIÑOS CON TRASTORNOS DISRUPTIVOS,Colombia,Investigación & Desarrollo,2018,"CLAUDIA MARCELA ARANA MEDINA, JUAN CARLOS RESTREPO BOTERO",1
00162,005,Otros artículos publicados,Periódico de noticias,Artificial Neural Networks Applied to the Monitoring of Cost and Durations in Juvenile Reformatories,Colombia,ASIAN JOURNAL OF APPLIED SCIENCES,2018,JUAN DIEGO BETANCUR ARIAS,1
00163,005,Otros artículos publicados,Revista de divulgación,Artificial Neural Networks Applied to the Monitoring of Cost and Durations in Juvenile Reformatories,Pakistán,ASIAN JOURNAL OF APPLIED SCIENCES,2018,VICTOR DANIEL GIL VERA,1
00164,005,Otros artículos publicados,Revista de divulgación,Cognitive Improvement after Endovascular Treatment in a Case of Intracranial Dural Fistula with Concomitant Dementia,India,MAMC Journal of Medical Sciences,2018,GABRIEL DAVID PINILLA MONSALVE,1
00165,005,Otros artículos publicados,Revista de divulgación,Adicción al whatsapp. Una revisión de la literatura,España,Revista Adicción y Ciencia,2017,VICTOR DANIEL GIL VERA,1
00166,005,Otros artículos publicados,Revista de divulgación,La adicción a la pornografía: causas y consecuencias,Colombia,Drugs And Addictive Behavior,2017,"VICTOR DANIEL GIL VERA, ANGELICA PATRICIA VELASCO LOPEZ",1
00167,005,Otros artículos publicados,Revista de divulgación,Rehabilitación de las funciones ejecutivas y de la cognición social en personas con trastorno antisocial de la personalidad pertenecientes al conflicto armado en Colombia,Colombia,Revista De Neurologia Española,2016,CLAUDIA MARCELA ARANA MEDINA,1
00168,005,Otros artículos publicados,Revista de divulgación,EVALUACIÓN NEUROPSICOLÓGICA DEL NIÑO EN EDAD PRE-ESCOLAR EN COLOMBIA: DATOS PRELIMINARES,México,Neuropsicología,0124,LINDA JOHANA MATIAS ROJAS,1
00169,005,Otros artículos publicados,Revista de divulgación,Los avatares presentados en el tratamiento de los trastornos disruptivos en población infantil,Colombia,Poiésis: Revista Electrónica de Psicología Social,2016,JUAN DIEGO BETANCUR ARIAS,1
00170,005,Otros artículos publicados,Revista de divulgación,Críticas reflexivas al diagnóstico e intervención del Trastorno por Déficit de Atención e Hiperactividad,Colombia,Senderos Pedagógicos,2015,JUAN DIEGO BETANCUR ARIAS,1
00171,005,Otros artículos publicados,Periódico de noticias,Intervención neurocognitiva de comportamientos disruptivos como proflaxis de comportamientos violentos y delincuenciales en población vulnerable de la ciudad de Medellín,Colombia,Encuentro Nacional De Investigación Memorias,2015,CLAUDIA MARCELA ARANA MEDINA,1
00172,005,Otros artículos publicados,Revista de divulgación,EDITORIAL: LA VISIÓN NEUROPSICOPEDAGÓGICA COMO FACILITADORA DEL APRENDIZAJE: EN PROCURA DE TRASCENDER LA MULTIDISCIPLINARIEDAD,Colombia,(0123-9864) Revista Fundación Universitaria Luis Amigó,2015,PAULA ANDREA MONTOYA ZULUAGA,1
00173,005,Otros artículos publicados,Periódico de noticias,Processos psicolingüístics associats amb la llengua materna que afavoreixen l'aprenentatge de l'anglès com a segona llengua,España,Anuari De Psicologia De La Societat Valenciana De Psicologia,2013,OLBER EDUARDO ARANGO TOBON,1
00174,005,Otros artículos publicados,Revista de divulgación,Causas y consumo de sustancias psicoactivas,Colombia,La Voz Del Semillero,2013,CLAUDIA MARCELA ARANA MEDINA,1
00175,005,Otros artículos publicados,Revista de divulgación,Perfil de la Atención en Esclerosis múltiple,Colombia,La Voz Del Semillero,2013,CLAUDIA MARCELA ARANA MEDINA,1
00176,005,Otros artículos publicados,Revista de divulgación,Alteración de las funciones ejecutivas en personas vinculadas al conflicto aramado Colombiano,Colombia,Katharsis,2013,CLAUDIA MARCELA ARANA MEDINA,1
00177,006,Otros artículos publicados,Revista de divulgación,Types of uses of ICT from teachers in their pedagogical practices.,Panamá,Scientific Journal T & E,2025,"JUAN SEBASTIAN ZULUAGA GOMEZ, CARLOS ANDRES CARDONA ARTEAGA",1
00178,006,Otros artículos publicados,Revista de divulgación,Estrategias educativas aplicadas por docentes de educación primaria para la educación ambiental,Colombia,(2665-1521) REVISTA SINERGIA COLEGIO MAYOR DE ANTIOQUIA,2024,CARMEN YSABEL MARTINEZ DE MERINO,1
00179,006,Otros artículos publicados,Revista de divulgación,"Educación superior, formación de docentes y vinculación laboral de estudiantes de más de 40 años en Latinoamérica",Argentina,CUADERNOS UNIVERSITARIOS,2023,MARTA ELENA GONZALEZ GIL,1
00180,006,Otros artículos publicados,Revista de divulgación,"FAMILIA Y ESCUELA, UNA ARTICULACIÓN PARA AFIANZAR LOS PROCESOS DE APRENDIZAJE EN BÁSICA PRIMARIA",Colombia,Sinergía,2023,"SONIA RUTH QUINTERO ARRUBLA, DIANA MILENA VELEZ BUITRAGO, CATERINE RAIGOSA ATILANO, LAURA MEJIA ARANGO, JULIO EMERSON MORALES, DIEGO LEON ARBOLEDA TORRES",1
00181,006,Otros artículos publicados,Revista de divulgación,"EL PROCESO ESCOLAR Y LA ACTIVIDAD AGROPECUARIA FAMILIAR DE LA ZONA RURAL ANTIOQUEÑA EN PANDEMIA, MIRADA DESDE LAS FAMILIAS",Colombia,Sinergía,2023,"SONIA RUTH QUINTERO ARRUBLA, CARLOS CALLEJAS MEJIA, MARITZA EUGENIA MEJIA OROZCO",1
00182,006,Otros artículos publicados,Periódico de noticias,Percepciones de maestros/as sobre la enseñanza de la investigación escolar y su relación con las experiencias educativas en un colegio de Medellín,Colombia,Revista Temario Científico,2023,"SONIA RUTH QUINTERO ARRUBLA, ESTEBAN ALEXANDER ZAPATA TOBON, MARIA ADELAIDA RAMIREZ ORTIZ",1
00183,006,Otros artículos publicados,Revista de divulgación,"El Desarrollo Humano: alternativa educacional para fortalecer la inteligencia emocional de los docentes: el caso del ¿Centro Juvenil Amigoniano"" de Boyacá",Colombia,Bienal Latinoamericana y Caribeña en Primeras Infancias,3028,"MELINA CASTANO GOMEZ, JOSE WILMAR PINO MONTOYA",1
00184,006,Otros artículos publicados,Revista de divulgación,Aprendizaje significativo: ¿el fin de la dicotomía social e individual constructivista?,Colombia,Revista Fundes: Ciencia,1692,"SONIA RUTH QUINTERO ARRUBLA, ARISTOTELES ALEXANDER ALVAREZ CORREA",1
00185,006,Otros artículos publicados,Revista de divulgación,"Validación estadística de escala de bienestar psicológico para jóvenes de Medellín, Colombia",Panamá,Saluta,2023,CLAUDIA MARCELA ARANA MEDINA,1
00186,006,Otros artículos publicados,Periódico de noticias,Estado del arte: La educación mirada desde lo acontecido en pandemia,Colombia,Ruta Académica,2023,"SONIA RUTH QUINTERO ARRUBLA, MONICA ELIANA ARISTIZABAL VELASQUEZ",1
00187,006,Otros artículos publicados,Periódico de noticias,La orientación del grupo infantil y de sus familias mediadas por las tics en tiempos de pandemia por Covid-19,Colombia,Ruta Académica,2023,"SONIA RUTH QUINTERO ARRUBLA, VIVIANA CANO VALDERRAMA CANO VALDERRAMA, MONICA ELIANA ARISTIZABAL VELASQUEZ",1
00188,006,Otros artículos publicados,Revista de divulgación,"Desarrollo humano, propuesta ético-pedagógica para formar agentes constructores de paz",Colombia,ANUARIO COLOMBIANO DE ETICA,2022,JOSE WILMAR PINO MONTOYA,1
00189,006,Otros artículos publicados,Revista de divulgación,25.	PONIENDO LOS PUNTOS SOBRE LAS ÍES: UNA DILUCIDACIÓN CONCEPTUAL,Colombia,(2665-1521) REVISTA SINERGIA COLEGIO MAYOR DE ANTIOQUIA,2022,"SONIA RUTH QUINTERO ARRUBLA, ARISTOTELES ALEXANDER ALVAREZ CORREA",1
00190,006,Otros artículos publicados,Revista de divulgación,"Revisión teórica de la relación entre memoria de trabajo, estilo cognitivo dependencia/independencia de campo y estilos de enseñanza con el rendimiento académico",España,Revista de neuroeducacion,2022,"CARLOS ANDRES TORO, ANA MARIA FLOREZ DURANGO, PAULA ANDREA MONTOYA ZULUAGA",1
00191,006,Otros artículos publicados,Revista de divulgación,"Revisión teórica de la relación entre memoria de trabajo, estilo cognitivo dependencia/independencia de campo y estilos de enseñanza con el rendimiento académico",Colombia,Revista de neuroeducacion,2022,"CARLOS ANDRES TORO, ANA MARIA FLOREZ DURANGO, PAULA ANDREA MONTOYA ZULUAGA",1
00192,006,Otros artículos publicados,Periódico de noticias,"LA FAMILIA Y DESARROLLO DE HABILIDADES MOTRICES EN LA INFANCIA, UNA MIRADA DESDE UN ESTUDIO DE CASO",Colombia,(2665-1521) REVISTA SINERGIA COLEGIO MAYOR DE ANTIOQUIA,2022,SONIA RUTH QUINTERO ARRUBLA,1
00193,006,Otros artículos publicados,Revista de divulgación,Educación para la paz como insumo para el posconflicto en Colombia,Colombia,Poiésis: Revista Electrónica de Psicología Social,2021,EYESID ALVAREZ BAHENA,1
00194,006,Otros artículos publicados,Revista de divulgación,LOS 5 DISPOSITIVOS DE APRENDIZAJE: UN PUNTO DE PARTIDA PARA EL DESARROLLO DEL PENSAMIENTO LÓGICO MATEMÁTICO EN LA PRIMERA INFANCIA,Colombia,Sinergía,2021,"SONIA RUTH QUINTERO ARRUBLA, ESTEFANY ALVAREZ ESTRADA, SOFIA MONCADA ARBOLEDA, LAURA DUQUE GOMEZ",1
00195,006,Otros artículos publicados,Revista de divulgación,Competencias genéricas en el ámbito de la psicología organizacional: una revisión teórica,Colombia,CIENCIA Y ACADEMIA,2021,CLAUDIA MARCELA ARANA MEDINA,1
00196,006,Otros artículos publicados,Revista de divulgación,El constructo del engagement en Colombia: una revisión teórica,Colombia,CIENCIA Y ACADEMIA,2021,CLAUDIA MARCELA ARANA MEDINA,1
00197,006,Otros artículos publicados,Revista de divulgación,Etapas de Formación de los Semilleros de Investigación para Maestros de Lenguas,Colombia,CIENCIA Y ACADEMIA,2020,"JOSE VICENTE ABAD OLAYA, CINDY LORENA VERGARA JULIO, JENNIFER DANIELA REGALADO CHICAIZA",1
00198,006,Otros artículos publicados,Revista de divulgación,El ¿para qué¿ antes que el ¿cómo¿: un giro cualitativo sobre la epistemología de las matemáticas,Colombia,(2665-1521) REVISTA SINERGIA COLEGIO MAYOR DE ANTIOQUIA,2020,"SONIA RUTH QUINTERO ARRUBLA, ARISTOTELES ALEXANDER ALVAREZ CORREA, ANDRES FELIPE MEJIA CASTRO",1
00199,006,Otros artículos publicados,Revista de divulgación,Transformación del proceso de aprendizaje del inglés de niños de primaria a partir de los aportes causados por el Programa Pre-K English,Colombia,(2665-1521) REVISTA SINERGIA COLEGIO MAYOR DE ANTIOQUIA,2019,SONIA RUTH QUINTERO ARRUBLA,1
00200,006,Otros artículos publicados,Revista de divulgación,Sobre la Universidad contemporánea,Colombia,Funlam Journal  of Students´ Research,2019,JOSE FEDERICO AGUDELO TORRES,1
00201,006,Otros artículos publicados,Revista de divulgación,Minería de texto aplicada al análisis de la percepción del Bitcoin en Colombia,Colombia,Encuentro Nacional De Investigación Memorias,2019,BAIRON JARAMILLO VALENCIA,1
00202,006,Otros artículos publicados,Revista de divulgación,Metodología global de lectoescritura: hallazgos en la implementación de un programa educativo a estudiantes de primer grado,Colombia,Encuentro Nacional De Investigación Memorias,2019,BAIRON JARAMILLO VALENCIA,1
00203,006,Otros artículos publicados,Revista de divulgación,Las habilidades sociales en los ambientes escolares,Colombia,Revista Universidad Católica Luis Amigó,2019,"NATALIA GUZMAN ATEHORTUA, BAIRON JARAMILLO VALENCIA",1
00204,006,Otros artículos publicados,Revista de divulgación,Tránsito de la educación inicial a la básica primaria y su incidencia en el desarrollo del pensamiento creativo en la infancia,Colombia,Revista Universidad Católica Luis Amigó,2019,"NATALIA GUZMAN ATEHORTUA, MONICA MARIA ALVAREZ GALLEGO",1
00205,006,Otros artículos publicados,Carta al editor,Sobre el retorno a lo simple: una oportunidad para re-pensar la escuela,Colombia,SCIENCE OF HUMAN ACTION,2019,JOSE FEDERICO AGUDELO TORRES,1
00206,006,Otros artículos publicados,Revista de divulgación,Implementation of language policies at the educational institute Santos Ángeles Custodios,Colombia,Revista Universidad Católica Luis Amigó,2018,OSCAR PELAEZ HENAO,1
00207,006,Otros artículos publicados,Revista de divulgación,"Consideraciones frente a la didáctica de la intervención pedagógica con la primera infancia para el desarrollo del razonamiento lógico matemático"" En: Colombia. Libro De Resumenes: Simposio De Investigación",Colombia,Libro De Resumenes: Simposio De Investigación Ustamed,2018,"SONIA RUTH QUINTERO ARRUBLA, BAIRON JARAMILLO VALENCIA",1
00208,006,Otros artículos publicados,Revista de divulgación,Consideraciones frente a la didáctica de la intervención pedagógica con la primera infancia para el desarrollo del razonamiento lógico matemático,Colombia,Libro De Resumenes: Simposio De Investigación Ustamed,2018,"BAIRON JARAMILLO VALENCIA, SONIA RUTH QUINTERO ARRUBLA",1
00209,006,Otros artículos publicados,Revista de divulgación,Taxonomía de Bloom en la formulación de objetivos para un proyecto de lectoescritura en inglés,Colombia,Libro De Resumenes: Simposio De Investigación Ustamed,2018,"BAIRON JARAMILLO VALENCIA, VICTOR DANIEL GIL VERA",1
00210,006,Otros artículos publicados,Revista de divulgación,Emprendimiento sostenible: una opción para el crecimiento local,Colombia,I+D Revista De Investigaciones,2018,CARMEN YSABEL MARTINEZ DE MERINO,1
00211,006,Otros artículos publicados,Revista de divulgación,Condiciones de las familias de los niños y niñas beneficiarias de la corporación pan de la ciudad de Medellín,Colombia,Rhs-Revista Humanismo Y Sociedad,2018,JOSE WILMAR PINO MONTOYA,1
00212,006,Otros artículos publicados,Revista de divulgación,Aspectos metodológicos para evaluar una política pública,Colombia,Rhs-Revista Humanismo Y Sociedad,2017,JOSE WILMAR PINO MONTOYA,1
00213,006,Otros artículos publicados,Revista de divulgación,La modernidad: ¿quiénes la critican y quienes la defienden? A propósito de lo planteado por William Ospina,Colombia,Revista Universitaria Luis Amigó,2016,JOSE WILMAR PINO MONTOYA,1
00214,006,Otros artículos publicados,Revista de divulgación,LA EVALUACIÓN ESCOLAR: UNA OPORTUNIDAD PARA PENSAR EL ROL DEL MAESTRO DESDE SUS POLISÉMICOS LENGUAJES,Colombia,(0123-9864) Revista Fundación Universitaria Luis Amigó,2016,"ADRIANA MARIA GALLEGO HENAO, JOSE FEDERICO AGUDELO TORRES",1
00215,006,Otros artículos publicados,Revista de divulgación,La evaluación escolar: una oportunidad para pensar el rol del maestro desde sus polisémicos lenguajes,Colombia,Revista Universitaria Luis Amigó,2016,JOSE FEDERICO AGUDELO TORRES,1
00216,006,Otros artículos publicados,Revista de divulgación,SENTIMIENTOS Y PENSAMIENTOS DE NIÑOS BAJO VULNERACIÓN DE DERECHOS,Colombia,Funlam Journal  of Students´ Research,2016,"ADRIANA MARIA GALLEGO HENAO, MARIA CAMILA RESTREPO ALVAREZ, KELLY JOHANA MONTANO OCHOA, JULIETH ANDREA DUQUE RIOS, DIANA LUCIA PINEDA",1
00217,006,Otros artículos publicados,Revista de divulgación,Revista latinoamericana de ciencias sociales niñez y juventud,Colombia,REVISTA LATINOAMERICANA DE CIENCIAS SOCIALES NINEZ Y JUVENTUD,2016,"GLORIA MARIA ISAZA ZAPATA, JUAN SANTIAGO CALLE PIEDRAHITA",1
00218,006,Otros artículos publicados,Revista de divulgación,Acompañamiento escolar: punto de conexión para el rendimiento académico en niñas de primer grado,Colombia,Funlam Journal  of Students´ Research,2016,"ADRIANA MARIA GALLEGO HENAO, MARIBEL REGINA ATEHORTUA VELEZ, MARIBEL GIRALDO FRANCO",1
00219,006,Otros artículos publicados,Revista de divulgación,"Higiene mental de la lectura en la modernidad colombiana, 1900 - 1930",Argentina,Traslaciones. Revista Latinoamericana De Lectura Y Escritura,2015,JAIRO GUTIERREZ AVENDANO,1
00220,006,Otros artículos publicados,Revista de divulgación,Metodología de Investigación en Ciencia Política: La Mirada Empírico Analítica,Colombia,(0123-9864) Revista Fundación Universitaria Luis Amigó,2015,JOSE WILMAR PINO MONTOYA,1
00221,006,Otros artículos publicados,Revista de divulgación,De la evaluación escolar: un asunto entre encuentros y desencuentros,Colombia,En-Clave Social,2015,JOSE FEDERICO AGUDELO TORRES,1
00222,006,Otros artículos publicados,Revista de divulgación,De la evaluación y la teoría de sistemas,Colombia,En-Clave Social,2015,JOSE FEDERICO AGUDELO TORRES,1
00223,006,Otros artículos publicados,Revista de divulgación,LA EXPRESIÓN GRÁFICO-PLÁSTICA EN LA PRIMERA INFANCIA: UNA ALTERNATIVA DIDÁCTICA Y PEDAGÓGICA,Colombia,(0123-9864) Revista Fundación Universitaria Luis Amigó,2015,"ADRIANA MARIA GALLEGO HENAO, ANA MARIA MONTOYA SILVA, GRACE KELLY GIL BEDOYA",1
00224,006,Otros artículos publicados,Revista de divulgación,La mujer rural y su relación con la escuela campesina: una reflexión actual sobre mujeres olvidadas,Colombia,Panorama,2014,GLORIA MARIA LOPEZ ARBOLEDA,1
00225,006,Otros artículos publicados,Revista de divulgación,Resignificaciones: una mirada actual a las prácticas de crianza,Colombia,Panorama,2014,"GLORIA MARIA LOPEZ ARBOLEDA, LUISA FERNANDA RIOS LOPEZ, MARIA ELENA SERNA GALLO, MARY LUZ MARIN POSADA",1
00226,006,Otros artículos publicados,Revista de divulgación,El maestro como arquitecto y constructor de pensamiento,Colombia,Revista Universitaria Luis Amigó,2014,"GLORIA MARIA LOPEZ ARBOLEDA, ALEXANDER RODRIGUEZ BUSTAMANTE, LILIAM JOHANA MARROQUIN",1
00227,006,Otros artículos publicados,Periódico de noticias,La Relación entre el concepto de verdad y el concepto de interpretación,Colombia,(0123-9864) Revista Fundación Universitaria Luis Amigó,2014,JOSE WILMAR PINO MONTOYA,1
00228,006,Otros artículos publicados,Periódico de noticias,Agresividad Infantil en el contexto familiar,Colombia,La Voz Del Semillero,2013,"ADRIANA MARIA GALLEGO HENAO, PAULA ANDREA MONTOYA ARBOLEDA",1
00229,006,Otros artículos publicados,Periódico de noticias,Los semillero de investigacion: una opcion de vida en la formación académica,Colombia,La Voz Del Semillero,2013,JULIANA PAOLA QUINTERO RENDON,1
00230,006,Otros artículos publicados,Revista de divulgación,POLÍTICAS INSTITUCIONALES COMO DINAMIZADOR DE LA INVESTIGACIÓN ESCOLAR: REFLEXIONES PRELIMINARES DADAS DESDE DOS IE DEL ÁREA METROPOLITANA DEL VALLE DE ABURRÁ,Colombia,Memorias Congreso De Investigación Y Pedagogía. Ii Nacional I Internacional,,"JUAN SANTIAGO CALLE PIEDRAHITA, GLORIA MARIA ISAZA ZAPATA",1
00231,006,Otros artículos publicados,Revista de divulgación,Los semilleros de investigación: una opcion de vida en la formación académica,Colombia,La Voz Del Semillero,2013,"ADRIANA MARIA GALLEGO HENAO, JORGE LUIS DIAZ CORDOBA, JULIANA PAOLA QUINTERO RENDON",1
00232,006,Otros artículos publicados,Revista de divulgación,La dimensión biológica y la dimensión cultural como asíntotas de la emoción: una posibilidad,Colombia,REVISTA COLOMBIANA DE CIENCIAS SOCIALES,2013,"GLORIA MARIA LOPEZ ARBOLEDA, ALEXANDER RODRIGUEZ BUSTAMANTE, LILIAM JOHANA MARROQUIN",1
00233,006,Otros artículos publicados,Periódico de noticias,El material didáctico para la construcción de aprendizajes significativos,Colombia,REVISTA COLOMBIANA DE CIENCIAS SOCIALES,2013,"ADRIANA MARIA GALLEGO HENAO, ANYELA MILENA MANRIQUE",1
00234,006,Otros artículos publicados,Revista de divulgación,Línea de investigación educación - pedagogía,Colombia,Textos Y Argumentos,2010,"LIBIA ELENA RAMIREZ ROBLEDO, JORGE WILLIAM GUERRA MONTOYA",1
00235,006,Otros artículos publicados,Revista de divulgación,Concepto de lo social en la tradición de los Terciarios Capuchinos y en la contemporaneidad,Colombia,(0123-9864) Revista Fundación Universitaria Luis Amigó,2010,"ADRIANA MARIA GALLEGO HENAO, NATALIA ANDREA ALZATE ALZATE, LIBIA ELENA RAMIREZ ROBLEDO",1
00236,006,Otros artículos publicados,Revista de divulgación,"El trabajo interdisciplinario: acercamiento y realidades. El caso de Educación, Ingeniería de Sistemas y Comunicación Social",Colombia,(0123-9864) Revista Fundación Universitaria Luis Amigó,2010,"LIBIA ELENA RAMIREZ ROBLEDO, LUZ AIDE ATEHORTUA MORALES, ANCIZAR VARGAS LEON, LUIS FERNANDO VARGAS CANO",1
00237,006,Otros artículos publicados,Revista de divulgación,La enseñanza de la matemática y su relación con los procesos de aprendizaje,Colombia,(0123-9864) Revista Fundación Universitaria Luis Amigó,2010,"ADRIANA MARIA GALLEGO HENAO, NATALIA ANDREA ALZATE ALZATE",1
00238,006,Otros artículos publicados,Revista de divulgación,"Constitucion subjetiva, agresividad y educación",Colombia,(0123-9864) Revista Fundación Universitaria Luis Amigó,2008,LIBIA ELENA RAMIREZ ROBLEDO,1
00239,007,Otros artículos publicados,Revista de divulgación,La psicología y lo psicosocial: comprensiones en contexto,Colombia,Poiésis: Revista Electrónica de Psicología Social,2025,"EDISON FRANCISCO VIVEROS CHAVARRIA, ANGELA MARITZA LOPERA JARAMILLO",1
00240,007,Otros artículos publicados,Revista de divulgación,Salud mental en el deporte ¿Cómo está en la ciudad de Medellín?,Colombia,FormaDiseño,2025,"MARYCEL CARMONA MEJIA, ZONAIKA MAIRA POSADA LOPEZ",1
00241,007,Otros artículos publicados,Revista de divulgación,Perfil de los entrenadores antioqueños que participan de los Juegos Deportivos Nacionales relacionado a su conocimiento en psicología del deporte,Colombia,Revista digital ARCOFADER,2024,"JOSE MANUEL MENESES GAVIRIA, ZONAIKA MAIRA POSADA LOPEZ",1
00242,007,Otros artículos publicados,Revista de divulgación,Salud Mental en Deportistas Antioqueños Retirados que Han Participado En Juegos Olímpicos,Colombia,Revista digital ARCOFADER,2024,"CAROLINA VASQUEZ LOPEZ, ZONAIKA MAIRA POSADA LOPEZ",1
00243,007,Otros artículos publicados,Revista de divulgación,Salud Mental en Deportistas Antioqueños Retirados que Han Participado En Juegos Olímpicos,Colombia,Revista digital ARCOFADER,2024,"ZONAIKA MAIRA POSADA LOPEZ, CAROLINA VASQUEZ LOPEZ, LAURA SANCHEZ ARIAS",1
00244,007,Otros artículos publicados,Revista de divulgación,Los reyes del mundo: Danzando en contravía,Colombia,Poiésis: Revista Electrónica de Psicología Social,2023,EDISON FRANCISCO VIVEROS CHAVARRIA,1
00245,007,Otros artículos publicados,Revista de divulgación,Percepción de estudiantes de primaria sobre la educación física en Instituciones Educativas de Medellín,Colombia,VIREF REVISTA DE EDUCACION FISICA,2023,"ZONAIKA MAIRA POSADA LOPEZ, JUAN FELIPE MUNOZ BEDOYA",1
00246,007,Otros artículos publicados,Revista de divulgación,De la intervención psicosocial a la implicación psicosocial,Colombia,Poiésis: Revista Electrónica de Psicología Social,2023,EDISON FRANCISCO VIVEROS CHAVARRIA,1
00247,007,Otros artículos publicados,Periódico de noticias,Postgrados en psicología y ciencias sociales: una reflexión tras una década de formación,Colombia,Poiésis: Revista Electrónica de Psicología Social,2023,LEDY MARYORY BEDOYA CARDONA,1
00248,007,Otros artículos publicados,Revista de divulgación,Sobre la humillación y el desprecio como formas del mal moral,Colombia,Poiésis: Revista Electrónica de Psicología Social,2023,EDISON FRANCISCO VIVEROS CHAVARRIA,1
00249,007,Otros artículos publicados,Revista de divulgación,"Trayectoria dual en Colombia: Un estado de la cuestión entre la legislación, la educación y la competición",Brasil,Revista De Alesde,2021,JOSE TOMAS CORTES DIAZ,1
00250,007,Otros artículos publicados,Revista de divulgación,Crianza reflexiva. Pensar-se en la tarea de ser padre o madre,Colombia,Encuentro Nacional De Investigación Memorias,2020,"LEDY MARYORY BEDOYA CARDONA, OVIDIO HERRERA RIVERA",1
00251,007,Otros artículos publicados,Revista de divulgación,Guardemos una esperanza,Colombia,Poiésis: Revista Electrónica de Psicología Social,2019,EDISON FRANCISCO VIVEROS CHAVARRIA,1
00252,007,Otros artículos publicados,Revista de divulgación,La ficción del hombre acerca del poder absoluto sobre la vida afectiva y las acciones. Una lectura desde Baruch Spinoza,Colombia,Revista Universidad Católica Luis Amigó,2019,EDISON FRANCISCO VIVEROS CHAVARRIA,1
00253,007,Otros artículos publicados,Revista de divulgación,Familias educadoras e instrumentos de paz. Familia y escuela: un reto pendiente.,Colombia,Poiésis: Revista Electrónica de Psicología Social,2019,"ALEXANDER RODRIGUEZ BUSTAMANTE, ALPIDIO DE JESUS JARAMILLO HENAO, MARIA DEL TRANSITO GIRALDO USME",1
00254,007,Otros artículos publicados,Revista de divulgación,Psicología del absurdo: la paradoja de la subjetividad.,Colombia,Poiésis: Revista Electrónica de Psicología Social,2019,"ALEXANDER RODRIGUEZ BUSTAMANTE, WALTER BANOL LOPEZ",1
00255,007,Otros artículos publicados,Revista de divulgación,La educación y su componente ético: aprender a vivir juntos y aprender a ser,Colombia,Revista Universidad Católica Luis Amigó,2018,"ALEXANDER RODRIGUEZ BUSTAMANTE, FABIAN HERRERA MORALES",1
00256,007,Otros artículos publicados,Revista de divulgación,"Familia homoparental, dinámicas familiares y prácticas parentales",Colombia,REVISTA LATINOAMERICANA DE ESTUDIOS DE FAMILIA,2018,EDISON FRANCISCO VIVEROS CHAVARRIA,1
00257,007,Otros artículos publicados,Revista de divulgación,El tiempo de la escritura,Colombia,Poiésis: Revista Electrónica de Psicología Social,2018,"ALEXANDER RODRIGUEZ BUSTAMANTE, KELLY VARGAS GARCIA, ANA LUCIA CEBALLOS DUQUE",1
00258,007,Otros artículos publicados,Revista de divulgación,Participación de la infancia en la construcción de competencias ciudadanas,Colombia,Encuentro Nacional De Investigación Memorias,2018,ALEXANDER RODRIGUEZ BUSTAMANTE,1
00259,007,Otros artículos publicados,Revista de divulgación,"Deporte y entrenamiento deportivo como alternativas frente a la ""degeneración de la raza"" durante la primera mitad del siglo XX en Colombia",Colombia,REVISTA CIENCIAS SOCIALES Y EDUCACION,2018,JOSE TOMAS CORTES DIAZ,1
00260,007,Otros artículos publicados,Revista de divulgación,La experiencia de formación en intervención terapéutica: reflexiones suscitadas durante el entrenamiento de la Especialización en Terapia Familiar de la Universidad Católica Luis Amigó,Colombia,Funlam Journal  of Students´ Research,2018,LEDY MARYORY BEDOYA CARDONA,1
00261,007,Otros artículos publicados,Revista de divulgación,"Educación y escuela: espacio para la ciudadanía, convivencias y diálogos",Colombia,Poiésis: Revista Electrónica de Psicología Social,2018,"ALEXANDER RODRIGUEZ BUSTAMANTE, GERMAN DARIO HERRERA SARAY, WALTER BANOL LOPEZ",1
00262,007,Otros artículos publicados,Revista de divulgación,Apología a la diversidad. Sobre el caso del matrimonio de parejas homosexuales en Colombia,Colombia,Revista Universidad Católica Luis Amigó,2017,EDISON FRANCISCO VIVEROS CHAVARRIA,1
00263,007,Otros artículos publicados,Revista de divulgación,"Voz, palabra y escritura. La voz da sonido a la palabra hablada, la escritura le otorga una presencia física.",Colombia,Poiésis: Revista Electrónica de Psicología Social,2017,ALEXANDER RODRIGUEZ BUSTAMANTE,1
00264,007,Otros artículos publicados,Revista de divulgación,Erotismo consciente: una apuesta por la subversión del deseo ante el poder cultural hegemónico,Colombia,Encuentro Nacional De Investigación Memorias,2017,ALEXANDER RODRIGUEZ BUSTAMANTE,1
00265,007,Otros artículos publicados,Revista de divulgación,Pragmática de los casos de Terapia Familiar estructural de Salvador Minuchin,Colombia,Revista Universitaria Luis Amigó,2016,EDISON FRANCISCO VIVEROS CHAVARRIA,1
00266,007,Otros artículos publicados,Revista de divulgación,Acercamiento a la noción de la paradoja planteada por Mara Selvini,Colombia,Revista Universitaria Luis Amigó,2016,EDISON FRANCISCO VIVEROS CHAVARRIA,1
00267,007,Otros artículos publicados,Revista de divulgación,Convivencia escolar: una oportunidad para hacer feliz la permanencia en la escuela,Colombia,Encuentro Nacional De Investigación Memorias,2016,ALEXANDER RODRIGUEZ BUSTAMANTE,1
00268,007,Otros artículos publicados,Revista de divulgación,Escribir en la universidad,Colombia,Poiésis: Revista Electrónica de Psicología Social,2016,ALEXANDER RODRIGUEZ BUSTAMANTE,1
00269,007,Otros artículos publicados,Periódico de noticias,Familias en Medellín se han unido al movimiento homeschooling,Colombia,Gente De Laureles,2016,ALEXANDER RODRIGUEZ BUSTAMANTE,1
00270,007,Otros artículos publicados,Revista de divulgación,"Desarrollo, sentimientos sociales y diálogo transformativo: una propuesta para la comprensión del proceso de DDR en Colombia",Colombia,Revista Universitaria Luis Amigó,2016,"ALEXANDER RODRIGUEZ BUSTAMANTE, GLORIA MARIA LOPEZ ARBOLEDA",1
00271,007,Otros artículos publicados,Revista de divulgación,"El acento en el discurso: el problema del ""tonito""",Colombia,Revista Textos,2016,"ALEXANDER RODRIGUEZ BUSTAMANTE, GLORIA MARIA LOPEZ ARBOLEDA",1
00272,007,Otros artículos publicados,Revista de divulgación,"A propósito de la lectura, las palabras y las voces sobre el texto.",Colombia,Poiésis: Revista Electrónica de Psicología Social,2016,ALEXANDER RODRIGUEZ BUSTAMANTE,1
00273,007,Otros artículos publicados,Revista de divulgación,"Idea de pareja, a propósito del uso de la tecnología",Colombia,Poiésis: Revista Electrónica de Psicología Social,2016,ALEXANDER RODRIGUEZ BUSTAMANTE,1
00274,007,Otros artículos publicados,Revista de divulgación,Vínculos familiares: dinámica relacional influyente en la personalidad del niño,Colombia,Poiésis: Revista Electrónica de Psicología Social,2016,ALEXANDER RODRIGUEZ BUSTAMANTE,1
00275,007,Otros artículos publicados,Revista de divulgación,La reeducación en farmacodependencia: antes y después de una historia,Colombia,Poiésis: Revista Electrónica de Psicología Social,2016,ALEXANDER RODRIGUEZ BUSTAMANTE,1
00276,007,Otros artículos publicados,Revista de divulgación,"Tú en tu casa, yo en la mía: parejas lat...",Colombia,Poiésis: Revista Electrónica de Psicología Social,2016,"ALEXANDER RODRIGUEZ BUSTAMANTE, CRISTINA MARIA GIRALDO HURTADO, LUZ NATALIA OCAMPO MEJIA",1
00277,007,Otros artículos publicados,Revista de divulgación,Sobre la metáfora en Aristóteles,Colombia,Revista Universitaria Luis Amigó,2016,EDISON FRANCISCO VIVEROS CHAVARRIA,1
00278,007,Otros artículos publicados,Revista de divulgación,Sobre la relevancia del resentimiento y la justicia,Colombia,Poiésis: Revista Electrónica de Psicología Social,2016,EDISON FRANCISCO VIVEROS CHAVARRIA,1
00279,007,Otros artículos publicados,Revista de divulgación,Sobre la dinámica familiar. Revisión documental,Colombia,Cultura,,EDISON FRANCISCO VIVEROS CHAVARRIA,1
00280,007,Otros artículos publicados,Periódico de noticias,Escribir desahogar y sanar,Colombia,Revista Yok,2015,ALEXANDER RODRIGUEZ BUSTAMANTE,1
00281,007,Otros artículos publicados,Revista de divulgación,Sentidos de desarrollo que poseen las familias en condición de desplazamiento,Colombia,Revista Universitaria Luis Amigó,2015,MONICA MARIA ALVAREZ GALLEGO,1
00282,007,Otros artículos publicados,Revista de divulgación,El tiempo y la experiencia de la lectura,Colombia,Poiésis: Revista Electrónica de Psicología Social,2015,EDISON FRANCISCO VIVEROS CHAVARRIA,1
00283,007,Otros artículos publicados,Revista de divulgación,Intervención psicopedagógica en aulas hospitalarias: hacia una pedagogía incluyente en contextos adversos,Colombia,INFANCIAS IMAGENES,2014,ALEXANDER RODRIGUEZ BUSTAMANTE,1
00284,007,Otros artículos publicados,Revista de divulgación,Reacreditación del programa de psicología: una propuesta de calidad en clave Funlam.,Colombia,Poiésis: Revista Electrónica de Psicología Social,2014,"ALEXANDER RODRIGUEZ BUSTAMANTE, LUZ MARINA ARANGO GOMEZ",1
00285,007,Otros artículos publicados,Revista de divulgación,"Presupuesto participativo, liderazgo comunitario y participación comunitaria, ejes articuladores para el desarrollo social: Revisión documental",Colombia,REVISTA COLOMBIANA DE CIENCIAS SOCIALES,2014,DIANA ALVAREZ HENAO,1
00286,007,Otros artículos publicados,Revista de divulgación,La educación física y el deporte en Colombia: Un diálogo entre la religión y la pedagogía en los inicios del siglo XX,Colombia,Revista Universitaria Luis Amigó,2014,JESUS MARIA PINILLOS GARCIA,1
00287,007,Otros artículos publicados,Revista de divulgación,El maestro como arquitecto y constructor de pensamiento,Colombia,Revista Universitaria Luis Amigó,2014,"ALEXANDER RODRIGUEZ BUSTAMANTE, GLORIA MARIA LOPEZ ARBOLEDA, LILIAM JOHANA MARROQUIN",1
00288,007,Otros artículos publicados,Revista de divulgación,La dimensión biológica y la dimensión cultural como asíntotas de la emoción: una posibilidad,Colombia,REVISTA COLOMBIANA DE CIENCIAS SOCIALES,2013,"ALEXANDER RODRIGUEZ BUSTAMANTE, GLORIA MARIA LOPEZ ARBOLEDA, LILIAM JOHANA MARROQUIN",1
00289,007,Otros artículos publicados,Revista de divulgación,"De oralidades, expresiones y vacilaciones: ¿cómo matar pasiones?",Colombia,Poiésis: Revista Electrónica de Psicología Social,2013,ALEXANDER RODRIGUEZ BUSTAMANTE,1
00290,007,Otros artículos publicados,Revista de divulgación,Reflexiones desde el aula: Nociones de desarrollo según Amartya Sen,Colombia,Principio Activo Boletín Informativo De La Facultad De Medicina,2013,"ALEXANDER RODRIGUEZ BUSTAMANTE, DANIELA AGUIRRE BENITEZ, ASTRID SIERRA TAMAYO, JOSE MAURICIO RAMIREZ SANTOS",1
00291,007,Otros artículos publicados,Revista de divulgación,La autoevaluación: una experiencia reflexiva desde la  Facultad de Medicina,Colombia,Principio Activo Boletín Informativo De La Facultad De Medicina,2013,"ALEXANDER RODRIGUEZ BUSTAMANTE, MIGLENA GUEORGUIEVA KAMBOUROVA KAMBOUROVA",1
00292,007,Otros artículos publicados,Revista de divulgación,"Experiencias significativas en el proceso de práctica en la Institución Educativa Miraflores""Luis Eduardo Valencia García"" del Municipio de Medellín, desde la perspectiva del Profesional en Desarrollo Familiar",Colombia,Poiésis: Revista Electrónica de Psicología Social,2012,ALEXANDER RODRIGUEZ BUSTAMANTE,1
00293,007,Otros artículos publicados,Revista de divulgación,"El lugar de los sentimientos, el lugar de los vínculos, reconfiguración de identidades en el marco del conflicto armado colombiano",Colombia,REVISTA COLOMBIANA DE CIENCIAS SOCIALES,2012,"ALEXANDER RODRIGUEZ BUSTAMANTE, GLORIA MARIA LOPEZ ARBOLEDA",1
00294,007,Otros artículos publicados,Revista de divulgación,"CARACTERÍSTICAS SOBRE LA TIPOLOGÍA Y LA CONFORMACIÓN DE LAS FAMILIAS DE LOS ESTRATOS CERO, UNO, DOS Y TRES DEL BARRIO BELÉN RINCÓN DE MEDELLIN",Colombia,REVISTA COLOMBIANA DE CIENCIAS SOCIALES,2012,JOSE WILMAR PINO MONTOYA,1
00295,007,Otros artículos publicados,Revista de divulgación,"El pensamiento accidental, sus peligros y sus consecuencias",Colombia,(0123-9864) Revista Fundación Universitaria Luis Amigó,2011,JOSE WILMAR PINO MONTOYA,1
00296,007,Otros artículos publicados,Revista de divulgación,Ley 100 de 1993: Ley 100 de 2011. Había una vez¿,Colombia,Principio Activo Boletín Informativo De La Facultad De Medicina,2011,ALEXANDER RODRIGUEZ BUSTAMANTE,1
00297,007,Otros artículos publicados,Revista de divulgación,Implicaciones clínicas del uso de los manuales diagnósticos,Colombia,Poiésis: Revista Electrónica de Psicología Social,2011,"LAURA VICTORIA LONDONO BERNAL, CATALINA ECHEVERRI GALLO, ADRIANA ALVAREZ RESTREPO",1
00298,007,Otros artículos publicados,Revista de divulgación,"Modelo de intervención psicopedagógica encaminado al desarrollo de aspectos emocionales, cognitivos y conativos",Colombia,International Journal of Psychological Research,2011,LUZ ANGELA RAMIREZ NIETO,1
00299,007,Otros artículos publicados,Revista de divulgación,Salud Familiar: Un Componente Para la Vida,Colombia,Principio Activo Boletín Informativo De La Facultad De Medicina,2011,ALEXANDER RODRIGUEZ BUSTAMANTE,1
00300,007,Otros artículos publicados,Revista de divulgación,"Familia, escuela y docencia: una tarea conjunta para el desarrollo humano",Colombia,(0123-9864) Revista Fundación Universitaria Luis Amigó,2010,ALEXANDER RODRIGUEZ BUSTAMANTE,1
00301,007,Otros artículos publicados,Revista de divulgación,"Los docentes como intelectuales, lectores y actores en las problemáticas sociales. Una breve reflexión desde la pedagogía crítica de Henry Giroux",Colombia,(0123-9864) Revista Fundación Universitaria Luis Amigó,2010,EDISON FRANCISCO VIVEROS CHAVARRIA,1
00302,007,Otros artículos publicados,Revista de divulgación,"Familia, dinámica interna y desplazamiento",Colombia,La Voz Del Semillero,2009,LIDA CRISTINA VELEZ BEDOYA,1
00303,007,Otros artículos publicados,Revista de divulgación,Noción de modernidad: Algunas consideraciones para reflexionar una época,Colombia,(0123-9864) Revista Fundación Universitaria Luis Amigó,2009,EDISON FRANCISCO VIVEROS CHAVARRIA,1
00304,007,Otros artículos publicados,Revista de divulgación,Diario de campo y cuaderno clínico: Herramientas de reflexión y construcción del quehacer del psicólogo en formación,Colombia,Poiésis: Revista Electrónica de Psicología Social,2009,"LAURA VICTORIA LONDONO BERNAL, LUZ ANGELA RAMIREZ NIETO",1
00305,007,Otros artículos publicados,Revista de divulgación,Diario de campo y cuaderno clínico: Herramientas de reflexión y construcción del quehacer del psicólogo en formación,Colombia,Poiésis: Revista Electrónica de Psicología Social,2009,LUZ ANGELA RAMIREZ NIETO,1
00306,007,Otros artículos publicados,Revista de divulgación,Culture and mental health,Colombia,Poiésis: Revista Electrónica de Psicología Social,2008,LAURA VICTORIA LONDONO BERNAL,1
00307,007,Otros artículos publicados,Revista de divulgación,Prostitución masculina: ¿Venta o placer?,Colombia,Poiésis: Revista Electrónica de Psicología Social,2008,LUZ ANGELA RAMIREZ NIETO,1
00308,007,Otros artículos publicados,Revista de divulgación,"Algunas consideraciones acerca de la elección crítico social en el ¿Semillero de investigación en estudios de familia"" del programa de Desarrollo Familiar de la Fundación Universitaria Luis Amigó",Colombia,La Voz Del Semillero,2008,EDISON FRANCISCO VIVEROS CHAVARRIA,1
00309,007,Otros artículos publicados,Revista de divulgación,Aproximación crítica al contexto de desarrollo: Una reflexión necesaria para el Desarrollo Familiar,Colombia,(0123-9864) Revista Fundación Universitaria Luis Amigó,2007,EDISON FRANCISCO VIVEROS CHAVARRIA,1
00310,007,Otros artículos publicados,Revista de divulgación,Aproximaciones al concepto de familia en Desarrollo Familiar,Colombia,(0123-9864) Revista Fundación Universitaria Luis Amigó,2007,EDISON FRANCISCO VIVEROS CHAVARRIA,1
00311,007,Otros artículos publicados,Revista de divulgación,Noción del Desarrollo Familiar.,Colombia,(0123-9864) Revista Fundación Universitaria Luis Amigó,2006,EDISON FRANCISCO VIVEROS CHAVARRIA,1
00312,007,Otros artículos publicados,Revista de divulgación,La alteridad: Un encuentro de rostros en el pensamiento de Emmanuel Levinas.,Colombia,(0123-9864) Revista Fundación Universitaria Luis Amigó,2003,EDISON FRANCISCO VIVEROS CHAVARRIA,1
00313,008,Otros artículos publicados,Revista de divulgación,El papel de la psicología en la mitigación y adaptación al cambio climático,Colombia,Poiésis: Revista Electrónica de Psicología Social,2025,KATY LUZ MILLAN OTERO,1
00314,008,Otros artículos publicados,Revista de divulgación,La psicología y lo psicosocial. Comprensiones en contexto,Colombia,Poiésis: Revista Electrónica de Psicología Social,2025,"ANYERSON STITHS GOMEZ TABARES, DORA LILIANA OSORIO TAMAYO, EDISON FRANCISCO VIVEROS CHAVARRIA, ANGELA MARITZA LOPERA JARAMILLO, KATY LUZ MILLAN OTERO, SANDRA ISABEL MEJIA ZAPATA",1
00315,008,Otros artículos publicados,Periódico de noticias,Propuesta de acción psicosocial: De la compasión como emoción a la compasión como experiencia,Colombia,Memorias de eventos Universidad Católica Luis Amigó. La ciencia como escritura,2024,"JULIANA PATRICIA CARO PERDOMO, ANGELA MARITZA CARDONA CARDONA",1
00316,008,Otros artículos publicados,Revista de divulgación,Migración por amenidades. Un estudio bibliométrico,Colombia,Encuentro Nacional De Investigación Memorias,2024,KATY LUZ MILLAN OTERO,1
00317,008,Otros artículos publicados,Revista de divulgación,"Migración por amenidades en el oriente antioqueño, una mirada desde el campesino",Colombia,1er Congreso de Estudios Interdisciplinarios del Ambiente y la Sostenibilidad,2024,KATY LUZ MILLAN OTERO,1
00318,008,Otros artículos publicados,Revista de divulgación,"La apropiación espacial en los habitantes del asentamiento informal Nueva Jerusalén en el municipio de Bello, Antioquia, Colombia",Colombia,Revista Temario Científico,2023,KATY LUZ MILLAN OTERO,1
00319,008,Otros artículos publicados,Revista de divulgación,"Validación Estadística de Escala de Bienestar Psicológico para jóvenes de Medellín, Colombia",Panamá,Saluta,2023,"JOHN JAIRO GARCIA PENA, CLAUDIA MARCELA ARANA MEDINA",1
00320,008,Otros artículos publicados,Revista de divulgación,Diferencias por edad y género en el uso de redes sociales y su relación con la depresión y el desempeño académico en estudiantes universitarios,Perú,TecnoHumanismo,2023,"ANYERSON STITHS GOMEZ TABARES, MAURICIO MEJIA LOBO, JORGE HERNAN GONZALEZ CORTES",1
00321,008,Otros artículos publicados,Revista de divulgación,Retos de la psicología ambiental: hacia la promoción de la salud mental en los territorios,Colombia,Cátedra Colombiana de Psicología Mercedes Rodrigo,2023,"WILLIAN SIERRA BARON, KATY LUZ MILLAN OTERO",1
00322,008,Otros artículos publicados,Periódico de noticias,Conciencia emocional y roles del bullying en un grupo de estudiantes pertenecientes a una institución educativa de la ciudad de Manizales,Colombia,Revista Tempus Psicológico,2021,"ANYERSON STITHS GOMEZ TABARES, PAOLA ANDREA CARMONA TORO",1
00323,008,Otros artículos publicados,Revista de divulgación,"Mental hygiene, social turn of psychiatry and incorporation of mental health in the public agenda in Ibero-America, first half of the 20th century",Chile,Praxis y Cultura Psi,2020,JAIRO GUTIERREZ AVENDANO,1
00324,008,Otros artículos publicados,Revista de divulgación,"Diversidad funcional, emergente de un enfoque de derechos y autodeterminación",Colombia,Revista Tempus Psicológico,2020,SANDRA ISABEL MEJIA ZAPATA,1
00325,008,Otros artículos publicados,Revista de divulgación,Rostros de paz: Actores sociales que gestionan la construcción de paz en la ciudad de Medellín,Colombia,Novum,2020,HEIDI SMITH PULIDO VARON,1
00326,008,Otros artículos publicados,Revista de divulgación,"Darle cuerpo a lo no patológico: estigmas de degeneración atribuidos a la locura en Colombia, finales del siglo XIX y principios del XX",Colombia,Corpografías. Estudios críticos de y desde los cuerpos,2020,JAIRO GUTIERREZ AVENDANO,1
00327,008,Otros artículos publicados,Revista de divulgación,Representaciones sociales del minero en el Bajo Cauca Antioqueño: construcciones subjetivas de un lugar en disputa,Ecuador,Religacion. Revista de Ciencias Sociales y Humanidades,2019,"HEIDI SMITH PULIDO VARON, NICOLASA MARIA DURAN PALACIO",1
00328,008,Otros artículos publicados,Revista de divulgación,"Representaciones sociales del minero en el Bajo Cauca Antioqueño: construcciones subjetivas de un lugar en disputa""",Ecuador,Religacion. Revista de Ciencias Sociales y Humanidades,2019,HEIDI SMITH PULIDO VARON,1
00329,008,Otros artículos publicados,Revista de divulgación,Perfil Emocional de las Personas con VIH.,México,Revista Electrónica De Psicología Iztacala,2019,JOHN JAIRO GARCIA PENA,1
00330,008,Otros artículos publicados,Revista de divulgación,"Red Iberoamericana de Historia de la Psiquiatría, una década integrando saberes y críticas, 2008-2018",Colombia,Revista Salus Historia De La Salud,2018,"JAIRO GUTIERREZ AVENDANO, ALVARO LEON CASAS ORREGO",1
00331,008,Otros artículos publicados,Revista de divulgación,Los muros plásticos del hospital mental. Una historia visual de la locura en la modernidad,Colombia,Corpografías. Estudios críticos de y desde los cuerpos,2018,JAIRO GUTIERREZ AVENDANO,1
00332,008,Otros artículos publicados,Revista de divulgación,"Capacidad intelectual en niños, niñas y adolescentes diagnosticados con TDAH",Colombia,Revista Tempus Psicológico,2018,ANYERSON STITHS GOMEZ TABARES,1
00333,008,Otros artículos publicados,Periódico de noticias,¿Qué tan informados están los empleadores a la hora de contratar personas con diversidad funcional?,Colombia,Psyconex,2018,SANDRA ISABEL MEJIA ZAPATA,1
00334,008,Otros artículos publicados,Revista de divulgación,¿IDENTIDAD VERDADERA O IDEALIZADA? PROYECCIÓN DE LA IDENTIDAD EN FACEBOOK,Colombia,Funlam Journal  of Students´ Research,2018,KATY LUZ MILLAN OTERO,1
00335,008,Otros artículos publicados,Revista de divulgación,Rasgos de personalidad de un grupo de videojugadores en la ciudad de Manizales,Colombia,Revista Tempus Psicológico,2018,ANYERSON STITHS GOMEZ TABARES,1
00336,008,Otros artículos publicados,Revista de divulgación,"Medellín, una ciudad de contrastes desde los ojos de sus jóvenes",Colombia,Poiésis: Revista Electrónica de Psicología Social,2017,HEIDI SMITH PULIDO VARON,1
00337,008,Otros artículos publicados,Revista de divulgación,PERCEPCIONES DOCENTES RESPECTO A LA DIVERSIDAD FUNCIONAL,Colombia,Funlam Journal  of Students´ Research,2017,SANDRA ISABEL MEJIA ZAPATA,1
00338,008,Otros artículos publicados,Revista de divulgación,Red Colombiana de Historia de la Salud Mental: trayectoria e internacionalización,Colombia,Revista Salus Historia De La Salud,2016,JAIRO GUTIERREZ AVENDANO,1
00339,008,Otros artículos publicados,Revista de divulgación,Percepción de legalidad en la población rural del Altiplano del Oriente Antioqueño,Colombia,Encuentro Nacional De Investigación Memorias,2016,"NORMAN DARIO MORENO CARMONA, NICOLASA MARIA DURAN PALACIO, SONIA NATALIA COGOLLO OSPINA",1
00340,008,Otros artículos publicados,Revista de divulgación,Ser mujer: entre la maternidad y la identidad,Colombia,Poiésis: Revista Electrónica de Psicología Social,2016,DORA LILIANA OSORIO TAMAYO,1
00341,008,Otros artículos publicados,Revista de divulgación,"Imaginarios sociales de 27 jóvenes de grado 11 sobre Medellín la más Educada, en una institución educativa del nororiente de la ciudad: Institución Educativa Ramón Múnera Lopera",Colombia,Poiésis: Revista Electrónica de Psicología Social,2016,HEIDI SMITH PULIDO VARON,1
00342,008,Otros artículos publicados,Revista de divulgación,Las deficiencias en lectoescritura de los universitarios. Una cadena de responsabilidades [Editorial],Reino Unido,Senderos Pedagógicos,2016,SONIA NATALIA COGOLLO OSPINA,1
00343,008,Otros artículos publicados,Revista de divulgación,Facebook: la Mark(a) de lo social en los albores del siglo XXI,Colombia,Funlam Journal  of Students´ Research,2016,SONIA NATALIA COGOLLO OSPINA,1
00344,008,Otros artículos publicados,Revista de divulgación,"Facebook, the social Mark(a) of the 21st century",Colombia,Funlam Journal  of Students´ Research,2016,SONIA NATALIA COGOLLO OSPINA,1
00345,008,Otros artículos publicados,Revista de divulgación,Literacy deficiencies in University students. A chain of responsibilities,Colombia,Senderos Pedagógicos,2016,SONIA NATALIA COGOLLO OSPINA,1
00346,008,Otros artículos publicados,Revista de divulgación,Desarrollo positivo en jóvenes mexicanos y colombianos,México,Revista Del Congreso Mexicano De Psicología,2015,"NORMAN DARIO MORENO CARMONA, ALEXANDER ALVIS RIZZO, PATRICIA ANDRADE PALOS, CARLOS OMAR SANCHEZ XICOTENCATL",1
00347,008,Otros artículos publicados,Revista de divulgación,Fortalezas internas y externas que protegen a los adolescentes de las conductas de riesgo: Comparación México-Colombia,México,Revista Del Congreso Mexicano De Psicología,2015,"NORMAN DARIO MORENO CARMONA, ALEXANDER ALVIS RIZZO, DIANA BETANCOURTH OCAMPO, PATRICIA ANDRADE PALOS",1
00348,008,Otros artículos publicados,Revista de divulgación,Fortalezas internas y externas que influyen en el desarrollo positivo de jóvenes mexicanos y colombianos,México,Revista Del Congreso Mexicano De Psicología,2015,"NORMAN DARIO MORENO CARMONA, ALEXANDER ALVIS RIZZO, DIANA BETANCOURTH OCAMPO, ALEJANDRO GONZALEZ GONZALEZ",1
00349,008,Otros artículos publicados,Revista de divulgación,Una mirada panorámica al cine colombiano,Colombia,Revista Universitaria Luis Amigó,2015,SONIA NATALIA COGOLLO OSPINA,1
00350,008,Otros artículos publicados,Revista de divulgación,Psicología Social desde el otro lado del Atlántico,España,Boletín Sceps,2015,MONICA ALZATE GARCIA,1
00351,008,Otros artículos publicados,Revista de divulgación,"De la psicología estética en la ""Modernidad líquida""",Colombia,Poiésis: Revista Electrónica de Psicología Social,2015,SONIA NATALIA COGOLLO OSPINA,1
00352,008,Otros artículos publicados,Revista de divulgación,La ciencia pierde la armonía [Editorial],Colombia,PERSEITAS,2015,SONIA NATALIA COGOLLO OSPINA,1
00353,008,Otros artículos publicados,Revista de divulgación,Segundo Conde como ideal político en Samper: a propósito de la novela Florencio Conde,Colombia,Revista Universitaria Luis Amigó,2015,SONIA NATALIA COGOLLO OSPINA,1
00354,008,Otros artículos publicados,Revista de divulgación,Ética del Cuidado: Una voz diferente,Colombia,(0123-9864) Revista Fundación Universitaria Luis Amigó,2015,NICOLASA MARIA DURAN PALACIO,1
00355,008,Otros artículos publicados,Revista de divulgación,La práctica profesional en el Programa de Psicología de la Fundación Universitaria Luis Amigó: entre el ser y el hacer.,Colombia,Poiésis: Revista Electrónica de Psicología Social,2014,ALEXANDER RODRIGUEZ BUSTAMANTE,1
00356,008,Otros artículos publicados,Revista de divulgación,Concepcions sobre la relació entre transtorn mental i perillositat: implicacions en la pràctica psicològica,España,Anuari De Psicologia De La Societat Valenciana De Psicologia,2014,"TATIANA ANDREA CANO ISAZA, SONIA NATALIA COGOLLO OSPINA",1
00357,008,Otros artículos publicados,Revista de divulgación,La proyección social en el Programa de Psicología de la Funlam: para la gente y con la gente.,Colombia,Poiésis: Revista Electrónica de Psicología Social,2014,ALEXANDER RODRIGUEZ BUSTAMANTE,1
00358,008,Otros artículos publicados,Revista de divulgación,El miedo como estrategia de marketing en los seguros de vida y de accidentes,Colombia,Revista Universitaria Luis Amigó,2014,SONIA NATALIA COGOLLO OSPINA,1
00359,008,Otros artículos publicados,Revista de divulgación,Imaginando un saber sobre el Alma con María Zambrano,Colombia,Revista Universitaria Luis Amigó,2014,NICOLASA MARIA DURAN PALACIO,1
00360,008,Otros artículos publicados,Revista de divulgación,Problematizando la Psicología del Desarrollo desde el Enfoque de las Capacidades de Martha Nussbaum,Colombia,Poiésis: Revista Electrónica de Psicología Social,2013,NICOLASA MARIA DURAN PALACIO,1
00361,008,Otros artículos publicados,Revista de divulgación,"Cóndores no entierran todos los días: cuando matar se convirtió en ""cuestión de principios""",Colombia,Poiésis: Revista Electrónica de Psicología Social,2013,SONIA NATALIA COGOLLO OSPINA,1
00362,008,Otros artículos publicados,Revista de divulgación,El Bullying y el Suicidio en el Escenario Universitario,Colombia,REVISTA COLOMBIANA DE CIENCIAS SOCIALES,2013,JOHN JAIRO GARCIA PENA,1
00363,008,Otros artículos publicados,Revista de divulgación,Inclusión social: de una homogenización que recluye a la equidad liberadora,Colombia,(0123-9864) Revista Fundación Universitaria Luis Amigó,2013,NORMAN DARIO MORENO CARMONA,1
00364,008,Otros artículos publicados,Revista de divulgación,El lugar de la teoría de foucault sobre el sujeto y de la reflexión sobre la contemporaneidad en la comprensión de la enfermedad mental y del ejercicio clínico psicológico: una revisión conceptual,Colombia,En-Clave Social,2013,RICARDO ALBERTO ANDRADE RODRIGUEZ,1
00365,008,Otros artículos publicados,Periódico de noticias,El Suicidio: un enfoque psicosocial,Colombia,REVISTA COLOMBIANA DE CIENCIAS SOCIALES,2012,JAIME ALBERTO CARMONA PARRA,1
00366,008,Otros artículos publicados,Revista de divulgación,Acompañamiento familiar durante el tratamiento de pacientes con diagnóstico de enfermedad mental,Colombia,REVISTA COLOMBIANA DE CIENCIAS SOCIALES,2012,"DANIELA CARDONA PATINO, VANESSA ANDREA ZULETA GUZMAN, LAURA LONDONO BERNAL, LUZ ANGELA RAMIREZ NIETO, EDISON FRANCISCO VIVEROS CHAVARRIA",1
00367,008,Otros artículos publicados,Revista de divulgación,Referencialidad de los padres contemporáneos,Colombia,Poiésis: Revista Electrónica de Psicología Social,2012,NORMAN DARIO MORENO CARMONA,1
00368,008,Otros artículos publicados,Revista de divulgación,Expresiones infantiles de agresividad en contextos educativos. Una interpretación desde la Psicología Dinámica y las relaciones familiares,Colombia,REVISTA COLOMBIANA DE CIENCIAS SOCIALES,2012,LAURA VICTORIA LONDONO BERNAL,1
00369,008,Otros artículos publicados,Revista de divulgación,Una Psicología Preteórica. Algunas reflexiones sobre la introducción y el primer capítulo de los Prolegómenos para una Historia del concepto de tiempo de Heidegger,Colombia,REVISTA COLOMBIANA DE CIENCIAS SOCIALES,2011,RICARDO ALBERTO ANDRADE RODRIGUEZ,1
00370,008,Otros artículos publicados,Revista de divulgación,Implicaciones clínicas del uso de los manuales diagnósticos,Colombia,Poiésis: Revista Electrónica de Psicología Social,2011,"LAURA VICTORIA LONDONO BERNAL, CATALINA ECHEVERRI GALLO, ADRIANA ALVAREZ RESTREPO",1
00371,008,Otros artículos publicados,Revista de divulgación,Psicología del Terrorismo: el nuevo malestar en la cultura,Colombia,Poiésis: Revista Electrónica de Psicología Social,2011,NORMAN DARIO MORENO CARMONA,1
00372,008,Otros artículos publicados,Revista de divulgación,Epistemología y Abordajes en Psicología Dinámica (Psicoanálisis relacional),Colombia,REVISTA COLOMBIANA DE CIENCIAS SOCIALES,2011,RICARDO ALBERTO ANDRADE RODRIGUEZ,1
00373,008,Otros artículos publicados,Revista de divulgación,Desafíos y prioridades en el trabajo con jóvenes,Colombia,Poiésis: Revista Electrónica de Psicología Social,2010,NORMAN DARIO MORENO CARMONA,1
00374,008,Otros artículos publicados,Revista de divulgación,"Aproximaciones terapéuticas con sujetos criminales, una mirada desde la responsabilidad ética del sujeto",Colombia,Poiésis: Revista Electrónica de Psicología Social,2010,LAURA VICTORIA LONDONO BERNAL,1
00375,008,Otros artículos publicados,Revista de divulgación,Análisis pragmalingüístico de una interacción verbal terapéutica,Colombia,REVISTA COLOMBIANA DE CIENCIAS SOCIALES,2010,RICARDO ALBERTO ANDRADE RODRIGUEZ,1
00376,008,Otros artículos publicados,Revista de divulgación,Lo Fundamental en la Relación Terapéutica,Colombia,Poiésis: Revista Electrónica de Psicología Social,2010,NORMAN DARIO MORENO CARMONA,1
00377,008,Otros artículos publicados,Revista de divulgación,¿Psicólogos de enfoque o psicólogos generales?,Colombia,Poiésis: Revista Electrónica de Psicología Social,2009,NORMAN DARIO MORENO CARMONA,1
00378,008,Otros artículos publicados,Revista de divulgación,¿Jóvenes en conflicto o crisis de adultos?,Colombia,Poiésis: Revista Electrónica de Psicología Social,2009,NORMAN DARIO MORENO CARMONA,1
00379,008,Otros artículos publicados,Revista de divulgación,"Hacia una clínica del vínculo (Mead, Freud, Pichón y Lacan)",Colombia,Poiésis: Revista Electrónica de Psicología Social,2007,JAIME ALBERTO CARMONA PARRA,1
00380,008,Otros artículos publicados,Revista de divulgación,"El Interaccionismo Simbólico y la investigación del fenómeno de los niños desvinculados de los grupos armados ilegales en Colombia: Algunas consideraciones técnicas, metodológicas y epistemológicas.",Colombia,Poiésis: Revista Electrónica de Psicología Social,2006,JAIME ALBERTO CARMONA PARRA,1
00381,008,Otros artículos publicados,Revista de divulgación,"Interaccionismo Simbólico, perspectiva y método en el campo de la psicología social",Colombia,Poiésis: Revista Electrónica de Psicología Social,2006,JAIME ALBERTO CARMONA PARRA,1
00382,008,Otros artículos publicados,Revista de divulgación,"Enamoramiento Feminidad y Experiencia Mística, a propósito del Cántico Espiritual de San Juán de la Cruz",Colombia,Poiésis: Revista Electrónica de Psicología Social,2005,JAIME ALBERTO CARMONA PARRA,1
00383,008,Otros artículos publicados,Revista de divulgación,"Fundamentación Teórica, Metodológica y Operativa de la Línea de Investigación en Psicología Social y Salud Mental",Colombia,Textos Y Argumentos,2003,"UBERNEY MARIN TAMAYO, CRISTOBAL OVIDIO MUNOZ ARROYAVE, FABIAN OROZCO OROZCO",1
00384,009,Otros artículos publicados,Revista de divulgación,Derecho ambiental: análisis en el contexto de la justicia ambiental para el desarrollo sostenible,Ecuador,Bastcorp International Journal,2025,"LIVIA DIAZ GONZALEZ, THAMAR ISABEL PEREZ BARRERA, JOEL DE JESUS ESTRADA CORDERO, JAVIER ENRIQUE PAYARES IZQUIERDO",1
00385,009,Otros artículos publicados,Revista de divulgación,Modelo sistémico de gestión para la protección sociojurídica del medio ambiente y su contribución al desarrollo humano sostenible,Ecuador,Ethos Scientific Journal,2025,"HERMINIA DE LAS MERCEDES MARTINEZ NEGRETE, LIVIA DIAZ GONZALEZ",1
00386,009,Otros artículos publicados,Periódico de noticias,"Ecoturismo, ronda del Sinú, rio Sinú y cienagas contaminados",Colombia,(1692-5752) El Meridiano de Cordoba,2021,CARLOS RODRIGUEZ SANTOS,1
00387,009,Otros artículos publicados,Periódico de noticias,"A proposito, qué significa la palabra Minga",Colombia,El Meridiano De Cordoba,2020,CARLOS RODRIGUEZ SANTOS,1
00388,009,Otros artículos publicados,Periódico de noticias,"Reabrir el comercio en plena pandemia, no es reactivar la economía del país",Colombia,El Meridiano De Cordoba,2020,CARLOS RODRIGUEZ SANTOS,1
00389,009,Otros artículos publicados,Periódico de noticias,"Reabrir el comercio en plena pandemia, no es reactivar la economía del país",Colombia,El Meridiano De Cordoba,2020,CARLOS RODRIGUEZ SANTOS,1
00390,009,Otros artículos publicados,Periódico de noticias,Las noticias políticas reprobables deben tomare como profundización democrática,Colombia,El Meridiano De Cordoba,2020,CARLOS RODRIGUEZ SANTOS,1
00391,009,Otros artículos publicados,Periódico de noticias,"La Ideologías, en conmemoración a la Batalla de Boyacá",Colombia,El Meridiano De Cordoba,2020,CARLOS RODRIGUEZ SANTOS,1
00392,009,Otros artículos publicados,Periódico de noticias,"Insisto, vamos a necesitar una identidad cultural capaz de crear nacionalismo colombiano",Colombia,El Meridiano De Cordoba,2020,CARLOS RODRIGUEZ SANTOS,1
00393,009,Otros artículos publicados,Periódico de noticias,"La Lógica , ente todo",Colombia,El Meridiano De Cordoba,2020,CARLOS RODRIGUEZ SANTOS,1
00394,009,Otros artículos publicados,Periódico de noticias,"Nacionalismo y Nacionalista, en conmemoración a nuestra independencia",Colombia,El Meridiano De Cordoba,2020,CARLOS RODRIGUEZ SANTOS,1
00395,009,Otros artículos publicados,Periódico de noticias,"Nacionalismo y Nacionalista, en conmemoración a nuestra independencia",Colombia,El Meridiano De Cordoba,2020,CARLOS RODRIGUEZ SANTOS,1
00396,009,Otros artículos publicados,Periódico de noticias,"¿Para hacer un pacto nacional, hay que montar un nuevo gobierno?",Colombia,El Meridiano De Cordoba,2020,CARLOS RODRIGUEZ SANTOS,1
00397,009,Otros artículos publicados,Periódico de noticias,Las formalidades legales en el Derecho colombiano,Colombia,El Meridiano De Cordoba,2020,CARLOS RODRIGUEZ SANTOS,1
00398,009,Otros artículos publicados,Periódico de noticias,Empezó el 2020 en materia tributaria con justicia social?,Colombia,El Meridiano De Cordoba,2020,CARLOS RODRIGUEZ SANTOS,1
00399,009,Otros artículos publicados,Periódico de noticias,Contextualización del caso Uber,Colombia,El Meridiano De Cordoba,2020,CARLOS RODRIGUEZ SANTOS,1
00400,009,Otros artículos publicados,Periódico de noticias,Aumentar anualmente el salario mínimo constituye Justicia Social?,Colombia,El Meridiano De Cordoba,2020,CARLOS RODRIGUEZ SANTOS,1
00401,009,Otros artículos publicados,Periódico de noticias,La etiología del paro,Colombia,El Meridiano De Cordoba,2019,CARLOS RODRIGUEZ SANTOS,1
00402,009,Otros artículos publicados,Periódico de noticias,"Cinismo, qué significa",Colombia,El Meridiano De Cordoba,2019,CARLOS RODRIGUEZ SANTOS,1
00403,009,Otros artículos publicados,Columna de opinión,"No existe la ""coincidencia"" sino ""Diosidencia"" o ""diablocidencia""",Colombia,El Meridiano De Cordoba,2019,CARLOS RODRIGUEZ SANTOS,1
00404,009,Otros artículos publicados,Columna de opinión,"La Abogacía en Colombia, como estamento es bastante responsable de la corrupción",Colombia,El Meridiano De Cordoba,2019,CARLOS RODRIGUEZ SANTOS,1
00405,009,Otros artículos publicados,Columna de opinión,El porte legal de armas para civi¬les en Colombia,Colombia,El Meridiano De Cordoba,2019,CARLOS RODRIGUEZ SANTOS,1
00406,009,Otros artículos publicados,Columna de opinión,Se requiere primero economía formal para requerir urbanidad en las calles,Colombia,El Meridiano De Cordoba,2019,CARLOS RODRIGUEZ SANTOS,1
00407,009,Otros artículos publicados,Columna de opinión,XIII Encuentro de la Jurisdicción Constitucional,Colombia,El Meridiano De Cordoba,2018,CARLOS RODRIGUEZ SANTOS,1
00408,009,Otros artículos publicados,Columna de opinión,"Políticas públicas, a propósito de los 100 días de Duque",Colombia,El Meridiano De Cordoba,2018,CARLOS RODRIGUEZ SANTOS,1
00409,009,Otros artículos publicados,Columna de opinión,La alternativa es la no adopción de po¬líticas neoliberales,Colombia,El Meridiano De Cordoba,2018,CARLOS RODRIGUEZ SANTOS,1
00410,009,Otros artículos publicados,Columna de opinión,¿Financiamien¬to o neolibera¬lismo?,Colombia,El Meridiano De Cordoba,2018,CARLOS RODRIGUEZ SANTOS,1
00411,009,Otros artículos publicados,Columna de opinión,La Reforma a la Justicia propues¬ta por el Gobierno y el CD,Colombia,El Meridiano De Cordoba,2018,CARLOS RODRIGUEZ SANTOS,1
00412,009,Otros artículos publicados,Columna de opinión,"El CNE, a propósito que negó la personería de Colombia Humana",Colombia,El Meridiano De Cordoba,2018,CARLOS RODRIGUEZ SANTOS,1
00413,009,Otros artículos publicados,Columna de opinión,El artículo 235 de la Constitu¬ción de 1991,Colombia,El Meridiano De Cordoba,2018,CARLOS RODRIGUEZ SANTOS,1
00414,009,Otros artículos publicados,Columna de opinión,"El voto como acción social, debe ser racional",Colombia,El Meridiano De Cordoba,2018,CARLOS RODRIGUEZ SANTOS,1
00415,009,Otros artículos publicados,Periódico de noticias,Ciencia y política,Colombia,El Meridiano De Cordoba,2018,CARLOS RODRIGUEZ SANTOS,1
00416,009,Otros artículos publicados,Columna de opinión,Los debates presidenciales son una falacia,Colombia,El Meridiano De Cordoba,2018,CARLOS RODRIGUEZ SANTOS,1
00417,009,Otros artículos publicados,Columna de opinión,El abstencio¬nismo electoral,Colombia,El Meridiano De Cordoba,2018,CARLOS RODRIGUEZ SANTOS,1
00418,009,Otros artículos publicados,Columna de opinión,El voto no es la solución,Colombia,El Meridiano De Cordoba,2018,CARLOS RODRIGUEZ SANTOS,1
00419,009,Otros artículos publicados,Columna de opinión,El nepotismo en los cargos de elección popular,Colombia,El Meridiano De Cordoba,2018,CARLOS RODRIGUEZ SANTOS,1
00420,009,Otros artículos publicados,Columna de opinión,Caníbales en pleno siglo XXI,Colombia,El Meridiano De Cordoba,2017,CARLOS RODRIGUEZ SANTOS,1
00421,009,Otros artículos publicados,Revista de divulgación,Documental Social Participativo: Una estrategia para el desarrollo de competencias comunicativas en estudiantes de la zona rural,Colombia,Assensus,2017,HUBER YECID CASTRO ESCOBAR,1
00422,009,Otros artículos publicados,Columna de opinión,"Política, democracia y partidos políticos",Colombia,El Meridiano De Cordoba,2017,CARLOS RODRIGUEZ SANTOS,1
00423,009,Otros artículos publicados,Columna de opinión,"En reemplazo de las elecciones, cómo lograr un cambio",Colombia,El Meridiano De Cordoba,2017,CARLOS RODRIGUEZ SANTOS,1
00424,009,Otros artículos publicados,Columna de opinión,El derecho a no tener partidos políticos,Colombia,El Meridiano De Cordoba,2017,CARLOS RODRIGUEZ SANTOS,1
00425,009,Otros artículos publicados,Columna de opinión,Nueva ley que aumenta castigo a delitos electorales,Colombia,El Meridiano De Cordoba,2017,CARLOS RODRIGUEZ SANTOS,1
00426,009,Otros artículos publicados,Columna de opinión,"La vivienda digna, a propósito de la ola invernal",Colombia,El Meridiano De Cordoba,2017,CARLOS RODRIGUEZ SANTOS,1
00427,009,Otros artículos publicados,Columna de opinión,La mujer cabeza de familia,Colombia,El Meridiano De Cordoba,2017,CARLOS RODRIGUEZ SANTOS,1
00428,009,Otros artículos publicados,Columna de opinión,Qué es el libre desarrollo de la personalidad,Colombia,El Meridiano De Cordoba,2017,CARLOS RODRIGUEZ SANTOS,1
00429,009,Otros artículos publicados,Revista de divulgación,El perfil del trabajador social en la construcción de paz desde una cultura ambiental El perfil del trabajador social en la construcción de paz desde una cultura ambiental,Panamá,ORATORES,2017,LIVIA DIAZ GONZALEZ,1
00430,009,Otros artículos publicados,Columna de opinión,La enseñanza moral de la riqueza como política penitenciaria,Colombia,El Meridiano De Cordoba,2017,CARLOS RODRIGUEZ SANTOS,1
00431,009,Otros artículos publicados,Columna de opinión,"Corrupción, moralidad administrativa y la acción popular",Colombia,El Meridiano De Cordoba,2017,CARLOS RODRIGUEZ SANTOS,1
00432,009,Otros artículos publicados,Columna de opinión,La Guerra y el Derecho Internacional Humanitario,Colombia,El Meridiano De Cordoba,2017,CARLOS RODRIGUEZ SANTOS,1
00433,009,Otros artículos publicados,Columna de opinión,La segunda instancia como garantía procesal para los congresistas,Colombia,El Meridiano De Cordoba,2017,CARLOS RODRIGUEZ SANTOS,1
00434,009,Otros artículos publicados,Columna de opinión,"El razonamiento judicial, a propósito del caso Colmenares",Colombia,El Meridiano De Cordoba,2017,CARLOS RODRIGUEZ SANTOS,1
00435,009,Otros artículos publicados,Columna de opinión,La dignidad humana y la política,Colombia,El Meridiano De Cordoba,2017,CARLOS RODRIGUEZ SANTOS,1
00436,009,Otros artículos publicados,Columna de opinión,"El debido proceso, a propósito de la ley de delitos menores",Colombia,El Meridiano De Cordoba,2017,CARLOS RODRIGUEZ SANTOS,1
00437,009,Otros artículos publicados,Columna de opinión,"Deserción escolar, pobreza y embarazo, ¿cuál es la causa?",Colombia,El Meridiano De Cordoba,2017,CARLOS RODRIGUEZ SANTOS,1
00438,009,Otros artículos publicados,Revista de divulgación,Edu-entretenimiento: estrategia comunicativa para la intervención de la drogadicción en los estudiantes de la Institución Educativa El Carito mediante una ruta metodológica para la construcción de Documentales Sociales Participativos (D.S.P.),Colombia,(2619-2659) ACTA SCIENTIÆ INFORMATICÆ,2017,HUBER YECID CASTRO ESCOBAR,1
00439,009,Otros artículos publicados,Columna de opinión,"El tributo, a propósito de la reforma tributaria",Colombia,El Meridiano De Cordoba,2016,CARLOS RODRIGUEZ SANTOS,1
00440,009,Otros artículos publicados,Columna de opinión,". La privatización, a propósito del tema de Electricaribe",Colombia,El Meridiano De Cordoba,2016,CARLOS RODRIGUEZ SANTOS,1
00441,009,Otros artículos publicados,Columna de opinión,"¿Será necesaria una jurisdicción especial de paz, en el acuerdo con las Farc?",Colombia,El Meridiano De Cordoba,2016,CARLOS RODRIGUEZ SANTOS,1
00442,009,Otros artículos publicados,Columna de opinión,"A propósito del fallo del tribunal de Estrasburgo: ""no existe derecho al matrimonio gay"".",Colombia,El Meridiano De Cordoba,2016,CARLOS RODRIGUEZ SANTOS,1
00443,009,Otros artículos publicados,Revista de divulgación,MOVIMIENTO INFANTIL SEMBRADORES DE PAZ. PROCESOS DE REINVENCIÓN SOCIAL EN CONTEXTOS DE POSCONFLICTO,Colombia,Publicación Artículo En El Boletín Redipe 803,2016,"VICTOR TERAN REALES, LAURA CRISTINA TERAN SIMANCAS",1
00444,009,Otros artículos publicados,Revista de divulgación,"LA POLÍTICA DE INTEGRACIÓN LATINOAMERICANA DURANTE LA PRESIDENCIA DE CARLOS ANDRÉS PÉREZ (1974-1979). MOTIVOS, FUNDAMENTO LEGAL E INICIATIVAS.",Venezuela,Revista Venezolana De Ciencia Y Tecnologia Revecitec,2015,"ANDREINA DEL VALLE CHIQUITO RIVERO, ESTELIO JOSE ANGULO",1
00445,009,Otros artículos publicados,Revista de divulgación,Moñitos Estampa de un pueblo afrocribeño cordobes,Colombia,Interlocuciones Desde La Funlam / Fundacion Universitaria Luis Amigo,2011,MERY RAQUEL CARDONA OVIEDO,1
00446,009,Otros artículos publicados,Revista de divulgación,Los Afrodescendientes de Córdoba,Colombia,Documentos Para La Reflexion,2009,"MERY RAQUEL CARDONA OVIEDO, JOSE DOLORES COGOLLO JIMENEZ",1
00447,009,Otros artículos publicados,Revista de divulgación,"La economía informal cordobesa, signo de un modelo de desarrollo ineficiente y excluyente",Colombia,Interacción: Revista de Comunicación Educativa,2009,MIGUEL EFREN GARCES PRETTEL,1
00448,009,Otros artículos publicados,Revista de divulgación,EL PAPEL PROTAGÒNICO DE LA FUNLAM EN LA CONSTRUCCION DE CULTURA AMBIENTAL,Colombia,(0123-9864) Revista Fundación Universitaria Luis Amigó,2008,VICTOR TERAN REALES,1
00449,009,Otros artículos publicados,Revista de divulgación,Modulo de psicologia de la salud para enfermeras,Colombia,revista  eco,2008,MARLON ANTONIO ARRIETA ALMARIO,1
00450,009,Otros artículos publicados,Revista de divulgación,Eduardo Nieto Arteta y la nueva lectura de la historia de Colombia,Colombia,Magazin del Caribe,2007,ALBERTO GOMEZ MARTINEZ,1
00451,009,Otros artículos publicados,Revista de divulgación,José Francisco Socarrás y la Educación en Colombia,Colombia,Magazin del Caribe,2006,ALBERTO GOMEZ MARTINEZ,1
00452,009,Otros artículos publicados,Revista de divulgación,"La Investigación Acción Participativa, un proyecto de vida",Colombia,Magazin del Caribe,2006,ALBERTO GOMEZ MARTINEZ,1
00453,009,Otros artículos publicados,Revista de divulgación,Informe final de Gestión del proyecto CAEC,Colombia,Informe Final de Gestión proyecto CAEC,2006,VICTOR TERAN REALES,1
00454,009,Otros artículos publicados,Revista de divulgación,Cultura y Sinuanología,Colombia,Magazin del Caribe,2005,ALBERTO GOMEZ MARTINEZ,1
00455,009,Otros artículos publicados,Revista de divulgación,La Multiculturalidad Ayer y Hoy,Colombia,Magazin del Caribe,2005,ALBERTO GOMEZ MARTINEZ,1
00456,009,Otros artículos publicados,Revista de divulgación,LA FUNLAM AL SERVICIO DE LA FORMACION INTEGRAL DEL SER HUMANO EN LA REGION DE CORDOBA,Colombia,REVISTA FUNDACION UNIVERSITARIA LUIS AMIGÓ,2005,"VICTOR TERAN REALES, MIRID SORNOZA ARGUMEDO",1
00457,009,Otros artículos publicados,Revista de divulgación,La Cátedra de Estudios Afrocolombianos y la etnoeducación,Colombia,Magazin del Caribe,2004,ALBERTO GOMEZ MARTINEZ,1
00458,009,Otros artículos publicados,Revista de divulgación,REFLEXIONES EN TORNO A LAS PRACTICAS EVALUATIVAS Y MANEJO DEL PORTAFOLIO DE DESEMPEÑO EN LA FUNLAM,Colombia,(0123-9864) Revista Fundación Universitaria Luis Amigó,2004,VICTOR TERAN REALES,1
00459,009,Otros artículos publicados,Periódico de noticias,La Dimensión Pedagógica de la Etnoeducación,Colombia,De...Partir / Fundación Colombiana De Tiempo Libre Y Recreación Funlibre,2002,ALBERTO GOMEZ MARTINEZ,1
00460,009,Otros artículos publicados,Revista de divulgación,Críterios y Carácterísticas Inherentes a la formación permanente de los profesionales en Educación,Colombia,Avance Investigativo,2002,"JOAQUIN JOSE ROJANO DE LA HOZ, LUIS CARLOS PACHECO LORA",1
00461,009,Otros artículos publicados,Revista de divulgación,Fundamentación Pedagógica de los programas en Educación,Colombia,Educación Y Universidad,2000,"JOAQUIN JOSE ROJANO DE LA HOZ, LUIS CARLOS PACHECO LORA",1
00462,009,Otros artículos publicados,Revista de divulgación,Pautas para el Avance de la Estructura Curricular según Núcleos de formación Básica pedagógica,Colombia,Educación Y Universidad,1999,"JOAQUIN JOSE ROJANO DE LA HOZ, LUIS CARLOS PACHECO LORA",1
00463,009,Otros artículos publicados,Revista de divulgación,"Los Orígenes de Moñitos, amor de negros que cuentan los Abuelos",Colombia,Proyección Investigativa - Universidad De Córdoba Ciuc,1999,"JOAQUIN JOSE ROJANO DE LA HOZ, MERY CARDONA OVIEDO",1
00464,009,Otros artículos publicados,Revista de divulgación,El tipo Ideal del Perfil Profesional Docente,Colombia,Educación Y Universidad,1998,JOAQUIN JOSE ROJANO DE LA HOZ,1
00465,009,Otros artículos publicados,Periódico de noticias,La Cátedra de Estudios Afrocolombianos,Colombia,Periodico Costa Alternativa,1997,ALBERTO GOMEZ MARTINEZ,1
00466,009,Otros artículos publicados,Periódico de noticias,Educación y Multiculturalidad,Colombia,Periodico Costa Alternativa,1997,ALBERTO GOMEZ MARTINEZ,1
00467,009,Otros artículos publicados,Revista de divulgación,Una instanea del estado conyugal en Córdoba,Colombia,Avance Investigativo,1997,MERY RAQUEL CARDONA OVIEDO,1
00468,009,Otros artículos publicados,Revista de divulgación,Cómo construir el Futuro,Colombia,Revista Institucional Unicordoba,1997,JOAQUIN JOSE ROJANO DE LA HOZ,1
00469,009,Otros artículos publicados,Periódico de noticias,Colombia y su desarrollo,Colombia,El Meridiano De Cordoba,1996,MERY RAQUEL CARDONA OVIEDO,1
00470,009,Otros artículos publicados,Periódico de noticias,El parentesco fuente de respaldo al individuo,Colombia,El Meridiano De Cordoba,1996,MERY RAQUEL CARDONA OVIEDO,1
00471,009,Otros artículos publicados,Revista de divulgación,"Moñitos, Tierra de Paz Belleza y Alegría",Colombia,Mar Abierto,1996,MERY RAQUEL CARDONA OVIEDO,1
00472,009,Otros artículos publicados,Periódico de noticias,La ciudadania,Colombia,El Meridiano De Cordoba,1996,MERY RAQUEL CARDONA OVIEDO,1
00473,010,Otros artículos publicados,Periódico de noticias,"Relación entre rasgos de personalidad, toma de decisiones y la permanencia académica",Colombia,REVISTA VIRTUAL UNIVERSIDAD CATOLICA DEL NORTE,2022,ROLAN CORREA LOPEZ,1
00474,010,Otros artículos publicados,Revista de divulgación,"Salud mental, bienestar e inclusión social en personas adultas habitantes de calle",Perú,REVISTA DE INVESTIGACION CIENTIFICA PURIQ,2021,VIVIANA CARMENZA AVILA NAVARRETE,1
00475,010,Otros artículos publicados,Revista de divulgación,Percepción de la permanencia académica en una muestra de estudiantes universitarios en República Dominicana,República Dominicana,Revista De Postgrado,2021,ROLAN CORREA LOPEZ,1
00476,010,Otros artículos publicados,Revista de divulgación,Percepción de padres y evaluadores de pacientes con déficit cognitivo frente a los procesos clínicos de evaluación y diagnóstico,Colombia,Revista Iberoamericana de Neuropsicología,2020,ROLAN CORREA LOPEZ,1
00477,010,Otros artículos publicados,Revista de divulgación,El Rol del Profesorado en el Manejo de la Violencia Escolar,Colombia,VIA INVENIENDI ET IUDICANDI,2014,"SANDRA LUZ CASTRO LESMES, MARIELA INES SANCHEZ CARDONA",1
00478,010,Otros artículos publicados,Revista de divulgación,Vinculos psicosociales el servidor policial,Colombia,Magazín  Policía Nacional,2009,BENILDA LAYNE BERNAL,1
00479,011,Otros artículos publicados,Revista de divulgación,Habilidades socioemocionales para fortalecer la convivencia escolar en entornos diversos: una reflexión necesaria,Panamá,ENCUENTROS EDUCATIVOS,2026,ALEXANDER RODRIGUEZ BUSTAMANTE,1
00480,011,Otros artículos publicados,Revista de divulgación,La automedicación digital: Una adicción no química perpetuada por la información disponible en la web.,Colombia,Revista Trabajo Social Universidad De Antioquia,2026,"VICTOR ALFONSO ZAPATA SERNA, ALEXANDER RODRIGUEZ BUSTAMANTE",1
00481,011,Otros artículos publicados,Revista de divulgación,El poder de las redes sociales en la vida cotidiana: Aproximación reflexiva.,Panamá,Scientific Journal T & E,2025,"ALEJANDRO URREGO ALVAREZ, ALEXANDER RODRIGUEZ BUSTAMANTE",1
00482,011,Otros artículos publicados,Revista de divulgación,"Apprevenir, ecosistema digital para la prevención de adicciones: una App en el marco de la Atención primaria en salud",Colombia,Psicología y sociedad,2025,"SANDRA MILENA RESTREPO ESCOBAR, DUBIS MARCELA RINCON BARRETO",1
00483,011,Otros artículos publicados,Revista de divulgación,Aristas investigativas tras 40 años de la Universidad Católica Luis Amigó. La experiencia del Grupo de Investigación en Farmacodependencia y otras adicciones,Colombia,Poiésis: Revista Electrónica de Psicología Social,2025,"ALEXANDER RODRIGUEZ BUSTAMANTE, DUBIS MARCELA RINCON BARRETO, SANDRA MILENA RESTREPO ESCOBAR, LUISA FERNANDA CORREA PEREZ",1
00484,011,Otros artículos publicados,Revista de divulgación,Salud mental y adicciones: perspectivas desde un semillero de investigación en la Universidad Católica Luis Amigó,Colombia,CIENCIA Y ACADEMIA,2025,"DUBIS MARCELA RINCON BARRETO, CRISTIAN DANIEL LONDONO HERNANDEZ, SILVIA INES RESTREPO SIERRA, JHOVANI ANDRES RAMIREZ ZUNIGA",1
00485,011,Otros artículos publicados,Revista de divulgación,"Lo familiar frente al desempeño educativo en los niños, niñas y adolescentes:Una revisión documental.",Panamá,Encuentros Educativos,2025,"ALEXANDER RODRIGUEZ BUSTAMANTE, JESICA ARBOLEDA ARISTIZABAL, JHOAN DAVID CORREA MARTINEZ, MARIA CAMILA MENESES VELASQUEZ, MARIA LAURA RIOS ARANGO",1
00486,011,Otros artículos publicados,Periódico de noticias,Problematizar la masculinidad: hacia una textura investigativa e interdisciplinar del problema,Colombia,CIENCIA Y ACADEMIA,2025,JORGE ANDRES JIMENEZ RODAS,1
00487,011,Otros artículos publicados,Periódico de noticias,Familia y escuela: perspectivas desde la salud mental en la adolescencia.,Colombia,Poiésis: Revista Electrónica de Psicología Social,2024,"ALEXANDER RODRIGUEZ BUSTAMANTE, SANTIAGO LOPEZ ARDILA, MARY JANE JESSIE ARCHBOLD, VALERIA TORRES HERRERA",1
00488,011,Otros artículos publicados,Revista de divulgación,Aportaciones educacionales del vínculo familia-escuela: Una propuesta reflexiva documental.,Colombia,Poiésis: Revista Electrónica de Psicología Social,2024,ALEXANDER RODRIGUEZ BUSTAMANTE,1
00489,011,Otros artículos publicados,Carta al editor,"La investigación formativa en los escritores nóveles: un asunto de tacto, escucha, cuidado y espera",Colombia,CIENCIA Y ACADEMIA,2024,ALEXANDER RODRIGUEZ BUSTAMANTE,1
00490,011,Otros artículos publicados,Revista de divulgación,Intervención psicosocial con mujeres adultas mayores. Sistematización de la experiencia del Grupo ¿FUNLAM con la Tercera Edad¿ en el Barrio Nueva Villa de la Iguaná de Medellín - Colombia,Colombia,Revista de la Facultad de Trabajo Social,2024,MANUEL EDUARDO LOPEZ GARCIA,1
00491,011,Otros artículos publicados,Revista de divulgación,Estado de guerra y estrategias psicosociales de afrontamiento en la juventud de Medellín,Colombia,Revista Trabajo Social Universidad De Antioquia,2024,MANUEL EDUARDO LOPEZ GARCIA,1
00492,011,Otros artículos publicados,Revista de divulgación,"Imagen corporal, autoestima y hábitos de vida saludable en estudiantes de Medellín",Colombia,Revista Tempus Psicológico,2024,DUBIS MARCELA RINCON BARRETO,1
00493,011,Otros artículos publicados,Revista de divulgación,Parejas. El conflicto como posibilidad de agencia para el cambio,Colombia,REVISTA LATINOAMERICANA DE ESTUDIOS DE FAMILIA,2023,"ALEXANDER RODRIGUEZ BUSTAMANTE, DUBIS MARCELA RINCON BARRETO, ALEXANDER OSPINA GARCIA",1
00494,011,Otros artículos publicados,Revista de divulgación,Condiciones laborales inherentes al teletrabajo y trabajo en casa durante la pandemia,Perú,Revista Científica,2023,"OLGA LUCILA GUARIN BECERRA, ANGELA MARIA SANCHEZ VILLARREAL, MAURICIO MEJIA LOBO",1
00495,011,Otros artículos publicados,Revista de divulgación,Diferencias por edad y género en el uso de redes sociales y su relación con la depresión y el desempeño académico en estudiantes universitarios,Perú,TecnoHumanismo,2023,"MAURICIO MEJIA LOBO, ANYERSON STITHS GOMEZ TABARES, JORGE HERNAN GONZALEZ CORTES",1
00496,011,Otros artículos publicados,Revista de divulgación,Condiciones laborales inherentes al teletrabajo y trabajo en casa durante la pandemia,Perú,Revista Científica,2023,"MAURICIO MEJIA LOBO, ANGELA MARIA SANCHEZ VILLARREAL, OLGA LUCILA GUARIN BECERRA",1
00497,011,Otros artículos publicados,Revista de divulgación,"Salud mental, condiciones psicosociales y resistencias de la juventud de Medellin durante la pandemia y cuarentena del Covid 19",Colombia,Poiésis: Revista Electrónica de Psicología Social,2023,"MANUEL EDUARDO LOPEZ GARCIA, SOLANGIE MANCO QUINTERO",1
00498,011,Otros artículos publicados,Revista de divulgación,Posgrados en Psicología y Ciencias Sociales: una reflexión tras una década de formación,Colombia,Poiésis: Revista Electrónica de Psicología Social,2023,"DUBIS MARCELA RINCON BARRETO, ALEXANDER RODRIGUEZ BUSTAMANTE, LUISA FERNANDA CORREA PEREZ, LEDY MARYORY BEDOYA CARDONA, YUSTY CAROLINA RESTREPO SEGURA, DORA LILIANA OSORIO TAMAYO",1
00499,011,Otros artículos publicados,Revista de divulgación,Posgrados en Psicología y Ciencias Sociales: una reflexión tras una década de formación.,Colombia,Poiésis: Revista Electrónica de Psicología Social,2023,"ALEXANDER RODRIGUEZ BUSTAMANTE, YUSTY CAROLINA RESTREPO SEGURA, DORA LILIANA OSORIO TAMAYO, LEDY MARYORY BEDOYA CARDONA, ELIZABET RUIZ ZULUAGA, LUISA FERNANDA CORREA PEREZ, DUBIS MARCELA RINCON BARRETO",1
00500,011,Otros artículos publicados,Revista de divulgación,"Violencia en la relación de pareja: tipos, manifestaciones e intervenciones. Revisión documental.",Colombia,Revista Tempus Psicológico,2022,"ALEXANDER RODRIGUEZ BUSTAMANTE, LUISA FERNANDA CORREA PEREZ, ALEXANDER OSPINA GARCIA",1
00501,011,Otros artículos publicados,Revista de divulgación,"Violencia en la relación de pareja: tipos, manifestaciones e intervenciones. Revisión documental",Colombia,Revista Tempus Psicológico,2022,"LUISA FERNANDA CORREA PEREZ, ALEXANDER RODRIGUEZ BUSTAMANTE",1
00502,011,Otros artículos publicados,Revista de divulgación,Familia. Lugar común para la prevención de sustancias psicoactivas en adolescentes.,Colombia,Revista Investigium Ire: Ciencias Sociales Y Humanas,2022,"ALEXANDER RODRIGUEZ BUSTAMANTE, LUISA FERNANDA CORREA PEREZ",1
00503,011,Otros artículos publicados,Revista de divulgación,Acompañamiento terapéutico fuera de los límites del consultorio: una experiencia vital in situ,Colombia,Criterios,2021,"GLORIA MARIA LOPEZ ARBOLEDA, ALEXANDER RODRIGUEZ BUSTAMANTE, ALEXANDER OSPINA GARCIA",1
00504,011,Otros artículos publicados,Revista de divulgación,Educación afectivo-sexual en las escuelas familiares: un asunto sobre la construcción vital.,Colombia,Poiésis: Revista Electrónica de Psicología Social,2021,"ALEXANDER RODRIGUEZ BUSTAMANTE, JOHANNA JAZMIN ZAPATA POSADA, JUAN CARLOS ECHEVERRI ALVAREZ, ZULEMA ELISA RODRIGUEZ TRIANA",1
00505,011,Otros artículos publicados,Revista de divulgación,"El sentido de vida, una condición existencial",Colombia,Poiésis: Revista Electrónica de Psicología Social,2021,"PAULA ANDREA VANEGAS RIVAS, JUAN SEBASTIAN MARIN RODRIGUEZ",1
00506,011,Otros artículos publicados,Revista de divulgación,Acompañamiento terapéutico fuera de los límites del consultorio: una experiencia vital in situ,Colombia,Criterios,2021,"ALEXANDER RODRIGUEZ BUSTAMANTE, ALEXANDER OSPINA GARCIA, GLORIA MARIA LOPEZ ARBOLEDA",1
00507,011,Otros artículos publicados,Revista de divulgación,Perspectiva de género en la violencia filio-parental,Colombia,REVISTA LATINOAMERICANA DE ESTUDIOS DE FAMILIA,2021,"ALEXANDER RODRIGUEZ BUSTAMANTE, SARA MELISA CORREA AGUDELO, YESICA DANIELA BOTERO ARANGO, JENIFER VANESA VALOYES ARENAS",1
00508,011,Otros artículos publicados,Revista de divulgación,Acompañamiento terapéutico fuera de los límites del consultorio: una experiencia vital insitu.,Colombia,Criterios,2021,"GLORIA MARIA LOPEZ ARBOLEDA, ALEXANDER RODRIGUEZ BUSTAMANTE, ALEXANDER OSPINA GARCIA",1
00509,011,Otros artículos publicados,Revista de divulgación,"Educación, Familia y Escuela: Trazas sobre Ética y Estética",Chile,REVISTA GESTION DE LAS PERSONAS Y TECNOLOGIA,2021,"GLORIA MARIA LOPEZ ARBOLEDA, ALEXANDER RODRIGUEZ BUSTAMANTE, LUISA FERNANDA CORDOBA QUINTERO, WALTER BANOL LOPEZ",1
00510,011,Otros artículos publicados,Revista de divulgación,Autocuidado en el psicólogo,Colombia,Poiésis: Revista Electrónica de Psicología Social,2020,ALEXANDER RODRIGUEZ BUSTAMANTE,1
00511,011,Otros artículos publicados,Revista de divulgación,Salud mental en el profesional psicosocial.,Colombia,Poiésis: Revista Electrónica de Psicología Social,2020,ALEXANDER RODRIGUEZ BUSTAMANTE,1
00512,011,Otros artículos publicados,Revista de divulgación,Herramientas de autocuidado para el profesional psicosocial como factor protector de su salud mental y bienestar.,Colombia,Poiésis: Revista Electrónica de Psicología Social,2020,ALEXANDER RODRIGUEZ BUSTAMANTE,1
00513,011,Otros artículos publicados,Revista de divulgación,Características neuro-psicopedagógicas de las dificultades de aprendizaje escolar: un estudio de caso,Colombia,Poiésis: Revista Electrónica de Psicología Social,2020,DUBIS MARCELA RINCON BARRETO,1
00514,011,Otros artículos publicados,Revista de divulgación,El autocuidado como un componente de la salud mental del psicólogo desde una perspectiva biopsicosocial.,Colombia,Poiésis: Revista Electrónica de Psicología Social,2020,ALEXANDER RODRIGUEZ BUSTAMANTE,1
00515,011,Otros artículos publicados,Revista de divulgación,La pareja: un proyecto conversacional y de con-vivencia en la modernidad líquida,Colombia,Revista Trabajo Social Universidad De Antioquia,2020,"ALEXANDER RODRIGUEZ BUSTAMANTE, GLORIA MARIA LOPEZ ARBOLEDA, GERMAN DARIO HERRERA SARAY",1
00516,011,Otros artículos publicados,Revista de divulgación,"Separación conyugal, efectos en la salud mental de los hijos.",Colombia,Poiésis: Revista Electrónica de Psicología Social,2020,ALEXANDER RODRIGUEZ BUSTAMANTE,1
00517,011,Otros artículos publicados,Revista de divulgación,La literatura como moldeadora de identidades juveniles,Colombia,Poiésis: Revista Electrónica de Psicología Social,2020,"ALEXANDER RODRIGUEZ BUSTAMANTE, GLORIA MARIA LOPEZ ARBOLEDA",1
00518,011,Otros artículos publicados,Revista de divulgación,"Estrategias artísticas en promoción de la salud: la experiencia con víctimas de violencia en San Carlos, Antioquia, Colombia, 2017-2018",México,ASTROLABIO  REVISTA DE CIENCIAS Y HUMANIDADES,2020,"DAVID IGNACIO MOLINA VELASQUEZ, SILVIA PAULINA DIAZ MOSQUERA, MARIA EUGENIA HINCAPIE ZAPATA, ALEJANDRA MILENA VALENCIA GONZALEZ",1
00519,011,Otros artículos publicados,Revista de divulgación,La metáfora en terapia familiar: fundamentos para la intervención,Colombia,Revista Facultad De Trabajo Social Upb,2019,ALEXANDER RODRIGUEZ BUSTAMANTE,1
00520,011,Otros artículos publicados,Periódico de noticias,La importancia de las revistas de divulgación en la formación profesional,Colombia,Poiésis: Revista Electrónica de Psicología Social,2018,SANDRA MILENA RESTREPO ESCOBAR,1
00521,011,Otros artículos publicados,Revista de divulgación,Educación virtual: un campo para innovar en prevención del consumo de sustancias psicoactivas,Colombia,Encuentro Nacional De Investigación Memorias,2017,SANDRA MILENA RESTREPO ESCOBAR,1
00522,011,Otros artículos publicados,Revista de divulgación,Una mirada del habitante de calle más allá del estigma social. Aportes a la política pública social.,Colombia,Encuentro Nacional De Investigación Memorias,2017,SANDRA MILENA RESTREPO ESCOBAR,1
00523,011,Otros artículos publicados,Revista de divulgación,E-Salud una ventana abierta a la prevención de las adicciones.,Colombia,MEMORIAS CIMTED,2017,"SANDRA MILENA RESTREPO ESCOBAR, EDWIN ANDRES SEPULVEDA CARDONA",1
00524,011,Otros artículos publicados,Revista de divulgación,"Desarrollo de conductas prosociales, la clave para la prevención de prácticas de riesgo en adolescentes.",Colombia,Encuentro Nacional De Investigación Memorias,2016,SANDRA MILENA RESTREPO ESCOBAR,1
00525,011,Otros artículos publicados,Periódico de noticias,El síndrome amotivacional en consumidores de marihuana,Colombia,Encuentro Nacional De Investigación Memorias,2015,SANDRA MILENA RESTREPO ESCOBAR,1
00526,011,Otros artículos publicados,Revista de divulgación,Reacreditación del programa de psicología: una propuesta de calidad en clave Funlam.,Colombia,Poiésis: Revista Electrónica de Psicología Social,2014,"ALEXANDER RODRIGUEZ BUSTAMANTE, LUZ MARINA ARANGO GOMEZ",1
00527,011,Otros artículos publicados,Revista de divulgación,Petro y ¿centros de consumo controlado¿: el enfoque de la reducción de daños,Colombia,Razón Pública,2012,GUILLERMO ALONSO CASTANO PEREZ,1
00528,011,Otros artículos publicados,Revista de divulgación,"Desde febrero se estudia en Medellín el fenómeno ¿Barras, consumo de drogas y violencia¿",Colombia,Noticiero Hora 13 Teleantioquia,2012,GUILLERMO ALONSO CASTANO PEREZ,1
00529,011,Otros artículos publicados,Revista de divulgación,La psicología dinámica en el tratamiento de la farmacodependencia: conceptualización y metodología en consulta privada e institucional,Colombia,Poiésis: Revista Electrónica de Psicología Social,2011,OSCAR DARIO BOHORQUEZ MARIN,1
00530,011,Otros artículos publicados,Revista de divulgación,Desarrollo humano como constructo conceptual y de acción para la prevención integral,Colombia,Revista electronica de psicología del programa de psicología con énfasis en psicología socioal de la Fundacion Universitaria Luis Amigó,2002,"ANGELA MARIA PARRA BASTIDAS, GUILLERMO CASTANO PEREZ, GUSTAVO ADOLFO CALDERON VALLEJO",1
00531,012,Otros artículos publicados,Columna de opinión,La masa cómplice que le aplaude,Colombia,Periodico El Colombiano,2026,JORGE ANDRES RICO ZAPATA,1
00532,012,Otros artículos publicados,Columna de opinión,La ¿revolución¿ fracasada que propone Cepeda,Colombia,Periodico El Colombiano,2026,JORGE ANDRES RICO ZAPATA,1
00533,012,Otros artículos publicados,Columna de opinión,Estas podrían ser las últimas elecciones en real democracia,Colombia,Periodico El Colombiano,2026,JORGE ANDRES RICO ZAPATA,1
00534,012,Otros artículos publicados,Revista de divulgación,Diseños interactivos en los documentales transmedia,Argentina,Cuaderno 292,2026,WILMAR DANIEL GOMEZ MONSALVE,1
00535,012,Otros artículos publicados,Columna de opinión,¿Por qué no gritan free Irán?,Colombia,Periodico El Colombiano,2026,JORGE ANDRES RICO ZAPATA,1
00536,012,Otros artículos publicados,Columna de opinión,Primer análisis electoral 2026,Colombia,Periodico El Colombiano,2026,JORGE ANDRES RICO ZAPATA,1
00537,012,Otros artículos publicados,Revista de divulgación,Podcast educativo como material didáctico: una revisión sistemática de literatura,,Cuadernos Del Centro De Estudios En Diseño Y Comunicación [Ensayos],2026,"MARIA CATALINA CRUZ GONZALEZ, JHON ESTEBAN MORALES QUINTERO",1
00538,012,Otros artículos publicados,Columna de opinión,Carta a estudiantes,Colombia,Periodico El Colombiano,2025,JORGE ANDRES RICO ZAPATA,1
00539,012,Otros artículos publicados,Columna de opinión,La primera causa debe ser la colombiana,Colombia,Periodico El Colombiano,2025,JORGE ANDRES RICO ZAPATA,1
00540,012,Otros artículos publicados,Columna de opinión,Seguridad en Colombia: aprendizajes y comunicación estratégica,Colombia,Periodico El Colombiano,2025,JORGE ANDRES RICO ZAPATA,1
00541,012,Otros artículos publicados,Columna de opinión,"Caso Uribe, Zona Binacional y escenario electoral colombiano",Colombia,Periodico El Colombiano,2025,JORGE ANDRES RICO ZAPATA,1
00542,012,Otros artículos publicados,Revista de divulgación,La importancia de la guerra cognitiva para comprender los conflictos armados contemporáneos,Colombia,Revista Análisis y Letras,2025,JORGE ANDRES RICO ZAPATA,1
00543,012,Otros artículos publicados,Columna de opinión,Política y Humor,Colombia,Periodico El Colombiano,2025,JORGE ANDRES RICO ZAPATA,1
00544,012,Otros artículos publicados,Columna de opinión,Las universidades deben conversar y opinar,Colombia,Periodico El Colombiano,2025,JORGE ANDRES RICO ZAPATA,1
00545,012,Otros artículos publicados,Columna de opinión,El político influencer,Colombia,Periodico El Colombiano,2025,JORGE ANDRES RICO ZAPATA,1
00546,012,Otros artículos publicados,Columna de opinión,Guerra de quinta generación y el conflicto armado colombiano,Colombia,Periodico El Tiempo,2025,JORGE ANDRES RICO ZAPATA,1
00547,012,Otros artículos publicados,Columna de opinión,"El Tren de Aragua, protagonista del crimen transnacional",Colombia,Periodico El Colombiano,2025,JORGE ANDRES RICO ZAPATA,1
00548,012,Otros artículos publicados,Columna de opinión,Sudán y el olvido que es,Colombia,Periodico El Tiempo,2025,JORGE ANDRES RICO ZAPATA,1
00549,012,Otros artículos publicados,Columna de opinión,Hijos de madres Singer,Colombia,Periodico El Colombiano,2025,JORGE ANDRES RICO ZAPATA,1
00550,012,Otros artículos publicados,Columna de opinión,Consejo de Ministros: lo que no es comunicación y liderazgo,Colombia,Periodico El Colombiano,2025,JORGE ANDRES RICO ZAPATA,1
00551,012,Otros artículos publicados,Periódico de noticias,Lo que realmente le interesa al ELN,Colombia,Periodico El Tiempo,2025,JORGE ANDRES RICO ZAPATA,1
00552,012,Otros artículos publicados,Revista de divulgación,Avances en la gestión de la Responsabilidad Social Universitaria: una revisión sistemática,Ecuador,Revista Latinoamericana de Calidad Educativa,2025,DEYBIS ZAPATA CORREA,1
00553,012,Otros artículos publicados,Columna de opinión,La ética es un reto de la educación contemporánea,Colombia,Periodico El Colombiano,2025,JORGE ANDRES RICO ZAPATA,1
00554,012,Otros artículos publicados,Columna de opinión,Crónica de un Catatumbo anunciado,Colombia,Periodico El Tiempo,2025,JORGE ANDRES RICO ZAPATA,1
00555,012,Otros artículos publicados,Revista de divulgación,Memorias ¿ XXVII Encuentro Nacional de Investigación: Lo humano de la ciencia,Colombia,Encuentro Nacional De Investigación Memorias,2024,JUAN ESTEBAN OCAMPO RENDON,1
00556,012,Otros artículos publicados,Columna de opinión,Un reto mayor para la seguridad del país,Colombia,Periodico El Tiempo,2024,JORGE ANDRES RICO ZAPATA,1
00557,012,Otros artículos publicados,Columna de opinión,Necesitamos menos +57,Colombia,Periodico El Colombiano,2024,JORGE ANDRES RICO ZAPATA,1
00558,012,Otros artículos publicados,Columna de opinión,De egos a liderazgos humanizados,Colombia,Periodico El Colombiano,2024,JORGE ANDRES RICO ZAPATA,1
00559,012,Otros artículos publicados,Columna de opinión,El crimen organizado y el conflicto armado interno nos desbordaron hace tiempo,Colombia,Periodico El Tiempo,2024,JORGE ANDRES RICO ZAPATA,1
00560,012,Otros artículos publicados,Columna de opinión,Educación e IA centrada en el ser humano,Colombia,Periodico El Colombiano,2024,JORGE ANDRES RICO ZAPATA,1
00561,012,Otros artículos publicados,Columna de opinión,El reciclado discurso de burgueses versus proletariados.,Colombia,Periodico El Tiempo,2024,JORGE ANDRES RICO ZAPATA,1
00562,012,Otros artículos publicados,Columna de opinión,¡No es leer por leer!,Colombia,Periodico El Colombiano,2024,JORGE ANDRES RICO ZAPATA,1
00563,012,Otros artículos publicados,Columna de opinión,"La Venezuela del petróleo, el populismo y la tiranía",Colombia,Periodico El Tiempo,2024,JORGE ANDRES RICO ZAPATA,1
00564,012,Otros artículos publicados,Columna de opinión,El sistema educativo debe releerse,Colombia,Periodico El Colombiano,2024,JORGE ANDRES RICO ZAPATA,1
00565,012,Otros artículos publicados,Columna de opinión,En Colombia la niñez también espera su concierto,Colombia,Periodico El Tiempo,2024,JORGE ANDRES RICO ZAPATA,1
00566,012,Otros artículos publicados,Columna de opinión,"La sociedad de lo igual, la política y el político",Colombia,Periodico El Colombiano,2024,JORGE ANDRES RICO ZAPATA,1
00567,012,Otros artículos publicados,Revista de divulgación,Prácticas pedagógicas y responsabilidad social universitaria. Reflexiones pedagógicas y didácticas para el campo de educación superior,Venezuela,RED DE INVESTIGACIÓN EDUCATIVA (REDINE),2024,DEYBIS ZAPATA CORREA,1
00568,012,Otros artículos publicados,Revista de divulgación,Responsabilidad Social Universitaria en la era digital: Análisis de contenidos web de las universidades pertenecientes a la Red de Universidades Católicas de Colombia,Paraguay,Revista LATAM. Revista Latinoamericana de Ciencias Sociales y Humanidades,2024,DEYBIS ZAPATA CORREA,1
00569,012,Otros artículos publicados,Columna de opinión,Petro debe respetar las instituciones militar y policial,Colombia,Periodico El Colombiano,2024,JORGE ANDRES RICO ZAPATA,1
00570,012,Otros artículos publicados,Carta al editor,Salud mental positiva ocupacional para las organizaciones colombianas,Colombia,CIENCIA Y ACADEMIA,2023,CARLOS ANDRES TREJOS GIL,1
00571,012,Otros artículos publicados,Revista de divulgación,Brecha digital: una revisión de literatura en español,Ecuador,Tsafiqui,2022,"CARLOS ARANGO LOPERA, MARIA CATALINA CRUZ GONZALEZ, DANIELA GONZALEZ GARCIA, MARTIN FERNANDO DELGADO HENAO",1
00572,012,Otros artículos publicados,Revista de divulgación,Formación de investigadores en pregrado. Semillero de investigación comunicación digital y ciberculturas,Colombia,CIENCIA Y ACADEMIA,2022,"CARLOS ANDRES TREJOS GIL, MARIA CECILIA GONZALEZ CALLEJAS",1
00573,012,Otros artículos publicados,Revista de divulgación,"Investigación y creación. Museo Cámara de Maravillas, creación digital interactiva a partir de documentos de archivo",Colombia,Encuentro Nacional De Investigación Memorias,2022,CARLOS SUAREZ QUICENO,1
00574,012,Otros artículos publicados,Periódico de noticias,Hay más razones para la vida y es la vida misma,Colombia,Periódico Sextante - Facultad De Comunicación Social Y Publicidad - Fundación Universitaria Luis Amigó,2019,MARCOS VEGA SENA,1
00575,012,Otros artículos publicados,Periódico de noticias,La radio y la comprensión cultural: conocer las músicas andinas de la contemporaneidad,Colombia,Folios,2019,MARCOS VEGA SENA,1
00576,012,Otros artículos publicados,Periódico de noticias,Los 80 de la Gota fría,Colombia,Porro y Folclor,2018,MARCOS VEGA SENA,1
00577,012,Otros artículos publicados,Revista de divulgación,A 30 años de la partida de Juan Guillermo Rúa,Colombia,Porro y Folclor,2018,MARCOS VEGA SENA,1
00578,012,Otros artículos publicados,Revista de divulgación,Abraham Núñez Narváez: el último de Los Corraleros,Colombia,Porro y Folclor,2018,MARCOS VEGA SENA,1
00579,012,Otros artículos publicados,Periódico de noticias,Comunicación alternativa y la Medellín por descubrir,Colombia,Periódico Sextante - Facultad De Comunicación Social Y Publicidad - Fundación Universitaria Luis Amigó,2018,ANCIZAR VARGAS LEON,1
00580,012,Otros artículos publicados,Revista de divulgación,La oralidad digital como práctica lectora,Colombia,Encuentro Nacional De Investigación Memorias,2018,"CARLOS SUAREZ QUICENO, WILSON CASTANO MUNOZ",1
00581,012,Otros artículos publicados,Revista de divulgación,"New media ecology, branding digital e industria publicitaria. Convergencias y entornos disruptivos",Colombia,Encuentro Nacional De Investigación Memorias,2018,EDWIN ANDRES SEPULVEDA CARDONA,1
00582,012,Otros artículos publicados,Revista de divulgación,Apuntes para un estudio de cibermedios aplicado a editoriales universitarias,Colombia,Encuentro Nacional De Investigación Memorias,2018,EDWIN ANDRES SEPULVEDA CARDONA,1
00583,012,Otros artículos publicados,Periódico de noticias,Cultura ciudadana para la sostenibilidad,Colombia,Periódico Sextante - Facultad De Comunicación Social Y Publicidad - Fundación Universitaria Luis Amigó,2018,ANCIZAR VARGAS LEON,1
00584,012,Otros artículos publicados,Periódico de noticias,Memoria y sociedad en tiempos de trznsición,Colombia,Periódico Sextante - Facultad De Comunicación Social Y Publicidad - Fundación Universitaria Luis Amigó,2017,ANCIZAR VARGAS LEON,1
00585,012,Otros artículos publicados,Periódico de noticias,Los modelos pedagógicos como estructura para el desarrollo de campañas publicitarias de orden social y comercial,Argentina,Actas  De Diseño,2017,RAFAEL VARGAS CANO,1
00586,012,Otros artículos publicados,Revista de divulgación,E-Salud una ventana abierta a la prevención de las adicciones,Colombia,Cimted corporacion Corporación CIMTED Sede en Medellín,,"EDWIN ANDRES SEPULVEDA CARDONA, SANDRA MILENA RESTREPO ESCOBAR",1
00587,012,Otros artículos publicados,Revista de divulgación,E-Salud una ventana abierta a la prevención de las adicciones,Colombia,MEMORIAS CIMTED,2017,"EDWIN ANDRES SEPULVEDA CARDONA, SANDRA MILENA RESTREPO ESCOBAR",1
00588,012,Otros artículos publicados,Periódico de noticias,Los modelos pedagógicos como estructura para el desarrollo de campañas publicitarias de orden social y comercial,Argentina,Actas  De Diseño,2017,RAFAEL VARGAS CANO,1
00589,012,Otros artículos publicados,Revista de divulgación,Transmedia e intertextualidades: apuntes para la formación de competencias narrativas,España,Revista Internacional de Cultura Visual,2017,"CARLOS SUAREZ QUICENO, EDWIN ANDRES SEPULVEDA CARDONA",1
00590,012,Otros artículos publicados,Revista de divulgación,TRANSMEDIA E INTERTEXTUALIDADES: apuntes para la formación de competencias narrativas,España,Revista Internacional de Cultura Visual,2017,"EDWIN ANDRES SEPULVEDA CARDONA, CARLOS SUAREZ QUICENO",1
00591,012,Otros artículos publicados,Periódico de noticias,Medellín mediadora y creativa,Colombia,Periódico Sextante - Facultad De Comunicación Social Y Publicidad - Fundación Universitaria Luis Amigó,2017,ANCIZAR VARGAS LEON,1
00592,012,Otros artículos publicados,Periódico de noticias,Sociedad incluyente en tiempos de transformación,Colombia,Periódico Sextante - Facultad De Comunicación Social Y Publicidad - Fundación Universitaria Luis Amigó,2016,ANCIZAR VARGAS LEON,1
00593,012,Otros artículos publicados,Revista de divulgación,Apuntes desde el diseño de experiencias de lectura para la producción de libros digitales en Colombia,Colombia,Encuentro Nacional De Investigación Memorias,2016,"CARLOS SUAREZ QUICENO, EDWIN ANDRES SEPULVEDA CARDONA",1
00594,012,Otros artículos publicados,Revista de divulgación,Apuntes desde el diseño de experiencias de lectura para la producción de libros digitales en Colombia,Colombia,Encuentro Nacional De Investigación Memorias,2016,EDWIN ANDRES SEPULVEDA CARDONA,1
00595,012,Otros artículos publicados,Revista de divulgación,Narraciones transmedia en cinco tuits: del aula de clase al impacto de los medios sociales,Colombia,Encuentro Nacional De Investigación Memorias,2016,EDWIN ANDRES SEPULVEDA CARDONA,1
00596,012,Otros artículos publicados,Revista de divulgación,"Transmedia literacy, medios y sujetos en formación",Colombia,Encuentro Nacional De Investigación Memorias,2015,EDWIN ANDRES SEPULVEDA CARDONA,1
00597,012,Otros artículos publicados,Revista de divulgación,Remediación digital del texto impreso y andamiaje instruccional para propiciar experiencias de lectura en pantalla,Colombia,Bibliotic Repositorio Institucional,2015,CARLOS SUAREZ QUICENO,1
00598,012,Otros artículos publicados,Revista de divulgación,Libros digitales e interactivos: el lector y el lectoespectador,Colombia,Bibliotic Repositorio Institucional,2014,EDWIN ANDRES SEPULVEDA CARDONA,1
00599,012,Otros artículos publicados,Revista de divulgación,Literacidad electrónica en dispositivos móviles e inclusión de dispositivos en bibliotecas,Colombia,Bibliotic Repositorio Institucional,2014,EDWIN ANDRES SEPULVEDA CARDONA,1
00600,012,Otros artículos publicados,Revista de divulgación,Fórmula inmortal: juego interactivo de texto orientado al desarrollo de la comprensión de lectura,Colombia,Revista Digital Estado Del Arte De La Informática En Colombia Ribie-Col No 3,2145,CARLOS SUAREZ QUICENO,1
00601,012,Otros artículos publicados,Revista de divulgación,"Escritura, relatos interactivos y mediación de software",Colombia,Revista Digital Estado Del Arte De La Informática En Colombia Ribie-Col No 3,2145,EDWIN ANDRES SEPULVEDA CARDONA,1
00602,012,Otros artículos publicados,Revista de divulgación,Los Objetos Virtuales de Aprendizaje (Videotutoriales) aplicados a espacios b-learning en programas académicos de Comunicación Social y Publicidad.,Colombia,Revista Digital Estado Del Arte De La Informática En Colombia Ribie-Col No 3,2145,EDWIN ANDRES SEPULVEDA CARDONA,1
00603,012,Otros artículos publicados,Revista de divulgación,"Escritura, relatos interactivos y mediación de software",Colombia,Revista Digital Estado Del Arte De La Informática En Colombia Ribie-Col No 3,2145,"CARLOS SUAREZ QUICENO, EDWIN ANDRES SEPULVEDA CARDONA",1
00604,012,Otros artículos publicados,Revista de divulgación,Proyecto mediación en la escritura a través de software,Colombia,RedLecturas:  Un espacio para la lectura y el diálogo razonado,2011,EDWIN ANDRES SEPULVEDA CARDONA,1
00605,012,Otros artículos publicados,Revista de divulgación,Hacia las competencias humanas,Colombia,Afacom - Memorias De Los Encuentros Regionales 2011,2011,ANCIZAR VARGAS LEON,1
00606,012,Otros artículos publicados,Revista de divulgación,Marcas de los clanes wayuu: lotería bilingüe,Colombia,Entretextos / Universidad De La Guajira. Facultad Ciencias De La Educación,2008,CARLOS SUAREZ QUICENO,1
00607,012,Otros artículos publicados,Periódico de noticias,Interrogantes sobre el cine y las vanguardias artísticas.,Colombia,Imaginario. Suplemento Literario Del Periódico El Mundo,2008,PAOLO ANTONIO VILLALBA STORTI,1
00608,012,Otros artículos publicados,Periódico de noticias,Lo bello y lo feo en el arte,Colombia,Imaginario. Suplemento Literario Del Periódico El Mundo,2008,PAOLO ANTONIO VILLALBA STORTI,1
00609,012,Otros artículos publicados,Periódico de noticias,Reflexión sobre la estética en el teatro contemporáneo.,Colombia,Imaginario. Suplemento Literario Del Periódico El Mundo,2008,PAOLO ANTONIO VILLALBA STORTI,1
00610,012,Otros artículos publicados,Periódico de noticias,Encuentro entre las artes escénicas y plásticas.,Colombia,Imaginario. Suplemento Literario Del Periódico El Mundo,2008,PAOLO ANTONIO VILLALBA STORTI,1
00611,012,Otros artículos publicados,Periódico de noticias,"Norman Mailer, un inmortal de las letras.",Colombia,Imaginario. Suplemento Literario Del Periódico El Mundo,2007,PAOLO ANTONIO VILLALBA STORTI,1
00612,012,Otros artículos publicados,Periódico de noticias,Anarquismo en el arte contemporáneo.,Colombia,Imaginario. Suplemento Literario Del Periódico El Mundo,2007,PAOLO ANTONIO VILLALBA STORTI,1
00613,012,Otros artículos publicados,Periódico de noticias,Artistas plasticos objetuales en Antioquia,Colombia,Imaginario. Suplemento Literario Del Periódico El Mundo,2007,PAOLO ANTONIO VILLALBA STORTI,1
00614,012,Otros artículos publicados,Periódico de noticias,Ciudad dispersa y de fragmentos,Colombia,Imaginario. Suplemento Literario Del Periódico El Mundo,2007,PAOLO ANTONIO VILLALBA STORTI,1
00615,012,Otros artículos publicados,Periódico de noticias,Discusión sobre el estado del arte en Antioquia,Colombia,Imaginario. Suplemento Literario Del Periódico El Mundo,2007,PAOLO ANTONIO VILLALBA STORTI,1
00616,012,Otros artículos publicados,Periódico de noticias,Toda una experiencia visual y sonora,Colombia,Imaginario. Suplemento Literario Del Periódico El Mundo,2007,PAOLO ANTONIO VILLALBA STORTI,1
00617,012,Otros artículos publicados,Periódico de noticias,"Marilyn Manson, un artista contemporáneo",Colombia,Imaginario. Suplemento Literario Del Periódico El Mundo,2007,PAOLO ANTONIO VILLALBA STORTI,1
00618,012,Otros artículos publicados,Revista de divulgación,Una reconfiguración de la educación,Colombia,Revista Pedagógica Escuela Normal Superior Antioqueña Ensa,2006,EDWIN ANDRES SEPULVEDA CARDONA,1
00619,013,Otros artículos publicados,Revista de divulgación,La doctrina neopentecostal de la batalla espiritual.,Colombia,ARGUMENTA BÍBLICA THEOLOGICA. Revista de Teología y Estudios Bíblicos,2025,JUAN SEBASTIAN HERNANDEZ VALENCIA,1
00620,013,Otros artículos publicados,Revista de divulgación,Jesús histórico y cristología latinoamericana. Revisión de publicaciones de alto impacto,Colombia,Encuentro Nacional De Investigación Memorias,2024,"MANUEL DAVID GOMEZ ERAZO, JUAN SEBASTIAN HERNANDEZ VALENCIA",1
00621,013,Otros artículos publicados,Revista de divulgación,La escritura del espacio en blanco: los márgenes,Colombia,Poiésis: Revista Electrónica de Psicología Social,2024,PALOMA MARIN ESCOBAR,1
00622,013,Otros artículos publicados,Revista de divulgación,"Afuera hay sol, yo me visto de cenizas. Reflexiones sobre el sentido del símbolo",Colombia,Camino. Revista de Pensamiento Bíblico,2024,MANUEL DAVID GOMEZ ERAZO,1
00623,013,Otros artículos publicados,Revista de divulgación,"El יצר הרע en Pablo y en Evagrio: Origen, influencias y modificaciones",Colombia,ARGUMENTA BÍBLICA THEOLOGICA. Revista de Teología y Estudios Bíblicos,2024,JUAN SEBASTIAN HERNANDEZ VALENCIA,1
00624,013,Otros artículos publicados,Revista de divulgación,Jesús histórico y cristología latinoamericana: revisión de publicaciones de acto impacto,Colombia,Encuentro Nacional De Investigación Memorias,2024,"MANUEL DAVID GOMEZ ERAZO, JUAN SEBASTIAN HERNANDEZ VALENCIA",1
00625,013,Otros artículos publicados,Revista de divulgación,"Revisitando die Mitte der Zeit, de Hans Conzelmann.",Colombia,Argumenta Biblica Theologica,2022,JUAN SEBASTIAN HERNANDEZ VALENCIA,1
00626,013,Otros artículos publicados,Revista de divulgación,Macroconcepts in Edgar Morin¿s Thought: Need and Function,Colombia,Philosophy International Journal,2022,LINA MARCELA DE LA MILAGROSA CADAVID RAMIREZ,1
00627,013,Otros artículos publicados,Revista de divulgación,Proyecto Descartes: cognición y didáctica en la creación de contenido digital,España,Revista Digital Red Descartes,2022,DAVID OSWALDO ZAPATA TAMAYO,1
00628,013,Otros artículos publicados,Revista de divulgación,La teología natural de la tradición metafísica milesia,Colombia,ARGUMENTA BÍBLICA THEOLOGICA. Revista de Teología y Estudios Bíblicos,2022,JUAN SEBASTIAN HERNANDEZ VALENCIA,1
00629,013,Otros artículos publicados,Revista de divulgación,"Anotaciones a Sir 24,45 (Vg-VL) y su relación con tradiciones apocalípticas judías",Colombia,Caritas Veritas,2022,JUAN SEBASTIAN HERNANDEZ VALENCIA,1
00630,013,Otros artículos publicados,Revista de divulgación,Poesía y hermenéutica: Construcción de un marco estético para la interpretación literaria de la Biblia,Costa Rica,Vida Y Pensamiento,2022,JUAN ESTEBAN LONDONO BETANCUR,1
00631,013,Otros artículos publicados,Revista de divulgación,"Análisis de la estructura, composición y teología del Salmo 29.",Colombia,ARGUMENTA BÍBLICA THEOLOGICA. Revista de Teología y Estudios Bíblicos,2021,JUAN SEBASTIAN HERNANDEZ VALENCIA,1
00632,013,Otros artículos publicados,Revista de divulgación,Originalidad hebrea para el quehacer teológico,Colombia,ARGUMENTA BÍBLICA THEOLOGICA. Revista de Teología y Estudios Bíblicos,2021,MANUEL DAVID GOMEZ ERAZO,1
00633,013,Otros artículos publicados,Revista de divulgación,"En las puertas del templo los pobres cantan Liturgias de la Paz y el conflicto desde Mt 21,12-17",Colombia,ARGUMENTA BÍBLICA THEOLOGICA. Revista de Teología y Estudios Bíblicos,2020,MANUEL DAVID GOMEZ ERAZO,1
00634,013,Otros artículos publicados,Revista de divulgación,Dios: entre la mística y la poesía,Costa Rica,Vida Y Pensamiento,2020,JUAN ESTEBAN LONDONO BETANCUR,1
00635,013,Otros artículos publicados,Revista de divulgación,En tiempos como estos no hay cosa más práctica que la teología,Colombia,Camino. Revista De Pensamiento Biblico,2018,MANUEL DAVID GOMEZ ERAZO,1
00636,013,Otros artículos publicados,Revista de divulgación,Una justicia inspiradora,Colombia,Camino. Revista De Pensamiento Biblico,2018,MANUEL DAVID GOMEZ ERAZO,1
00637,013,Otros artículos publicados,Revista de divulgación,El tiempo de la escritura,Colombia,Poiésis: Revista Electrónica de Psicología Social,2018,"KELLY VARGAS GARCIA, ALEXANDER RODRIGUEZ BUSTAMANTE, ANA LUCIA CEBALLOS DUQUE",1
00638,013,Otros artículos publicados,Revista de divulgación,Volvemos al camino,Colombia,Camino. Revista De Pensamiento Biblico,2018,MANUEL DAVID GOMEZ ERAZO,1
00639,013,Otros artículos publicados,Revista de divulgación,"Ser mujer y madre. Dolor, género y experiencia teologal en el caso de Christine Collins",Colombia,Camino. Revista De Pensamiento Biblico,2018,MANUEL DAVID GOMEZ ERAZO,1
00640,013,Otros artículos publicados,Revista de divulgación,La doctrina iglesia y la promoción integral del ser humano y sus relaciones con la naturaleza,Colombia,Revista Universidad Católica Luis Amigó,2017,JONNY ALEXANDER GARCIA ECHEVERRI,1
00641,013,Otros artículos publicados,Revista de divulgación,Carta al subterráneo de Medellín: ¿Mancha negra y furia o jugada maestra¿ de Víctor Raúl Jaramillo Restrepo,Colombia,La Vicentina,2017,DAVID ESTEBAN ZULUAGA MESA,1
00642,013,Otros artículos publicados,Revista de divulgación,Novalis y la transfiguración del mundo. Genio y Naturaleza en el Romanticismo alemán,Colombia,El Fogón De Descartes,2016,CARLOS ANDRES GALLEGO ARROYAVE,1
00643,013,Otros artículos publicados,Revista de divulgación,Poética hegeliana: la poesía como expresión del espíritu en sí mismo y el papel del poeta,Colombia,Versiones,2016,YULIETH ESTEFANIA RUIZ PULGARIN,1
00644,013,Otros artículos publicados,Revista de divulgación,Acusación a la tragedia euripidea en la parábasis de Las Ranas de Aristófanes,Colombia,Revista Filosófica  Y Literaria Cazamoscas,2015,CARLOS ANDRES GALLEGO ARROYAVE,1
00645,013,Otros artículos publicados,Revista de divulgación,"Poesía, Naturaleza y genio artístico: entre la Grecia clásica y el Romanticismo alemán",Colombia,Cuadrante Phi,2015,CARLOS ANDRES GALLEGO ARROYAVE,1
00646,013,Otros artículos publicados,Revista de divulgación,Aristófanes y el ocaso de una ideología,Chile,Revista Zétesis,2015,CARLOS ANDRES GALLEGO ARROYAVE,1
00647,013,Otros artículos publicados,Revista de divulgación,Filosofía y literatura: El río del tiempo de Fernando Vallejo,Colombia,(0123-9864) Revista Fundación Universitaria Luis Amigó,2014,ANDRES ALFREDO CASTRILLON CASTRILLON,1
00648,013,Otros artículos publicados,Revista de divulgación,El mundial de fútbol bajo la mirada de un creyente,Colombia,Vida Nueva Colombia,2014,JONATHAN ANDRES RUA PENAGOS,1
00649,013,Otros artículos publicados,Revista de divulgación,Supervivencia del pensamiento Mesoamericano: legado histórico de la expresión Náhuatl,Colombia,El Fogón De Descartes,2014,PALOMA MARIN ESCOBAR,1
00650,013,Otros artículos publicados,Revista de divulgación,La Educación Física y el Deporte en Colombia: Un diálogo entre la religión y la pedagogía en los inicios del siglo XX,Colombia,Revista Universitaria Luis Amigó,2014,"JONATHAN ANDRES RUA PENAGOS, JESUS MARIA PINILLOS GARCIA",1
00651,013,Otros artículos publicados,Revista de divulgación,La importancia del ocio y el descanso en la vida del cristiano,Colombia,Revista Renovación,2014,JONATHAN ANDRES RUA PENAGOS,1
00652,013,Otros artículos publicados,Revista de divulgación,¿Qué es el amor platónico? El paso de la química del amor al eros filosófico,Colombia,Poiésis: Revista Electrónica de Psicología Social,2013,JONATHAN ANDRES RUA PENAGOS,1
00653,013,Otros artículos publicados,Revista de divulgación,Maltrato infantil en el contexto deportivo: un dilema social,Colombia,VIREF REVISTA DE EDUCACION FISICA,2013,JONATHAN ANDRES RUA PENAGOS,1
00654,013,Otros artículos publicados,Revista de divulgación,La palabra detonante,Colombia,Cuadernos De Formación Avanzada,2002,"VICTOR RAUL JARAMILLO RESTREPO, ALEXIS VELEZ, ARMANDO VELASQUEZ, HUGO URREGO, OSCAR FERNANDO ACEVEDO",1
00655,014,Otros artículos publicados,Revista de divulgación,Desafíos y oportunidades de la contabilidad con el desarrollo de la inteligencia artificial y la automatización,Argentina,Proyecciones,2025,CANDY LORENA CHAMORRO GONZALEZ,1
00656,014,Otros artículos publicados,Revista de divulgación,Sistema Inteligente Aplicado al Reciclaje de Residuos Electrónicos con Big Data e IoT: Estudio de caso en empresas recicladoras de Medellín,Cuba,SANTIAGO,2025,LUIS CARLOS QUINTERO BOTERO,1
00657,014,Otros artículos publicados,Revista de divulgación,Un inventario sobre los estudios de ética contable en Colombia,Argentina,Revista proyecciones,2024,"CANDY LORENA CHAMORRO GONZALEZ, MARIA VICTORIA AGUDELO VARGAS",1
00658,014,Otros artículos publicados,Revista de divulgación,"Modelo OSTASA para la gestión del impuesto predial en la Municipalidad Provincial de Chota, Perú",Perú,Revista Multidisciplinaria Pakamuros,2023,"SOL BEATRIZ VELEZ ESCOBAR, CARLOS ALBERTO BOTERO CHICA",1
00659,014,Otros artículos publicados,Revista de divulgación,Efectos que ha generado en el proceso formativo contable mediado por la virtualidad a causa del Covid-19: estudio de caso de la Universidad Católica Luis Amigó,Colombia,Revista Cies,2023,FARLEY SARY ROJAS RESTREPO,1
00660,014,Otros artículos publicados,Periódico de noticias,Una reflexión sobre los códigos de conducta del Contador Público colombiano,Chile,Revista Summa de Arithmetica N,2022,LEIDY PATRICIA RODRIGUEZ PINEROS,1
00661,014,Otros artículos publicados,Revista de divulgación,El ordenamiento jurídico como garantía de seguridad y confianza en el sistema tributario colombiano,Colombia,Visión Contable,2022,"LUZ MERY ORTIZ SANCHEZ, RUBY STELLA CABRERA JARAMILLO, ELIANA ANDREA PEREZ ARIAS, YURANNY PAOLA OROZCO CATANO",1
00662,014,Otros artículos publicados,Revista de divulgación,Una aproximación reflexiva en las Firmas de Auditoría respecto a la proyección y progresión jerárquica de los profesionales contables,Chile,Revista Summa de Arithmetica N,2022,"CANDY LORENA CHAMORRO GONZALEZ, KATHERINE RESTREPO QUINTERO, TATIANA MARCELA GONZALEZ ROJAS",1
00663,014,Otros artículos publicados,Revista de divulgación,Incidencia y percepción de la carga fiscal en Colombia. Análisis por categoría de contribuyentes,Colombia,SUMMA. Revista disciplinaria en ciencias económicas y sociales,2020,RUBY STELLA CABRERA JARAMILLO,1
00664,014,Otros artículos publicados,Revista de divulgación,La teoría fundamentada como método de investigación para el desarrollo de la educación contable,Colombia,Visión Contable,2020,LUZ MERY ORTIZ SANCHEZ,1
00665,014,Otros artículos publicados,Revista de divulgación,El control interno de los inventarios:su incidencia en la gestión financiera de ¿Due Amici Pizzería,Colombia,Revista Activos,2020,CANDY LORENA CHAMORRO GONZALEZ,1
00666,014,Otros artículos publicados,Revista de divulgación,Procesos de gestión: edificios sostenibles vs. edificios tradicionales,Colombia,Revista Activos,2020,CANDY LORENA CHAMORRO GONZALEZ,1
00667,014,Otros artículos publicados,Revista de divulgación,La investigación formativa en programas de contaduría: el caso de la Universidad de Antioquia,Colombia,Visión Contable,2019,CARLOS EDUARDO CASTANO RIOS,1
00668,014,Otros artículos publicados,Revista de divulgación,"Coworking Aula invertida¿ Participación interdisciplinaria para la construcción colectiva de soluciones, desde la perspectiva del paciente, experiencia vivencial en el congreso internacional de ciencia, tecnología e innovación, al servicios del desarrollo territorial, Medellín 2019",Colombia,Ciencia,2539,PAULA ANDREA USQUIANO YEPES,1
00669,014,Otros artículos publicados,Revista de divulgación,Transport economics and sustainable development in Ukraine,Ucrania,MARKETING AND MANAGEMENT OF INNOVATIONS,2019,CANDY LORENA CHAMORRO GONZALEZ,1
00670,014,Otros artículos publicados,Revista de divulgación,"Relaciones entre proyecto de vida y organizaciones: una mirada metafórica desde la planeación, la formación y la contabilidad",Colombia,SCIENCE OF HUMAN ACTION,2019,"ANA MARIA ZAPATA MEJIA, JUAN CARLOS AGUDELO RESTREPO, JULIAN ESTEBAN FLOREZ CORREA, CARLOS EDUARDO CASTANO RIOS",1
00671,014,Otros artículos publicados,Revista de divulgación,El efecto de la obtención del título de pregrado en el ingreso económico: el caso de los graduados de la Universidad Católica Luis Amigó,Colombia,SCIENCE OF HUMAN ACTION,2019,LUZ MERY ORTIZ SANCHEZ,1
00672,014,Otros artículos publicados,Revista de divulgación,LA VALORACIÓN DE LOS RECURSOS NATURALES EN LA DISCUSIÓN PARADIGMÀTICA EN CONTABILIDAD,Colombia,Face: Revista De La Facultad De Ciencias Económicas Y Empresariales De La Universidad De Pamplona,2018,CARLOS ALBERTO MUNOZ RESTREPO,1
00673,014,Otros artículos publicados,Revista de divulgación,La valoración de los recursos naturales en la discusión paradigmàtica en contabilidad,Colombia,Face: Revista De La Facultad De Ciencias Económicas Y Empresariales De La Universidad De Pamplona,2018,ALBA LUCIA GOMEZ RAMIREZ,1
00674,014,Otros artículos publicados,Revista de divulgación,LA VALORACIÓN DE LOS RECURSOS NATURALES EN LA DISCUSIÓN PARADIGMÀTICA EN CONTABILIDAD,Colombia,Face: Revista De La Facultad De Ciencias Económicas Y Empresariales De La Universidad De Pamplona,2018,"CARLOS ALBERTO MUNOZ RESTREPO, ALBA LUCIA GOMEZ RAMIREZ",1
00675,014,Otros artículos publicados,Revista de divulgación,"UNA REFLEXIÓN ACERCA DEL DOCUMENTAL INSIDE JOB DE CHARLES FERGUSON. LA COMPRENSIÓN DE LA CRISIS FINANCIERA DE 2008, DESDE LA TEORÍA DE LA CONTABILIDAD Y LA REGULACIÓN",Colombia,SCIENCE OF HUMAN ACTION,2017,CARLOS ALBERTO MUNOZ RESTREPO,1
00676,014,Otros artículos publicados,Revista de divulgación,PRESENTE Y FUTURO DE LA INVESTIGACIÓN CONTABLE EN COLOMBIA,Colombia,Revista Internacional Legis De Contabilidad & Auditoria,,"1692-2913, 2017 vol",1
00677,014,Otros artículos publicados,Revista de divulgación,Los juicios pre científicos en el método contable,Colombia,GESTIÓN Y DESARROLLO IBRE,2017,CARLOS ALBERTO MUNOZ RESTREPO,1
00678,014,Otros artículos publicados,Revista de divulgación,"Rendimiento financiero en empresas productoras de cemento, cal y yeso de Antioquia en el período 2008 al 2013 y su relación con el PIB",Colombia,SCIENCE OF HUMAN ACTION,2016,"CARLOS EDUARDO CASTANO RIOS, SUSANA ACEVEDO ZULUAGA, FERGIE MADRID RAMIREZ, ELKIN ALONSO SOTO ZULUAGA",1
00679,014,Otros artículos publicados,Revista de divulgación,"Modelos de confianza, análisis desde la organización",Estados Unidos,Revista Iberoamericana En Sistemas,1690,"MARIA ELENA VALENCIA CORRALES, MIGUEL DAVID ROJAS LOPEZ, LAURA MARCELA LONDONO VASQUEZ",1
