id,id_grupo,categoria,tipo_producto,titulo,ano,tipologia
00001,001,Proyectos,Investigación y desarrollo,Métodos numéricos como una herramienta útil para la resolución de problemas complejos en la ingeniería.,2024/11,2
00002,001,Proyectos,Investigación y desarrollo,ESTUDIO TEÓRICO DE LAS PROPIEDADES ELECTRÓNICAS Y TERMODINÁMICAS DE LÍQUIDOS IÓNICOS DE IMIDAZOL: UN ENFOQUE COMPUTACIONAL.,Actual,2
00003,001,Proyectos,Investigación y desarrollo,Métodos de partículas aplicados a la simulación y la optimización de problemas en diversas áreas de la ingeniería.,2023/11,2
00004,001,Proyectos,Investigación y desarrollo,Diseño computacional de materiales almacenadores de H2.,2023/12,2
00005,001,Proyectos,Investigación y desarrollo,Modelación de procesos fisicoquímicos utilizando modelos simples y predictivos,2023/11,2
00006,001,Proyectos,Investigación y desarrollo,Análisis experimental de equilibrios de fases en sistemas polares y no polares,2023/11,2
00007,001,Proyectos,Investigación y desarrollo,Optimización de una red logística terrestre para el transporte de cargas empresariales desde la óptica de la programación lineal: Un caso de estudio real intermunicipal en el contexto del COVID-19,2022/11,2
00008,001,Proyectos,Investigación y desarrollo,Generación de ayudas automáticas en cursos de programación a partir de soluciones correctas,2022/10,2
00009,001,Proyectos,Investigación y desarrollo,Diseño de materiales funcionalmente graduados para aplicaciones en ciencias de materiales,2022/10,2
00010,001,Proyectos,Investigación y desarrollo,Optimización de inserción al mundo laboral mediante la teoría de redes,2022/11,2
00011,001,Proyectos,Investigación y desarrollo,Implementación de las redes eléctricas inteligentes en Colombia: un análisis multidimensional,2022/10,2
00012,001,Proyectos,Investigación y desarrollo,Desarrollo de un modelo que permita estimar la capacidad calorífica de líquidos iónicos,2022/10,2
00013,001,Proyectos,Investigación y desarrollo,Machine Learning aplicado a la predicción del desempeño estudiantil en cursos universitarios,2022/10,2
00014,001,Proyectos,Investigación y desarrollo,Estudio computacional de sistemas químicos como posibles sensores de contaminantes metálicos.,2022/12,2
00015,001,Proyectos,Investigación y desarrollo,Analítica de datos aplicada al uso de objetos virtuales de aprendizaje (OVA) en la educación superior,2021/11,2
00016,001,Proyectos,Investigación y desarrollo,IMPACTO GENERADO POR EL COVID 19 EN EL ÁMBITO ECONÓMICO EN ALGUNOS PAÍSES LATINOAMERICANOS: UN ENFOQUE DESDE EL ANÁLISIS ENVOLVENTE DE DATOS,2021/11,2
00017,001,Proyectos,Investigación y desarrollo,Síntesis y Caracterización de materiales inorgánicos con potenciales propiedades físicas para aplicaciones de Ingeniería de Materiales,2021/11,2
00018,001,Proyectos,Investigación y desarrollo,Construcción de un modelo para predecir el riesgo de infección con COVID 19,2021/11,2
00019,001,Proyectos,Investigación y desarrollo,Un dispositivo de alerta móvil para la toma de parámetros corporales con fines de identificar riesgo de contagio de COVID-19,2021/11,2
00020,001,Proyectos,Investigación y desarrollo,TECNOLOGIA SOCIAL APLICADA A LAS CIENCIAS DE LA VIDA Y MATERIALES,2021/4,2
00021,001,Proyectos,Investigación y desarrollo,Desarrollo de un modelo de ecuaciones estructurales para el análisis de la aceptación de plataformas educativas virtuales,2020/11,2
00022,001,Proyectos,Investigación y desarrollo,FABRICACIÓN DE ADSORBENTES MAGNÉTICOS POR SÍNTESIS DE COMBUSTIÓN EN SOLUCIÓN COMO POTENCIALES CANDIDATOS EN LA REMOCIÓN DE CONTAMINANTES DEL AGUA,2020/11,2
00023,001,Proyectos,Investigación y desarrollo,Desarrollo de una red neuronal artificial en la educación superior,2020/11,2
00024,001,Proyectos,Investigación y desarrollo,VALIDACIÓN DE LA DESCRIPCIÓN DE UN MODELO MATEMÁTICO PARA LA ENFERMEDAD DE CHAGAS,2020/11,2
00025,001,Proyectos,Investigación y desarrollo,Anodizado de aluminio para sensores ópticos II,2020/11,2
00026,001,Proyectos,Investigación y desarrollo,Un sistema piloto de visualización gráfica de reportes  investigación para la Universidad Católica Luis Amigó,2021/8,2
00027,001,Proyectos,Investigación y desarrollo,Ciencia de Datos Aplicada a la Industria 4.0. Estudio de casos en la provincia de Rio Negro (Argentina) y la ciudad de Medellín (Colombia).,2020/11,2
00028,001,Proyectos,Investigación y desarrollo,Aprendizaje basado en proyectos mediados por TIC y su incidencia en el desarrollo de competencias matemáticas en estudiantes de educación media del municipio de Chigorodó.,2020/11,2
00029,001,Proyectos,Investigación y desarrollo,Analítica de datos aplicada al uso de las TIC en Colombia,2020/11,2
00030,001,Proyectos,Investigación y desarrollo,Micro-Solvatación de Halogenuros de alquilo: Estudio computacional de los efectos del solvente sobre los mecanismos de sustitución nucleofílica.,2022/12,2
00031,001,Proyectos,"Investigación, desarrollo e innovación",Nanotecnología aplicada a ciencias de la vida y materiales,2020/4,2
00032,001,Proyectos,Investigación y desarrollo,Gamificación como estrategia didáctica.  Caso: Aprendizaje de la Lógica de Programación en un ambiente gamificado,Actual,2
00033,001,Proyectos,Investigación y desarrollo,Anodizado de Aluminio para Aplicación en Sensores Ópticos,2019/11,2
00034,001,Proyectos,Investigación y desarrollo,Inteligencia Artificial: metodología para evaluar actividades de seguimiento de estudiantes a través de sistemas tutoriales inteligentes,2019/11,2
00035,001,Proyectos,Investigación y desarrollo,Aplicación de técnicas de minería de texto para el análisis de sentimientos,2019/11,2
00036,001,Proyectos,"Investigación, desarrollo e innovación",Apropiación de los Conceptos Básicos de la Física Mecánica - Fase II,Actual,2
00037,001,Proyectos,Investigación y desarrollo,Análisis del efecto del crecimiento del gasto de consumo en los niveles de desigualdad y pobreza en colombia a lo largo del periodo 1998 - 2015,Actual,2
00038,001,Proyectos,Investigación y desarrollo,Machine learning: aplicación de técnicas de agrupamiento para en análisis de la pobreza y la desigualdad social en Colombia,2019/11,2
00039,001,Proyectos,Investigación y desarrollo,Monitoreo de un modelo a escala de la interacción suelo estructura usando sensores de fibra óptica,2021/5,2
00040,001,Proyectos,Investigación y desarrollo,Aprehensión de Conceptos de Ciencias Básicas mediante una Estrategia Integradora Pedagógica y la Robótica,2020/2,2
00041,001,Proyectos,Investigación y desarrollo,Un Sistema de Gestión Tecnológico de Información para la Investigación en la Universidad Católica Luis Amigó,2019/11,2
00042,001,Proyectos,Investigación y desarrollo,Interacción Suelo Estructura,2019/11,2
00043,001,Proyectos,Investigación y desarrollo,Modelación Computacional en Sistemas Químicos,2019/11,2
00044,001,Proyectos,Investigación y desarrollo,Gamificación como estrategia didáctica. Caso: aprendizaje de razonamiento lógico matemático en un ambiente gamificado.,2019/11,2
00045,001,Proyectos,Investigación y desarrollo,"Apropiación social de una Infraestructura para la Generación de Aplicaciones Educativas Basadas en Televisión Digital, para las subregiones de Antioquia SLO4DTV",2018/11,2
00046,001,Proyectos,Investigación y desarrollo,Un Modelo Semántico de Ejecución de Workflow para Actividades Experimentales,2019/8,2
00047,001,Proyectos,Investigación y desarrollo,Sistema experto para el diagnóstico de trastornos psicológicos,2018/11,2
00048,001,Proyectos,Investigación y desarrollo,Apropiación de los Conceptos Básicos de la Física Mecánica,Actual,2
00049,001,Proyectos,Investigación y desarrollo,M-learning,2018/11,2
00050,001,Proyectos,Investigación y desarrollo,Simulacion de propiedades electronicas en compuestos organicos e inorganicos con potenciales aplicaciones en materiales y como medicamentos,2018/12,2
00051,001,Proyectos,Investigación y desarrollo,Factores incidentes del emprendimiento femenino: Análisis comparativo entre la ciudad de Manizales y la ciudad de Uruapan.,2018/11,2
00052,001,Proyectos,Investigación y desarrollo,Modelado Matemático de la Enfermedad de Chagas,2017/11,2
00053,001,Proyectos,Investigación y desarrollo,Investigacion teórica en sistemas químicos,2017/11,2
00054,001,Proyectos,Investigación y desarrollo,Ágilismo en el de Desarrollo de Software,2017/11,2
00055,001,Proyectos,Investigación y desarrollo,"Modelización del mercado energético, para el pago de incentivos a inversionistas en energías renovables, con simulación basada en agentes",2017/11,2
00056,001,Proyectos,Investigación y desarrollo,Análisis al uso de las metodologías ágiles en las empresas de software en Colombia: Caso Medellín.,Actual,2
00057,001,Proyectos,Investigación y desarrollo,Diseño de Ambientes Virtuales de Aprendizaje,2018/12,2
00058,001,Proyectos,Investigación y desarrollo,Interacción de un Parásito-Sistema inmune de un Mamífero,2016/11,2
00059,001,Proyectos,Investigación y desarrollo,"Diseño e implementación de una plataforma ambiente educativo virtual (AEV) de fortalecimiento, mayor impacto y articulación socio geográfica del Grupo Centro de Investigaciones Carisma y Saber RTC - Religiosos Terciarios Capuchinos Provincia San José",2016/11,2
00060,001,Proyectos,Investigación y desarrollo,Permanencia con Calidad y Prevención de la Deserción Estudiantil,2017/6,2
00061,001,Proyectos,Investigación y desarrollo,Implementación de un sistema de información orientado a la web para la administración y gestión de la información en la Escuela de Trabajo el Redentor y la Escuela de Trabajo San José,2016/11,2
00062,001,Proyectos,Investigación y desarrollo,"Construcción de un modelo de información y gestión del conocimiento, para administración de indicadores de educación, empleo y promoción en población vulnerable",2017/6,2
00063,001,Proyectos,Investigación y desarrollo,Revisión sistemática de métodos de programación ágil en  Colombia - Medellín,Actual,2
00064,001,Proyectos,Investigación y desarrollo,"Estructura y Reactividad de Clusters de Metales de Au, Ag, Cu y Pt",2017/12,2
00065,001,Proyectos,Investigación y desarrollo,Construcción de un Modelo de Pronóstico del Precio Diario de la Electricidad para el Mercado Eléctrico Colombiano,2015/11,2
00066,001,Proyectos,Investigación y desarrollo,Base de datos de la Provincia de San José para los diversos colectivos de los Religiosos Terciarios Capuchinos,2015/11,2
00067,001,Proyectos,Investigación y desarrollo,Acumuladores de Hidrogeno: diseño teórico de nuevos materiales a partir de metales estratégicos extraídos en Colombia,2017/10,2
00068,001,Proyectos,Investigación y desarrollo,Estudio computacional de nuevos materiales acumuladores de hidrógeno,2019/12,2
00069,001,Proyectos,Investigación y desarrollo,Integración de Energías Renovables y Políticas Ambientales,2015/11,2
00070,001,Proyectos,Investigación y desarrollo,Prototipo de Objetos Virtuales de Aprendizaje para el Aprendizaje de la lógica de Programación,2015/7,2
00071,001,Proyectos,Investigación y desarrollo,Desarrollo de una aplicación movil para el cuidado de la salud,2015/7,2
00072,001,Proyectos,Investigación y desarrollo,Metodología de auditoría en redes de datos para la detección de vulnerabilidades,2017/12,2
00073,001,Proyectos,Investigación y desarrollo,Simulacion de compuestos organicos e inorganicos con potenciales aplicaciones en materiales y como salud,2016/12,2
00074,001,Proyectos,Extensión y responsabilidad social CTI,Metodologías para la toma de Decisiones Apoyadas en Modelos Difusos,2014/11,2
00075,001,Proyectos,Extensión y responsabilidad social CTI,"Gestión de la Información, el Conocimiento y las Comunicaciones en Corantioquia",2014/11,2
00076,001,Proyectos,Investigación y desarrollo,Manual de Gestión Socioambiental de Proyectos de Infraestructura,2014/12,2
00077,001,Proyectos,Investigación y desarrollo,Definición de Arquitectura para Datos Abiertos Gubernamentales,Actual,2
00078,001,Proyectos,Investigación y desarrollo,Revisión bibliográfica de Trazabilidad de Requisitos,2013/11,2
00079,001,Proyectos,"Investigación, desarrollo e innovación",Sistema de Informacion y base de datos unificada para la poblacion atendida en el ambito de responsabilidad penal de la Provincia de San Jose de los Religiosos Terciarios Capuchinos.,2013/6,2
00080,001,Proyectos,Investigación y desarrollo,Realidad Virtual en el Tratamiento de la Enfermedad Mental,Actual,2
00081,001,Proyectos,Investigación y desarrollo,Impacto pedagógico de la utilización de aplicativos educativos incorporados a las redes sociales: el caso de facebook como espacio al servicio de la formación.,2012/11,2
00082,001,Proyectos,Investigación y desarrollo,Un Sistema de Recuperación de Objetos de Aprendizaje Bilingües en el Área de Ingeniería,2012/11,2
00083,001,Proyectos,Investigación y desarrollo,"Desarrollo de una Metodología para Estructurar, Diseñar, Implementar y Mantener Laboratorios Virtuales",2013/2,2
00084,001,Proyectos,Investigación y desarrollo,Análisis comparativo de la competencia genérica Razonamiento Cuantitativo de la prueba SaberPro y su relación con los cursos ofrecidos por el Departamento de Ciencias Básicas en los programas de pregrado de la Funlam y la UdeM,2012/12,2
00085,001,Proyectos,Investigación y desarrollo,ANÁLISIS COMPARATIVO DE LA COMPETENCIA GENÉRICA RAZONAMIENTO CUANTITATIVO DE LA PRUEBA SABERPRO Y SU RELACIÓN CON LOS CURSOS OFRECIDOS POR EL DEPARTAMENTO DE CIENCIAS BÁSICAS EN LOS PROGRAMAS DE PREGRADO DE LA FUNLAM Y LA U DE M,2012/11,2
00086,001,Proyectos,Investigación y desarrollo,Gestión del Conocimiento Facultad de Ingeniería de la Fundación Universitaria Luis Amigó,2011/12,2
00087,001,Proyectos,Investigación y desarrollo,"Diseño e implementación de Objetos Virtuales de Aprendizaje ¿OVAs¿ con Software Libre OpenGis, aplicando el Aprendizaje Basado en Problemas ¿ABP¿, para la formación específica en Sistemas de Información Geográfica ¿SIG¿",2011/12,2
00088,001,Proyectos,Investigación y desarrollo,Madurez de la Gestión del Conocimiento de las Grandes Empresas de la Ciudad de Medellín,2010/12,2
00089,001,Proyectos,Investigación y desarrollo,Busqueda en Texto Completo en Repositorios Digitales,Actual,2
00090,001,Proyectos,Investigación y desarrollo,Gestión del correo electrónico para efectos de medio de prueba en instancias jurídicas: caso de la Fundación Universitaria Luis Amigó.,Actual,2
00091,001,Proyectos,Investigación y desarrollo,Estructuración de una metodología genérica para la realización de pruebas de caja negra en los sistemas de información,2010/12,2
00092,001,Proyectos,Investigación y desarrollo,Sistema de Indicadores de Ciencia y Tecnología en la FUNLAM con énfasis en el seguimiento y medición del impacto social,2009/12,2
00093,001,Proyectos,Investigación y desarrollo,El ciberespacio para fines académicos y sociales: tendencias halladas en estudiantes universitarios,2009/8,2
00094,001,Proyectos,"Investigación, desarrollo e innovación",Autoevaluacion con fines de acreditacion,Actual,2
00095,001,Proyectos,"Investigación, desarrollo e innovación",Analisis y estructuracion del contenido curricular del programa de Ingenieria de Sistemas,2009/12,2
00096,001,Proyectos,Investigación y desarrollo,Estructuración del departamento de ciencias básicas en la Funlam,2009/6,2
00097,001,Proyectos,Investigación y desarrollo,"Acercamientos interdisciplinarios entre los programas de Educación, Comunicación Social e Ingeniería de Sistemas de la Funlam y sus relaciones con las demandas de formación interdisciplinaria de instituciones educativas de secundaria",2009/7,2
00098,001,Proyectos,Investigación y desarrollo,APORTE DE LA ECONOMIA SOLIDARIA AL DESARROLLO LOCAL DEL ALTIPLANO DEL NORTE DE ANTIOQUIA,Actual,2
00099,001,Proyectos,Extensión y responsabilidad social CTI,Gestión técnica y administrativa para las redes de datos de los complejos educativos del SENA Regional Antioquia (Gerencia de Proyecto - Interventoría de Obras),Actual,2
00100,002,Proyectos,Investigación y desarrollo,Asistente jurídico territorial basado en IA generativa y Agéntica para el acceso a la justicia en comunas vulnerables de Medellín,Actual,2
00101,002,Proyectos,Investigación y desarrollo,EL HECHO DIFERENCIAL COMO CONTENIDO DE LA AUTONOMÍA LOCAL EN LOS CAMBIOS JURÍDICOS DEL ORDENAMIENTO TERRITORIAL COLOMBIANO Y LA REALIZACIÓN DE LAS METAS DEL ODS 11,Actual,2
00102,002,Proyectos,Investigación y desarrollo,La coherencia de las políticas públicas en entornos regionales: Un estudio documental y teórico,Actual,2
00103,002,Proyectos,Investigación y desarrollo,Juez Algoritmo y Debido Proceso: Reconfiguración de las Garantías Judiciales en la Era de la Inteligencia Artificial.,2026/Sin mes,2
00104,002,Proyectos,Investigación y desarrollo,Juez Algoritmo y Debido Proceso: Reconfiguración de las Garantías Judiciales en la Era de la Inteligencia Artificial,2026/Sin mes,2
00105,002,Proyectos,Investigación y desarrollo,"Modelo de Medición del impacto social de los graduados de la Facultad de Derecho y Ciencias Políticas de la Universidad Católica Luis Amigó, sede Medellín.",Actual,2
00106,002,Proyectos,Investigación y desarrollo,RESTAURANDO LA NATURALEZA Y RECONSTRUYENDO LA PAZ: MECANISMOS DE REPARACIÓN AMBIENTAL EN EL POSCONFLICTO COLOMBIANO,Actual,2
00107,002,Proyectos,Investigación y desarrollo,Megaproyecto las transformaciones de la Investigación Jurídica y Sociojurídica en Colombia: Fase 2: Aproximaciones metodológicas para los actores pedagógicos.,Actual,2
00108,002,Proyectos,Investigación y desarrollo,Análisis del control judicial de los actos administrativos: incidencia de la intervención estatal y la efectividad de las Tecnologías de la Información y Comunicación (TIC) en la justicia digital.,2025/Sin mes,2
00109,002,Proyectos,Investigación y desarrollo,LINEAMIENTOS PARA EL MARCO DE PROTECCIÓN JURÍDICA DE LOS NEURODERECHOS EN COLOMBIA DESDE UN ENFOQUE DE DERECHOS HUMANOS,2026/Sin mes,2
00110,002,Proyectos,Investigación y desarrollo,Hacia una comprensión integral e integradora del suicidio.La realidad no vista por unos y padecidas por otros?La prevención del suicidio es una posibilidad de todos y todas fase 7,Actual,2
00111,002,Proyectos,Investigación y desarrollo,Cambios del Derecho Administrativo a partir de las actuaciones de la administración en el Estado Social y Democrático de Derecho (ESDD): La Gestión del Riesgo de Desastres.,2024/Sin mes,2
00112,002,Proyectos,Investigación y desarrollo,COMO SI LOS HIJOS DE UNO NO VALIERAN NADA: De la justicia testimonial a la justicia narrativa en el derecho de víctimas,2024/Sin mes,2
00113,002,Proyectos,Investigación y desarrollo,La Constitución Ecológica de 1991 en Colombia: Tensiones entre la Protección Ambiental y los Modelos de Desarrollo Extractivistas,2024/Sin mes,2
00114,002,Proyectos,Investigación y desarrollo,Sexualidad y maternidad en mujeres firmantes de paz,2024/3,2
00115,002,Proyectos,Investigación y desarrollo,Formación del recurso humano de la Universidad Católica Luis Amigó al equipo núcleo de gestión AID- Fase V,2024/11,2
00116,002,Proyectos,Investigación y desarrollo,"Acceso a la justicia, a la información y a la participación para la protección de derechos colectivos y del ambiente: Fase IV - Ejercicio de los derechos de acceso en asuntos ambientales por parte de las Corporaciones Autónomas Regionales del SINA",2024/Sin mes,2
00117,002,Proyectos,Investigación y desarrollo,CON EL FUEGO PRIMERO DEL ALBA: Transformaciones discursivas del derecho a la rebelión en tiempos de justicia transicional,Actual,2
00118,002,Proyectos,Investigación y desarrollo,"Uso de la fuerza aplicable a los conflictos armados y a otros contextos de violencia en Colombia, a partir de la firma del Acuerdo de Paz suscrito entre el Gobierno Nacional y las FARC-EP, 2016",Actual,2
00119,002,Proyectos,Investigación y desarrollo,Implicaciones de las publicaciones falsas en redes sociales: legitimidad de la comunicación política y la justicia en el escenario digital.,2024/12,2
00120,002,Proyectos,Investigación y desarrollo,Estado del Arte de los Feminismos Jurídicos en América Latina 2019-2023,2024/11,2
00121,002,Proyectos,Investigación y desarrollo,Feminismos juridicos: estado de la cuestión de los estudios feministas del derecho en América Latina,2024/11,2
00122,002,Proyectos,Investigación y desarrollo,"Acceso a la justicia, a la información y a la participación democrática para la protección de derechos colectivos y del ambiente: Fase III - Ejercicio de los derechos de acceso en asuntos ambientales de la minoría étnica raizal.",2023/11,2
00123,002,Proyectos,Investigación y desarrollo,Mujeres excombatientes de las FARC-EP y sus procesos de reincorporación. Una aproximación a las prácticas económicas y sociales que configuran escenarios posibles de paz. Fase II,2023/11,2
00124,002,Proyectos,Investigación y desarrollo,"Efectivización de las garantías constitucionales en la implementación de la justicia digital, durante la pandemia del covid 19 en Colombia.",2023/12,2
00125,002,Proyectos,Investigación y desarrollo,"Fortalecimiento de la aplicación del Régimen Sancionatorio Ambiental en la Jurisdicción de Corpocaldas, desde la Educación Ambiental en el período 2020-2022",2023/11,2
00126,002,Proyectos,Investigación y desarrollo,Cambios del Derecho Administrativo a partir de los mecanismos de actuación de la administración en el Estado Social y Democrático de Derecho (ESDD): El ordenamiento territorial.,2023/11,2
00127,002,Proyectos,Investigación y desarrollo,Formación del recurso humano de la Universidad Católica Luis Amigó al equipo núcleo de gestión AID- Fase V,2023/11,2
00128,002,Proyectos,Investigación y desarrollo,ESTÁNDARES INTERNACIONALES DE LA REPARACIÓN SIMBÓLICA COLECTIVA EN EL CONTEXTO COLOMBIANO. 2016-2022,2023/11,2
00129,002,Proyectos,"Investigación, desarrollo e innovación",Contribuciones de los feminismos jurídicos latinoamericanos para la enseñanza del Derecho de Familia(s) con perspectiva de género(s) en Colombia,2024/12,2
00130,002,Proyectos,Investigación y desarrollo,Economías del cuidado en el ámbito familiar: Mujeres cuidadoras,2024/1,2
00131,002,Proyectos,Investigación y desarrollo,"Acceso a la justicia, a la información y a la participación democrática para la protección de derechos colectivos y del ambiente: Fase III - Ejercicio de los derechos de acceso en asuntos ambientales de la minoría étnica raizal.",2023/11,2
00132,002,Proyectos,Investigación y desarrollo,"Macroproyecto Centro Integral Familiar con perspectiva de género. Fase 2: Fundamentación teórica, metodológica y legal en el acompañamiento familiar 2023",2023/11,2
00133,002,Proyectos,Investigación y desarrollo,Estándares internacionales de la reparación simbólica colectiva en el contexto colombiano. 2016-2022,2023/11,2
00134,002,Proyectos,Investigación y desarrollo,Hacia una comprensión integral e integradora del suicidio. La realidad no vista por unos y padecida por otros. La prevención del suicidio es una posibilidad de todos y todas,2023/12,2
00135,002,Proyectos,Investigación y desarrollo,"Retos para el cierre de brechas de género. A propósito de la propuesta de Medellín como Distrito Especial de Ciencia, Tecnología e Innovación",2022/10,2
00136,002,Proyectos,Investigación y desarrollo,"Implementación de la reparación integral a víctimas de violencia sexual en el marco del Acuerdo de Paz, 2021",2022/11,2
00137,002,Proyectos,Investigación y desarrollo,REPRESENTACIONES DEL PERDÓN Y LA MEMORIA EN LA LITERATURA INFANTIL COLOMBIANA EN LAS ÚLTIMAS DOS DÉCADAS COMO FUENTE PARA ABORDAR LAS AFECTACIONES A DERECHOS PRODUCTO DEL CONFLICTO ARMADO INTERNO,2022/11,2
00138,002,Proyectos,Investigación y desarrollo,Implicaciones de la transformación digital en el ámbito laboral y su impacto en las situaciones de acoso laboral o mobbing.,2022/11,2
00139,002,Proyectos,Investigación y desarrollo,"Macroproyecto Centro Integral Familiar con perspectiva de género. Fase 1: Fundamentación teórica, didáctica y articulaciones para la creación del Centro Integral Familiar con perspectiva de género 2022",2022/11,2
00140,002,Proyectos,Investigación y desarrollo,Mujeres excombatientes de las FARC-EP y sus procesos de reincorporación. Una aproximación a las prácticas  económicas y sociales que configuran escenarios posibles de paz.,2022/11,2
00141,002,Proyectos,Investigación y desarrollo,"Implementación de la reparación integral a víctimas de violencia sexual en el marco del Acuerdo de Paz, 2021",2022/11,2
00142,002,Proyectos,Investigación y desarrollo,Implicaciones de la transformación digital en el ámbito laboral y su impacto en las situaciones de acoso laboral o mobbing.,2024/12,2
00143,002,Proyectos,Investigación y desarrollo,Manual laboral: Guía teórico practica para la gestión humana en la Universidad Católica Luis Amigó,2022/11,2
00144,002,Proyectos,Investigación y desarrollo,Acceso a la Justicia Digital en el Derecho Público. Análisis de derecho comparado: el caso de Brasil y Colombia.,2021/11,2
00145,002,Proyectos,Investigación y desarrollo,Megaproyecto Las transformaciones de la Investigación Jurídica y Sociojurídica en Colombia desde la perspectiva territorial,2021/Sin mes,2
00146,002,Proyectos,Investigación y desarrollo,Debates Contemporáneos del Derecho de Familia desde perspectiva de Género: Mediación y Conciliación,2021/11,2
00147,002,Proyectos,Investigación y desarrollo,Conciliación online y mindfulness en tiempos de Covid-19,2021/11,2
00148,002,Proyectos,Investigación y desarrollo,Juvenicidio y prácticas de paz,Actual,2
00149,002,Proyectos,Investigación y desarrollo,Tensiones entre el sujeto político y el sujeto de derechos en el marco de la reincorporación y normalización a la luz de justicia transicional,2021/11,2
00150,002,Proyectos,Investigación y desarrollo,Megaproyecto Las transformaciones de la Investigación Jurídica y Sociojurídica en Colombia desde la perspectiva territorial Fase I 2008 - 2020,2021/11,2
00151,002,Proyectos,Investigación y desarrollo,"Acceso a la justicia para la protección de derechos colectivos y del ambiente, el acceso a la información y la participación democrática: Fase II - Derechos Bioculturales e Intergeneracionales.",2021/11,2
00152,002,Proyectos,Investigación y desarrollo,Revisión de las causas de inconstitucionalidad de una parte de los decretos legislativos emitidos en el marco de la emergencia por COVID 19 en Colombia.,2021/11,2
00153,002,Proyectos,Investigación y desarrollo,TENSIONES ENTRE EL SUJETO POLÍTICO Y EL SUJETO DE DERECHOS EN EL MARCO DE LA REINCORPORACIÓN Y NORMALIZACIÓN A LA LUZ DE JUSTICIA TRANSICIONAL,Actual,2
00154,002,Proyectos,Investigación y desarrollo,Cuerpo y ciudadanía: narrativas de mujeres militantes del partido Fuerza Alternativa Revolucionaria del Común FARC,2021/11,2
00155,002,Proyectos,Investigación y desarrollo,"Acceso a la justicia para la protección de derechos colectivos y del ambiente, el acceso a la información y la participación democrática: Fase II - Derechos Bioculturales e Intergeneracionales.",2021/11,2
00156,002,Proyectos,Investigación y desarrollo,Megaproyecto: Las transformaciones de la Investigación Jurídica y Sociojurídica en Colombia desde la perspectiva territorial. Fase I 2008 - 2020,2021/11,2
00157,002,Proyectos,Investigación y desarrollo,La noción de ciudadanía en la literatura infantil reciente de Latinoamérica y el Caribe. Apuestas para la formación de maestros.,Actual,2
00158,002,Proyectos,Investigación y desarrollo,Re-creación y Re-diseño de la Cátedra de la Paz desde la Perspectiva de género,2021/11,2
00159,002,Proyectos,Investigación y desarrollo,Expedición pacífica: pedagogías de la memoria y reconciliación en escenarios escolares,2021/6,2
00160,002,Proyectos,Investigación y desarrollo,Mediación consciente para la construcción de paz: estado del arte y experiencias de aplicación en el Centro de Conciliación Luis Amigó ¿ Sede Manizales.,2020/12,2
00161,002,Proyectos,Investigación y desarrollo,Cartografía de la investigación jurídica y sociojurídica en Colombia,2020/11,2
00162,002,Proyectos,Investigación y desarrollo,"Acceso a la justicia para la protección de derechos colectivos y del ambiente, el acceso a la información y la participación democrática: Fase I Medellín, Acciones Populares.",2020/11,2
00163,002,Proyectos,Investigación y desarrollo,EVALUACIÓN DE POLÍTICAS PÚBLICAS: PRÁCTICAS Y MODELOS EVALUATIVOS EN EL MUNICIPIO DE MANIZALES,2022/12,2
00164,002,Proyectos,Investigación y desarrollo,Análisis socio-jurídico de las medidas de protección y atención adoptadas por las Comisarías de Familia en los casos de Violencia de Género contra las Mujeres (VGCM) en la ciudad de Manizales durante el período 2017-2019,2020/11,2
00165,002,Proyectos,Investigación y desarrollo,Letheopolítica: medios de comunicación y jóvenes,2020/11,2
00166,002,Proyectos,Investigación y desarrollo,Herramienta tecnológica para la gestión del riesgo en la práctica forense del derecho.,2020/11,2
00167,002,Proyectos,Investigación y desarrollo,Debates Contemporáneos del Derecho de Familia desde la Perspectiva de Equidad de Género,2020/11,2
00168,002,Proyectos,Investigación y desarrollo,"Factores de Inclusión y Permanencia de las Mujeres, en su Formación Profesional en la Universidad Católica Luis Amigó - Tercera fase",2020/6,2
00169,002,Proyectos,Investigación y desarrollo,Resultado de investigación referente a la configuración de ciudadanía de mujeres excombatientes de las FARC-EP,2020/11,2
00170,002,Proyectos,Investigación y desarrollo,"Acceso a la justicia para la protección de derechos colectivos y del ambiente, el acceso a la información y la participación democrática: Fase I Medellín, Acciones Populares",2020/11,2
00171,002,Proyectos,Investigación y desarrollo,Debates Contemporáneos del Derecho de Familia desde la Perspectiva de Equidad de Género,2020/11,2
00172,002,Proyectos,Investigación y desarrollo,Discusión biopolítica sobre las nuevas subjetividades en la era de las migraciones,2020/11,2
00173,002,Proyectos,Investigación y desarrollo,Expedición Pacífica: pedagogías de la memoria y reconciliación en escenarios escolares,2022/12,2
00174,002,Proyectos,Investigación y desarrollo,Desarrollos de ingeniería aplicados a la Sociedad,2021/12,2
00175,002,Proyectos,Investigación y desarrollo,EL PLAZO RAZONABLE EN EL CODIGO GENERAL DEL PROCESO (LEY 1564 DE 2012 CGP) y Decreto 806 de 2020.,2023/12,2
00176,002,Proyectos,Investigación y desarrollo,Aplicaciones de la Geo referenciación,2020/7,2
00177,002,Proyectos,Investigación y desarrollo,"La formación Profesional en la Universidad Católica Luis Amigó como factor de Inclusión y permanencia de mujeres de estratos socioeconómicos 1, 2 y 3 en Medellín, Manizales, Apartadó, Bogotá y Montería. segunda fase",2019/11,2
00178,002,Proyectos,Investigación y desarrollo,Caracterización de las Barreras de Acceso a las Rutas de Atención de Violencias Frente a las Mujeres en Medellín. 2019,2020/5,2
00179,002,Proyectos,Investigación y desarrollo,La posesión ideológica como enfermedad epistémica en las ideas políticas,2022/12,2
00180,002,Proyectos,Investigación y desarrollo,Análisis jurídico de la Política Criminal frente a los Derechos Humanos en el contexto nacional e internacional,2019/12,2
00181,002,Proyectos,Investigación y desarrollo,Ciudadanías femeninas desde la insurgencia. Una mirada desde el enfoque de género,2019/11,2
00182,002,Proyectos,Investigación y desarrollo,"La formación Profesional en la Universidad Católica Luis Amigó como factor de Inclusión y permanencia de mujeres de estratos socioeconómicos 1, 2 y 3 en Medellín, Manizales, Apartadó, Bogotá y Montería. segunda fase",2019/11,2
00183,002,Proyectos,Investigación y desarrollo,Memoria y Socialización política de los niños y niñas de la primera infancia y sus familias para la territorialización de la paz,2019/11,2
00184,002,Proyectos,Investigación y desarrollo,Formación del recurso humano de la Universidad Catolica Luis Amigó al equipo nucleo de gestión AID,Actual,2
00185,002,Proyectos,Investigación y desarrollo,La autenticidad en la presentación de la prueba digital y su incidencia en la protección del principio del debido proceso,2020/12,2
00186,002,Proyectos,Investigación y desarrollo,Conflictos de competencia  entre jurisdicción indígena y jurisdicción especial para la paz. Rol de las comunidades indígenas en la justicia aplicada en el post conflicto,2021/12,2
00187,002,Proyectos,Investigación y desarrollo,Cooperación colombo-francesa en el postconflicto. Estudio de instrumentos y análisis comparativo en la formulación de proyectos para el desarrollo.,2020/12,2
00188,002,Proyectos,Investigación y desarrollo,"Trayectorias de construcción de ciudadanía en el proceso de reincorporación de mujeres excombatientes de las FARC-EP, desertoras adscritas a la ARN en Medellín y en proceso de reincorporación colectiva en La Carmelita-Putumayo, entre 2012-2017",2018/11,2
00189,002,Proyectos,Investigación y desarrollo,"Impactos del potencial de la memoria en los procesos de construcción de paz con participación de la primera infancia y sus agentes relacionales, en la ciudad de Manizales",Actual,2
00190,002,Proyectos,Investigación y desarrollo,"¿La extradición y la cooperación internacional: falta de justicia, legitimidad o incapacidad del Estado colombiano¿",2017/11,2
00191,002,Proyectos,Investigación y desarrollo,Responsabilidad Social Empresarial en el marco del posacuerdo de paz,2017/11,2
00192,002,Proyectos,Investigación y desarrollo,Desarrollo de una política pública de intervención social juvenil en los Barrios Divisa y La Unión de Neira (Caldas).,2017/11,2
00193,002,Proyectos,Investigación y desarrollo,De la justicia transicional: verdades y mentiras sobre la paz en Colombia.,2016/11,2
00194,002,Proyectos,Investigación y desarrollo,"Centro de Estudios en Derecho Administrativo, Constitucional e internacional Público ¿CEDACIR-",Actual,2
00195,002,Proyectos,Investigación y desarrollo,Los principios de la Contratación Estatal y su aplicación en los diferentes Regímenes de Contratación Púbica en Colombia,2016/11,2
00196,002,Proyectos,Investigación y desarrollo,Derecho Constitucional de acceso a la tierra,2015/12,2
00197,002,Proyectos,Investigación y desarrollo,"""LA RESPONSABILIDAD PENAL, DE CARA A LOS DELITOS DE HOMICIDIO, VIOLENCIA SEXUAL Y LESIONES FRENTE A LA MUJER EN COLOMBIA"".",2015/11,2
00198,002,Proyectos,Investigación y desarrollo,"""La internacionalización de la enseñanza del Derecho""",2015/11,2
00199,002,Proyectos,Investigación y desarrollo,Responsabilidad Penal Juvenil en Colombia a la Luz del Derecho Internacional: Políticas Públicas de Protección Integral,2014/11,2
00200,002,Proyectos,Investigación y desarrollo,RESPONSABILIDAD PENAL JUVENIL EN COLOMBIA A LA LUZ DEL DERECHO INTERNACIONAL: POLÍTICAS PÚBLICAS DE PROTECCIÓN INTEGRAL,2014/11,2
00201,002,Proyectos,Investigación y desarrollo,RESPONSABILIDAD PENAL JUVENIL EN COLOMBIA A LA LUZ DEL DERECHO INTERNACIONAL: POLÍTICAS PÚBLICAS DE PROTECCIÓN INTEGRAL,2014/11,2
00202,002,Proyectos,Investigación y desarrollo,"Eficacia de la conciliación prejudicial como requisito de procedibilidad, en la jurisdicción Contencioso Administrativa, en Antioquia.",2014/11,2
00203,002,Proyectos,Investigación y desarrollo,Vulneración a Ultima Ratio y presunción de inocencia del derecho penal: ¿el reflejo de la improvisación de la política criminal y penitenciaria en Colombia?,2014/12,2
00204,002,Proyectos,Extensión y responsabilidad social CTI,Revista Summa Iuris,2015/6,2
00205,002,Proyectos,Investigación y desarrollo,El contrato de prestación de servicios en el sector público,2013/11,2
00206,002,Proyectos,Investigación y desarrollo,El contrato de prestación de servicios en el sector público,2013/11,2
00207,002,Proyectos,Investigación y desarrollo,Elesoft: prototipo de software educativo para la red social Facebook,Actual,2
00208,002,Proyectos,Investigación y desarrollo,"Aproximación a un modelo teórico de ponderación de derechos fundamentales definidos en la Consitución Política de 1991, en la decisión judicial en sede de tutela, basado en casos resueltos  en el Tribunal Superior de Antioquia y de Medellín",2014/11,2
00209,002,Proyectos,Investigación y desarrollo,"""Instituciones jurídico-constitucionales sujetas a reforma en el marco de la solución de conflictos políticos en Colombia""",2014/2,2
00210,002,Proyectos,Investigación y desarrollo,"""Instituciones jurídico-constitucionales sujetas a reforma en el marco de la solución de conflictos políticos en Colombia""",2014/2,2
00211,002,Proyectos,Investigación y desarrollo,REFORMA AL CÓDIGO DE PROCEDIMIENTO PENAL LEY 906 DE 2004 PARA LA INCLUSIÓN DE LA DISCIPLINA FORENSE DIGITAL,Actual,2
00212,002,Proyectos,Investigación y desarrollo,"Aproximación a un modelo de ponderación de derechos fundamentales definidos en la Constitución Colombiana de 1991, en la decisión judicial en sede de tutela, basado en casos resueltos en el Tribunal Superior de Antioquia y de Medellín durante los años 201",2016/12,2
00213,002,Proyectos,Investigación y desarrollo,"Administración del correo electrónico institucional al servicio de las Instituciones de Educación Superior ¿ IES ¿ para efectos de constituirse medio probatorio documental de sus actuaciones Área Metropolitana Del Valle De Aburra, años 2000-2010",2012/11,2
00214,002,Proyectos,Investigación y desarrollo,"EL CUMPLIMIENTO DE LAS CARGAS PROCESALES DEL DEFENSOR DE FAMILIA COMO PRETENSIONANTE EN LOS PROCESOS DE VISITAS, CUSTODIA, CUIDADO PERSONAL, EMANCIPACIÓN JUDICIAL Y ALIMENTOS EN LOS JUZGADOS DE FAMILIA DE MEDELLÍN EN EL AÑO 2009",2012/6,2
00215,002,Proyectos,Investigación y desarrollo,AMBIENTE SANO Y VIVIENDA DIGNA: CONFRONTACIONES EN LA ELABORACIÓN Y EJECUCIÓN DE PROYECTOS URBANOS DE MEDELLÍN.,2012/2,2
00216,002,Proyectos,Investigación y desarrollo,Familia y prácticas de crianza en el contexto del Centro de Formación para la paz y reconciliación (CEPAR,Actual,2
00217,002,Proyectos,Investigación y desarrollo,PARTICIPACIÓN COMUNITARIA EN LA CONSTRUCCIÓN DE CIUDADANÍA PARA LA PROTECCIÓN Y MEJORAMIENTO DEL AMBIENTE EN EL MUNICIPIO DE SABANETA,2011/12,2
00218,002,Proyectos,Investigación y desarrollo,Informática forense y su aplicación en la investigación de los delitos informáticos consagrados en la Ley 1273 de 2009,2011/12,2
00219,002,Proyectos,Investigación y desarrollo,LÍMITES JURÍDICOS A LAS CLÁUSULAS EXORBITANTES DEL CONTRATO ESTATAL,Actual,2
00220,002,Proyectos,Investigación y desarrollo,"POLÍTICAS PÚBLICAS PARA LA PRIMERA INFANCIA EN LA CIUDAD DE MEDELLÍN: SALUD, ALIMENTACIÓN Y EDUCACIÓN EN TORNO A LA LEY 1098 DE 2006 (LEY DE INFANCIA Y ADOLESCENCIA).",2010/12,2
00221,002,Proyectos,"Investigación, desarrollo e innovación","POLÍTICAS PÚBLICAS PARA LA PRIMERA INFANCIA EN LA CIUDAD DE MEDELLÍN: SALUD, ALIMENTACIÓN Y EDUCACIÓN EN TORNO A LA LEY 1098 DE 2006 (LEY DE INFANCIA Y ADOLESCENCIA).",Actual,2
00222,002,Proyectos,Investigación y desarrollo,REPENSANDO LA FORMACIÓN DE LOS PROFESIONALES DEL DERECHO: HACIA LA CONSTRUCCIÓN DE UNA PROPUESTA PEDAGÓGICA PERTINENTE PARA  LOS PROGRAMAS DE DERECHO EN COLOMBIA.,2011/1,2
00223,002,Proyectos,Investigación y desarrollo,APLICABILIDAD DE LAS DISPOSICIONES NORMATIVAS DEL DERECHO URBANO EN RELACIÓN AL TERRITORIO Y EL ESPACIO EN COLOMBIA. 1997 ¿ 2007,2010/2,2
00224,002,Proyectos,Investigación y desarrollo,Una Mirada a la Aplicación del Sistema Acusatorio desde los Sujetos Procesales: Experiencia Medellín 2006,Actual,2
00225,002,Proyectos,Investigación y desarrollo,Globalización del derecho:  incidencia en la formación del profesional del derecho,2005/Sin mes,2
00226,002,Proyectos,Investigación y desarrollo,El debate en torno a la definiciòn del colapso estatal,Actual,2
00227,003,Proyectos,Investigación y desarrollo,Optimización de la producción de péptidos antioxidante de proteína de las larvas de la mosca soldado negro (Hermetia illucens),Actual,2
00228,003,Proyectos,Investigación y desarrollo,La innovación social y la economía naranja como generadores de transformación social,2024/11,2
00229,003,Proyectos,Investigación y desarrollo,IDENTIFICACIÓN DE LAS LÍNEAS DE NEGOCIO QUE REQUIERE LA PUESTA EN MARCHA DE UNA TERMINAL PORTUARIA EN LA SUBREGIÓN DE URABÁ.,2024/11,2
00230,003,Proyectos,Investigación y desarrollo,Hacia una comprensión integral e integradora del suicidio. La realidad no vista por unos y padecida por otro. La prevención del suicidio es una posibilidad de todos y todas Fase 6,2023/11,2
00231,003,Proyectos,Investigación y desarrollo,Un análisis hermenéutico a partir de los constructos del emprendimiento y la innovación.,Actual,2
00232,003,Proyectos,Investigación y desarrollo,Contexto del Emprendimiento a partir de la política Pública,2023/Sin mes,2
00233,003,Proyectos,Investigación y desarrollo,Emprendimiento desde la Gestión de Nuevas Tecnologías en Cooperativas en Colombia - 2022,2022/11,2
00234,003,Proyectos,Investigación y desarrollo,Caracterización bromatológica de líneas promisorias de frijol cultivadas en Colombia,2022/11,2
00235,003,Proyectos,Investigación y desarrollo,"¿Hacia una comprensión integral e integradora del suicidio: la realidad no visto por unos y padecida por otros, la prevención del suicidio es una posibilidad de todos y todas - Fase 5¿",2022/11,2
00236,003,Proyectos,Investigación y desarrollo,Caracterización de la Cultura del Emprendimiento en las Instituciones de Educación Superior de la Subregión de Urabá.,2022/Sin mes,2
00237,003,Proyectos,"Investigación, desarrollo e innovación",LA MORFOLOGÍA ORGANIZACIONAL Y LA PLANEACIÓN ESTRATÉGICA DE EMPRESAS MYPIMES DE EMPRESAS DE LA CIUDAD DE MEDELLÍN. ESTUDIO DE CASO MULTIPLE,2022/Sin mes,2
00238,003,Proyectos,"Investigación, desarrollo e innovación",Generación de Conocimiento Científico,Actual,2
00239,003,Proyectos,Investigación y desarrollo,"Caracterización de las prácticas alimentarias de los profesores universitarios de Medellín-Colombia y Zacatlán-México, en tiempo de confinamiento por Covid-19",Actual,2
00240,003,Proyectos,Investigación y desarrollo,Vigilancia tecnológica de establecimientos gastronómicos en Zacatlán (México) y el área metropolitana de Medellín (Colombia): nuevos procesos y productos alimenticios innovadores,2021/11,2
00241,003,Proyectos,Investigación y desarrollo,Impactos organizacionales generados por el Covid-19 un análisis comparativo entre la Universidad Autónoma de Chiapas (México) y la Universidad Católica Luis Amigó (Colombia).,Actual,2
00242,003,Proyectos,Investigación y desarrollo,Efecto de la aplicación de la normativa alimentaria sobre las manifestaciones culturales ligadas a la cocina tradicional colombiana en una comuna de la ciudad de Medellín,2021/Sin mes,2
00243,003,Proyectos,Investigación y desarrollo,"Análisis comparativo en el sector turismo en Municipios cercanos de Bogotá y Medellín, a partir del análisis de los ODS Objetivos 03-08-12.",2021/11,2
00244,003,Proyectos,"Investigación, desarrollo e innovación",Semillero de investigación en Educación Nutricional y Cultura Alimentaria SIENCA,2021/11,2
00245,003,Proyectos,Investigación y desarrollo,"Formulación de una harina integral funcional, a partir de cereales andinos y subproductos de la uva y el café",2021/6,2
00246,003,Proyectos,Investigación y desarrollo,Producto Tratamiento de lixiviados provenientes de rellenos sanitarios utilizando cavitación hidrodinámica: evaluación exploratoria,2020/11,2
00247,003,Proyectos,Investigación y desarrollo,Desarrollo del modelo de gestión por competencias para una organización de economía solidaria,Actual,2
00248,003,Proyectos,Investigación y desarrollo,SOSTENIBILIDAD EN PYMES: UN MODELO DE EVALUACIÓN A NIVEL LATINOAMERICANO,2020/11,2
00249,003,Proyectos,Investigación y desarrollo,Diagnóstico y análisis del clima organizacional en la empresa Domilogistica Envigado,2020/11,2
00250,003,Proyectos,Investigación y desarrollo,Estudio sobre prosocialidad y otros factores vinculados en adultos,Actual,2
00251,003,Proyectos,Investigación y desarrollo,Factores de inclusión y Permanencia de las Mujeres en su Formación Profesional en la Universidad Católica Luis Amigó - Tercera fase,2020/6,2
00252,003,Proyectos,"Investigación, desarrollo e innovación",Tutora Joven investigadora,2020/11,2
00253,003,Proyectos,Investigación y desarrollo,El índice de reputación corporativa un nuevo enfoque bajo la RSE aplicable en las cooperativas en las ciudades de Medellín (Colombia) y Extremadura (España) - 2020,2020/11,2
00254,003,Proyectos,Investigación y desarrollo,"CAPACIDADES EN CREATIVIDAD, INNOVACIÓN, EMPRENDEDURISMO Y CULTURA SOLIDARIA EN LOS JÓVENES DE BÁSICA Y MEDIA EN IBEROAMÉRICA.",2021/5,2
00255,003,Proyectos,"Investigación, desarrollo e innovación",Tutor joven investigador,2021/9,2
00256,003,Proyectos,Investigación y desarrollo,Planeación estratégica empresa de repuestos Bendirepuestos,2019/11,2
00257,003,Proyectos,Investigación y desarrollo,Diseño de un Modelo de Gestión del Desempeño y Plan de Formación como factores de éxito en la organización Grulla Wellco,2019/11,2
00258,003,Proyectos,Investigación y desarrollo,Liderazgo y Cultura del Servicio en la Universidad Católica Luis Amigó,2019/11,2
00259,003,Proyectos,"Investigación, desarrollo e innovación",Danazul Gold: Diseño de la estrategia de valor compartido para la empresa Danazul Gold del Municipio de Girardota,2019/11,2
00260,003,Proyectos,"Investigación, desarrollo e innovación",Red Amigoniana de Innovación Social RAIS. II Fase,2019/11,2
00261,003,Proyectos,"Investigación, desarrollo e innovación",Semillero de investigación en innovación gastronómica y de alimentos (SIIGA),2021/11,2
00262,003,Proyectos,Investigación y desarrollo,"Análisis de la efectividad en los procesos de formación y capacitación para las funciones sustantivas de docencia e investigación, coordinados por el área de gestión humana",2019/12,2
00263,003,Proyectos,Investigación y desarrollo,Metodologías educativas preferidas por las estudiantes de la licenciatura en educación infantil en los procesos de aprendizaje.,2019/11,2
00264,003,Proyectos,Investigación y desarrollo,"Sistema axiologico de los estudiantes universitarios de la Facultad de Ciencias Administrativas, Económicas y contables de Latinoamerica. Caso: Univerisdad Católica Luis Amigo.",Actual,2
00265,003,Proyectos,Investigación y desarrollo,"Estudio Internacional de las Actividades Turísticas en las Zonas de Conflicto, caso Medellín Colombia y Zona Zapatista Chiapas México - Fase II",2019/12,2
00266,003,Proyectos,Investigación y desarrollo,Innovación Incremental en los procesos productivos y administrativos de Novaventa,2019/11,2
00267,003,Proyectos,"Investigación, desarrollo e innovación",Acompañamiento joven investigador,2019/8,2
00268,003,Proyectos,Investigación y desarrollo,Divulgación y promoción de técnicas de cocina básica utilizadas en el entorno educativo de la ciudad de Medellín,2019/6,2
00269,003,Proyectos,Investigación y desarrollo,Evaluación de la influencia de las condiciones de fabricación sobre la calidad de cerveza artesanal tipo lager elaborada a nivel piloto,2019/6,2
00270,003,Proyectos,Investigación y desarrollo,Impacto social y laboral de los graduados de posgrados en los diferentes ámbitos de desempeño ¿ 2019,2019/7,2
00271,003,Proyectos,Investigación y desarrollo,Evaluación de la influencia de la educación nutricional sobre la adopción de preferencias alimentarias en estudiantes de gastronomía,2019/6,2
00272,003,Proyectos,Investigación y desarrollo,"Producto Inv. Innovación transformación, procesamiento y caracterización de alimentos y bebidas",2019/6,2
00273,003,Proyectos,Investigación y desarrollo,Estilos de Liderazgo y Violencia Ocupacional,2019/1,2
00274,003,Proyectos,Investigación y desarrollo,Red Amigoniana de Innovación Social - RAIS - Fase I,2018/11,2
00275,003,Proyectos,Investigación y desarrollo,Balanced Scoredcard para el programa de Administración de Empresas de la Universidad Católica Luis Amigó - Fase I,2018/11,2
00276,003,Proyectos,"Investigación, desarrollo e innovación","Feminicidio, neurociencias y organizaciones",Actual,2
00277,003,Proyectos,Investigación y desarrollo,Valor agregado del proceso formativo en los graduados de la Universidad Católica Luis Amigó,2019/11,2
00278,003,Proyectos,Investigación y desarrollo,"la selección de personal y la evaluación de desempeño como factores de éxito en el área de gestión humana de la compañía Industrias Calidad y Moda, con NIT 9009184981",2018/11,2
00279,003,Proyectos,Investigación y desarrollo,Modelo de emprendimiento sostenible para la creación de PYMES por estudiantes universitarios en Latinoamérica. Caso: Universidad Católica Luis Amigó,2018/11,2
00280,003,Proyectos,Investigación y desarrollo,Aplicación de la metodología flipped classroom en los cursos del área de procesos del programa de administración de empresas en la Universidad Católica Luis Amigó. Resultados y avances,2018/11,2
00281,003,Proyectos,Investigación y desarrollo,Estandarización de metodologías de gestión aplicando herramientas diagnósticas para la mejora continua de procesos en microempresas de la ciudad de Medellín. Estudios de casos desarrollados en la asignatura gestión de procesos,2018/12,2
00282,003,Proyectos,Investigación y desarrollo,SEMILLERO DE GESTIÓN DE PROCESOS ADMINISTRATIVOS (GEPA),2024/12,2
00283,003,Proyectos,Investigación y desarrollo,"El manejo de los recursos económicos y la Inteligencia financiera en los estudiantes de educación superior de la Facultad de Ciencias Económicas, administrativas y contables: caso de estudio Universidad Católica Luis Amigó y Corporación Universitaria Amer",2018/Sin mes,2
00284,003,Proyectos,Investigación y desarrollo,CREACION DEL OBSERVATORIO FINANCIERO EN LA UNIVERSIDAD CATOLICA LUIS AMIGO,2018/11,2
00285,003,Proyectos,Investigación y desarrollo,Modelo de salario emocional como estrategia organizacional para la fidelización de los colaboradores.,2018/12,2
00286,003,Proyectos,Investigación y desarrollo,Efectos de la dieta y la alimentación en los procesos evolutivos de encefalización de la especie humana: Estado del Arte,2018/9,2
00287,003,Proyectos,Investigación y desarrollo,"Estudio Internacional de las Actividades Turísticas en las Zonas de Conflicto, caso Medellín Colombia y Zona Zapatista Chiapas México - Fase I",2018/12,2
00288,003,Proyectos,Investigación y desarrollo,Evaluación y Desarrollo del Potencial Emprendedor de los Universitarios Latinoamericanos - PEUL,2018/6,2
00289,003,Proyectos,Investigación y desarrollo,"Modelización del mercado energético, para el pago de incentivos a inversionistas en energías renovables, con simulación basada en agentes",Actual,2
00290,003,Proyectos,Investigación y desarrollo,"Análisis del clima organizacional en la empresa Industria, calidad y moda NIT 9009184981",2017/11,2
00291,003,Proyectos,"Investigación, desarrollo e innovación",Gestión socio ambiental participativa de un territorio emblemático para la paz en el  Magdalena centro colombiano,2017/11,2
00292,003,Proyectos,Investigación y desarrollo,Liderazgo para la Innovación,2017/11,2
00293,003,Proyectos,Investigación y desarrollo,Planeación estratégica y gestión del cambio en la empresa Manufacturas Puli NIT 716344263,2017/11,2
00294,003,Proyectos,Investigación y desarrollo,Crowdfunding como alternativa de financiación para las Mipymes en Colombia: análisis de caso ¿ Plataforma Crowdfunding little big money,2017/11,2
00295,003,Proyectos,Investigación y desarrollo,Ontología para la Gestión del Conocimiento en el proceso de selección de estudiantes de la Funlam,2017/11,2
00296,003,Proyectos,Investigación y desarrollo,Medición del impacto del capital humano innovador en las universidades,2018/11,2
00297,003,Proyectos,Investigación y desarrollo,Análisis de las empresas multilatinas de la ciudad de Medellín y su estrategia de expansión en los mercados internacionales,2018/11,2
00298,003,Proyectos,Investigación y desarrollo,Gestión estratégica en la Funlam,2016/11,2
00299,003,Proyectos,Investigación y desarrollo,Procesos de Gestión de la Innovación en Universidades,2016/11,2
00300,003,Proyectos,Investigación y desarrollo,Producto de Investigación Gestión del Conocimiento,2016/11,2
00301,003,Proyectos,Investigación y desarrollo,"Violencia contra la mujer en el ámbito intrafamiliar y su incidencia en la productividad laboral en el sector textil en 24 mujeres de las ciudades de Bogotá, Medellín y Manizales (análisis comparativo).",2016/11,2
00302,003,Proyectos,Investigación y desarrollo,proyecto de investigación ¿Utilidad de la Aplicación de la Gerencia del Valor en la contabilidad pública gubernamental de las    Empresas Sociales del Estado (E.S.E.) del Área Metropolitana de Medellín: Caso Hospital Venancio Díaz Díaz y Hospital Marco Fi,Actual,2
00303,003,Proyectos,Investigación y desarrollo,Arquitectura y gestión,2016/11,2
00304,003,Proyectos,Investigación y desarrollo,Gestion del Conocimiento de Arquitectos,2016/11,2
00305,003,Proyectos,Investigación y desarrollo,Educación en el Medio de preescolar,2016/11,2
00306,003,Proyectos,Investigación y desarrollo,Estrategias administrativas basadas en la humanización de la gestión para el fortalecimiento de la dinámica empresarial,2018/12,2
00307,003,Proyectos,Investigación y desarrollo,Auditoria de conocimiento en el factor Estudiantes del programa de Administración de la Funlam,2015/11,2
00308,003,Proyectos,Investigación y desarrollo,Auditoria de conocimiento en el factor Estudiantes del programa de Administración de la Funlam,2015/12,2
00309,003,Proyectos,Investigación y desarrollo,Mercadeo en la Administración,2015/11,2
00310,003,Proyectos,Investigación y desarrollo,Gestion del conocimiento arquitectónico,2015/11,2
00311,003,Proyectos,"Investigación, desarrollo e innovación",Impacto de las prácticas de gestión del talento humano sobre los resultados de innovación de grandes empresas de Medellín,2016/6,2
00312,003,Proyectos,Investigación y desarrollo,Desarrollo de competencias docentes para la enseñanza de la metodología de la investigación y la formación de evaluadores de trabajos de grado y tesis doctorales en posgrados de Administración. Un estudio comparado entre Colombia y Brasil,2016/9,2
00313,003,Proyectos,Investigación y desarrollo,Gestión del capital intelectual en la Funlam,2014/11,2
00314,003,Proyectos,Investigación y desarrollo,Inteligencia emocional,2014/11,2
00315,003,Proyectos,Investigación y desarrollo,Innovación,2014/11,2
00316,003,Proyectos,Investigación y desarrollo,La Investigación en Estrategia Organizacional en Colombia: Una aproximación al Estado del Arte,2014/12,2
00317,003,Proyectos,Investigación y desarrollo,"""Las políticas públicas asociadas al emprendimiento y su articulación con las organizaciones sociales en la ciudad de Medellín en los años 2008 - 2013""",2022/11,2
00318,003,Proyectos,Investigación y desarrollo,Gestión Del maestro,2013/11,2
00319,003,Proyectos,Investigación y desarrollo,"Canales y Mecanismos de Acceso a la Financiación, Fondeo y Préstamos a Sectores No Aptos para el Sistema Financiero Colombiano. El caso del Sector Agrícola, Construcción, Exportadores,  Municipios y Pymes",2016/11,2
00320,003,Proyectos,Investigación y desarrollo,Madurez de la Gestión del conocimiento en grandes empresas de Colombia,2012/11,2
00321,003,Proyectos,"Investigación, desarrollo e innovación",Mapa de conocimiento de la producción Científica de la Fundación Universitaria Luís Amigó 2001- 2011,2013/1,2
00322,003,Proyectos,Investigación y desarrollo,Gestión y Revelación de la Responsabilidad Social Empresarial en pymes de Medellín y Manizales,Actual,2
00323,003,Proyectos,Investigación y desarrollo,Transferencia de Conocimiento en la Fundación Universitaria Luis Amigó,2011/12,2
00324,003,Proyectos,Investigación y desarrollo,EMPRENDIMIENTO Y EDUCACIÓN SUPERIOR: UNA ALIANZA DE CONSTRUCCIÓN DE HORIZONTES DE SENTIDO VITAL EN LAS DINÁMICAS DE LA FUNDACIÓN UNIVERSITARIA LUIS AMIGÓ DE LA CIUDAD MEDELLÍN,2012/11,2
00325,003,Proyectos,Investigación y desarrollo,El conocimiento científico y tecnológico disponible en el departamento de Antioquia 1990-2010,Actual,2
00326,003,Proyectos,Investigación y desarrollo,MODELO PARA LA GESTIÓN DEL ACOPLAMIENTO ENTRE LOS SERES HUMANOS Y LOS SISTEMAS ORGANIZACIONALES A LA LUZ DE LA TEORÍA DE SISTEMAS,2011/5,2
00327,003,Proyectos,Investigación y desarrollo,Madurez de la Gestión del Conocimiento de las Grandes Empresas de la Ciudad de Medellín,2010/12,2
00328,003,Proyectos,Investigación y desarrollo,Sistema de Indicadores de Ciencia Y Tecnología en la Funlam con Énfasis en el Seguimiento y Medición del Impacto Social,2010/12,2
00329,003,Proyectos,Investigación y desarrollo,Indicadores Sociales de Ciencia y Tecnología de la Fundación Universitaria Luis Amigó.,2010/12,2
00330,003,Proyectos,Investigación y desarrollo,INDICADORES SOCIALES DE CIENCIA Y TECNOLOGÍA DE LA FUNDACIÓN UNIVERSITARIA LUIS AMIGÓ.,2009/12,2
00331,003,Proyectos,Investigación y desarrollo,Diseño e Implementación de un Modelo de Gestión del Conocimiento para el Sistema de Investigación de la UPB.,2010/12,2
00332,003,Proyectos,Investigación y desarrollo,"Impacto Socioeconómico del Egresado 2006-2007 de la Facultad de Ciencias Administrativas, Económicas y Contables Sobre El Medio",2008/11,2
00333,003,Proyectos,Investigación y desarrollo,Gerencia del conocimiento en el sector público de la ciudad de Medellín estudio de casos de prácticas actuales,2008/12,2
00334,003,Proyectos,Investigación y desarrollo,Aspectos Curriculares que han fundamentado la formación de los profesionales de la Fundación Universitaria Monserrate en el marco de la responsabilidad social: una lectura a sus 60 años,2009/7,2
00335,003,Proyectos,Extensión y responsabilidad social CTI,Gerencia del conocimiento en el sector público de la ciudad de Medellín estudio de casos de,Actual,2
00336,003,Proyectos,Investigación y desarrollo,"Impacto de los Egresados del Programa de Administración de Empresas  de la Funlam, en el Medio Empresarial y Social",2008/6,2
00337,003,Proyectos,Extensión y responsabilidad social CTI,Auditoría de Imagen y Responsabilidad Social Empresas Públicas de Medellín,2008/3,2
00338,003,Proyectos,Investigación y desarrollo,Incidencia del contexto en la gestión del conocimiento,Actual,2
00339,003,Proyectos,Extensión y responsabilidad social CTI,Influencia de las Dimensiones Organizacionales en la Creación de Conocimiento,2007/Sin mes,2
00340,003,Proyectos,Investigación y desarrollo,Influencia de las Dimensiones Organizacionales en la Creación de Conocimiento,2007/12,2
00341,003,Proyectos,Investigación y desarrollo,Concepción del Mercadeo Social en las Grandes Empresas de Servicio de la ciudad de Medellín,2006/Sin mes,2
00342,003,Proyectos,Extensión y responsabilidad social CTI,Sistematización de la Experiencia de Articulación de la Media Técnica con La educación Superior. Modelo Técnico - pedagógico,2005/Sin mes,2
00343,003,Proyectos,Extensión y responsabilidad social CTI,Proceso de Enseñanza Aprendizaje de la Investigación en el Pregrado de Enfermería,2008/Sin mes,2
00344,003,Proyectos,Investigación y desarrollo,"Conocimientos, Actitudes y Practicas de los Profesionales de Enfermería que Trabajan en el Cuidado con Colectivos en Antioquia 2004",2008/2,2
00345,004,Proyectos,"Investigación, desarrollo e innovación","ID+i ""Diseño y Validación de Propuestas de Valor para PYMEs Colombianas: Investigación Aplicada y Desarrollo de un Servicio de Consultoría Universidad Empresa""",Actual,2
00346,004,Proyectos,Investigación y desarrollo,ANÁLISIS COMPARATIVO MODELO DE MICROFINANZAS COLOMBIA Y MÉXICO,2024/11,2
00347,004,Proyectos,Investigación y desarrollo,LOGÍSTICA 4.0 Y SOSTENIBILIDAD AMBIENTAL COMO EJES TEMÁTICOS ARTICULADOS EN EL CONTEXTO DE LA CUARTA REVOLUCIÓN INDUSTRIAL,2023/11,2
00348,004,Proyectos,Investigación y desarrollo,CARACTERIZACIÓN DE EMPRENDIMIENTOS SOCIALES CREADOS POR JÓVENES DE MEDELLÍN,2023/11,2
00349,004,Proyectos,Investigación y desarrollo,Negocios y comercio internacional: Prospectiva de los sectores productivos,2022/11,2
00350,004,Proyectos,Investigación y desarrollo,Estrategia dinamizadora: Desarrollar la oferta de programas virtuales.,Actual,2
00351,004,Proyectos,Investigación y desarrollo,Gestión de operaciones logísticas aplicada al sector de alimentos,2021/11,2
00352,004,Proyectos,Investigación y desarrollo,Medición de capacidades de innovación de las pymes antioqueñas articuladas en el clúster regional de derivados lácteos,2021/5,2
00353,004,Proyectos,Investigación y desarrollo,Características de la logística y la infraestructura de Puerto Antioquia frente a los puertos de la región del Caribe ¿ Segunda fase.,2020/11,2
00354,004,Proyectos,Investigación y desarrollo,Sistema de inteligencia y vigilancia empresarial,2020/12,2
00355,004,Proyectos,Investigación y desarrollo,Impactos socio económicos y ambientales del cultivo de la Palma Africana y su incidencia sobre la ética ambiental del empresario y del consumidor final,2020/11,2
00356,004,Proyectos,Investigación y desarrollo,TREE OF LIFE: A SYSTEM TRAINING FOR DATA SCIENTISTS,Actual,2
00357,004,Proyectos,Investigación y desarrollo,Aplicación del modelo de exportación para las Pymes de Antioquia - San Luis de Potosí México- Tercera fase.,2020/11,2
00358,004,Proyectos,Investigación y desarrollo,Impacto de la Política Pública del Banco de las oportunidades del Municipio de Medellín en los círculos solidarios y bancuadra de la Corporación Fomentamos,2020/11,2
00359,004,Proyectos,Investigación y desarrollo,Responsabilidad Social Empresarial y valor percibido,2020/11,2
00360,004,Proyectos,Investigación y desarrollo,"Competitividad de empresarias rurales en el proceso de postconflicto colombiano. Caso ¿Mujer y Café""",2019/11,2
00361,004,Proyectos,Investigación y desarrollo,Características de la logística y la infraestructura de Puerto Antioquia en las exportaciones de las Mipymes en Antioquia.,2019/11,2
00362,004,Proyectos,Investigación y desarrollo,Do marketing networks really help small firms? Simulating sales through agent-based modeling and complex networks,2019/11,2
00363,004,Proyectos,Investigación y desarrollo,Salario emocional en los procesos de formación del psicólogo y administradores de empresa de la Universidad Católica Luis Amigó y su impacto en el desempeño profesional,2019/11,2
00364,004,Proyectos,Investigación y desarrollo,Modelo de exportación para las pymes de Antioquia - Segunda Fase del proyecto,2019/11,2
00365,004,Proyectos,Investigación y desarrollo,Las empresas de la Economía Solidaria y los Objetivos de Desarrollo Sostenible: Acercamiento a Experiencias del Oriente Antioqueño,2019/11,2
00366,004,Proyectos,Investigación y desarrollo,Do marketing networks really help small firms? Simulating sales through agent-based modeling and complex networks,2019/12,2
00367,004,Proyectos,Investigación y desarrollo,Responsabilidad Social Universitaria desde la perspectiva de los grupos de interés internos: Un estudio de caso,Actual,2
00368,004,Proyectos,Investigación y desarrollo,Mejoramiento de logística de almacenamiento con técnicas inteligentes,2019/11,2
00369,004,Proyectos,Investigación y desarrollo,Diseño de acciones transdisciplinarias para la articulación del Área de Economía con  los grupos de investigación de la Universidad Católica Luis Amigó,Actual,2
00370,004,Proyectos,Investigación y desarrollo,Factores emocionales asociados a la satisfacción laboral en Colombia en el año 2017,Actual,2
00371,004,Proyectos,Investigación y desarrollo,EMPRENDIMIENTO TECNOLÓGICO E INNOVACIÓN EN LAS EMPRESAS DEL MUNICIPIO CELAYA: UNA VISIÓN DESDE LATINOAMÉRICA,2019/11,2
00372,004,Proyectos,Investigación y desarrollo,Programación óptima de tareas de procesos de negocios,2019/7,2
00373,004,Proyectos,Investigación y desarrollo,"IDENTIFICACIÓN DE ACCIONES TRANSDISCIPLINARIAS PARA EL DISEÑO, CONSTRUCCIÓN Y SEGUIMIENTO DEL PLAN NACIONAL DE DESARROLLO ¿TODOS POR UN NUEVO PAÍS¿",Actual,2
00374,004,Proyectos,Investigación y desarrollo,"Dinámica exportadora de las pymes en Antioquia, 2006-2016",2018/11,2
00375,004,Proyectos,Investigación y desarrollo,Intervencionismo dentro del comercio internacional y la competitividad industrial como una causa efecto en el proteccionismo de los estados,2018/11,2
00376,004,Proyectos,Investigación y desarrollo,"Sector forestal en Colombia, alternativa de paz y desarrollo sostenible. Caso Ecorregión Cafetera",2018/11,2
00377,004,Proyectos,Investigación y desarrollo,Las TIC como estrategia para el mejoramiento de procesos alusivos a los negocios internacionales,Actual,2
00378,004,Proyectos,"Investigación, desarrollo e innovación",Gestión socio ambiental participativa de un territorio emblemático para la paz en el  Magdalena centro colombiano,2017/11,2
00379,004,Proyectos,Investigación y desarrollo,¿Medición de Impacto de los programas acreditados en alta calidad en la Funlam Sede Medellín¿,2017/11,2
00380,004,Proyectos,Investigación y desarrollo,"Estudio comparativo sobre normas nacionales e internacionales de empaques, embalajes y etiquetados que deben cumplir las empresas colombianas para la exportación de alimentos procesados a los Estados Unidos de América, y su aplicación en la industria prod",2017/11,2
00381,004,Proyectos,Investigación y desarrollo,Dinámica de desarrollo de las cooperativas de caficultores de Antioquia,Actual,2
00382,004,Proyectos,Investigación y desarrollo,Estimación  de  emisiones  de  gases  de  efecto  invernadero  originadas  en  el  proceso  de  comercialización  de bienes y servicios en locales comerciales instalados dentro de centros comerciales en el sector de Guayaquil del municipio de Medellín,Actual,2
00383,004,Proyectos,Investigación y desarrollo,"Estudio comparado de la política pública de economía social y solidaria de Medellín en relación con 4 experiencias en América Latina 2010-2015 (Montevideo, Porto Alegre, Salinas de Guaranda y Ciudad de México).",2016/11,2
00384,004,Proyectos,Investigación y desarrollo,Análisis de la producción investigativa y académica sobre economía social y solidaria en Colombia,Actual,2
00385,004,Proyectos,Investigación y desarrollo,Impacto del Programa Administración de Empresas de la Funlam Sede Medellín: análisis y medición.,2017/9,2
00386,004,Proyectos,Extensión y responsabilidad social CTI,Administración en mi Barrio,2015/11,2
00387,004,Proyectos,Investigación y desarrollo,Análisis del uso de las tecnologías de la información y la comunicación (TIC) para la negociación internacional de las empresas de la Alianza del Pacifico,2016/11,2
00388,004,Proyectos,Extensión y responsabilidad social CTI,Convenio de asociación para fortalecer las organizaciones comunales y sociales y promover el trabajo colectivo en la comuna 13 de Medellín.,2015/11,2
00389,004,Proyectos,Investigación y desarrollo,IDENTIFICACIÓN DE INDICADORES DE GESTIÓN EN LA LOGÍSTICA INVERSA,Actual,2
00390,004,Proyectos,Investigación y desarrollo,La gestión de las organizaciones sociales en la ciudad de Medellín,2015/11,2
00391,004,Proyectos,Investigación y desarrollo,"EVALUACIÓN DE LA EFECTIVIDAD DE LA POLÍTICA PÚBLICA DE ECONOMÍA SOLIDARIA 2008-2014, SEGÚN INDICADORES DE PLANES DE DESARROLLO 2008 - 2011 (MEDELLÍN ES SOLIDARIA Y COMPETITIVA) 2012- 2015( MEDELLÍN UN HOGAR PARA LA VIDA).",2015/12,2
00392,004,Proyectos,Investigación y desarrollo,LA LOGÍSTICA Y LAS SOLUCIONES EN LA GESTIÓN DE LA RED DE ABASTECIMIENTO,2014/12,2
00393,004,Proyectos,Investigación y desarrollo,Recuperación histórica de experiencias cooperativas en Antioquia,2015/12,2
00394,004,Proyectos,Investigación y desarrollo,Caracterización histórica de experiencias cooperativas exitosas en el departamentode Antioquia,2015/7,2
00395,004,Proyectos,Investigación y desarrollo,"La asociatividad creadora de la cadena de valor para el fortalecimiento del sector turístico en los municipios de Bahía Solano y Nuquí, del Departamento del Chocó",2014/12,2
00396,004,Proyectos,Investigación y desarrollo,Análisis del uso de las tecnologías de la información y la comunicación (TIC) para la negociacion internacional en las empresas de Colombia,2014/8,2
00397,004,Proyectos,Investigación y desarrollo,Caracterización de asociaciones y cooperativas de pequeños productores agropecuarios en las zonas de Altiplano y Embalses del oriente antioqueño,2014/7,2
00398,004,Proyectos,Investigación y desarrollo,Reconstrucción histórica de la Funlam 1984-2014,Actual,2
00399,004,Proyectos,Investigación y desarrollo,"""Las políticas públicas asociadas al emprendimiento y su articulación con las organizaciones sociales en la ciudad de Medellín en los años 2008 - 2013""",2022/11,2
00400,004,Proyectos,Investigación y desarrollo,Para una economía a la medida de la persona humana. Una visión ética de la economía para las jóvenes generaciones,Actual,2
00401,004,Proyectos,Investigación y desarrollo,Caracterización de las asociaciones y cooperativas de pequeños y medianos productores agropecuarios de las zonas Cartama y Penderisco del suroeste antioqueño,2013/6,2
00402,004,Proyectos,Investigación y desarrollo,Caracterización de las asociaciones y cooperativas de pequeños y medianos productores agropecuarios de las zonas Sinifaná y San Juan del suroeste antioqueño,2012/1,2
00403,004,Proyectos,Investigación y desarrollo,Redes de migrantes y creación de unidades productivas,2012/6,2
00404,004,Proyectos,Investigación y desarrollo,PRÁCTICAS SEXUALES DE RIESGO PARA LA INFECCIÓN POR VIH EN JÓVENES UNIVERSITARIOS,2012/6,2
00405,004,Proyectos,Investigación y desarrollo,"Capital social ""factor comunidad"" en OPD de medellín y su incidencia en condiciones de vida de familias vinculdas",Actual,2
00406,004,Proyectos,Investigación y desarrollo,Caracterización de las prácticas de negociación en empresas altamente exportadoras (ALTEX) del Área Metropolitana del Valle de Aburrá en 2010.,2011/4,2
00407,004,Proyectos,Investigación y desarrollo,"Cultura solidaria como proyecto de construcción de la Economía solidaria en Medellín, 2009",2009/12,2
00408,004,Proyectos,Investigación y desarrollo,Eficacia en la gestión de los emprendimientos  solidarios del municipio de Medellín en relación con los servicios y beneficios percibidos por sus grupos de interés,Actual,2
00409,004,Proyectos,Extensión y responsabilidad social CTI,Sostenibilidad científica del grupo Ecosol,2012/12,2
00410,004,Proyectos,Investigación y desarrollo,Visibilización del factor comunidad en cooperativas de ahorro y crédito del departamento de Antioquia,2008/12,2
00411,004,Proyectos,Investigación y desarrollo,Circuitos Economicos Solidarios como Posibilidad de Inversión Social,2008/12,2
00412,004,Proyectos,Investigación y desarrollo,La producción limpia como oportunidad de negocio  competitivo con responsabilidad social,2008/12,2
00413,004,Proyectos,Investigación y desarrollo,Circuitos económicos solidarios como posibilidad de inserción social,2008/12,2
00414,004,Proyectos,Investigación y desarrollo,"Mutualismo, exclusión y seguridad social en el Valle de Aburrá",2007/12,2
00415,004,Proyectos,Investigación y desarrollo,Responsabilidad social en cooperativas de reciclaje del oriente cercano del departamento de Antioquia y el área metropolitana de Medellín,2007/12,2
00416,004,Proyectos,Investigación y desarrollo,Caracterización socioeconómica de los emprendimientos asociativos desarrollados en la ciudad de Medellín.,2007/12,2
00417,004,Proyectos,Investigación y desarrollo,Emprendimientos económicos solidarios,2007/12,2
00418,004,Proyectos,Investigación y desarrollo,"Las cooperativas de trabajo asociado del área de la salud y la generación de calidad de vida y estrategias autogestionarias para sus asociados en el Valle del Aburrá, durante el período 2004-2007",2007/12,2
00419,004,Proyectos,Investigación y desarrollo,Aporte de la Economía Solidaria al Desarrollo Local del Altiplano del Norte de Antioquia Fase 2,Actual,2
00420,004,Proyectos,Investigación y desarrollo,Proceso de consolidación de capital social en la ciudad de medellín. en el marco de los enfoques de desarrolle humano y responsabilidad social,Actual,2
00421,004,Proyectos,Investigación y desarrollo,Aporte de la Economía Solidaria al Desarrollo Local del Altiplano del Norte de Antioquia Fase 1,2005/Sin mes,2
00422,004,Proyectos,Investigación y desarrollo,"Evaluación de las organizaciones de personas que ocupan con actividades economicas el espacio público, defierntes a los bazares",2005/4,2
00423,004,Proyectos,Investigación y desarrollo,Análisis de la producción intelectual y organización de la memoria documental del cooperativista Francisco Luis Jiménez Arcila. Segunda Fase: 1961-2004,2005/2,2
00424,004,Proyectos,Investigación y desarrollo,Análisis de la producción intelectual y organización de la memoria documental del cooperativista Francisco Luis Jiménez Arcila. Primera fase : 1930- 1960,2004/2,2
00425,004,Proyectos,Investigación y desarrollo,"Variables Financieras y Socioeconómicas del Sector de la Economía Solidaria en Antioquia, 2002-2003",2005/Sin mes,2
00426,004,Proyectos,Investigación y desarrollo,"Descripción y Análisis de Variables Financieras y Socioeconómicas del Sector de la Economia Solidaria en Antioquia, 2001-2002",2003/Sin mes,2
00427,004,Proyectos,Investigación y desarrollo,Estado del arte de la economía solidaria en Antioquia 1960-2003,2004/Sin mes,2
00428,004,Proyectos,Investigación y desarrollo,Descripción y análisis de variables de la economía solidaria en Antioquia. Visión de coyuntura,2000/Sin mes,2
00429,004,Proyectos,Investigación y desarrollo,Racionalidad de prácticas de economía solidaria en Meellín en las  últimas tres decadas del siglo XX,Actual,2
00430,004,Proyectos,Investigación y desarrollo,Caracterización Histórica de Prácticas de Economía Solidaria en Medellín 1930-1972,2000/Sin mes,2
00431,004,Proyectos,Extensión y responsabilidad social CTI,Historia de las prácticas solidarias en Antioquia 1850-1930,1995/Sin mes,2
00432,005,Proyectos,Investigación y desarrollo,Mecanismos de percepción social en el contexto de la inteligencia artificial,Actual,2
00433,005,Proyectos,Investigación y desarrollo,Diagnóstico e Intervención de Trastornos del Neurodesarrollo mediante Técnicas de Deep Learning y Machine Learning,Actual,2
00434,005,Proyectos,Investigación y desarrollo,"Relación entre habilidades metacognitivas, funcionamiento ejecutivo y actividades básicas e instrumentales de la vida diaria en una muestra de adultos mayores de la ciudad de Manizales, Colombia",2026/Sin mes,2
00435,005,Proyectos,Investigación y desarrollo,El efecto de los rasgos de personalidad y la desconexión moral en los roles de víctima y victimario en el acoso y el ciberacoso escolar en adolescentes: el rol moderador de la empatía y mediador de la impulsividad. FASE 2.,2026/5,2
00436,005,Proyectos,Investigación y desarrollo,Rol de la percepción del rostro en el ámbito de la salud mental,2025/11,2
00437,005,Proyectos,Investigación y desarrollo,Desarrollo y Validación de una Red Neuronal Convolucional para la Detección Temprana del TDAH,2025/11,2
00438,005,Proyectos,Investigación y desarrollo,DESEMPEÑO EN HABILIDADES ACADÉMICAS Y NEUROPSICOLÓGICAS DE UNA MUESTRA DE NIÑOS COLOMBIANOS CON DIAGNÓSTICO DE TRASTORNO POR DEFICIT DE ATENCIÓN CON HIPERACTIVIDAD,2025/Sin mes,2
00439,005,Proyectos,Investigación y desarrollo,Relación entre la memoria de trabajo y la independencia funcional en pacientes con Enfermedad Vascular Cerebral Isquémica,2024/Sin mes,2
00440,005,Proyectos,Investigación y desarrollo,Efecto modulador del funcionamiento ejecutivo adulto ante las secuelas emocionales del abuso sexual infantil en una muestra de adultos jóvenes de la cuidad de Manizales.,2024/3,2
00441,005,Proyectos,Investigación y desarrollo,Influencias de las conductas antisociales y Callous Unemotional Traits en trayectorias de rendimiento académico en niños y adolescentes,Actual,2
00442,005,Proyectos,Investigación y desarrollo,Formación de primeras impresiones y juicios sociales,Actual,2
00443,005,Proyectos,Investigación y desarrollo,DISEÑO DE UN MODELO PREDICTIVO DEL TRASTORNO POR DÉFICIT DE ATENCIÓN-HIPERACTIVIDAD,2024/11,2
00444,005,Proyectos,Investigación y desarrollo,Simulación de Disfunción Neurocognitiva,Actual,2
00445,005,Proyectos,Investigación y desarrollo,Generación de Conocimiento Científico,2025/12,2
00446,005,Proyectos,Investigación y desarrollo,Influencia del deseo sexual en la percepción de carácter moral de personas desconocidas,2023/11,2
00447,005,Proyectos,Investigación y desarrollo,Percepción social de filtros faciales en redes sociales,2023/11,2
00448,005,Proyectos,Investigación y desarrollo,"Dimensiones de Personalidad, Empatía y Callous Unemotional como moderadores en la relación entre ToM y Problemas de Conducta",Actual,2
00449,005,Proyectos,Investigación y desarrollo,PROGRAMA DE INTERVENCIÓN NEUROPSICOLÓGICA PARA ESCOLARES CON TRASTORNOS DEL NEURODESARROLLO (DISLEXIA-TDAH).,2023/11,2
00450,005,Proyectos,"Investigación, desarrollo e innovación",Programa de entrenamiento computarizado de la memoria de trabajo en pacientes con diagnóstico del Trastorno por Déficit de Atención / Hiperactividad,2022/11,2
00451,005,Proyectos,Investigación y desarrollo,"Dimensiones de Personalidad, Empatía y Callous Unemotional como moderadores en la relación entre ToM y Problemas de Conducta",2023/1,2
00452,005,Proyectos,Investigación y desarrollo,CONSTRUCCIÓN DE PERFILES NEUROCOGNITIVOS DEL TRASTORNO ESPECÍFICO DEL APRENDIZAJE,2021/11,2
00453,005,Proyectos,Investigación y desarrollo,Perfil psicológico y neurocognitivo asociado a la conducta agresiva en jóvenes en conflicto con la ley penal.,2021/12,2
00454,005,Proyectos,Investigación y desarrollo,Perfil psicológico y neurocognitivo asociado a la conducta agresiva en jóvenes en conflicto con la ley penal,2020/12,2
00455,005,Proyectos,Investigación y desarrollo,Validación del cuestionario de rasgos de dureza e insensibilidad afectiva en niños y adolescentes.,2020/12,2
00456,005,Proyectos,Investigación y desarrollo,Desempeño en tareas de funcionamiento ejecutivo y emocional en pacientes con diagnostico de obesidad,2019/11,2
00457,005,Proyectos,Investigación y desarrollo,Bases perceptuales de los juicios morales: el caso de las caras ¿uncanny¿,Actual,2
00458,005,Proyectos,Investigación y desarrollo,Validez del constructo de la neuropsicopedagogía,2019/12,2
00459,005,Proyectos,Investigación y desarrollo,Análisis del desempeño de la memoria de trabajo mediante el componente P300 de los potenciales evocados cognitivos en pacientes con secuelas de Enfermedad Vascular Cerebral posterior a la aplicación de un programa de entrenamiento cognitivo,2018/12,2
00460,005,Proyectos,Investigación y desarrollo,Efectos del Uncanny Valley en la cognición moral,2018/11,2
00461,005,Proyectos,Investigación y desarrollo,Generación de una Aplicación Móvil,2018/11,2
00462,005,Proyectos,Investigación y desarrollo,Salud mental en estudiantes universitarios,Actual,2
00463,005,Proyectos,Investigación y desarrollo,Evaluación de la eficacia de un protocolo de diagnostico e intervención neurocognitivo y psicosocial en menores desvinculados del conflicto armado en Colombia que se encuentran entre los 12 y 18 años de edad,2018/11,2
00464,005,Proyectos,Investigación y desarrollo,Fundaciones morales en Colombia y su relación con actitudes sexistas,Actual,2
00465,005,Proyectos,Investigación y desarrollo,Estudio de la relación entre preferencia estética y juicios morales,Actual,2
00466,005,Proyectos,Investigación y desarrollo,Validez del constructo de la neuropsicopedagogía en población infanto juvenil de la ciudad e Medellín,2022/12,2
00467,005,Proyectos,Investigación y desarrollo,ASOCIACIÓN DE DIFERENTES DIMENSIONES NEUROPSICOPEDAGÓGICAS QUE INCIDEN EN EL APRENDIZAJE EN ESTUDIANTES UNIVERSITARIOS SEGÚN SU ESTILO COGNITIVO,Actual,2
00468,005,Proyectos,"Investigación, desarrollo e innovación",Actitud y pensamiento social en adolescentes de Medellín- 2016,2016/12,2
00469,005,Proyectos,Investigación y desarrollo,"Estudio de las diferencias de género en las asociaciones implícitas hacia el Facebook: el caso de los constructos ""sexo""  y ""prosocialidad""",2016/11,2
00470,005,Proyectos,Investigación y desarrollo,Estudio de las actitudes y perceprciones implícitas hacia la violencia en jóvenes infractores,2016/11,2
00471,005,Proyectos,Investigación y desarrollo,Cognición social y moral en el Bullying,Actual,2
00472,005,Proyectos,"Investigación, desarrollo e innovación",Estrategias administrativas basadas en la humanización de la gestión para el fortalecimiento de la dinámica empresarial,Actual,2
00473,005,Proyectos,Investigación y desarrollo,Adaptación  y normalización  de tres instrumentos de rastreo para detección de alertas tempranas del neurodesarrollo,2015/11,2
00474,005,Proyectos,"Investigación, desarrollo e innovación",Estandarización del Test de Memoria y Aprendizaje (TOMAL) en niños de 5  años de edad del Municipio de Medellín.,2015/11,2
00475,005,Proyectos,Investigación y desarrollo,Estudio de la susceptibilidad de los juicios morales de los jóvenes universitarios al priming afectivo de contenido sexual,Actual,2
00476,005,Proyectos,Investigación y desarrollo,Características del desarrollo cognitivos en la primera infancia (ENI-P),2015/11,2
00477,005,Proyectos,Investigación y desarrollo,Estandarización del Test de Memoria y Aprendizaje (TOMAL) en niños de 5 años de edad de la Ciudad de Medellín,2016/11,2
00478,005,Proyectos,Investigación y desarrollo,Priming afectivo y juicio moral en menores infractores,Actual,2
00479,005,Proyectos,Investigación y desarrollo,Priming Afectivo y Juicios Morales,2014/12,2
00480,005,Proyectos,Investigación y desarrollo,Perfil neuropsicopedagógico en niños escolarizados de la ciudad de Medellín,2015/12,2
00481,005,Proyectos,Investigación y desarrollo,"Evaluación, diagnostico y rehabilitación neurocogntiva y psicosocial de niños con trastorno Negativista Desafiante, entre los 7 y 12 años pertenecientes a instituciones educativas de la Ciudad de Medellín",2016/2,2
00482,005,Proyectos,Investigación y desarrollo,"Evaluación, diagnostico y rehabilitación neurocogntiva y psicosocial de niños con trastorno Negativista Desafiante, entre los 7 y 12 años",2016/11,2
00483,005,Proyectos,Investigación y desarrollo,Cognición Social en jóvenes infractores con y sin características de TDC,2013/5,2
00484,005,Proyectos,Investigación y desarrollo,Estandarización de Pruebas Neurocognitivas en sujetos normales de la Ciudad de Manizales,Actual,2
00485,005,Proyectos,Investigación y desarrollo,Cognición social en jóvenes infractores con o sin Trastorno disocial de la conducta,2013/5,2
00486,005,Proyectos,Investigación y desarrollo,Cognición social y funciones ejecutivas en el trastorno de personalidad antisocial,2012/11,2
00487,005,Proyectos,Investigación y desarrollo,Evaluación de una propuesta de corrección neuropsicológica de la función frontal para un grupo de niños con retraso mental leve.,2012/12,2
00488,005,Proyectos,Investigación y desarrollo,"Funciones ejecutivas y cognición social en sujetos con diagnostico de personalidad antisocial, en edades comprendidas entre 20 y 55  años, pertenecientes a la ciudad de Medellín.",2012/11,2
00489,005,Proyectos,Investigación y desarrollo,Responsabilidad Social Universitaria,2012/Sin mes,2
00490,005,Proyectos,Investigación y desarrollo,Responsabilidad Social en Instituciones de Educación Superior,Actual,2
00491,005,Proyectos,Investigación y desarrollo,Responsabilidad Social en Instituciones de Educación Superior,Actual,2
00492,005,Proyectos,Investigación y desarrollo,"Herramientas innovadoras para la gestión bibliográfica: bases de datos, gestores de citas,  bibliometría, antiplagio y catálogos en línea",2012/5,2
00493,005,Proyectos,Investigación y desarrollo,Consumo de  drogas y prácticas sexuales en  adolescentes entre los 12 y 17 años de la ciudad de Medellín en el año  2011,2011/12,2
00494,005,Proyectos,Investigación y desarrollo,Capacidad Intelectual y funcionalidad en pacientes con diagnóstico de esquizofrenia,Actual,2
00495,005,Proyectos,Investigación y desarrollo,Factores Pedagógicos y Psicolinguísticos que Favorecen el Aprendizaje del Ingles en niños 9 a 12 años de Instituciones Públicas de la Ciudad de Medellín,2010/12,2
00496,005,Proyectos,"Investigación, desarrollo e innovación","Perfil de la Atención y de la Memoria, en pacientes con diagnostico de Esclerosis Múltiple, pertencientes a la Fundación psique de la Ciudad de Medellín.",2011/3,2
00497,005,Proyectos,Investigación y desarrollo,Teoría de la Mente en el Trastorno Disocial de la Conducta,2008/Sin mes,2
00498,006,Proyectos,Investigación y desarrollo,"Apropiación 4,0: hacia la transformación digital de la Universidad Católica Luis Amigó.",Actual,2
00499,006,Proyectos,Investigación y desarrollo,Tramitación de competencias emocionales de docentes en formación como posibilidad para la negociación de conflictos en los entornos educativos,2025/11,2
00500,006,Proyectos,Investigación y desarrollo,Influencia del OVA de conciencia semántica (PECOS) en los procesos lectores de niños escolarizados en transición y primero de primaria.,Actual,2
00501,006,Proyectos,Investigación y desarrollo,Subjetividad Infantil de los niños niñas frente a su experiencia de inclusión y participación,Actual,2
00502,006,Proyectos,Investigación y desarrollo,Los valores en las prácticas pedagógicas de maestros de educación inicial en Medellín.,Actual,2
00503,006,Proyectos,Investigación y desarrollo,"Estudios comparados de disponibilidad léxica de estudiantes de quinto, noveno y undécimo de escuelas públicas y privadas de Colombia y México . (Segunda Etapa)",2024/12,2
00504,006,Proyectos,Investigación y desarrollo,La aprehensión de la competencia sociocultural en los estudiantes de Negocios Internacionales del Centro Regional Manizales de la Universidad Católica Luis Amigó,Actual,2
00505,006,Proyectos,Investigación y desarrollo,La mediación tecnológica para el desarrollo de la lectura y escritura en el aprendizaje del idioma inglés en el contexto universitario.,2024/8,2
00506,006,Proyectos,Investigación y desarrollo,Análisis de las tensiones y desafíos de la inteligencia artificial en los procesos de aprendizaje y evaluación en educación superior,2024/11,2
00507,006,Proyectos,Investigación y desarrollo,"LENGUA, IDEOLOGÍA Y PODER: EL INGLÉS COMO IDEOLOGÍA NEOLIBERAL EN LA GLOBALIZACIÓN. FASE 1.",Actual,2
00508,006,Proyectos,Investigación y desarrollo,La inteligencia emocional en docentes como categoría académico-pedagógica para el fortalecimiento de la educación para la paz y la construcción ciudadana en instituciones educativas de la ciudad de Medellín.,2023/11,2
00509,006,Proyectos,Investigación y desarrollo,Vinculación entre educación y trabajo en el Nivel Superior Universitario: un estudio de casos múltiples entre la Universidad Católica Luis Amigó (Colombia) y Universidad Católica de Salta (Argentina).,2023/11,2
00510,006,Proyectos,Investigación y desarrollo,"Estudios comparados de disponibilidad léxica de estudiantes de quinto, noveno y undécimo de escuelas públicas y privadas de Colombia y México . (Primera Etapa)",2023/11,2
00511,006,Proyectos,Investigación y desarrollo,Autoevaluación TIC: una metodología integral para el desarrollo de la apropiación tecnológica. Fase I.,2023/11,2
00512,006,Proyectos,Investigación y desarrollo,Imaginarios de escolares sobre el consumo de sustancias psicoactivas: retos de la educación hoy,Actual,2
00513,006,Proyectos,Investigación y desarrollo,Transformaciones de la enseñanza docente a partir de lo público y lo privado y su influencia en el proceso de aprendizaje de estudiantes universitarios en tiempos de pandemia,2022/11,2
00514,006,Proyectos,Investigación y desarrollo,Variables asociadas a la gestión satisfactoria de las relaciones educativas virtuales con estudiantes universitarios: análisis del caso de la Universidad Católica Luis Amigó.,2022/11,2
00515,006,Proyectos,Investigación y desarrollo,Prácticas de Escritura Colectiva en la Formación de Maestros Investigadores (PRESCOL),2024/11,2
00516,006,Proyectos,Investigación y desarrollo,Literacidad Intercultural en el aprendizaje y enseñanza del inglés como lengua extranjera: un estudio netnográfico con estudiantes de Colombia y Brasil.,2023/11,2
00517,006,Proyectos,Investigación y desarrollo,¿Cómo construir la competencia intercultural a través de la enseñanza y aprendizaje del inglés como lengua extranjera en varios centros regionales?,2023/11,2
00518,006,Proyectos,Extensión y responsabilidad social CTI,Centro de pensamiento Medellín es Amigó,2022/5,2
00519,006,Proyectos,Investigación y desarrollo,"Narrativas de estudiantes, padres de familia, docentes y directivos acerca de procesos de inclusión-exclusión educativa en estudiantes de extraedad en la Institución Educativa Monseñor Francisco Cristóbal Toro en contextos de pandemia",Actual,2
00520,006,Proyectos,Investigación y desarrollo,"El fenómeno de las migraciones y su relación con las habilidades para la vida en los actores de la educación-Yarumal, Antioquia",2021/11,2
00521,006,Proyectos,Investigación y desarrollo,"Demandas al maestro en formación, para orientar procesos educativos en casa en tiempos de confinamiento",2021/3,2
00522,006,Proyectos,Investigación y desarrollo,La educación y el desarrollo humano como propuesta académico-pedagógica que garantizar la educación inclusiva,2021/11,2
00523,006,Proyectos,Investigación y desarrollo,"Intervención psicosocial con familias. Perspectivas de estudiantes, graduados y docentes de la Universidad Católica Luis Amigó",2021/11,2
00524,006,Proyectos,Investigación y desarrollo,La pedagogía familiar como alternativa educativa en época de distanciamiento social,2021/11,2
00525,006,Proyectos,Investigación y desarrollo,Procesos de socialización secundaria. Un reto familiar en tiempos de pandemia.,2021/3,2
00526,006,Proyectos,Investigación y desarrollo,Contexto escolar: habilidades para la vida desde los desplazamientos sociales de los Llanos de Cuivá.,2021/11,2
00527,006,Proyectos,Investigación y desarrollo,Cambios productos del Covid-19 en el proceso de enseñanza- aprendizaje en las instituciones de Educación Superior y su asociación y rendimiento de la calidad educativa,Actual,2
00528,006,Proyectos,Investigación y desarrollo,Construcción de una sociedad más democrática e intercultural por medio de la Formación de ciudadanos globales en las IES en Antioquia,2022/11,2
00529,006,Proyectos,Investigación y desarrollo,"Reconstrucción de memoria histórica del proceso de reintegración en el Eje Cafetero y dos municipios del departamento de Chocó, a partir de las experiencias por parte de los excombatientes alzados en armas",Actual,2
00530,006,Proyectos,Investigación y desarrollo,La cultura escolar y el quehacer del maestro en el Bajo Cauca antioqueño: una aproximación narrativa,2021/12,2
00531,006,Proyectos,Investigación y desarrollo,Formación del recurso humano de la Universidad Católica Luis Amigó al equipo núcleo de gestión IAD- Fase 2,2021/8,2
00532,006,Proyectos,Investigación y desarrollo,Propiedades psicométricas de un instrumento para medir engagement en población trabajadora Colombiana. Estudio Exploratorio,2020/11,2
00533,006,Proyectos,Investigación y desarrollo,Estrategias pedagógicas implementadas para potenciar el pensamiento lógico matemático y su aporte en el proceso de enseñanza aprendizaje en la infancia a partir de las experiencias de práctica en la Licenciatura en educación infantil,2020/11,2
00534,006,Proyectos,Investigación y desarrollo,La gestión académica como estrategia para la construcción de cultura política: una mirada narrativa de estudiantes y maestros,2020/11,2
00535,006,Proyectos,Investigación y desarrollo,Implicaciones bioéticas sobre el concepto de la vida y la experimentación con humanos,2020/6,2
00536,006,Proyectos,Investigación y desarrollo,Génesis del Maestro Investigador en los Semilleros de Investigación,2023/12,2
00537,006,Proyectos,Investigación y desarrollo,Formación investigativa en facultades de educación,2022/11,2
00538,006,Proyectos,Investigación y desarrollo,"Retos y oportunidades de los jóvenes de territorios cafetaleros de Colombia, México, Perú y Brasil y Colombia",2021/11,2
00539,006,Proyectos,Investigación y desarrollo,Prácticas de crianza con relación a los estilos parentales de adolescentes en modalidad internado.,2020/11,2
00540,006,Proyectos,Investigación y desarrollo,Narrativas de paz en la formación de maestros en el occidente antioqueño: una posibilidad de re-significar la vida en la escuela,2021/6,2
00541,006,Proyectos,Investigación y desarrollo,Modelo de personalización de estrategias de aprendizaje para estudiantes en riesgo de deserción universitaria por desempeño académico,2024/3,2
00542,006,Proyectos,"Investigación, desarrollo e innovación",Concurso de Cuento y Microrrelato,2019/11,2
00543,006,Proyectos,Investigación y desarrollo,Relaciones de poder a través de las prácticas pedagógicas implementadas por maestras.,Actual,2
00544,006,Proyectos,Investigación y desarrollo,La gestión académico pedagógica como estrategia para mejorar los índices de calidad de las pruebas saber 11 de los estudiantes de las instituciones educativas del municipio de Santa Rosa (Ant),2019/11,2
00545,006,Proyectos,Investigación y desarrollo,Implementación de la ruta de atención de convivencia para proponer estrategias de prevención del Bullying y la construcción de paz en las instituciones educativas del Municipio de la Estrella,2019/11,2
00546,006,Proyectos,Investigación y desarrollo,¿Percepción social de los pequeños contribuyentes  acerca de la constitucionalidad del sistema tributario colombiano¿,2019/11,2
00547,006,Proyectos,Investigación y desarrollo,Satisfacciones personal de los docentes y empleados y su relación con gestión académico-pedagógica para fortalecer procesos educativos:  Una mirada de los estudiantes desde el desarrollo humano.,2019/11,2
00548,006,Proyectos,Investigación y desarrollo,Estrategias de acompañamiento educativo en padres y madres contemporáneos,2019/11,2
00549,006,Proyectos,Investigación y desarrollo,"Sistema axiológico de los estudiantes universitarios de la Facultad de Ciencias Administrativas, Económicas y Contables de Latinoamérica. Caso: Universidad Católica Luis Amigó",2023/12,2
00550,006,Proyectos,Investigación y desarrollo,"La orientación pastoral: estrategia para prevenir el uso y abuso de sustancias psicoactivas en Adolescentes con edades comprendidas entre los 12 y 17 años, vinculados con la pastoral social de la Arquidiócesis de Medellín. Segunda fase",2019/11,2
00551,006,Proyectos,Investigación y desarrollo,Prácticas pedagógicas innovadoras implementadas por los docentes para favorecer el trabajo colaborativo en el aprendizaje con estudiantes de la facultad de educación,Actual,2
00552,006,Proyectos,Investigación y desarrollo,Percepciones de los niños de básica primaria frente al aprendizaje del inglés un estudio comparativo determinado por la participación en el proyecto Pre-K-English.,2019/11,2
00553,006,Proyectos,Investigación y desarrollo,Libro de investigación por capítulos - Research in English Language Teaching: Advances and Projection,2019/11,2
00554,006,Proyectos,Investigación y desarrollo,La Gestión académico pedagógica como estrategia para mejorar los índices de calidad de las instituciones educativas,2019/11,2
00555,006,Proyectos,Investigación y desarrollo,"Satisfacción personal de los docentes y empleados, y su relación con gestión académico-pedagógica para fortalecer procesos educativos: una mirada de los estudiantes desde el desarrollo humano.",2019/11,2
00556,006,Proyectos,Investigación y desarrollo,Metodologías educativas preferidas por las estudiantes de la licenciatura en educación infantil en los procesos de aprendizaje.,Actual,2
00557,006,Proyectos,Investigación y desarrollo,Gestión académico pedagógica en los procesos educativos,Actual,2
00558,006,Proyectos,Investigación y desarrollo,Psychosocial Factors that Shape the Professional Identity Crisis in Prospective Language Teachers,2019/11,2
00559,006,Proyectos,Investigación y desarrollo,Impacto social y laboral de los graduados de posgrados en los diferentes ámbitos de desempeño,2019/7,2
00560,006,Proyectos,Investigación y desarrollo,Centro de Pensamiento Pedagógico de Antioquia,2019/12,2
00561,006,Proyectos,Investigación y desarrollo,"La formación ciudadana a partir de la educación en la diversidad, desde la equidad y la justicia social en las universidades.",2023/12,2
00562,006,Proyectos,Investigación y desarrollo,Productos de Investigación: Ansiedad y Retroalimentación en Pruebas Orales,2018/11,2
00563,006,Proyectos,Investigación y desarrollo,"Estudio nacional sobre el papel de la universidad y la sociedad civil en la formación de los estudiantes universitarios y educadores sociales como agentes constructores de paz desde el enfoque del Desarrollo Humano en diez ciudades colombianas: Medellín,",2018/11,2
00564,006,Proyectos,Investigación y desarrollo,Construcción de subjetividades en contextos de posconflicto,2018/11,2
00565,006,Proyectos,Investigación y desarrollo,Factores socioculturales que inciden en el rendimiento académico de un grupo de estudiantes migrantes de la Licenciatura en Inglés,2019/7,2
00566,006,Proyectos,Investigación y desarrollo,Impacto del Programa Desarrollo Profesional Docente Pre K-English en las Prácticas de Aula en Educación Inicial de las Maestras Participantes,2018/11,2
00567,006,Proyectos,Investigación y desarrollo,Las Políticas Lingüísticas Nacionales y su Impacto en los Programas de Inglés de La Universidad Católica Luis Amigó,2020/11,2
00568,006,Proyectos,Investigación y desarrollo,Semilleros de Investigación: Investigación Formativa y Cultura de la Investigación,2019/6,2
00569,006,Proyectos,Investigación y desarrollo,"""EMPATÍA, CONDUCTAS PROSOCIALES Y CONVIVENCIA ESCOLAR: UN ESTUDIO SOBRE SUS VÍNCULOS EN UN GRUPO DE NIÑOS ENTRE LOS 10 Y LOS 12 AÑOS DE EDAD QUE HAN EXPERIMENTADO VIOLENCIAS EN LAS CIUDADES DE MONTERÍA Y MEDELLÍN¿",2019/12,2
00570,006,Proyectos,Extensión y responsabilidad social CTI,Estructura y dinámica interna familiar en relación a la participación ciudadana,2018/12,2
00571,006,Proyectos,Investigación y desarrollo,Productos de investigación,2017/11,2
00572,006,Proyectos,Investigación y desarrollo,Modelo de emprendimiento sostenible para la creación de PYMES por estudiantes estudiantes universitarios en Latinoamerica. Caso Universidad Católica Luis Amigó.,2019/8,2
00573,006,Proyectos,Investigación y desarrollo,"Estudio nacional sobre el papel de la universidad y la sociedad civil en la formación de los estudiantes universitarios y educadores sociales como agentes constructores de paz desde el enfoque del Desarrollo Humano en diez ciudades colombianas: Medellín,",2017/11,2
00574,006,Proyectos,Investigación y desarrollo,Estructura y dinámica interna familiar con relación a la participación ciudadana.,2018/11,2
00575,006,Proyectos,Investigación y desarrollo,Modelo de Formación de los Licenciados en Inglés,2017/11,2
00576,006,Proyectos,"Investigación, desarrollo e innovación",Formación en cultura política de los futuros maestros: un estudio interpretativo del caso de los estudiantes de último semestre del programa de Licenciatura en Educación Preescolar de la Fundación Universitaria Luis Amigó.,Actual,2
00577,006,Proyectos,Investigación y desarrollo,"Producto: Higiene mental en la infancia como estrategia de prevención de la degeneración, los trastornos psíquicos y la delincuencia juvenil en la primera década del siglo XX en Colombia",2016/12,2
00578,006,Proyectos,Extensión y responsabilidad social CTI,Del Bullying y otras manifestaciones de inequidad en la escuela: una oportunidad para la formación de licenciados en las facultades de Educación de la Fundación Universitaria Luis Amigó y de la Universidad Católica de Oriente,2017/11,2
00579,006,Proyectos,Investigación y desarrollo,Estilos de enseñanza- aprendizaje y su relación con las tendencias actuales en la formación de maestros,2016/11,2
00580,006,Proyectos,Investigación y desarrollo,"Referencias socioculturales del libro-guía English, Please!",2016/11,2
00581,006,Proyectos,Investigación y desarrollo,Del Bullying y otras manifestaciones de inequidad en la escuela: una oportunidad para la formación de licenciados en la Facultad de Educación y humanidades de la Fundación Universitaria Luis Amigó.,2016/12,2
00582,006,Proyectos,Investigación y desarrollo,Trayectorias escolares de estudiantes del nivel secundario: relatos y experiencia escolar en Argentina y Colombia,2015/11,2
00583,006,Proyectos,Investigación y desarrollo,El uso de los libros guías por los docentes de inglés,2016/2,2
00584,006,Proyectos,Investigación y desarrollo,Tendencias actuales en la formación de maestros,2015/11,2
00585,006,Proyectos,Investigación y desarrollo,Diseño del perfil de inteligencia emocional  y social de una muestra de docentes de educación básica primaria en el área metropolitana Fase II,2015/11,2
00586,006,Proyectos,"Investigación, desarrollo e innovación",Formación pedagógica de los profesionales en educación inicial y su relación con la didáctica  en un contexto internacional,2015/12,2
00587,006,Proyectos,Investigación y desarrollo,"Gestión comunitaria en el marco de los premios: Maestros para la vida, Ciudad de Medellín, entre los años 2010 y 2013",2016/11,2
00588,006,Proyectos,Investigación y desarrollo,Filosofía de la educación y los contextos en los que se reflexiona,2015/11,2
00589,006,Proyectos,Investigación y desarrollo,Sistemas institucionales de evaluación de aprendizajes: una oportunidad para la evaluación auténtica,2015/12,2
00590,006,Proyectos,Investigación y desarrollo,Relación entre gestión escolar y el mejoramiento académico pedagógico en el marco de la convocatoria: Maestros para la vida durante los años 2010-2013,2015/11,2
00591,006,Proyectos,Investigación y desarrollo,La Particpacion Infantil: derecho inaplazable en el escenario educativo,2014/12,2
00592,006,Proyectos,Investigación y desarrollo,Aportes de la literatura infantil contemporánea al desarrollo del pensamiento y del lenguaje en los niños . FASE II,2015/7,2
00593,006,Proyectos,Investigación y desarrollo,Politica Publica Educativa en Medellin: La necesidad de una perspectiva horizontal,2014/12,2
00594,006,Proyectos,Investigación y desarrollo,Prod-31,2014/11,2
00595,006,Proyectos,Investigación y desarrollo,El maltrato intrafamiliar y su influencia en el rendimiento académico en niñas de 10 a 14 años,2014/11,2
00596,006,Proyectos,Investigación y desarrollo,Estrategias de aprendizaje que favorecen la preparación del estudiante para la evaluación de su desempeño respecto a su competencia comunicativa en inglés,2015/11,2
00597,006,Proyectos,Investigación y desarrollo,Diseño de perfil de inteligencia emocional,2014/11,2
00598,006,Proyectos,Investigación y desarrollo,POLÍTICA PÚBLICA EDUCATIVA DE MEDELLÍN: LA NECESIDAD DE UNA PERSPECTIVA HORIZONTAL.,2014/11,2
00599,006,Proyectos,Extensión y responsabilidad social CTI,Programa de Desarrollo Profesional Docente Pre-K English,2016/12,2
00600,006,Proyectos,Investigación y desarrollo,Inventario y Análisis de las campañas de prevención de la violencia de género en Antioquia durante los años 2000 y 2010,2014/6,2
00601,006,Proyectos,Investigación y desarrollo,"Pobreza y locura como enfermedades sociales en la modernidad colombiana, 1850-1950",2015/12,2
00602,006,Proyectos,Investigación y desarrollo,Literatura infantil contemporánea: aportes al desarrollo del pensamiento y al lenguaje en el niño,2014/6,2
00603,006,Proyectos,Investigación y desarrollo,"Sujetos virtuales, violencias reales: ciberbullying en el contexto universitario. El caso de la Fundación Universitaria Luis Amigó",2014/7,2
00604,006,Proyectos,Investigación y desarrollo,Saber y hacer de los profesionales en educación inicial  y su relación con los procesos de intervención: el caso de la fundación FAN. FASE II,2014/7,2
00605,006,Proyectos,Investigación y desarrollo,Familia y prácticas de crianza en el contexto del Centro de Formación para la Paz y Reconciliación Cepar- Fase II,2014/4,2
00606,006,Proyectos,Extensión y responsabilidad social CTI,La Universidad de los Niños de la Fundación Universitaria Luis Amigó,2014/2,2
00607,006,Proyectos,Investigación y desarrollo,Prod-53,Actual,2
00608,006,Proyectos,Investigación y desarrollo,Saber y hacer de los profesionales en educación inicial y su Relación con los procesos  de intervención: el caso de la fundación fan. Fase 2,2014/6,2
00609,006,Proyectos,Investigación y desarrollo,Motivación en la investigación escolar desde la didáctica del Parque Explora,2014/3,2
00610,006,Proyectos,Investigación y desarrollo,La evaluación de la calidad docente en Colombia 2004-2011: una lectura en contexto,2014/2,2
00611,006,Proyectos,Investigación y desarrollo,La evaluación de la calidad docente en Colombia 2004-2011: Una lectura en contexto.,2014/2,2
00612,006,Proyectos,"Investigación, desarrollo e innovación",Evaluación de la calidad docente en Colombia 2004 - 2012: una lectura de contexto,2013/12,2
00613,006,Proyectos,Investigación y desarrollo,Uso deliberado del debate para mejorar producción oral en inglés,2013/11,2
00614,006,Proyectos,Investigación y desarrollo,Concepciones de los docentes sobre participación y responsabilidad democrática y su relación con su practica en el aula de clase,2013/12,2
00615,006,Proyectos,Investigación y desarrollo,"Educación, violencia urbana e incidencia de las políticas educativas para hacerle frente: Un análisis comparado entre Colombia, Chile y Mexico.",2013/11,2
00616,006,Proyectos,Investigación y desarrollo,Saber y hacer de los profesionales en educación inicial: el caso de la fundación FAN,2013/7,2
00617,006,Proyectos,Investigación y desarrollo,Construcción de Línea base para el Programa para el fortalecimiento de competencias de investigación en la escuela:  Ciencia en la Escuela,2013/1,2
00618,006,Proyectos,Investigación y desarrollo,Diseño e implementación de instrumento para elaborar la línea base del ¿Programa para el fortalecimiento de competencias de investigación en la escuela,2013/4,2
00619,006,Proyectos,Investigación y desarrollo,Factores facilitadores y obstaculizadores para el aprendizaje de lenguas extranjeras en modalidad virtual,Actual,2
00620,006,Proyectos,Investigación y desarrollo,Estudio comparativo sobre el desempeño linguistico y los niveles de desarrollo de la competencias comunicativa en los estudiantes de la Funlam-Medellín,Actual,2
00621,006,Proyectos,Investigación y desarrollo,"Concepciones sobre maltrato infantil en hogares de estratos cinco y seis de la ciudad de Medellín, base para la movilización conceptual en agentes educativos que orientan las dinámicas familiares.",2012/11,2
00622,006,Proyectos,Investigación y desarrollo,"Influencia de la distribución de los ingresos familiares en la calidad de vida de las familias, en los componentes de la dinámica interna familiar de 50 familias de la ciudad de Medellín",2013/12,2
00623,006,Proyectos,Investigación y desarrollo,"Concepciones sobre maltrato infantil en hogares de estratos cinco y seis de la ciudad de Medellín, base para la movilización conceptual en agentes educativos que orientan las dinámicas familiares",2012/12,2
00624,006,Proyectos,Investigación y desarrollo,Responsabilidad Social Universitaria de la Fundación Universitaria Luis Amigó,2012/11,2
00625,006,Proyectos,Investigación y desarrollo,"¿Educación, violencia urbana e incidencia de las políticas educativas para hacerle frente: Un análisis comparado entre Colombia y Chile¿.",Actual,2
00626,006,Proyectos,Investigación y desarrollo,"Caracterización de  prácticas,  enfoques y concepciones de los docentes frente a la enseñanza de la lectura a los niños del grado transición, en colegios oficiales de Medellín",Actual,2
00627,006,Proyectos,Investigación y desarrollo,"Estudio comparativo sobre las Percepciones simbólicas que tienen los niños, niñas y agentes educativos de tres instituciones públicas del Municipio de Medellín, sobre el complemento alimenticio que reciben los estudiantes por parte de la Secretaría de Bie",2011/12,2
00628,006,Proyectos,Investigación y desarrollo,"Perspectivas interdisciplinarias de intervención con familias. Caso de las ciudades Medellín y Pereira y el Municipio de Rionegro. Una comprensión desde la Psicología, la Educación y la Familia",2011/12,2
00629,006,Proyectos,Investigación y desarrollo,"Caracterización de  prácticas,  enfoques y concepciones de los docentes frente a la construcción de la competencia lectora, en diez colegios oficiales de Medellín",2011/7,2
00630,006,Proyectos,Investigación y desarrollo,Familia y prácticas de crianza en el contexto del Centro de Formación para la paz y reconciliación (CEPAR),2011/11,2
00631,006,Proyectos,Investigación y desarrollo,¿Familia y prácticas de crianza en el contexto del Centro de Formación para la paz y reconciliación (CEPAR)¿,Actual,2
00632,006,Proyectos,Investigación y desarrollo,"Percepciones simbólicas que tienen los niños, niñas y agentes educativos de una institución pública del Municipio de Medellín, sobre el complemento alimenticio que reciben los estudiantes por parte de la Secretaría de Bienestar Social, y las interacciones",2011/6,2
00633,006,Proyectos,Extensión y responsabilidad social CTI,La necesidad de una teoría de la formación no afirmativa a partir de las nuevas teorías del sujeto: más allá de la crisis de la formación,2016/2,2
00634,006,Proyectos,Investigación y desarrollo,Implementación de una propuesta metodológica basada en competencias para el área de inglés de los programas de pregrado de la Funlam en el contexto del Plan Nacional de Bilingüismo,2011/11,2
00635,006,Proyectos,"Investigación, desarrollo e innovación",Concepciones de padres y agentes educativos sobre la participación infantil y su relación con la toma de decisiones de los niños,2012/3,2
00636,006,Proyectos,Investigación y desarrollo,"Políticas públicas para la primera infancia en la ciudad de Medellín: salud, alimentación y educación en torno a la Ley 1098 de 2006 (Ley de infancia y adolescencia)¿",2010/12,2
00637,006,Proyectos,Investigación y desarrollo,Repensando la formación de los profesionales del derecho: hacia la construcción de un modelo pedagógico pertinente para  los programas de derecho en colombia.,2010/12,2
00638,006,Proyectos,Investigación y desarrollo,"Agresividad en niños y niñas. Una perspectiva desde la Psicología dinámica, la familia y la Pedagogía crítica¿",Actual,2
00639,006,Proyectos,Investigación y desarrollo,"Agresividad en niños y niñas. Una perspectiva desde la Psicología dinámica, la familia y la educación social",2010/12,2
00640,006,Proyectos,Investigación y desarrollo,Implementación de una propuesta metodológica basada en competencias para el área de inglés de los programas de pregrado de la Funlam en el contexto del Plan Nacional de Bilingüismo.,2010/11,2
00641,006,Proyectos,Investigación y desarrollo,"Agresividad en niños y niñas. Una perspectiva desde la Psicología dinámica, la familia y la educación social",2010/12,2
00642,006,Proyectos,Investigación y desarrollo,PROYECTO INVESTIGATIVO INTERDISCIPLINARIO FACTORES PSICOLNGUÍSTICOS Y PEDAGÓGICOS QUE FAVORECEN EL APRENDIZAJE DEL INGLÉS,2010/12,2
00643,006,Proyectos,Investigación y desarrollo,PROYECTO INVESTIGATIVO INTERDISCIPLINARIO FACTORES PSICOLINGUÍSTICOS Y PEDAGÓGICOS QUE FAVORECEN EL APRENDIZAJE DEL INGLÉS,2010/12,2
00644,006,Proyectos,Investigación y desarrollo,El concepto de lo social en la pedagogía social desde la perspectiva crítica y su contextualización en el ámbito de la Funlam,2009/12,2
00645,006,Proyectos,Investigación y desarrollo,Cómo leen y escriben los estudiantes universitarios,2011/11,2
00646,006,Proyectos,Investigación y desarrollo,Recuperación de las Experiencias de Proyección Social: Perspectivas y Aprendizajes en el período 2000 ¿ 2008,2010/3,2
00647,006,Proyectos,Extensión y responsabilidad social CTI,COMFENALCO ¿ ANTIOQUIA. Elaboración Evaluación de Impacto preescolar Farallones la Pintada.,Actual,2
00648,006,Proyectos,Investigación y desarrollo,"Aproximaciones interdisciplinarias entre los profesionales de educación, comunicación social e ingeniería de sistemas en cinco instituciones educativas de la ciudad de Medellín.",2009/2,2
00649,006,Proyectos,Investigación y desarrollo,El papel de los sentimientos sociales en la transición identitaria de excombatientes,2010/1,2
00650,006,Proyectos,Investigación y desarrollo,"Construcción de argumentos teóricos y experienciales para la fundamentación de las prácticas integradas, interdisciplinarias en la Fundación Universitaria Luis Amigó.",Actual,2
00651,006,Proyectos,Investigación y desarrollo,"El compromiso social fundador y respuestas pedagógicas motivadas por las exigencias legales, conceptuales y contextuales en la última década de las facultades de educación adscritas a ASCOFADE, capítulo Antioquia-Chocó",2008/2,2
00652,006,Proyectos,Investigación y desarrollo,"Implicaciones de la didáctica en el desarrollo del pensamiento y el aprendizaje de las matemáticas, en estudiantes de preescolar de la zona cuatro, comuna 16 del municipio de Medellín.",2008/8,2
00653,006,Proyectos,Investigación y desarrollo,Hacia la Fundamentación Epistemológica y Metodológica de la Pedagogía Reeducativa,2009/2,2
00654,006,Proyectos,Investigación y desarrollo,Evaluación Integral en la FUNLAM,2007/2,2
00655,006,Proyectos,Investigación y desarrollo,Prácticas Evaluativos en la Adquisición de Lenguas Extranjeras.  Fase II: Implementación de un sistema de evaluación consensuado,2009/7,2
00656,006,Proyectos,Investigación y desarrollo,"Impacto de los Egresados de los Programas de Preescolar, Educación Básica y Pedagogía Reeducactiva de la Facultad de Educación de la FUNLAM,  en el contexto Educactivo y Social",2006/1,2
00657,006,Proyectos,Investigación y desarrollo,¿Pueden las migraciones contribuir al desarrollo? Estudios locales en América Latina,2008/12,2
00658,006,Proyectos,Investigación y desarrollo,Prácticas Evaluativas en la Enseñanza de Lenguas Extranjeras. Fase II. Implementación de un Sistema,2010/11,2
00659,006,Proyectos,"Investigación, desarrollo e innovación",Negociación del curriculo: Efectos en las percepciones y actitudes de los estudiantes,2004/2,2
00660,006,Proyectos,Investigación y desarrollo,Prácticas Evaluativas en la Adquisición de Lenguas Extranjeras,2006/Sin mes,2
00661,007,Proyectos,Investigación y desarrollo,Determinantes del rendimiento en deportistas paralímpicos,2024/Sin mes,2
00662,007,Proyectos,Investigación y desarrollo,Variaciones discursivo-estratégicas de exclusión-inclusión familiar y educativa dirigidas a niños-niñas-adolescentes con extraedad escolar en la institución educativa monseñor francisco Cristóbal toro,Actual,2
00663,007,Proyectos,Investigación y desarrollo,Variaciones discursivo-estratégicas de exclusión-inclusión familiar y educativa dirigidas a niños-niñas-adolescentes con extraedad escolar en la Institución Educativa Monseñor Francisco Cristóbal Toro,2024/12,2
00664,007,Proyectos,Investigación y desarrollo,"Macroproyecto Centro Integral Familiar con perspectiva de género. Fase 2: Fundamentación teórica, metodológica y legal en el acompañamiento familiar 2023",2023/11,2
00665,007,Proyectos,Investigación y desarrollo,Dinámica interna en familias migrantes: afrontamientos y desafíos contemporáneos.,2023/11,2
00666,007,Proyectos,Investigación y desarrollo,DINÁMICA DE LAS FAMILIAS EN CONTEXTOS DE RIESGO SOCIAL: AFRONTAMIENTOS Y DESAFÍOS EN LA CONTEMPORANEIDAD,2022/11,2
00667,007,Proyectos,Investigación y desarrollo,REFLEXIVIDAD EN LOS TRAYECTOS DE VIDA FAMILIAR,2022/11,2
00668,007,Proyectos,Investigación y desarrollo,Salud mental y proceso de transición hacia el retiro deportivo: análisis de deportistas Antioqueños participantes en juegos olímpicos y juegos paralímpicos,2022/11,2
00669,007,Proyectos,Investigación y desarrollo,Metacompetencias en la formación de Terapeutas Familiares,2021/11,2
00670,007,Proyectos,Investigación y desarrollo,Vivencias de la crianza reflexiva en padres y madres de la ciudad de Medellín y su área metropolitana (En proceso actualmente)almente,2021/11,2
00671,007,Proyectos,Investigación y desarrollo,Metacompetencias en la formación de terapeutas familiares (En proceso actualmente),2021/4,2
00672,007,Proyectos,Investigación y desarrollo,"Intervención Psicosocial con familias. Perspectivas de estudiantes, graduados y docentes de la Universidad Católica Luis Amigó",2021/11,2
00673,007,Proyectos,Investigación y desarrollo,"Narrativas de estudiantes, padres de familia, docentes y directivos acerca de procesos de inclusión-exclusión educativa en estudiantes de extraedad en la Institución Educativa Monseñor Francisco Cristóbal Toro en contextos de pandemia",2021/11,2
00674,007,Proyectos,Investigación y desarrollo,"Vivencias de crianza reflexiva, de padres y madres de niños, niñas y adolescentes en la Ciudad de Medellín y su área metropolitana",2021/11,2
00675,007,Proyectos,Investigación y desarrollo,Ejercicio físico en tiempos de confinamiento por el covid-19: identificación de los beneficios en diferentes poblaciones,2021/11,2
00676,007,Proyectos,Investigación y desarrollo,"Vivencias de crianza reflexiva, de padres y madres de niños, niñas y adolescentes en la Ciudad de Medellín y su área metropolitana",2020/11,2
00677,007,Proyectos,Investigación y desarrollo,Crianza reflexiva en Colombia,2020/11,2
00678,007,Proyectos,Investigación y desarrollo,Procesos de intervención psicosocial e inclusión educativa con estudiantes de extraedad en la Institución Educativa Monseñor Francisco Cristóbal Toro,2020/11,2
00679,007,Proyectos,Investigación y desarrollo,Crianza reflexiva en Colombia,2020/11,2
00680,007,Proyectos,Investigación y desarrollo,"Experiencias Alternativas al Desarrollo, Vidas que construyen senderos de dignidad",Actual,2
00681,007,Proyectos,Investigación y desarrollo,Formas de intervención psicosocial para familias que consultan por temas de crianza,2019/11,2
00682,007,Proyectos,Investigación y desarrollo,Estrategias de acompañamiento educativo en padres y madres contemporáneos.,2019/11,2
00683,007,Proyectos,Investigación y desarrollo,"Educación en Trabajo Social mediante el aprendizaje a distancia, reflexión sobre la práctica desarrollada en la Universidad Católica Luis Amigó",Actual,2
00684,007,Proyectos,Investigación y desarrollo,"Empatía, conductas prosociales y convivencia escolar: un estudio sobre sus vínculos en un grupo de niños entre los 10 y los 12 años de edad que han experimentado violencias en las ciudades de Montería y Medellín",2019/7,2
00685,007,Proyectos,Extensión y responsabilidad social CTI,Más Uno,2018/12,2
00686,007,Proyectos,Investigación y desarrollo,Formas de intervención psicosocial para familias que consultan por temas de crianza,2018/11,2
00687,007,Proyectos,Investigación y desarrollo,Formas de intervención psicosocial para familias que consultan por temas de crianza,2019/11,2
00688,007,Proyectos,Investigación y desarrollo,Sentidos acerca de la intervención psicosocial con familias,2019/1,2
00689,007,Proyectos,Investigación y desarrollo,Intervención psicosocial e intervención psicosocial con familias,2019/1,2
00690,007,Proyectos,Investigación y desarrollo,"Fase I Familias tejedoras de futuro Municipio de Granada ""barrio bello horizonte""",2019/7,2
00691,007,Proyectos,Investigación y desarrollo,Relaciones entre ciencia de familia y Desarrollo Familiar. Una aproximación desde las teorías de familia y la intervención familiar,2017/12,2
00692,007,Proyectos,Investigación y desarrollo,Formas de acompañamiento en los procesos de crianza de familias contemporáneas,2017/11,2
00693,007,Proyectos,Investigación y desarrollo,Formas de acompañamiento en los procesos de crianza de familias contemporáneas,2017/11,2
00694,007,Proyectos,Investigación y desarrollo,El lugar de los métodos en la investigación e intervención con familia en la profesión de Desarrollo Familiar,2016/12,2
00695,007,Proyectos,Investigación y desarrollo,Intervención familiar en contextos educativos,2018/11,2
00696,007,Proyectos,Investigación y desarrollo,Familia como agencia de cambio,2018/11,2
00697,007,Proyectos,Investigación y desarrollo,"Sistematización de los aprendizajes entorno al desarrollo humano y la inclusión social generados desde la ludica. Una experiencia de practicas pedagógicas con los niños, niñas y adolescentes de la corporación obra social nuevos ideales.",Actual,2
00698,007,Proyectos,Investigación y desarrollo,Ciencia de Familia y Desarrollo Familiar,2015/12,2
00699,007,Proyectos,Investigación y desarrollo,Lévinas y la Alteridad,2015/6,2
00700,007,Proyectos,"Investigación, desarrollo e innovación","Observatorio de Infancia, Niñez, Adolescencia en el Municipio de la Estrella: Fase I Diagnóstico de la situación de la infancia, niñez y adolescencia en el Municipio de la Estrella, Antioquia",2014/12,2
00701,007,Proyectos,Investigación y desarrollo,La formación ciudadana en el contexto universitario de la UdeA- análisis de estrategias para su resignificación y potencialización desde la cotidianidad en el campus,Actual,2
00702,007,Proyectos,Investigación y desarrollo,Aspectos familiares y subjetivos implicados en la generación de violencia intrafamiliar. Caso Municipio de Sabaneta ¿ Antioquia,Actual,2
00703,007,Proyectos,Investigación y desarrollo,Aspectos familiares y subjetivos implicados en la generación de violencia intrafamiliar. Caso Municipio de Sabaneta ¿ Antioquia,Actual,2
00704,007,Proyectos,Investigación y desarrollo,Experiencias significativas en la participación del líder comunitario en el Programa Presupuesto Participativo (PP) de Medellín,Actual,2
00705,007,Proyectos,Investigación y desarrollo,"LOS DISCURSOS SOBRE LA CRISIS DE LA EDUCACIÓN FÍSICA EN  COLOMBIA Y  BRASIL, EN LA DÉCADA DE LOS OCHENTA. UN ESTUDIO COMPARATIVO",Actual,2
00706,007,Proyectos,Investigación + Creación,EXPRESIONES DE LA UNIVERSIDAD VITAL  EN LAS DINÁMICAS EDUCATIVAS DE LA FACULTAD DE PSICOLOGÍA Y CIENCIAS SOCIALES DE LA UNIVERSIDAD CATÓLICA LUIS AMIGÓ (FUNLAM) DE LA CIUDAD DE MEDELLÍN ¿ COLOMBIA¿,2017/2,2
00707,007,Proyectos,Extensión y responsabilidad social CTI,PROYECTO DE FORMACIÓN EN EMPRESARISMO SOCIAL Y ECONOMÍA SOLIDARIA DIRIGIDA A LOS RECUPERADORES DE MATERIAL RECICLABLE DE MEDELLÍN  Y,2012/8,2
00708,007,Proyectos,Investigación y desarrollo,"Influencia de la distribución de los ingresos familiares en la calidad de vida de las familias, en los componentes de la dinámica interna familiar de 50 familias de la ciudad de Medellín",2012/12,2
00709,007,Proyectos,Investigación y desarrollo,Aspectos  psicológicos y familiares generados en pacientes hospitalizados y sus familias a partir de intervenciones grupales realizadas en una clínica psiquiátrica de la ciudad de Medellín,2012/12,2
00710,007,Proyectos,Extensión y responsabilidad social CTI,"Proyecto de Desactivación de la Violencia Intrafamiliar comunas 2,7,8,15 y 80",2011/10,2
00711,007,Proyectos,Investigación y desarrollo,"Tipo, causas y formas de solución de los conflictos que se presentan al interior de las familias atendidas en la Corporación Centro de Integración Barrial la Rosalera del corregimiento San Antonio de Prado, durante el periodo 2008-2010",2011/12,2
00712,007,Proyectos,Investigación y desarrollo,Consumo de drogas y prácticas sexuales en adolescentes entre los 14 y 17 años de la ciudad de Medellín en el año 2.011,2011/12,2
00713,007,Proyectos,Investigación y desarrollo,La niñez y la adolescencia en el contexto de los hogares sustitutos y las familias de origen en la ciudad de Medellín,2011/12,2
00714,007,Proyectos,Investigación y desarrollo,"Fortalecimiento de las relaciones científicas transculturales en España, Argentina y Colombia dirigidas a detectar factores de protección y vulnerabilidad e intervenir en población infantil y juvenil en riesgo por pobreza y/o exclusión social",2011/12,2
00715,007,Proyectos,Investigación y desarrollo,"Perspectivas interdisciplinarias de intervención con familias. Caso de la ciudad de Medellín y el Municipio de Rionegro. Una comprensión desde la Psicología, la Educación y la Familia",2011/12,2
00716,007,Proyectos,Investigación y desarrollo,EMPRENDIMIENTO EN EDUCACIÓN SUPERIOR,2013/1,2
00717,007,Proyectos,"Investigación, desarrollo e innovación","Características de las familias de estratos 1, 2 y 3 del barrio Belén Rincón de la ciudad de Medellín",2010/12,2
00718,007,Proyectos,Investigación y desarrollo,"Configuración identitaria en jóvenes que vivieron en su infancia la desaparición forzada de un familiar, en el marco del conflicto armado colombiano 2012",2012/12,2
00719,007,Proyectos,Investigación y desarrollo,Aspectos subjetivos implicados en la demanda de consulta médica frecuente,2011/2,2
00720,007,Proyectos,Investigación y desarrollo,"Agresividad en niños y niñas. Una perspectiva desde la Psicología dinámica, la familia y la Pedagogía Crítica",2010/12,2
00721,007,Proyectos,Investigación y desarrollo,"Agresividad en niños y niñas. Una perspectiva desde la Psicología dinámica, la familia y la Pedagogía Crítica",2010/12,2
00722,007,Proyectos,Investigación y desarrollo,"Capital social, ¿factor comunidad¿ de las organizaciones de población desplazada de la ciudad de Medellín y su incidencia en las condiciones de calidad de vida de las familias vinculadas",2011/11,2
00723,007,Proyectos,Investigación y desarrollo,Participación de las familias en organizaciones de población desplazada en la ciudad de Medellín: transformaciones en los sentidos de desarrollo y dinámica interna,2009/12,2
00724,007,Proyectos,Investigación y desarrollo,Participación de las familias en organizaciones de población desplazada en la ciudad de Medellín: transformaciones en los sentidos de desarrollo y dinámica interna,2009/12,2
00725,007,Proyectos,Investigación y desarrollo,Rol del padre en familias donde la madre ha migrado al exterior,2008/12,2
00726,007,Proyectos,Investigación y desarrollo,Sentidos de familia en niños y niñas en situación de riesgo: Caso el desplazamiento en la ciudad de Medellín. Una perspectiva desde el Desarrollo Familiar y la Psicología Humanista,2008/12,2
00727,007,Proyectos,Investigación y desarrollo,Aportes de las Ciencias Sociales a los métodos y procedimientos de generación de conocimiento en Desarrollo Familiar,2007/12,2
00728,007,Proyectos,Investigación y desarrollo,"Proceso de consolidación de Capital Social en la Ciudad de Medellín, en el marco de los enfoques de Desarrollo Humano y Responsabilidad Social.",2007/12,2
00729,007,Proyectos,Investigación y desarrollo,Los sujetos de investigación e intervención en Desarrollo Familiar,2006/12,2
00730,007,Proyectos,Investigación y desarrollo,Aproximaciones conceptuales al Desarrollo Familiar,2005/12,2
00731,007,Proyectos,Investigación y desarrollo,Crisis y conflictos de pareja: aproximaciones a la intervención,2004/12,2
00732,007,Proyectos,Investigación y desarrollo,Dinámicas internas de la familias monoparentales de jefatura femenina con menor de edad en conflicto con la ley penal,2004/12,2
00733,007,Proyectos,Extensión y responsabilidad social CTI,Dinámica interna de la familia monoparental con jefatura monoparental femenina y menor infractor en la Institución Despertares,2004/Sin mes,2
00734,008,Proyectos,Investigación y desarrollo,Convidarte para la Paz: Territorios de cuidado para el desarrollo humano desde la primera infancia,2024/6,2
00735,008,Proyectos,Investigación y desarrollo,Construcción de Guías Áreas de Formación en Investigación,2023/11,2
00736,008,Proyectos,Investigación y desarrollo,Prácticas de cuidado que ayudan a la formación de emociones políticas en los niños y las niñas,2023/11,2
00737,008,Proyectos,Investigación y desarrollo,"Migración por amenidades: Oportunidades, conflictos y tensiones territoriales en el Oriente Antioqueño",2023/11,2
00738,008,Proyectos,Investigación y desarrollo,Dinámicas psicosociales en torno al río Cauca: una mirada desde las representaciones sociales,2023/11,2
00739,008,Proyectos,Investigación y desarrollo,"¿Hacia una comprensión integral e integradora del suicidio: la realidad no visto por unos y padecida por otros, la prevención del suicidio es una posibilidad de todos y todas - Fase 6¿",2023/11,2
00740,008,Proyectos,"Investigación, desarrollo e innovación",Hacía una comprensión integral e integradora del suicidio ¿la realidad no vista por unos y padecida por otros? La prevención del suicidio es una posibilidad de todos y todas,2023/11,2
00741,008,Proyectos,Investigación y desarrollo,"¿Hacia una comprensión integral e integradora del suicidio: la realidad no visto por unos y padecida por otros, la prevención del suicidio es una posibilidad de todos y todas - Fase 5¿",2022/11,2
00742,008,Proyectos,Investigación y desarrollo,El reconocimiento de las víctimas del conflicto armado colombiano en el marco de procesos de reconciliación social.,Actual,2
00743,008,Proyectos,Investigación y desarrollo,Impacto de la terapia asistida con perros en la salud mental de las personas que asisten a consulta psicológica por síntomas de ansiedad y depresión,2022/11,2
00744,008,Proyectos,Investigación y desarrollo,conflicto armado y construcción de paz en el Bajo Cauca Antioqueño,2022/11,2
00745,008,Proyectos,Investigación y desarrollo,Dinámicas socioespaciales en la ruralidad a partir de la migración por amenidades. Estudio de caso,2022/11,2
00746,008,Proyectos,Investigación y desarrollo,Discursos patriarcales en la escuela. La perpetuación de los estereotipos de género,2022/11,2
00747,008,Proyectos,Investigación y desarrollo,Rostros de confianza: mediaciones juveniles en la construcción de cultura ciudadana en Medellín.,2021/12,2
00748,008,Proyectos,Investigación y desarrollo,"¿Hacia una comprensión integral e integradora del suicidio: la realidad no visto por unos y padecida por otros, la prevención del suicidio es una posibilidad de todos y todas - Fase 4¿",2021/11,2
00749,008,Proyectos,Investigación y desarrollo,Sistema de acciones interdisciplinarias en casos de violencias de género en la Universidad Católica Luis Amigó. Primera fase,2021/11,2
00750,008,Proyectos,Investigación y desarrollo,El lugar de la psicología comunitaria en la formación académica en psicología desde el Eje Cafetero,2021/11,2
00751,008,Proyectos,Investigación y desarrollo,Incidencia de la interacción humano-animal en el bienestar psicológico y la salud mental de personas con mascotas en contextos de confinamiento por COVID-19,2021/2,2
00752,008,Proyectos,Investigación y desarrollo,La Escuela y la Migración: Narrativas de la alteridad,2021/11,2
00753,008,Proyectos,Investigación y desarrollo,"Relaciones entre la empatía, la autoeficacia  y las dificultades comportamentales en adolescentes infractores de la ley",2021/11,2
00754,008,Proyectos,Investigación y desarrollo,Sistema de acciones interdisciplinarias en casos de violencias de género en la Universidad Católica Luis Amigó. Primera fase,Actual,2
00755,008,Proyectos,"Investigación, desarrollo e innovación",Factores psicosociales relacionados con la desconexión moral en adolescentes y jóvenes.,2021/12,2
00756,008,Proyectos,"Investigación, desarrollo e innovación","Efectos de la insensibilidad emocional en el uso de los mecanismos de desconexión moral, según el sexo y el tipo de delito, en adolescentes infractores de la ley",2021/12,2
00757,008,Proyectos,Investigación y desarrollo,Proyecto de Investigación IPECAL (Mexico): Los Archivos del Pensar Histórico en Colombia,2021/12,2
00758,008,Proyectos,Investigación y desarrollo,Conv. UCLA 2021. El Temblor del Maestro: Una Investigación Biográfico - Narrativa con Maestras en Contextos de Guerra,2021/12,2
00759,008,Proyectos,Investigación y desarrollo,Conv. UCLA 2021. La Escuela Como Estructura de Acogida: Narrativas de Estudiantes Venezolanos en la Ciudad de Manizales,2021/12,2
00760,008,Proyectos,Investigación + Creación,Creación de videos interactivos,2020/11,2
00761,008,Proyectos,Extensión y responsabilidad social CTI,Extensión y responsabilidad social en CTeI. Creación de videos interactivos,2020/11,2
00762,008,Proyectos,Investigación y desarrollo,Investigación Postdoctoral: El Desarraigo Como Destino: Una Mirada Sobre el Exilio Interno del Intelectual Latinoamericano,2021/12,2
00763,008,Proyectos,Investigación y desarrollo,"Promoción de competencias prosociales en niños(as) de 5 a 7 años con problemáticas comportamentales en contextos educativos, mediante la implementación de una estrategia educativa asistida con perros (EAA)",2020/11,2
00764,008,Proyectos,Investigación y desarrollo,Dinámicas migratorias de los Venezolanos regulares e irregulares residentes en el departamento de Antioquia,2020/11,2
00765,008,Proyectos,Investigación y desarrollo,Fase III Hacia una comprensión integral e integradora del suicidio. La realidad no vista por unos y padecida por otro. La prevención del suicidio es una posibilidad de todos y todas¿,2020/12,2
00766,008,Proyectos,Investigación y desarrollo,¿Hacía una comprensión integral e integradora del suicidio. ¿la realidad no vista por unos y padecida por otros. La prevención del suicidio es una posibilidad de todos y todas fase 3,2020/11,2
00767,008,Proyectos,Investigación y desarrollo,Sistematización de experiencias en la Intervención Psicosocial con Recicladores,Actual,2
00768,008,Proyectos,Investigación y desarrollo,Disposición hacia la reconciliación social en jóvenes con medidas privativas de la libertad en el Centro de Atención al joven Carlos Lleras Restrepo de Medellín y en la Ciudadela Los Zagales Escuela de Trabajo La Linda en Manizales.,2020/11,2
00769,008,Proyectos,Investigación y desarrollo,Dinámicas migratorias de los Venezolanos regulares e irregulares residentes en el departamento de Antioquia,2020/11,2
00770,008,Proyectos,Investigación y desarrollo,"MECANISMOS DE DESCONEXIÓN MORAL Y PREDICTORES PSICOSOCIALES EN ADOLESCENTES INFRACTORES DE LA LEY, EN MANIZALES Y MEDELLÍN (COLOMBIA)",2020/11,2
00771,008,Proyectos,Investigación y desarrollo,"Estudio de prevalencia en salud mental en NNA institucionalizados bajo medida de protección y responsabilidad penal, en Manizales y Medellín (Colombia)",2020/11,2
00772,008,Proyectos,Investigación y desarrollo,Participación de niños y niñas en las Comisiones de la Verdad en Colombia,2020/11,2
00773,008,Proyectos,Investigación y desarrollo,Cartografía de la investigación jurídica y sociojurídica en Colombia,2020/11,2
00774,008,Proyectos,Investigación y desarrollo,Disposición hacia la reconciliación social en jóvenes con medidas privativas de la libertad en el Centro de Atención al joven Carlos Lleras Restrepo de Medellín y en la Ciudadela Los Zagales Escuela de Trabajo La Linda en Manizales.,2020/11,2
00775,008,Proyectos,Investigación y desarrollo,"Cátedra Unesco 2020: Políticas de la Vida Cotidiana. Hacia Una Nueva Escala Para Comprender las Condiciones de Vida de la Población Desplazada en San Jose del Palmar, Chocó",2020/1,2
00776,008,Proyectos,Investigación y desarrollo,"Conv. UCLA 2020. Etnografías de la Vida Cotidiana: Rostros, Voces y Silencios en San Jose del Palmar, Chocó",2020/12,2
00777,008,Proyectos,Investigación y desarrollo,"Conv. UCLA 2020. La Pronunciación de la Diferencia en Antropología, Sociología y Filosofía",2020/12,2
00778,008,Proyectos,"Investigación, desarrollo e innovación",Conductas prosociales y su relación con la desconexión moral en adolescentes desvinculados de grupos armados ilegales,2020/12,2
00779,008,Proyectos,"Investigación, desarrollo e innovación","MECANISMOS DE DESCONEXIÓN MORAL Y PREDICTORES PSICOSOCIALES EN ADOLESCENTES INFRACTORES DE LA LEY, EN MANIZALES Y MEDELLÍN (COLOMBIA)",2020/12,2
00780,008,Proyectos,"Investigación, desarrollo e innovación",Riesgo suicida y su relación con la inteligencia emocional y la autoestima en estudiantes universitarios,2020/12,2
00781,008,Proyectos,Investigación y desarrollo,"La Escuela Como Estructura de Acogida: Genealogías y Narrativas de la Violencia en San Jose del Palmar, Choco",2019/11,2
00782,008,Proyectos,Investigación y desarrollo,"Cátedra Unesco 2019. De las Políticas al Poéticas del Cuidado en Educación: Una Mirada Sobre la Subjetividad de Jóvenes Desplazados en la Institución Educativa San Jose, San José del Palmar, Chocó",2020/5,2
00783,008,Proyectos,Investigación y desarrollo,"Factores de Inclusión y Permanencia de las Mujeres, en su Formación Profesional en la Universidad Católica Luis Amigó",Actual,2
00784,008,Proyectos,Investigación y desarrollo,"Comprensión del pensamiento situado en el pueblo originario Misak en el Resguardo de Guambía del municipio de Silvia, Cauca.",2019/11,2
00785,008,Proyectos,Investigación y desarrollo,"Promoción de competencias prosociales en niños(as) de 5 a 7 años con problemáticas comportamentales, mediante la implementación de una estrategia educativa asistida con perros (EEA), en contextos educativos",2019/11,2
00786,008,Proyectos,Investigación y desarrollo,Reconocimiento de prácticas estético-políticas de mujeres artistas que aportan a la configuración de ciudadanías en el territorio. Fase II,2019/11,2
00787,008,Proyectos,Investigación y desarrollo,El cuerpo como mediador pedagógico entre la enseñanza y el aprendizaje,2019/11,2
00788,008,Proyectos,Investigación y desarrollo,Hacía una comprensión integral e integradora del suicidio ¿la realidad no vista por unos y padecida por otros? La prevención del suicidio es una posibilidad de todos y todas.,2019/11,2
00789,008,Proyectos,Investigación y desarrollo,Reconocimiento de prácticas estético-políticas de mujeres artistas que aportan a la configuración de ciudadanías en el territorio. Fase II,2019/11,2
00790,008,Proyectos,Investigación y desarrollo,"Hacia una comprensión integral e integradora del suicidio. La realidad no vista por unos y padecida por otro. La prevención del suicidio es una posibilidad de todos y todas, Fase 2",2019/11,2
00791,008,Proyectos,Investigación y desarrollo,Narrativas sobre casos de abuso sexual infantil en Colombia: un análisis literario,2019/11,2
00792,008,Proyectos,"Investigación, desarrollo e innovación","Influencia de los patrones de crianza y estilos parentales en el desarrollo moral y la afectividad en escolares entre los 9 y 14 años, en la ciudad de Manizales",2019/12,2
00793,008,Proyectos,"Investigación, desarrollo e innovación","PROMOCIÓN DE COMPETENCIAS PROSOCIALES EN NIÑOS(AS) DE 5 A 7 AÑOS CON PROBLEMÁTICAS COMPORTAMENTALES, MEDIANTE LA IMPLEMENTACIÓN DE UNA ESTRATEGIA EDUCATIVA ASISTIDA CON PERROS (EAA), EN CONTEXTOS EDUCATIVOS",2019/12,2
00794,008,Proyectos,Investigación y desarrollo,"Las voces de los espíritus, la medicina tradicional y la conciencia ambiental Saberes de médicos tradicionales sobre la importancia de integrar lo espiritual en el trabajo que realiza el psicólogo con los pueblos Embera Chamí, Embera Karambá y Misak",2019/7,2
00795,008,Proyectos,Investigación y desarrollo,Memorias y significados de la historia de la psicología social en Colombia desde la narrativa de los psicólogos sociales,2019/5,2
00796,008,Proyectos,Investigación y desarrollo,"Relación entre mediación parental y apoyo social percibido en adolescentes víctimas y agresores de cyberbullying de los municipios de Medellín y Bello, Antioquia.",2019/7,2
00797,008,Proyectos,Investigación y desarrollo,Acciones comunitarias que promueven la construcción de sentidos para la transformación política en el territorio,Actual,2
00798,008,Proyectos,Investigación y desarrollo,Tendencias de Investigación en Psicología Ambiental,2018/11,2
00799,008,Proyectos,Investigación y desarrollo,Acciones comunitarias que promueven la construcción de sentidos para la transformación política en el territorio,2018/11,2
00800,008,Proyectos,Investigación y desarrollo,Fortalecimiento de las capacidades comunitaria para la paz,2019/11,2
00801,008,Proyectos,Investigación y desarrollo,Hacia una visión integral e integradora del suicidio,2018/12,2
00802,008,Proyectos,Investigación y desarrollo,Conceptualización de lo psicosocial desde la producción científica de la Maestría y la Especialización en Intervenciones Psicosociales de la Universidad Católica Luis Amigó,2018/11,2
00803,008,Proyectos,Investigación y desarrollo,"Narrativas colectivas, diálogo público y reconciliación social",2018/12,2
00804,008,Proyectos,Investigación y desarrollo,Modelo de gestión de apoyos para la empleabilidad de personas con diversidad funcional (discapacidad),2018/11,2
00805,008,Proyectos,"Investigación, desarrollo e innovación","Dimensiones de la prosocialidad en adolescentes pertenecientes a la modalidad Hogar Sustituto Vulneración del Instituto Colombiano de Bienestar Familiar, Centro Zonal Manizales 2 y Centro Zonal del Café.",2018/11,2
00806,008,Proyectos,Investigación y desarrollo,Narrativas sobre casos de abuso sexual infantil en Colombia que derivaron en asesinato durante el periodo 2009-2017,2018/11,2
00807,008,Proyectos,Investigación y desarrollo,"Narrativas colectivas, diálogo público y reconciliación social",2018/12,2
00808,008,Proyectos,Investigación y desarrollo,Hacía una comprensión integral e integradora del suicidio. ¿la realidad no vista por unos y padecida por otros¿ La prevención del suicidio es una posibilidad de todos y todas.,Actual,2
00809,008,Proyectos,"Investigación, desarrollo e innovación",Factores de riesgo y predictores psicosociales y neuropsicológicos asociados a la conducta suicida en estudiantes universitarios entre 16 a 25 años en la ciudad de Manizales,2018/11,2
00810,008,Proyectos,Investigación y desarrollo,"Influencia de los dispositivos gubernamentales de la educación colombiana, enfocados en la cultura del emprendimiento, en la construcción de subjetividades en instituciones educativas de primaria, básica y media de la región del sur-occidente colombiano",2019/2,2
00811,008,Proyectos,Investigación y desarrollo,Implicaciones de la posición subjetiva de los padres en el tratamiento psicopedagógico de niños que presentan Necesidades Educativas Especiales en la Corporación Ser Especial,2017/11,2
00812,008,Proyectos,Investigación y desarrollo,Fortalecimiento de Capacidades para la Paz en líderes comunitarios,2018/11,2
00813,008,Proyectos,Investigación y desarrollo,Evaluación de la eficacia de un protocolo de diagnóstico e intervención neurocognitivo y psicosocial en personas desvinculadas del conflicto armado en Colombia.,2018/11,2
00814,008,Proyectos,Investigación y desarrollo,"Estudio de significados de problemáticas, oportunidades y mediaciones en el uso de las Tic por parte de niños, niñas y adolescentes en Colombia",2017/6,2
00815,008,Proyectos,"Investigación, desarrollo e innovación","Conductas prosociales en niños, niñas y adolescentes desvinculados de grupos armados ilegales, pertenecientes a la modalidad Hogar Sustituto Tutor del Instituto Colombiano de Bienestar Familiar, en la ciudad de Manizales",2017/12,2
00816,008,Proyectos,Investigación y desarrollo,Narrativas de sobrevivencia restauración con víctimas del conflicto armado Colombiano.,2017/12,2
00817,008,Proyectos,Investigación y desarrollo,Narrativas de sobrevivencia y restauración con víctimas del conflicto armado en Caldas,Actual,2
00818,008,Proyectos,Investigación y desarrollo,Intervenciones Psicosociales en el Posconflicto en América. Revisión teórica - Semillero de Psicología Critica.,2017/11,2
00819,008,Proyectos,Investigación y desarrollo,La medicalización de la infancia y de la locura examinadas a través de la institucionalidad asistencial y de la higiene mental en Colombia en el siglo XX,2017/10,2
00820,008,Proyectos,Investigación y desarrollo,"Permanencia con Calidad y Prevención de la Deserción Estudiantil,",2017/5,2
00821,008,Proyectos,Investigación y desarrollo,"Estudio de significados de problemáticas, oportunidades y mediaciones en el uso de las Tic por parte de niños, niñas y adolescentes en Colombia",2017/6,2
00822,008,Proyectos,Investigación y desarrollo,"Actitud hacia la Reconciliación Social en medio de un conflicto armado: relación del estilo de afrontamiento, las emociones y la atribución de responsabilidad.",2016/11,2
00823,008,Proyectos,Investigación y desarrollo,Ser Mujer. Configuración de subjetividades frente a discursos de poder hegemónicos,2017/5,2
00824,008,Proyectos,Investigación y desarrollo,"Producto: ""Conflicto en las relaciones familiares y afectivas, asociadas con el género y la sexualidad en asilos psiquiátricos en la primera década del siglo XX en Colombia"".",2016/12,2
00825,008,Proyectos,Investigación y desarrollo,"Producto: Higiene mental en la infancia como estrategia de prevención de la degeneración, los trastornos psíquicos y la delincuencia juvenil en la primera década del siglo XX en Colombia",2016/12,2
00826,008,Proyectos,Investigación y desarrollo,Representaciones sociales sobre la violencias sexuales en estudiantes y docentes de la Fundación Universitaria Luis Amigó,2016/11,2
00827,008,Proyectos,Investigación y desarrollo,"Vínculos entre la educación preliminar y la educación superior, y su relación con la deserción/permanencia universitaria en Manizales.",2016/11,2
00828,008,Proyectos,Investigación y desarrollo,Validación de la Escala de Bienestar psicológico - EBP,2016/7,2
00829,008,Proyectos,Investigación y desarrollo,Percepción de legalidad en Campesinos Organizados del Altiplano del Oriente Antioqueño,2016/7,2
00830,008,Proyectos,Investigación y desarrollo,Percepciones de legalidad en campesinos organizados del altiplano del oriente antioqueño,2016/7,2
00831,008,Proyectos,Investigación y desarrollo,"Efectividad y Eficacia en la articulación de acciones institucionales para la atención de las víctimas de violencias sexuales a través de la Ruta de Atención Intersectorial en la ciudad de Medellín, año 2015",2015/11,2
00832,008,Proyectos,Investigación y desarrollo,Desarrollo de Habilidades para la vida en la prevención de las adicciones de adolescentes de 12 a 14 años escolarizados en Instituciones Educativas públicas de la ciudad de Medellín,2016/11,2
00833,008,Proyectos,Investigación y desarrollo,Desarrollo de Habilidades para la vida en la prevención de las adicciones de adolescentes de 12 a 14 años escolarizados en Instituciones Educativas públicas de la ciudad de Medellín,2016/11,2
00834,008,Proyectos,Investigación y desarrollo,Evaluación del índice de severidad de Psicopatía de la población habitante de calle consumidora de Sustancias Psicoactivas de la Ciudad de Medellín,2016/11,2
00835,008,Proyectos,Investigación y desarrollo,Percepción de legalidad en campesinos organizados del Altiplano del  Oriente antioqueño,2016/7,2
00836,008,Proyectos,Investigación y desarrollo,Efectividad y Eficacia en la articulación de acciones institucionales para la atención de las víctimas de violencias sexuales a través de la Ruta de Atención Intersectorial en la ciudad de Medellín,2015/12,2
00837,008,Proyectos,Investigación y desarrollo,Percepción de Legalidad en población rural del Altiplano del Oriente Antioqueño,2016/6,2
00838,008,Proyectos,Investigación y desarrollo,La Familia Colombiana Actual y su relación con problemas internalizados y externalizados en los adolescentes,2016/6,2
00839,008,Proyectos,Investigación y desarrollo,El núcleo central de las representaciones sociales de los paisas acerca de les estadounidenses y de los franceses,2015/12,2
00840,008,Proyectos,Investigación y desarrollo,Estado del arte acerca del concepto de vida cotidiana en ciencias sociales,2015/12,2
00841,008,Proyectos,Investigación y desarrollo,Construcción de Vinculos de Jóvenes y despliegue de subjetividades,2015/Sin mes,2
00842,008,Proyectos,Investigación y desarrollo,"Evaluación, diagnóstico e intervención neurocognitiva y psicosocial de niños entre los 7 y 9 años que presentan comportamientos disruptivos y pertenecen a población vulnerable de la ciudad de Medellín.",2016/11,2
00843,008,Proyectos,Investigación y desarrollo,"Sentidos de la ley, nociones y prácticas de justicia en la comunidad educativa. Un estudio comparado Medellín Colombia - Santiago de Chile, en el marco de una educación para la paz CEPAR- Fase III.",2015/6,2
00844,008,Proyectos,Investigación y desarrollo,"Las representaciones sociales de las adicciones comportamentales en los profesionales de las ciencias sociales, humanas y de la salud que les corresponde intervenir ésta problemática en los municipios pertenecientes al Valle de Aburrá.",2015/12,2
00845,008,Proyectos,Investigación y desarrollo,Ordenes discursivos sociales e institucionales sobre la reincidencia del adolescente infractor en Manizales,2015/7,2
00846,008,Proyectos,Investigación y desarrollo,Desarrollo Positivo del Adolescente como protector de conductas de riesgo. Un estudio comparativo Colombia-México,2014/11,2
00847,008,Proyectos,Investigación y desarrollo,"Observatorio de Infancia, Niñez, Adolescencia en el Municipio de la Estrella: Fase I Diagnóstico de la situación de la infancia, niñez y adolescencia en el Municipio de la Estrella, Antioquia",2014/11,2
00848,008,Proyectos,Investigación y desarrollo,"Hacia un Observatorio de Infancia y Adolescencia en el Municipio de la Estrella, Antioquia",2014/12,2
00849,008,Proyectos,Investigación y desarrollo,Linea de Base y efectos tempranos del Programa Buen Comienzo Antioquia,2015/5,2
00850,008,Proyectos,Investigación y desarrollo,"Pobreza y locura como enfermedades sociales en la modernidad colombiana, 1850-1950",2015/12,2
00851,008,Proyectos,Investigación y desarrollo,Relación médico paciente,Actual,2
00852,008,Proyectos,Investigación y desarrollo,Capacidades y oportunidades en personas adultas con discapacidades en la ciudad de Medellín,2015/12,2
00853,008,Proyectos,Investigación y desarrollo,Recursos  psicosociales asociados al bienestar subjetivo de profesionales y/o empresarios entre 25-35 años del oriente antioqueño que experimentaron sentimientos de ausencia de algunos de sus padres,2015/12,2
00854,008,Proyectos,Investigación y desarrollo,Modelo de reparación integral (Las Fabiolas) para mujeres víctimas de violencia sexual,Actual,2
00855,008,Proyectos,Investigación y desarrollo,Perfil Psicológico de Infractores reicidentes de normas de tránsito en el Valle de Aburrá,2014/3,2
00856,008,Proyectos,Extensión y responsabilidad social CTI,"Modelo de reparación integral ""Las Fabiolas"" para  mujeres víctimas de violencias sexuales por actores del conflicto armado",2014/1,2
00857,008,Proyectos,Investigación y desarrollo,PERCEPCIÓN QUE TIENEN LOS DOCENTES DEL RENDIMIENTO ACADÉMICO DE NIÑOS Y NIÑAS TRAS LA IMPLEMENTACIÓN DEL PROBRAMA APRENDE A APRENDER,Actual,2
00858,008,Proyectos,Extensión y responsabilidad social CTI,Macroproyecto nacional de intervención integral para el fortalecimiento de la acción pedagógico - terapéutica Amigoniana con la población participante de los procesos pos institucional de la provincial San José en Colombia.,2014/5,2
00859,008,Proyectos,Investigación y desarrollo,"Triada: familia, alumno, institución educativa",Actual,2
00860,008,Proyectos,Investigación y desarrollo,Consolidación y Estructuración de Grupos con Potencial de Crecimiento GI1456,2015/8,2
00861,008,Proyectos,Investigación y desarrollo,"Ciudadanía Movilizada: Quienes protestan y por qué motivos, emociones y contextos",Actual,2
00862,008,Proyectos,Investigación y desarrollo,"La Prevención del suicidio en el ámbito universitario: Acciones, vínculos y significaciones",Actual,2
00863,008,Proyectos,Investigación y desarrollo,"Políticas, representaciones y prácticas de asistencia social y medicalización de la pobreza en Colombia 1850-1950",2014/12,2
00864,008,Proyectos,"Investigación, desarrollo e innovación",El estado actual de la explotación sexual de niños y niñas (entre 4 y 12 años) en Medellín,2013/11,2
00865,008,Proyectos,Investigación y desarrollo,Factores Familiares y Psicosociales asociados a problemas internalizados y externalizados en los adolescentes,2014/12,2
00866,008,Proyectos,Investigación y desarrollo,La Prevención del Suicidio en el Escenario Universitario,2012/11,2
00867,008,Proyectos,Investigación y desarrollo,Aspectos  psicológicos y familiares generados en pacientes hospitalizados y sus familias a partir de intervenciones grupales realizadas en una clínica psiquiátrica de la ciudad de Medellín,2013/7,2
00868,008,Proyectos,Investigación y desarrollo,Aspectos  psicológicos y familiares generados en pacientes hospitalizados y sus familias a partir de intervenciones grupales realizadas en una clínica psiquiátrica de la ciudad de Medellín,2012/12,2
00869,008,Proyectos,Investigación y desarrollo,"Bullying en instituciones educativas, un modo de ejercer el poder",2013/11,2
00870,008,Proyectos,Investigación y desarrollo,Promoción de competencias parentales para el desarrollo de conductas prosociales de niños y niñas de 4 a 7 años en el Eje Cafetero,2018/1,2
00871,008,Proyectos,Investigación y desarrollo,La Prevención del suicidio en el escenario universitario.,2012/11,2
00872,008,Proyectos,Investigación y desarrollo,"Validación de la Escala ""Prácticas Parentales en Adolescentes (PP-A)""",2012/11,2
00873,008,Proyectos,"Investigación, desarrollo e innovación",Promoción del turismo en la Provincia del Alto Magdalena a través de la construcción de redes sociales virtuales,2013/7,2
00874,008,Proyectos,Investigación y desarrollo,Fragilidad y rupturas de vínculos afectivos y su impacto en la salud mental,2013/6,2
00875,008,Proyectos,Investigación y desarrollo,La contrucción simbolica de la Maternidad: influecia del arquetipo de la Madre,2015/4,2
00876,008,Proyectos,Investigación y desarrollo,"Perspectivas interdisciplinarias de intervención con familias. Caso de las ciudades Medellín y el Municipio de Rionegro. Una comprensión desde la Psicología, la Educación y la Familia",2011/12,2
00877,008,Proyectos,Investigación y desarrollo,El suicidio en el escenario universitario a la luz del Pensamiento Complejo,2012/10,2
00878,008,Proyectos,Investigación y desarrollo,Evaluación de la pertinencia y plan de modificación de contenidos curriculares del programa de psicología,2010/12,2
00879,008,Proyectos,Investigación y desarrollo,CONVENIO DE COLABORACIÓN ENTRE LA FUNDACIÓN INFANCIA Y APRENDIZAJE Y LA UNIVERSIDAD DE SANTIAGO DE COMPOSTELA PARA LA REALIZACIÓN DE ACTIVIDADES AL AMPARO DEL ARTÍCULO 83 DE LA LEY 6/2001,Actual,2
00880,008,Proyectos,Investigación y desarrollo,Aspectos subjetivos implicados en la demanda de consulta médica frecuente,2011/2,2
00881,008,Proyectos,Investigación y desarrollo,"Uso, abuso y dependencia a aplicaciones que utilizan en internet los estudiantes de la Funlam.",2010/12,2
00882,008,Proyectos,Investigación y desarrollo,¿Crisis de Adolescentes o Crisis de Adultos?,2010/12,2
00883,008,Proyectos,Investigación y desarrollo,"Agresividad en niños y niñas. Una perspectiva desde la Psicología dinámica, la familia y la Pedagogía crítica",2010/12,2
00884,008,Proyectos,Investigación y desarrollo,SENTIDO DE VIDA EN MENORES INFRACTORES,2010/12,2
00885,008,Proyectos,Investigación y desarrollo,La Sanción Escolar. Una perspectiva psicoanalítica.,2010/12,2
00886,008,Proyectos,Investigación y desarrollo,"Intervención Psicosocial como   aporte al Desarrollo Humano local, en el Ámbito Público de Medellín. Estudio de caso: Proyecto APSBuenvivir en Familia, alcaldía de Medellín",2011/5,2
00887,008,Proyectos,"Investigación, desarrollo e innovación","Dimensión psicosocial de la construcción del intento de suicidio en niños y adolescentes entre los 11 y los 18 años, estudiantes de los grados 6º a 11º de Medellín, a luz del Interaccionismo Simbólico.",2010/1,2
00888,008,Proyectos,Investigación y desarrollo,CONFIGURACION IDENTITARIA EN NIÑOS QUE HAN VIVIDO LA DESAPARICIÓN DE UN FAMILIAR REPRESENTATIVO EN EL MARCO DEL CONFLICTO ARMADO COLOMBIANO,2012/6,2
00889,008,Proyectos,Investigación y desarrollo,Sintomatologia de disfunsiones sexuales en mujeres victimas del desplazamiento forzado,2009/12,2
00890,008,Proyectos,Investigación y desarrollo,"Evaluación del contrato psicológico, o del acuerdo sin palabras",Actual,2
00891,008,Proyectos,Investigación y desarrollo,"Perfil Psicosocial de las Víctimas y Victimarios de Violencia Sexual  en algunas Instituciones Penitenciarias, Centros de Rehabilitación y ONG´s del Área Metropolitana del Valle de Aburra 2007-2010",2010/11,2
00892,008,Proyectos,Investigación y desarrollo,Narrativas identitarias sobre la vivencia corporal en mujeres diagnosticadas con trastornos de la conducta alimentaria.,2009/2,2
00893,008,Proyectos,Investigación y desarrollo,Teoría de la mente en el trastorno disocial de la conducta,2009/1,2
00894,008,Proyectos,"Investigación, desarrollo e innovación",INTENTO DE SUICIDIO EN ADOLESCENTESDE GRADOS SEXTO A UNDÉCIMO DE 10 INSTITUCIONES EDUCATIVAS PÚBLICAS DE LA CIUDAD DE MEDELLÍN,2009/3,2
00895,008,Proyectos,Investigación y desarrollo,Niños varones vinculados a los grupos armados ilegales en Antioquia Colombia,2007/12,2
00896,008,Proyectos,Investigación y desarrollo,Propuesta educativa para el desarrollo humano en la primera infancia.,2008/1,2
00897,008,Proyectos,Investigación y desarrollo,Deterioro Cognitivo en Consumidores Crónicos de Canabis,2006/11,2
00898,008,Proyectos,Investigación y desarrollo,"Trayectorias de socialización en la niñez desplazada por la violencia, en la ciudad de Medellín",2006/Sin mes,2
00899,008,Proyectos,Investigación y desarrollo,Factores Cognitivos y Emocionales en las Acciones Políticas Colectivas,2008/12,2
00900,008,Proyectos,Investigación y desarrollo,Caracteristicas del desempeno en el Stroop multilingue de un grupo de ninos con TDAH de la ciudad de Medellín,2006/Sin mes,2
00901,008,Proyectos,Extensión y responsabilidad social CTI,"Estado del Arte de la Psicología Social en Colombia, en el periodo 1970 a 2004",2006/Sin mes,2
00902,008,Proyectos,Investigación y desarrollo,"Niñas vinculadas a los grupos armados ilegales en Antioquia, Colombia: vinculación permanencia y desvinculación",2009/6,2
00903,008,Proyectos,Investigación y desarrollo,Contextos juveniles: Referentes de juventud a ritmo de salsa,2008/11,2
00904,008,Proyectos,Investigación y desarrollo,La carrera de las niñas soldado en colombia. Un estudio desde el punto de vista del agente,2009/2,2
00905,008,Proyectos,Investigación y desarrollo,Niños ex -guerrilleros y ex ¿paramilitares  en proceso de reinserción en Antioquia en el período 2004 ¿ 2006 (Segunda parte de la investigación niñas soldados en proceso de reinserción  en Antioquia en el período 2004 ¿ 2006).,2006/11,2
00906,008,Proyectos,Investigación y desarrollo,Estandarización del Stroop multilingue en niños analfabetas de la ciudad de Medellín,2005/Sin mes,2
00907,008,Proyectos,Investigación y desarrollo,El enamoramiento en la obra de Freud,2005/Sin mes,2
00908,008,Proyectos,Investigación y desarrollo,Caracteristicas de la función ejecutiva en personas adultas con cuadro clínico de juego Patológico,2005/Sin mes,2
00909,008,Proyectos,Investigación y desarrollo,"Competencias, saberes y herramientas de la  práctica social del psicólogo necesarias para el abordaje de los ámbitos de intervención: educativo, comunitario y  organizacional",2004/Sin mes,2
00910,008,Proyectos,Investigación y desarrollo,Pichón con Lacan: El vínculo social,2003/12,2
00911,008,Proyectos,Investigación y desarrollo,Estudio descriptivo sobre el nivel de desarrollo moral alcanzado por adolescentes que se encuentran en alto riesgo psicosocial y pertenecen al programa despertar de ASPERLA.,2003/12,2
00912,008,Proyectos,Investigación y desarrollo,Estado actual del ejercicio de la psicología social en instituciones del área metropolitana del Valle del Aburra,2001/Sin mes,2
00913,009,Proyectos,Investigación y desarrollo,Modelo sistémico de gestión para la protección sociojurídica del medio ambiente y su contribución al desarrollo humano sostenible,2025/11,2
00914,009,Proyectos,Investigación y desarrollo,Política Pública de no repetición para la reparación a las víctimas del conflicto armado en el departamento de Córdoba- FASE II,2023/11,2
00915,009,Proyectos,Investigación y desarrollo,Política Pública de no repetición para la reparación a las víctimas del conflicto armado en el departamento de Córdoba,2022/11,2
00916,009,Proyectos,Investigación y desarrollo,"CUAL ES EL OBJETO DE ESTUDIO DEL DERECHO EN COLOMBIA, SEGUNDA FASE",2020/11,2
00917,009,Proyectos,Investigación y desarrollo,PERFIL PSICOSOCIAL DE LOS ESTUDIANTES DEL PROGRAMA DE DERECHO CENTRO REGIONAL MONTERÍA,2020/11,2
00918,009,Proyectos,Investigación y desarrollo,Ambientes virtuales para la prestación de los servicios en psicología on line,Actual,2
00919,009,Proyectos,Investigación y desarrollo,"PERFIL PSICOSOCIAL DE LOS ESTUDIANTES UNIVERSIDAD CATÓLICA LUIS AMIGÓ, CENTRO REGIONAL MONTERÍA.",2019/11,2
00920,009,Proyectos,Investigación y desarrollo,"La Enseñanza del Derecho, Cuál es el Objeto de estudio del Derecho colombiano",2019/11,2
00921,009,Proyectos,Investigación y desarrollo,"MEDIO AMBIENTE Y CONFLICTO ARMADO EN COLOMBIA: ESTRAGOS Y SENSIBILIZACION, CONSECUENCIA DE LA GUERRA EN EL MEDIO AMBIENTE",2019/7,2
00922,009,Proyectos,Investigación y desarrollo,AN EDUCATIONAL PLATFORM TO PROMOTE READING COMPREHENSION PROCESSES AND RESEARCH SKILLS,Actual,2
00923,009,Proyectos,Investigación y desarrollo,Percepción de la Lúdica en las Instituciones Públicas por parte de los docentes de grado Preescolar de los Municipios de Planeta Rica y Pueblo Nuevo Córdoba,2019/11,2
00924,009,Proyectos,Investigación y desarrollo,THE SKIMMING COGNITIVE STRATEGY AS AN INITIAL TEXT ANALYSIS TO PROMOTE METACOGNITIVE READING AWARENE,2018/11,2
00925,009,Proyectos,Investigación y desarrollo,La Enseñanza del Derecho,Actual,2
00926,009,Proyectos,Investigación y desarrollo,Impacto de la estrategia de cero a siempre en los niños del municipio de Montería periodo 2015-2017,2018/11,2
00927,009,Proyectos,Extensión y responsabilidad social CTI,"Fortalecimiento de procesos de educación ambiental, a través de la red PRAE, Red CIDEA y PROCEDA  articulada a la difusión de conocimiento científico y tecnológico para la construcción de cultura ambiental en el departamento de Córdoba.",2017/12,2
00928,009,Proyectos,Investigación y desarrollo,"ACTORES SOCIALES, PARTICIPACIÓN CIUDADANA E INNOVACIÓN. Triada de consolidación en la relación Estado - Sociedad Civil",2019/12,2
00929,009,Proyectos,Investigación y desarrollo,"USO DE FLASHCARDS COMO APOYO VISUAL Y DE LAS ESTRATEGIAS COGNITIVAS REPETICIÓN, ELABORACIÓN Y ORGANIZACIÓN PARA EL DESARROLLO DE ASPECTOS LINGUISTICOS DEL INGLÉS",Actual,2
00930,009,Proyectos,Investigación y desarrollo,INCIDENCIA DE LAS ARTES ESCÉNICAS EN LA CONVIVENCIA ESCOLAR EN  LA INSTITUCIÓN EDUCATIVA SAN PEDRO CLAVER DEL MUNICIPIO DE MOMIL,2018/12,2
00931,009,Proyectos,Investigación y desarrollo,Uso del Edu-entretenimiento para la prevención de embarazos no deseados en Instituciones Educativas de la ciudad de Montería,Actual,2
00932,009,Proyectos,Investigación + Creación,A descriptive study on ESl reading comprehension processes to respond to transcription items,2017/11,2
00933,009,Proyectos,Investigación y desarrollo,CONCEPCIONES Y PRACTICAS DE EVALUACION DE LOS   DOCENTES DE LOS  PROGRAMAS DE EDUCACIÓN  DE INSTITUCIONES DE EDUCACION SUPERIOR DE MONTERÍA,Actual,2
00934,009,Proyectos,Investigación y desarrollo,"Fortalecimiento de los procesos de educación ambiental, mediante las estrategis de la ppolitica nacional de educacion ambiental, la red cidea y proceda a traves de la implrmentacion de los viveros bioclimaticos y la promocion del uso eficiente de la radia",Actual,2
00935,009,Proyectos,Investigación y desarrollo,The skimming cognitive strategy as an Initial Text Analysis Practice to Promote Metacognitive Reading Awareness,2016/11,2
00936,009,Proyectos,Investigación y desarrollo,"A description of how students' lexical, syntactic, and pseudoparaphrase hinder communication when paraphrasing in enligsh",2016/11,2
00937,009,Proyectos,Investigación y desarrollo,INTERVENCIONES PSICOSOCIALES PARA CONSTRUIR RELACIONES DE CONVIVENCIA,2017/5,2
00938,009,Proyectos,Investigación y desarrollo,Sistematización de la experiencia  Movimiento Infantil Sembradores de Paz.  Procesos de reinvención social en contextos de posconflicto,2016/12,2
00939,009,Proyectos,Investigación y desarrollo,Sistematización de la experiencia  Movimiento Infantil Sembradores de Paz.  Procesos de reinvención social en contextos de posconflicto,2016/12,2
00940,009,Proyectos,Investigación y desarrollo,Construcción de Cultura Ambiental,2016/7,2
00941,009,Proyectos,Investigación y desarrollo,"Difusión de experiencias científicas y proyectos en ciencia ejecutados por la Corporación  Autónoma Regional de los Valles del Sinú y del San Jorge- CVS, utilizando los  medios y espacios masivos locales, regionales y nacionales para la difusión ambiental",2015/12,2
00942,009,Proyectos,Investigación y desarrollo,"Apoyar el fortalecimiento de los procesos de Educación Ambiental, a través de la implementación de las estrategias de la Política Nacional de Educación Ambiental, específicamente la Red CIDEA y la Red PRAE, articulada con la difusión de conocimientos cien",2015/12,2
00943,009,Proyectos,Investigación y desarrollo,DESERCIÓN ESTUDIANTIL EN EL ÁMBITO UNIVERSITARIO EN CORDOBA,2016/2,2
00944,009,Proyectos,Investigación y desarrollo,Students' transcription and paraphrase and basic reading comprehension,2015/11,2
00945,009,Proyectos,Investigación y desarrollo,A description of students' transcription and paraphrasing when reading in english,2016/5,2
00946,009,Proyectos,Investigación y desarrollo,La familia Colombiana actual y su relación con problemas internalizados y externalizados en adolecentes,2016/6,2
00947,009,Proyectos,"Investigación, desarrollo e innovación",ANÁLISIS DE LA TECNOLOGÍA HONEYPOT Y EVALUACIÓN DE IMPACTO DE IMPLEMENTACIÓN EN LA FUNDACIÓN UNIVERSITARIA LUIS AMIGÓ PARA LA DETECCIÓN DE INTRUSOS INFORMÁTICOS.,2015/11,2
00948,009,Proyectos,Investigación y desarrollo,Semillero Ciudad D.S.P,Actual,2
00949,009,Proyectos,Investigación y desarrollo,"PAUTAS, PRÁCTICAS Y CREENCIAS DE CRIANZA DE LAS FAMILIAS AFRODESCENDIENTES.  ESTUDIO DE CASO DE MONTERÍA Y MOÑITOS, DEPARTAMENTO DE CÓRDOBA.",2016/2,2
00950,009,Proyectos,Investigación y desarrollo,SISTEMATIZACIÓN EXPERIENCIA CSIR CÓRDOBA  AÑOS 2009 A 2014,2014/12,2
00951,009,Proyectos,Investigación y desarrollo,"Análisis del uso de las redes sociales y dispositivos móviles en los estudiantes de la universidad del Sinú, Elias Bechara Zaínum",2014/10,2
00952,009,Proyectos,Investigación y desarrollo,Educación Ambiental como base estructural de la Política Regional y Gobernanza.,2014/12,2
00953,009,Proyectos,Investigación y desarrollo,IMPLEMENTACION DE LA ESTRATEGIA DE COMUNICACION COMO MEDIACIÓN DE RELACIÓN CIUDADANÍA E INCLUSIÓN Y CULTURA AMBIENTAL DE LOS ESTABLECIMIENTOS EDUCATIVOS NO CERTIFICADOS EN EDUCACIÓN EN EL DEPARTAMENTO DE CORDOBA,2015/2,2
00954,009,Proyectos,Investigación y desarrollo,IMPLEMENTACION DE LA ESTRATEGIA DE COMUNICACION COMO MEDIACIÓN DE RELACIÓN CIUDADANÍA E INCLUSIÓN Y CULTURA AMBIENTAL DE LOS ESTABLECIMIENTOS EDUCATIVOS NO CERTIFICADOS EN EDUCACIÓN EN EL DEPARTAMENTO DE CORDOBA,Actual,2
00955,009,Proyectos,Investigación y desarrollo,SISTEMATIZACION DE LA EXPERIENCIA DEL COMITE DE SSEGUIMIENTO DE LA INVERSIÓN DE LA REGALIAS EN EL DEPÁRTAMENTO DE CORDOBA,2014/12,2
00956,009,Proyectos,Investigación y desarrollo,El uso de blogs para la enseñanza del ingles,2015/6,2
00957,009,Proyectos,Investigación y desarrollo,"ordenes discursivos familiares, sociales  e institucionales sobre la reincidencia de los adolescentes infractores",2014/12,2
00958,009,Proyectos,Investigación y desarrollo,"ORIENTACION SOBRE SALUD SEXUAL Y REPRODUCTIVA A LOS ADOLECENTES DE LA COMUNIDAD DE   SAN JOSE DE LA PRADERA ¿ MARIA LABAJA- BOLIVAR,",2015/11,2
00959,009,Proyectos,Investigación y desarrollo,SISTEMATIZACIÓN DE LOS PROYECTOS DE EDUCACIÓN AMBIENTAL EN EL DEPARTAMENTO DE CORODBA,2013/12,2
00960,009,Proyectos,Investigación y desarrollo,LA EDUCACION AMBIENTAL COMO BASE ESTRUCTURAL DE LA POLITICA REGIONAL Y LA GOBERNANZA EN EL DEPARTAMENTO DE CÓRDOBA,2015/2,2
00961,009,Proyectos,Investigación y desarrollo,LA EDUCACION AMBIENTAL COMO BASE ESTRUCTURAL DE LA POLITICA REGIONAL Y LA GOBERNANZA EN EL DEPARTAMENTO DE CÓRDOBA.,Actual,2
00962,009,Proyectos,Investigación y desarrollo,"INFLUENCIA DE LA MUSICA AL CONSUMO DE SUSTANCIAS PSICOACTIVAS EN EL CENTRO DE REHABILITACION EL BUEN SAMARITANO EN LA CIUDAD DE MONTERIA, CORDOBA.",Actual,2
00963,009,Proyectos,Investigación y desarrollo,"LAS ACTIVIDADES EXTRACURRICULARES COMO MEDIADOR  EN LAS PRÁCTICAS CULTURALES Y ARTÍSTICAS EN EL RENDIMIENTO ACADÉMICO DE   LOS ESTUDIANTES DE PSICOLOGÍA, INGENIERÍA DE SISTEMAS,CONTADURÍA PÙBLICA, DERECHO Y ADMINISTRACIÓN DE EMPREAS DE LA UNIVERSIDAD COOP",2014/1,2
00964,009,Proyectos,Investigación y desarrollo,IMPACTO DE LA INVERSIÓN DE REGALÍAS EN LA CALIDAD DE LA EDUCACIÓN EN EL MUNICIPIO DE MONTELIBANO EN EL PERIODO COMPRENDIDO 2007 - 2011,2014/2,2
00965,009,Proyectos,Extensión y responsabilidad social CTI,LA APLICACIÓN DE LAS TIC  EN LOS NIÑOS DE LA ENSEÑANZA PREESCOLAR EN EL BARRIO CARACOLI MUNICIPIO MONTERIA DEPARTAMENTO DE CORDOBA.,2013/12,2
00966,009,Proyectos,"Investigación, desarrollo e innovación",LAS RONDAS INFANTILES COMO HERRAMIENTAS LUDICO DIDÀCTICAS PARA LA ESTIMULACIÒN DE LOS ORGANOS DE LOS SENTIDOS EN EL APRENDIZAJE DE LOS NIÑOS DEL  GRADO  SEGUNDO ¿A¿ DE LA INSTITUCIÒN EDUCATIVA JOSÉ ANTONIO GALÁN SEDE SAN MARTIN  MUNICIPIO CABECERA  SAN PE,2014/12,2
00967,009,Proyectos,Extensión y responsabilidad social CTI,LA  UTOESTIMA COMO HERRAMIEMTA PARA MEJORARAR HABILIDADES SOCIALES EN LOS NIÑOS DE  PRESCOLAR DEL COLEGIO SAN JOSÈ EN EL BARRIO SAN JOSÈ MUNICIPIO MONTERIA DEPARTAMENTO DE CÒRDOBA COLOMBIA.,2024/2,2
00968,009,Proyectos,Extensión y responsabilidad social CTI,IDEA    MEJORAR LA LECTOESCRITURA EN LOS NIÑOS DE 4 A 7 AÑ  POR MEDIO DE LA LUDICA EN LA INSTITUCION EDUCATIVA JOSÈ MANUEL DE ALTAMIRA DEL CORREGIMIENTO JOSÈ MANUEL DE ALTAMIRANICIPIO  DEL MUNICIPIO SAN BERNALDO DE VIENTO CÒRDOBA COLOMBIA,2013/12,2
00969,009,Proyectos,"Investigación, desarrollo e innovación",Violencias escolares una cultura de Paz,2014/2,2
00970,009,Proyectos,Extensión y responsabilidad social CTI,"Plan Estrategico Departamental de Ciencia, Tecnologia",2012/12,2
00971,009,Proyectos,"Investigación, desarrollo e innovación",DIFUSION DE CONOCIMIENTOS CIENTIFICOS Y TECNOLOGICOS SOBRE PROCESOS EDUCATIVOS  Y /O SISTEMAS PRODUCTIVOS AMIGABLES CON EL AMBIENTE,2013/11,2
00972,009,Proyectos,"Investigación, desarrollo e innovación",Responsabilidad Social Universitaria,2013/11,2
00973,009,Proyectos,Investigación y desarrollo,Concepciones de los docentes   y su relacion con las Practicas Evaluativas  del aprendizaje en instituciones de educación superior,Actual,2
00974,009,Proyectos,Investigación y desarrollo,IMPLICACIONES EN LAS DIMENSIONES COGNITIVAS AFECTIVAS Y SOCIOCULTURAL POR   CONSUMO DE SUSTANCIAS PSICOACTIVAS  EN LOS ADOLESCENTES DEL SECTOR LA UNIÓN DEL BARRIO CANTACLARO DE MONTERÍA CÓRDOBA,Actual,2
00975,009,Proyectos,Investigación y desarrollo,"Las actividades extracurriculares como mediador  en las prácticas culturales y artísticas en el rendimiento académico de   los estudiantes de psicología, ingeniería de sistemas y derecho de la universidad cooperativa de Colombia",Actual,2
00976,009,Proyectos,Investigación y desarrollo,"Bullying en instituciones educativas, un modelo para ejerceer poder",2012/12,2
00977,009,Proyectos,Investigación y desarrollo,MUNDO VERDE,2013/9,2
00978,009,Proyectos,Investigación y desarrollo,Bulliyng en universidades de Montería,2013/6,2
00979,009,Proyectos,Investigación y desarrollo,Problemáticas socio educativas  de los niños de preescolar del Departamento de  Córdoba,2012/12,2
00980,009,Proyectos,Investigación y desarrollo,Influencia de la violencia intrafamiliar en el desarrollo cognitivo en niños (as) de la fundación Elias Bechara Zainùm de Monteria,2012/11,2
00981,009,Proyectos,Investigación y desarrollo,Influencia de la comunicación interpersonal en el desarrollo de habilidades para la solución de conflictos en población reclusa.,2012/11,2
00982,009,Proyectos,Investigación y desarrollo,"Plan estrategico Departamental de Ciencia, Tecnologia e Innovacion de Córdoba",2012/12,2
00983,009,Proyectos,Investigación y desarrollo,Mujeres abusadas sexualmente residentes en el barrio Villa Clemen de Montelibano ¿ Córdoba.,2012/11,2
00984,009,Proyectos,Investigación y desarrollo,Factores de riesgo psicosociales que inciden en la potencializaciòn de malos hábitos de estudio en estudiantes de básica secundaria de la IE Santa Rosa de Lima de Monteria.,2012/11,2
00985,009,Proyectos,Investigación y desarrollo,Prevención de embarazo en adolescentes del municipio de Valencia ¿ Cordoba.,2012/12,2
00986,009,Proyectos,Investigación y desarrollo,Consecuencias psicológicas  del Maltrato infantil en niños residentes en el l barrio Villa Paz de Monterìa,2012/11,2
00987,009,Proyectos,Investigación y desarrollo,Actitud de la comunidad  frente a las condiciones ambientales del barrio Celina del municipio de Cerete,2012/11,2
00988,009,Proyectos,"Investigación, desarrollo e innovación",DIFUSION DE CONOCIMIENTOS CIENTIFICOS Y TECNOLOGICOS SOBRE PROCESOS EDUCATIVOS  Y /O SISTEMAS PRODUCTIVOS MAIGABLES CON EL AMBIENTE,2012/3,2
00989,009,Proyectos,Investigación y desarrollo,"CONFORMACION DE LOS COMITES INTERINSTITUCIONALES DE EDUCACION AMBIENTAL Y LOS PLANES DE EDUCACION AMBIENTAL  DE LOS MUNICIPIOS DE AYAPEL, LA APARTADA, PUERTO LIBERTADOR Y SAN JOSE DE URÉ",2013/1,2
00990,009,Proyectos,Investigación y desarrollo,"PERCEPCIONES DE LOS NIÑOS, NIÑAS Y ADOLESCENTES SOBRE SUS DERECHOS",2013/2,2
00991,009,Proyectos,Investigación y desarrollo,acompañamiento investigativo orientado a la construcción de praes y proceda en 28 insituciones educativas del dpto de cordoba,2011/11,2
00992,009,Proyectos,Investigación y desarrollo,Factores que impiden el éxito del emprendimiento en las bandas musicales del la cabecera municipal de San Pelayo - Córdoba Colombia,2011/11,2
00993,009,Proyectos,"Investigación, desarrollo e innovación","Evaluacion de impacto del proyecto Educaciòn y servicios de planificaciòn familiar a travès de brigadas mòviles en salud, en seis municipios de la Costa Caribe colombiana.",2011/12,2
00994,009,Proyectos,Extensión y responsabilidad social CTI,Observatorio ciudadano  a la inversion de regalías.,2012/6,2
00995,009,Proyectos,Investigación y desarrollo,EVALUACION DE LA IMPLEMENTACION DEL PROYECTO CONSTRUCCION DE CULTURA AMBIENTAL DESDE LAS ESCUELAS Y COMUNIDADES CORDOBESAS,2013/2,2
00996,009,Proyectos,Investigación y desarrollo,EVALUACION DE IMPACTO DEL PROYECTO DE EDUCACION Y SERVICIOS DE PLANIFICACION FAMILIAR A TRAVES DE BRIGADAS MOVILES EN SALUD EN SEIS MUNICIPIOS DE LA COSTA CARIBE COLOMBIANA,2011/11,2
00997,009,Proyectos,Investigación y desarrollo,RELACION CAUSAL DE LAS IDEAS IRRACIONALES EN EL RENDIMIENTO ACADEMICO EN ESTUDIANTES  DE LA  UNIVERSIDAD  COOPERATIVA DE COLOMBIA,2011/12,2
00998,009,Proyectos,Investigación y desarrollo,valoración psicologíco -forense de los trastornos de personalidad en los reclusos que han realizado conducta punible con agravantes del establecimiento carcelario y penitenciario de mediana seguridad de monteria,2010/12,2
00999,009,Proyectos,Investigación y desarrollo,CONSUMO DE SUSTANCIAS PSICOACTIVAS  DE LOS ESTUDIANTES DE EDUCACION MEDIA DE LA CIUDAD DE MONTERIA,2011/10,2
01000,009,Proyectos,Investigación y desarrollo,EVALUACION DE IMPACTO DEL PROYECTO DE EDUCACION Y SERVICIOS DE PLANIFICACION FAMILIAR A TRAVES DE BRIGADAS MOVILES EN SALUD EN SEIS MUNICIPIOS DE LA COSTA CARIBE COLOMBIANA,2011/11,2
01001,009,Proyectos,"Investigación, desarrollo e innovación",TENDENCIAS EDUCATIVAS  DE LAS DOCENTES DE PREESCOLAR  DEL DEPARTAMENTO DE CÒRDOBA,2011/11,2
01002,009,Proyectos,Investigación y desarrollo,LOS RESIDUOS SÓLIDOS DE MI ESCUELA,2009/12,2
01003,009,Proyectos,Investigación y desarrollo,LAS PLANTAS MEDICINALES,2009/12,2
01004,009,Proyectos,Investigación y desarrollo,LOS SABERES Y TRADICIONES DE LOS ABUELOS,2009/12,2
01005,009,Proyectos,Investigación y desarrollo,"LA METACOGNICIÒN COMO MEDISDORA DE LAS DIMENSIONES COGNITIVAS Y COMUNICATIVAS DE LOSNIÑOS DE PREESCOLAR D LA I.E  JUAN XXIII, DE LA CIUDAD DE MONTERÌA",2010/12,2
01006,009,Proyectos,Extensión y responsabilidad social CTI,PRODUCCION DEL LIBRO:LA ARTICULACIÒN DE LAS CUATRO MODALIDADES DEL ARTE,2013/1,2
01007,009,Proyectos,Extensión y responsabilidad social CTI,"Construcciòn de procesos hacìa eldesarrollo humano en las familias afrodescendientes residentes  en los Municipios de Moñitos, Puerto Escondido y San antero del Departamento de Còrdoba.",2010/12,2
01008,009,Proyectos,Investigación y desarrollo,"NIÑOS, NIÑAS Y ADOLESCENTES DESVINCULADOS DE LOS GRUPOS ARMADOS ILEGALES",2011/12,2
01009,009,Proyectos,Investigación y desarrollo,Construcciòn de una cultura ambiental desde las escuelas y comunidades cordobesas CAEC,2008/12,2
01010,009,Proyectos,Extensión y responsabilidad social CTI,CREACION DEL INSTITUTO DIOCESANO DE EVANGELIZACION,2010/11,2
01011,009,Proyectos,Investigación y desarrollo,Hermenéutica de la obra esperando a Godot desde el enfoque existencialista de Sören Kierkegaard,2012/11,2
01012,009,Proyectos,Extensión y responsabilidad social CTI,"PROYECTO AMBIENTAL ESCOLAR, PRAE",Actual,2
01013,009,Proyectos,Investigación y desarrollo,Percepciones de los docentes rurales sobre las TIC,2008/10,2
01014,009,Proyectos,Investigación y desarrollo,niveles de satisfacción frente a la formación de educación sexual de los estudiantes de media y basica de los estudiantes de media y basica secundaria de las instituciones de la ciudad de monteria,2009/11,2
01015,009,Proyectos,Investigación y desarrollo,PAUTAS DE CRIANZAS EN FAMILIAS MONTERIANAS,2011/11,2
01016,009,Proyectos,Extensión y responsabilidad social CTI,"Sistematización del proyecto Construcciòn de una respuesta intersectorial en Salud Sexual y Reproductiva, con enfasisen la prevenciòn y atenciòn de las ITS-VIH-SIDA  con jòvenes adolescentes resideentes  en comunidades receptoras de poblaciòn desplazada.",2008/12,2
01017,009,Proyectos,Investigación y desarrollo,Construcciòn de una respuesta intersectorial en Salud Sexual y Reproductiva con ènfasis en la prevenciòn y atenciòn de las ITS VIH-SIDAcon  jòvenes adolescentes residentes  en comunidades receptoras de poblaciòn desplazada en Colombia.,2008/3,2
01018,009,Proyectos,Extensión y responsabilidad social CTI,Construcciòn de una cultura ambiental desde las escuelas y comunidades cordobesas.Convenio CVS-FUNLAM.,Actual,2
01019,009,Proyectos,Investigación y desarrollo,"Estado actual del desarrollo humano en las familias afrodescendientes residentes en los Municipios de Moñitos, San antero y Puerto Escondido.",2007/1,2
01020,009,Proyectos,Investigación y desarrollo,"Construcciòn de procesos hacìa el desarrollo humano enlas familias afrodescendientes de los Municipios de Moñitos,Puerto Escondido y San Antero del Departamento de Còrdoba",2007/11,2
01021,009,Proyectos,Investigación y desarrollo,Violencia y consecuencias psicosociales  entre estudiantes universitarios de la ciudad de Monterìa.,Actual,2
01022,009,Proyectos,Extensión y responsabilidad social CTI,Construcciòn de una cultura ambiental desde las escuelas y comunidades cordobesas.,2007/12,2
01023,009,Proyectos,Investigación y desarrollo,UNA MIRADA A LA NATURALEZA COMO FUENTE DE VIDA,2005/9,2
01024,009,Proyectos,Extensión y responsabilidad social CTI,Fase de profundización Computadores Para Educar- Universidad Pedagógica Nacional,Actual,2
01025,009,Proyectos,Extensión y responsabilidad social CTI,NAVEGANDO POR LA LECTOESCRITURA - PROGRAMA COMPUTADORES PARA EDUCAR,2005/11,2
01026,009,Proyectos,Investigación y desarrollo,DESARROLLO DE COMPETENCIAS LECTORA Y ESCRITORA MEDIADAS CON TECNOLOGÍA,2006/6,2
01027,009,Proyectos,Investigación y desarrollo,La cultura del mar en la zona costanera del Departamento de Córdoba,2003/2,2
01028,009,Proyectos,Investigación y desarrollo,Moñitos : Estudio de la Familia Moñitera.,1998/12,2
01029,010,Proyectos,Investigación y desarrollo,Perfiles de padres y madres con hijos consumidores no problemáticos de sustancias psicoactivas que acompañan en un proceso terapéutico,Actual,2
01030,010,Proyectos,Investigación y desarrollo,Las adicciones y su realidad en los escenarios laborales,Actual,2
01031,010,Proyectos,Investigación y desarrollo,ACCIONES AFIRMATIVAS EN CONSTRUCCIÓN DE PAZ CON COMUNIDADES ÉTNICAS: COMPARACIÓN DE CASOS EN PERSPECTIVA PSICOSOCIAL,2019/11,2
01032,010,Proyectos,Investigación y desarrollo,Ciberconvivencia y afrontamiento en estudiantes universitarios Colombia Chile,2019/11,2
01033,010,Proyectos,Investigación y desarrollo,Valoración del riesgo de exposición a la violencia filioparental en familias con hijos adolescentes vinculados al Sistema de Responsabilidad Penal en Colombia,2019/12,2
01034,010,Proyectos,Investigación y desarrollo,Las habilidades para la vida: su relación y efecto en el consumo de sustancias psicoactivas en población escolar-,2019/11,2
01035,010,Proyectos,Investigación y desarrollo,Analisis de los factores asociados a la deserción universitaria en programas a distancia tradicional y virtual en un grupo de instituciones educativas de Colombia: Estudio de casos múltiple,2018/11,2
01036,010,Proyectos,Investigación y desarrollo,TENDENCIA A LA VIOLENCIA FILIO-PARENTAL EN ADOLESCENTES COLOMBIANOS VINCULADOS AL SISTEMA DE RESPONSABILIDAD PENAL,2018/11,2
01037,010,Proyectos,Investigación y desarrollo,Análisis de los factores asociados a la deserción universitaria en programas a distancia tradicional y virtual en un grupo de instituciones educativas de Colombia: Estudio de caso múltiple.,2018/11,2
01038,010,Proyectos,Investigación y desarrollo,"Redes sociales, afrontamiento y migración Chile- Colombia-Panamá",2018/11,2
01039,010,Proyectos,Investigación y desarrollo,"Estrategias de afrontamiento, estilos de vida saludable y cyberbulling en estudiantes Universitarios de la  Fundación Universitaria Luís Amigó y Miguel de Cervantes Santiago de Chile",2017/11,2
01040,010,Proyectos,Investigación y desarrollo,LA FAMILIA COLOMBIANA ACTUAL Y SU RELACION CON PROBLEMAS INTERNALIZADOS Y EXTERNALIZADOS EN LOS ADOLESCENTES,2016/6,2
01041,010,Proyectos,Investigación y desarrollo,Iniciativas de Paz en Colombia 2005-2012,2015/8,2
01042,010,Proyectos,Investigación y desarrollo,Victimas policiales,Actual,2
01043,010,Proyectos,Investigación y desarrollo,FUNLAM EMPRENDE,2015/2,2
01044,010,Proyectos,"Investigación, desarrollo e innovación",Órdenes discursivos institucionales y sociales en torno a la reincidencia de la infracción penal en adolescentes,2014/11,2
01045,010,Proyectos,Investigación y desarrollo,Dimensión psicosocial de la  construcción del intento de suicidio en universitarios a la luz del interaccionismo simbolico,2013/11,2
01046,010,Proyectos,Investigación y desarrollo,"Bullying: Construcción de lo Social en instituciones educativas, respuestas pedagógicas",2012/12,2
01047,010,Proyectos,Investigación y desarrollo,Propuesta Intervención Psicosocial Orientada Desde La  Vínculos Psicosociales En  Un Colegio De La Localidad De Suba,Actual,2
01048,010,Proyectos,"Investigación, desarrollo e innovación",Sistematización de Experiencias con Habitantes de Calle en Bogotá,2013/3,2
01049,010,Proyectos,Investigación y desarrollo,Sistematización de la intervención de las  Prácticas en Psicología de la FUNLAM  Bogotá  hacia un a perspectiva de los laboratorios en redes sosicales,2011/12,2
01050,010,Proyectos,Investigación y desarrollo,ESTADO DEL ARTE DE PROCESOS DE INTERVENCIÓN E INVESTIGACIÓN SOCIAL REALIZADOS EN BOGOTÁ SOBRE GRUPOS POBLACIONALES LLAMADOS PANDILLAS EN LOS ULTIMOS DIEZ AÑOS (1998-2.008),Actual,2
01051,010,Proyectos,Investigación y desarrollo,Estado del Arte en Inclusión e Integración Escolar,2009/12,2
01052,010,Proyectos,Investigación y desarrollo,"Mito y Rito: Sincretismos y Resistencias en el siglo XXI ""El caso de San Pascual Baylón"" en el dpto de Boyacá",Actual,2
01053,010,Proyectos,Investigación y desarrollo,ESTATUTO CONCEPTUAL Y DIDACTICAS EN LA LICENCIATURA EN PEDAGOGÌA REEDUCATIVA (CAPITULO II),2009/12,2
01054,010,Proyectos,Investigación y desarrollo,Estado del Arte en experiencias significativas en Inclusión y/o integración escolar.,2009/6,2
01055,010,Proyectos,Investigación y desarrollo,"SABERES, ACTORES Y ESCENARIOS DE LA LICENCIATURA EN PEDAGOGIA REEDUCATIVA (CAPITULO I)",2008/12,2
01056,011,Proyectos,Investigación y desarrollo,COLABORACIÓN INTERDISCIPLINARIA ENTRE LA UNIVERSIDAD CATÓLICA LUIS AMIGÓ Y LA UNIVERSIDAD DE COLIMA PARA LA INNOVACIÓN EN LA ENSEÑANZA Y APRENDIZAJE DE LENGUAS EXTRANJERAS - II ETAPA,Actual,2
01057,011,Proyectos,Investigación y desarrollo,Estimulación cognitiva para la prevención de consumo de sustancias psicoactivas: Fase 2. Impacto de una propuesta de gamificación en la aplicación Apprevenir.,Actual,2
01058,011,Proyectos,Investigación y desarrollo,Intersecciones académicas sobre salud mental y pedagogía: un estudio cienciométrico entre ciencias básicas y ciencias sociales.,Actual,2
01059,011,Proyectos,Investigación y desarrollo,Perspectivas y construcciones sobre el Bienestar: Fase 1-Prácticas y narrativas de consumos alternativos y responsables,2025/11,2
01060,011,Proyectos,Investigación y desarrollo,Estimulación cognitiva para la prevención de consumo de sustancias psicoactivas: Fase 1. Propuesta para la gamificación en una aplicación móvil (Apprevenir),2025/11,2
01061,011,Proyectos,Investigación y desarrollo,Colaboración Interdisciplinaria entre la Universidad Católica Luis Amigó y la Universidad de Colima para la Innovación en la Enseñanza y Aprendizaje de Lenguas Extranjeras,2025/11,2
01062,011,Proyectos,Investigación y desarrollo,LA ESCUELA Y LA FAMILIA: TEJIENDO REDES PARA EL CUIDADO DE LA SALUD MENTAL [Fase 01 2025],2025/11,2
01063,011,Proyectos,Investigación y desarrollo,Estudio de Salud Mental de Envigado,2024/12,2
01064,011,Proyectos,Investigación y desarrollo,Hacia una comprensión integral e integradora del suicidio. La realidad no vista por unos y padecida por otro. La prevención del suicidio es una posibilidad de todos y todas Fase 7,2024/11,2
01065,011,Proyectos,Investigación y desarrollo,Actitudes sobre la salud mental en hombres de mediana edad del área metropolitana del valle de Aburrá (30 a 55 años),2024/Sin mes,2
01066,011,Proyectos,Investigación y desarrollo,"Caracterización de la oferta de prestadores de servicios de salud con énfasis en atención mental, a través del Registro Especial de Prestación de Servicios",2024/11,2
01067,011,Proyectos,Investigación y desarrollo,Estrategias alternativas en la promoción de la salud mental en un contexto comunitario de la ciudad de Medellín.,2024/11,2
01068,011,Proyectos,Investigación y desarrollo,"Situación sobre el nivel de riesgo de consumo de sustancias psicoactivas en adolescentes en el Norte, Nordeste y Bajo Cauca Antioqueño: Tamizaje, caracterización y propuesta de intervención mediante el uso de la aplicación Apprevenir",2023/10,2
01069,011,Proyectos,Investigación y desarrollo,Masculinidad y salud mental: discursos sobre el bienestar y sufrimiento de los hombres desde una perspectiva de género,2023/11,2
01070,011,Proyectos,Investigación y desarrollo,¿Hacía una comprensión integral e integradora del suicidio. ¿la realidad no vista por unos y padecida por otros. La prevención del suicidio es una posibilidad de todos y todas fase 6,2023/11,2
01071,011,Proyectos,Investigación y desarrollo,Prácticas sobre Salud Mental en una organización comunitaria de la ciudad de Medellín ¿ Colombia,2023/11,2
01072,011,Proyectos,Investigación y desarrollo,Alteraciones neuropsicológicas en los consumidores de sustancias psicoactivas,2022/11,2
01073,011,Proyectos,Investigación y desarrollo,"Desarrollo del pensamiento crítico, la creatividad y las habilidades socioemocionales en una muestra de estudiantes en diferentes niveles de formación: Aportes de intervención educativa desde la Neuropsicopedagogía en Colombia. Fase 1",2022/11,2
01074,011,Proyectos,Investigación y desarrollo,La salud mental y las prácticas discursivas en la promoción de formas de subjetividad saludable en el tiempo presente,Actual,2
01075,011,Proyectos,Investigación y desarrollo,¿Hacía una comprensión integral e integradora del suicidio. ¿la realidad no vista por unos y padecida por otros. La prevención del suicidio es una posibilidad de todos y todas -fase 5,2022/11,2
01076,011,Proyectos,Investigación y desarrollo,"Análisis de la Prevalencia de la Ludopatía, los Videojuegos y la Adicción al trabajo en Profesores Universitarios.",2022/11,2
01077,011,Proyectos,Investigación y desarrollo,¿Hacía una comprensión integral e integradora del suicidio. ¿la realidad no vista por unos y padecida por otros. La prevención del suicidio es una posibilidad de todos y todas-fase 4,2021/11,2
01078,011,Proyectos,Investigación y desarrollo,Hacia una comprensión integral e integradora del suicidio. La realidad no vista por unos y padecida por otro. La prevención del suicidio es una posibilidad de todos y todas Fae 4,2021/11,2
01079,011,Proyectos,Investigación y desarrollo,Características de la personalidad y hábitos de estudio en estudiantes de psicología a distancia de la Universidad Católica Luis Amigó.,2021/11,2
01080,011,Proyectos,Investigación y desarrollo,Factores de riesgo que interfieren en la aparición de la ortorexia en estudiantes universitarios,2021/11,2
01081,011,Proyectos,Investigación y desarrollo,"Estudio comparativo de los trastornos de la conducta alimentaria, el trastorno obsesivo compulsivo y el trastorno dismórfico corporal en una muestra de pacientes de la ciudad de Medellín",2021/Sin mes,2
01082,011,Proyectos,Investigación y desarrollo,Rehabilitación cognitiva en el tratamiento de las adicciones: aportes en los procesos de reintegración social y familiar.,2021/11,2
01083,011,Proyectos,Investigación y desarrollo,"Influencia de la publicidad en la percepción de lo ""saludable"" en un grupo de adolescentes de la ciudad de Medellín ¿ Colombia",2020/11,2
01084,011,Proyectos,Investigación y desarrollo,"Rasgos de personalidad, toma de decisiones, y permanencia académica en universitarios de Colombia y República Dominicana",2023/12,2
01085,011,Proyectos,Investigación y desarrollo,Asociación entre el uso de las redes sociales y la ortorexia en estudiantes universitarios de la Universidad Catolica Luis Amigó,2020/11,2
01086,011,Proyectos,Investigación y desarrollo,¿Hacía una comprensión integral e integradora del suicidio. ¿la realidad no vista por unos y padecida por otros. La prevención del suicidio es una posibilidad de todos y todas fase3,2020/11,2
01087,011,Proyectos,Investigación y desarrollo,Apprevenir: ECOSISTEMA DIGITAL (APP WEB) PARA ATENCIÓN PRIMARIA EN SALUD (APS) PARA LA DETECCIÓN TEMPRANA,2022/12,2
01088,011,Proyectos,Investigación y desarrollo,Apprevenir. Ecosistema digital (APP Web) para Atención Primaria en Salud (APS) para la detección de consumos y comportamientos adictivos. Fase 3.,2019/11,2
01089,011,Proyectos,Investigación y desarrollo,Implementación de la ruta de atención de convivencia para proponer estrategias de prevención y la construcción de paz en las instituciones educativas públicas del Municipio de La Estrella,2019/11,2
01090,011,Proyectos,Investigación y desarrollo,¿Hacía una comprensión integral e integradora del suicidio. ¿la realidad no vista por unos y padecida por otros. La prevención del suicidio es una posibilidad de todos y todas-fase2,2019/11,2
01091,011,Proyectos,Investigación y desarrollo,Hacía una comprensión integral e integradora del suicidio. ¿la realidad no vista por unos y padecida por otros¿ La prevención del suicidio es una posibilidad de todos y todas.,2019/11,2
01092,011,Proyectos,Investigación y desarrollo,Influencia de la colaboración científica en el impacto de las investigaciones sobre las escuelas familiares y la diversidad sexual. Un avance en la investigación educacional.,2024/5,2
01093,011,Proyectos,Investigación y desarrollo,Funcionamiento ejecutivo y su relación con el trastorno dismórfico corporal en un grupo de usuarios del gimnasio de la Universidad Católica Luis Amigó,2019/12,2
01094,011,Proyectos,Investigación y desarrollo,Estigma social en consumidores de drogas,Actual,2
01095,011,Proyectos,Investigación y desarrollo,Hacia una mirada integral e in tegradora del comportamiento suicida.,2023/11,2
01096,011,Proyectos,Investigación y desarrollo,¿Hacía una comprensión integral e integradora del suicidio. ¿la realidad no vista por unos y padecida por otros¿ La prevención del suicidio es una posibilidad de todos y todas¿,2018/11,2
01097,011,Proyectos,Investigación y desarrollo,Hacia una visión integral e integradora del suicidio,Actual,2
01098,011,Proyectos,Investigación y desarrollo,Hacia una comprensión integral e integradora del suicidio. ¿La realidad no vista por unos y padecida por otros? La prevención del suicidio es una posibilidad de todos y todas.,2020/12,2
01099,011,Proyectos,"Investigación, desarrollo e innovación",Hacia una comprensión integral e integradora del suicidio. ¿La realidad no vista por unos y padecida por otros? La prevención del suicidio es una posibilidad de todos y todas.,2018/11,2
01100,011,Proyectos,Investigación y desarrollo,Cognición Social en jóvenes universitarios de la Ciudad de Medellín,2018/11,2
01101,011,Proyectos,Investigación y desarrollo,Sistema digital para Atención Primaria en Salud (APS) sobre la detección de consumo de Sustancias Psicoactivas (SPA),2019/11,2
01102,011,Proyectos,Investigación y desarrollo,"Prevención del consumo de sustancias psicoactivas en Colombia. Programas, enfoques y prácticas.",2016/11,2
01103,011,Proyectos,Investigación y desarrollo,Actitud y pensamiento social en adolescentes de Medellín- 2016,2016/11,2
01104,011,Proyectos,Investigación y desarrollo,"Prohibición, despenalización y/o legalización del consumo de droga en Colombia. Implicaciones sociales y de salud pública.",2015/11,2
01105,011,Proyectos,Investigación y desarrollo,Relación existente entre el uso de videojuegos y el rendimiento académico de adolescentes entre los 12 y 14 años del Municipio de la Estrella,2015/11,2
01106,011,Proyectos,"Investigación, desarrollo e innovación",Construcción y validación de un instrumento exploratorio para la detección del síndrome amotivacional en consumidores crónicos de marihuana,2015/11,2
01107,011,Proyectos,Investigación y desarrollo,"Las representaciones sociales sobre las adicciones comportamentales en los profesionales de las Ciencias Sociales-Humanas y de la Salud, que les corresponde intervenir en los municipios pertenecientes al Valle de Aburrá",2014/11,2
01108,011,Proyectos,Investigación y desarrollo,"Las Representaciones sociales sobre las adicciones comportamentales en los profesionales de las Ciencias Sociales ¿ Humanas y de la Salud, que les corresponde intervenir en los municipios pertenecientes al Valle de Aburrá.",2014/12,2
01109,011,Proyectos,Investigación y desarrollo,"Efectos de la adicción a internet sobre el desarrollo social, emocional y cognitivo de los jovenes",2014/11,2
01110,011,Proyectos,Investigación y desarrollo,Diseño y validacion de instruemento psicometrico para diagnosticas Sindrome amotivacional en consumidores cronicos de marihuana,2014/12,2
01111,011,Proyectos,Investigación y desarrollo,"CONSULTORÍA PARA LA EJECUCIÓN DE LA PRIMERA ETAPA DE INVESTIGACIÓN QUE PERMITA ESTIMAR LA MAGNITUD DE LAS ADICCIONES QUÍMICAS Y  PREVALENCIAS DE JUEGO EN POBLACIÓN GENERAL Y SUS PRINCIPALES FACTORES DE RIESGO/PROTECCIÓN ASOCIADOS, DEL MUNICIPIO DE ENVIGAD",2014/12,2
01112,011,Proyectos,Investigación y desarrollo,Magnitud del problema del consumo de drogas y adicciones no qumicas y factores de riesgo asociados en poblacion general del Municipio de Envigado,2014/5,2
01113,011,Proyectos,Investigación y desarrollo,Estudio Epidemiológico Andino sobre Consumo de Drogas en Estudiantes Universitarios,2013/3,2
01114,011,Proyectos,Investigación y desarrollo,Prevención de problemáticas psicosociales en el ámbito universitario con enfasis en adicciones,Actual,2
01115,011,Proyectos,Investigación y desarrollo,Realidad virtual en la prevención y el tratamiento de las adicciones,Actual,2
01116,011,Proyectos,Investigación y desarrollo,Formacion virtual para la prevencion de problematicas psicosociales en el ambito universitario con enfasis en Adicciones,2014/3,2
01117,011,Proyectos,Investigación y desarrollo,Consumo de sustancias psicoactivas en población laboral del sector de trasporte público de Medellín,2013/1,2
01118,011,Proyectos,Investigación y desarrollo,Consumo de sustancias psicoactivas en población laboral del sector de trasporte público Medellín.,2012/11,2
01119,011,Proyectos,Investigación y desarrollo,"Barras bravas, consumo de drogas y violencia en los estadios de fútbol",Actual,2
01120,011,Proyectos,Investigación y desarrollo,CONSUMO DE DROGAS EMERGENTES EN MEDELLÍN  Y CREACION DE UN SISTEMA EPIDEMIOLOGICO DE ALERTA TEMPRANA,2012/8,2
01121,011,Proyectos,Investigación y desarrollo,Consumo de alcohol en estudiantes universitarios fase 2,2011/11,2
01122,011,Proyectos,Investigación y desarrollo,Concepciones y practicas de vida de adolescentes de la ciudad de Medellin,2011/7,2
01123,011,Proyectos,Investigación y desarrollo,Consumo de drogas y prácticas sexuales en adolescentes entre los 12 y los 17 años de colegios públicos y privados de la ciudad de Medellín. 2011,Actual,2
01124,011,Proyectos,Investigación y desarrollo,"Uso, abuso y dependencia a aplicaciones que utilizan  internet los  estudiantes de la FUNLAM, sede MedellínM, 2010",2011/2,2
01125,011,Proyectos,Investigación y desarrollo,CONSUMO DE ALCOHOL EN ESTUDIANTES UNIVERSITARIOS Y LA INLFUENCIA DE LOS CONTEXTOS,2011/12,2
01126,011,Proyectos,Investigación y desarrollo,Consumo de alcohol en universitarios de Medellín,2012/2,2
01127,011,Proyectos,Investigación y desarrollo,Consumo de alcohol en estudiantes universitarios,2010/11,2
01128,011,Proyectos,Investigación y desarrollo,La Psicología en el tratamieno de la Farmacodependencia,2010/12,2
01129,011,Proyectos,Investigación y desarrollo,Recuperación de la experiencia proyección social: perspectiva y aprendizaje en el periodo 2000-2007 en la FUNLAM,2009/12,2
01130,011,Proyectos,Investigación y desarrollo,Consumo de heroína en Medellín y Valle de Aburra. Características del consumo y los consumidores,2009/3,2
01131,011,Proyectos,Investigación y desarrollo,Consumo de heroína en Medellín y Valle de Aburra. Características del consumo y los consumidores,2008/12,2
01132,011,Proyectos,Investigación y desarrollo,Déficit Cognitivo en consumidores regulares de marihuana,2008/Sin mes,2
01133,011,Proyectos,Investigación y desarrollo,Problemáticas que mas afectan la calidad de vida de los estudiantes de la FUNDACION UNIVERSITARIA LUIS AMIGO,Actual,2
01134,011,Proyectos,Investigación y desarrollo,Factores protectores y alternativas preventivas en ludopatía,2007/Sin mes,2
01135,011,Proyectos,Investigación y desarrollo,Estudio comparativo de tres programas de prevención escolar en drogodependencias,2009/7,2
01136,011,Proyectos,Investigación y desarrollo,"Factores de riesgo para ludopatía en población adulta, jugadores patológicos de casinos en Medellín.",2006/Sin mes,2
01137,011,Proyectos,Investigación y desarrollo,"FACTORES DE RIESGO PARA LUDOPATÍA, EN POBLACIÓN ADULTA, JUGADORES PATOLÓGICOS DE CASINOS, MEDELLÍN",2007/Sin mes,2
01138,011,Proyectos,Investigación y desarrollo,Sistematización y Evaluación de una Experiencia de intervención con familias desplazadas por la violencia en la ciudad de Medellín,2006/Sin mes,2
01139,011,Proyectos,Extensión y responsabilidad social CTI,Proyecto Itinerante de Prevencion a Problemáticas sociales en población desplazada por la violencia en la cuidad de Medellín,2008/4,2
01140,011,Proyectos,Investigación y desarrollo,Universidad Uso/ Abuso de drogas. Estudios Locales,Actual,2
01141,011,Proyectos,Extensión y responsabilidad social CTI,Proyecto Formación en Calidad de Vida y Prevención de Problematicas sociales,Actual,2
01142,011,Proyectos,Investigación y desarrollo,Promoción de la Calidad de Vida y Prevención de Problemáticas psicosociales en el ámbito Universitario.,2008/Sin mes,2
01143,011,Proyectos,Investigación y desarrollo,Significados y representaciones sobre la publicidad al consumo de alcohol. Medellín 2005,2005/Sin mes,2
01144,011,Proyectos,Investigación y desarrollo,Significados  y representaciones sobre la publicidad al consumo de alcohol. Medellin 2005,Actual,2
01145,011,Proyectos,Investigación y desarrollo,Estado del arte de la investigación en prevencion de la farmacodependencia y prevalencia del consumo en Colombia,2004/Sin mes,2
01146,011,Proyectos,Investigación y desarrollo,Proyecto Formacion en Calidad de Vida y Prevencion de Problematicas sociales,2005/5,2
01147,011,Proyectos,Investigación y desarrollo,Estado del Arte sobre Investigaciones en Prevención  de la Farmacodependencia y prevalencia del consumo en Colombia (1980-2002),2004/Sin mes,2
01148,011,Proyectos,Investigación y desarrollo,Proyecto construcción y desarrollo de una línea en Farmacodependencia,2004/Sin mes,2
01149,011,Proyectos,Extensión y responsabilidad social CTI,FORMACIÓN DE FORMADORES EN PREVENCIÓN INTEGRAL,2004/Sin mes,2
01150,011,Proyectos,Extensión y responsabilidad social CTI,Consumo de sustancias psicoactivas y otros factores asociados con delincuencia juvenil,2000/Sin mes,2
01151,011,Proyectos,Investigación y desarrollo,Farmacodependencia: conceptos y enfoques,2000/Sin mes,2
01152,011,Proyectos,Investigación y desarrollo,FORMACIÓN DE FORMADORES EN PREVENCIÓN INTEGRAL,2004/Sin mes,2
01153,011,Proyectos,Extensión y responsabilidad social CTI,Socialización familiar de prácticas y valores de convivencia en Medellín desde los años 80,1999/Sin mes,2
01154,011,Proyectos,Investigación y desarrollo,Campos Emergentes de Atencion en Drogodependencias,Actual,2
01155,012,Proyectos,Investigación y desarrollo,Creación posthumana y ensamblajes algorítmicos en la estética contemporánea,Actual,2
01156,012,Proyectos,Investigación + Creación,El Reggaetón paisa y su influencia en los imaginarios de ciudad,2025/11,2
01157,012,Proyectos,Investigación y desarrollo,"Transmediación documental interactivo en las narrativas sonoras y visuales de la música Oi! En el contexto urbano (Fanzine, música y fotografía)",2025/11,2
01158,012,Proyectos,Investigación y desarrollo,Representaciones Gráficas: Metro De La 80 En La Comuna 7 Robledo,2025/11,2
01159,012,Proyectos,Investigación + Creación,El Reggaetón paisa y su influencia en los imaginarios de ciudad,2025/11,2
01160,012,Proyectos,Investigación + Creación,PIONEROS DEL OFICIO MODERNO EN LA ARQUITECTURA DE MEDELLÍN Y SU ENTORNO REGIONAL (1935-1968) FASE I,2025/7,2
01161,012,Proyectos,Investigación y desarrollo,"Rasgos predominantes, discursos y recepción de los narradores fílmicos en el cine latinoamericano contemporáneo (2000-2020)",Actual,2
01162,012,Proyectos,Investigación y desarrollo,"Propaganda rusa en redes sociales en Hispanoamérica, a partir del conflicto armado entre Rusia y Ucrania",2024/11,2
01163,012,Proyectos,Investigación y desarrollo,Implicaciones de las publicaciones falsas en redes sociales: legitimidad de la comunicación política y la justicia en el escenario digital,2024/11,2
01164,012,Proyectos,Investigación + Creación,CREATIVIDAD COMPUTACIONAL: INFLUENCIA E IMPACTO DE LA IA EN EL DISEÑO Y LAS ARTES VISUALES,2025/5,2
01165,012,Proyectos,Investigación y desarrollo,DEFINICIÓN Y ESTANDARIZACIÓN DEL FORMATO MICROLIBRO PARA LA CONSERVACIÓN DE DOCUMENTOS PATRIMONIALES Y LA DIFUSIÓN DE CONTENIDOS CULTURALES,Actual,2
01166,012,Proyectos,Investigación y desarrollo,"Propaganda rusa en redes sociales en Hispanoamérica, a partir del conflicto armado entre Rusia y Ucrania.",2024/12,2
01167,012,Proyectos,Investigación y desarrollo,Imaginarios sobre la cultura italiana en Medellín y sus relaciones en la cotidianidad,2024/12,2
01168,012,Proyectos,Investigación y desarrollo,La incidencia de la inteligencia artificial -IA- en la industria publicitaria en Colombia y los programas de formación profesional en esta disciplina,2024/8,2
01169,012,Proyectos,Investigación + Creación,Lienzos de Identidad. Creación de un prototipo transmedia basado en la innovación social con la red de artistas y activistas de Bello,2024/4,2
01170,012,Proyectos,Investigación y desarrollo,Publicidad y Comunicación. Construcción de la identidad cultural en la zona norte de Antioquia. Caso San Pedro de los Milagros,Actual,2
01171,012,Proyectos,Investigación y desarrollo,Publicidad y Comunicación. Construcción de la identidad cultural en la zona norte de Antioquia. Caso San Pedro de los Milagros,2024/12,2
01172,012,Proyectos,Investigación y desarrollo,El sistema de creación gráfica de la pieza publicitaria desde los signos representativos de las artes plásticas de la primera mitad del siglo XX,2023/11,2
01173,012,Proyectos,Investigación y desarrollo,Publicidad y Comunicación. Construcción de la identidad cultural en la zona norte de Antioquia. Caso San Pedro de los Milagros,2024/11,2
01174,012,Proyectos,Investigación y desarrollo,Publicidad y Comunicación. Construcción de la identidad cultural en la zona norte de Antioquia. Caso San Pedro de los Milagros,2024/12,2
01175,012,Proyectos,"Investigación, desarrollo e innovación","Diagnóstico de la incidencia del proceso formativo de estudiantes de niveles avanzados del programa de Comunicación Social de la Universidad Católica Luis Amigó, sede Medellín, en las percepciones sobre la violencia simbólica audiovisual",2024/11,2
01176,012,Proyectos,Investigación y desarrollo,Propaganda y guerra. La comunicación y la publicidad en el escenario geopolítico y social,2024/11,2
01177,012,Proyectos,Investigación y desarrollo,Propaganda y guerra. La comunicación y la publicidad en el escenario geopolítico y social,2024/12,2
01178,012,Proyectos,Investigación y desarrollo,Generación de conocimiento científico,2022/12,2
01179,012,Proyectos,Investigación + Creación,Creación digital a partir de documentos fotográficos en el archivo fotográfico de la Biblioteca Pública Piloto de Medellín,Actual,2
01180,012,Proyectos,Investigación y desarrollo,Herramientas visuales para un mejor aprendizaje,Actual,2
01181,012,Proyectos,Investigación y desarrollo,PLAN DE IMPLEMENTACIÓN DEL MARKETING DIGITAL PARA PYMES INSCRITAS A LA CÁMARA DE COMERCIO ABURRA SUR ANTIOQUIA COLOMBIA.,Actual,2
01182,012,Proyectos,Investigación + Creación,"Factores significativos que posibilitan el posicionamiento de las emisoras comunitarias en Medellín, Caso de las emisoras Zona Radio, La Esquina Radio y Frecuencia Estéreo 88.4 FM San Antonio de Prado.",Actual,2
01183,012,Proyectos,Investigación y desarrollo,Recomendaciones para una mejor visiblilización de la producción investigativa de la Universidad Católica Luis Amigó,Actual,2
01184,012,Proyectos,Investigación + Creación,Outsider Art: creación artística en el autismo,2020/6,2
01185,012,Proyectos,Investigación y desarrollo,Prácticas artísticas comunitarias y proyección urbanística de las memorias de Medellín,2020/6,2
01186,012,Proyectos,"Investigación, desarrollo e innovación",Apprevenir. Ecosistema digital (APP Web) de Atención Primaria en Salud (APS) para la detección de consumos y comportamientos adictivos. Fase 3.,Actual,2
01187,012,Proyectos,Investigación y desarrollo,Criterios estratégicos de patrocinios deportivos para la Responsabilidad Social Empresarial,2019/11,2
01188,012,Proyectos,Investigación y desarrollo,MEDIATIZACION DE LA SEXUALIDAD: DESAFIO PARA LA TEOLOGÍA PASTORAL UNIVERSITARIA.,2019/11,2
01189,012,Proyectos,Investigación y desarrollo,"Factores simbólicos comunicacionales del maltrato social que vive hoy la mujer en Medellín, a través de las esculturas femeninas públicas de la ciudad",2019/11,2
01190,012,Proyectos,Investigación y desarrollo,Recomendaciones para una mejor visibilización de la producción investigativa de la Universidad Católica Luis Amigó,2019/11,2
01191,012,Proyectos,"Investigación, desarrollo e innovación",INNOVACIÓN EN LA GESTIÓN DE INVESTIGACIÓN Y COMUNICACIÓN ACADÉMICA DEL SEMINARIO BÍBLICO DE LAS ASAMBLEAS DE DIOS - COLOMBIA,2019/11,2
01192,012,Proyectos,Investigación y desarrollo,DIAGNÓSTICO Y PLAN DE IMPLEMENTACIÓN DE HERRAMIENTAS TIC PARA LA LABOR DOCENTE,Actual,2
01193,012,Proyectos,Investigación y desarrollo,Interacciones en redes sociales que transfiguran las representaciones socioculturales de los jóvenes universitarios en la ciudad de Medellín,2019/7,2
01194,012,Proyectos,Investigación y desarrollo,"Acceso, uso y apropiación de las Tecnologías de Información y Comunicación (TIC) en los estudiantes de pregrado (modalidad presencial), de la Universidad Católica Luis Amigó, sede Medellín",Actual,2
01195,012,Proyectos,Investigación y desarrollo,FACEBOOK E INSTAGRAM: DESAFÍOS PARA LA TEOLOGÍA PASTORAL UNIVERSITARIA,2018/11,2
01196,012,Proyectos,Investigación y desarrollo,INFLUENCIA MEDIÁTICA Y ESTEREOTIPOS JUVENILES DE BELLEZA: CASO EXPERIMENTAL UNIVERSIDAD CATÓLICA LUIS AMIGÓ SEDE MEDELLÍN.,2018/11,2
01197,012,Proyectos,Investigación y desarrollo,Hacía una comprensión integral e integradora del suicidio.,2021/11,2
01198,012,Proyectos,Investigación y desarrollo,"Estrategias de producción, distribución y recepción de contenidos digitales en editoriales académicas: hacia un modelo integral editorial digital",Actual,2
01199,012,Proyectos,Investigación y desarrollo,"Estrategias de producción, distribución y recepción de contenidos digitales en editoriales académicas: hacia un modelo integral editorial digital",Actual,2
01200,012,Proyectos,Investigación y desarrollo,Ecosistema digital (APP Web) para Atención Primaria en Salud (APS) sobre la detección de consumo y adicciones. Fase 2,Actual,2
01201,012,Proyectos,Investigación y desarrollo,"Mediación, acompañamiento y educación en sostenibilidad para un corredor de exportaciones.",2018/11,2
01202,012,Proyectos,Investigación y desarrollo,Sistema interactivo de localización interna para la Universidad Católica Luis Amigó,2018/11,2
01203,012,Proyectos,Investigación y desarrollo,El recurso conversión de texto a voz (CTV) más allá de las tecnologías de asistencia,Actual,2
01204,012,Proyectos,Investigación y desarrollo,"Apropiación y uso social de la tecnología: Una mirada a la realidad aumentada por medio de aplicaciones para tabletas y celulares. Estudio comparativo de casos con usuarios en entornos culturales, empresariales y educativos de Medellín.",Actual,2
01205,012,Proyectos,Investigación y desarrollo,Visualización del proceso académico de formación en tiempo real. Desarrollo de una App,Actual,2
01206,012,Proyectos,Investigación y desarrollo,Los géneros periodísticos como método de investigación social,Actual,2
01207,012,Proyectos,Investigación y desarrollo,Hacía una comprensión integral e integradora del suicidio. ¿la realidad no vista por unos y padecida por otros¿ La prevención del suicidio es una posibilidad de todos y todas,Actual,2
01208,012,Proyectos,Investigación y desarrollo,El arte como mediación para la comunicación alternativa de personas con Trastornos de Espectro Autista,2018/11,2
01209,012,Proyectos,Investigación y desarrollo,Alumbrado navideño de Medellín: una historia de 50 años de responsabilidad social de EPM,Actual,2
01210,012,Proyectos,"Investigación, desarrollo e innovación",Responsabilidad Social Empresarial en el marco del posacuerdo de paz,Actual,2
01211,012,Proyectos,"Investigación, desarrollo e innovación",Sistema digital para Atención Primaria en Salud (APS) sobre la detección de consumo de Sustancias Psicoactivas (SPA),Actual,2
01212,012,Proyectos,"Investigación, desarrollo e innovación",Propuesta para establecer un mapa de proceso de creación y gestión de marcas sostenibles para el fortalecimiento de la Responsabilidad Social Empresarial (Caso sector confecciones),Actual,2
01213,012,Proyectos,Investigación y desarrollo,Desafíos pastorales por el uso de los celulares en universitarios de la Funlam,2017/11,2
01214,012,Proyectos,Investigación y desarrollo,La radio comercial y la cultura de las músicas vernáculas. Caso Huellas de Antioquia,Actual,2
01215,012,Proyectos,Investigación y desarrollo,El estado de formación entorno al color en el diseño visual. Fase 1,Actual,2
01216,012,Proyectos,Investigación y desarrollo,El estado de formación entorno al color en el diseño visual.,2016/11,2
01217,012,Proyectos,Investigación y desarrollo,Acercamiento a problemáticas sociales asociadas a las TIC desde una teología pastoral,Actual,2
01218,012,Proyectos,Investigación y desarrollo,Literacidad electrónica: diseño de experiencias de lectura e inclusión de dispositivos electrónicos en bibliotecas,Actual,2
01219,012,Proyectos,Investigación y desarrollo,Comparación estadística entre el fútbol profesional colombiano y el fútbol profesional argentino con base en partidos transmitidos por televisión,2018/11,2
01220,012,Proyectos,Investigación y desarrollo,Caracterización del secuestro político en Colombia a partir del análisis de los libros periodísticos y testimoniales publicados desde 2007 sobre los políticos secuestrados por las Farc en la primera década del siglo XXI,2015/11,2
01221,012,Proyectos,Investigación y desarrollo,Estructuración de plan de estudios y contenidos para maestría en publicidad. Fase 1.,2015/11,2
01222,012,Proyectos,Investigación y desarrollo,Literacidad electrónica: experiencias de lectura e inclusión de dispositivos electrónicos en biblotecas,2015/11,2
01223,012,Proyectos,Investigación y desarrollo,Estructuración de plan de estudios y contenidos para maestría en publicidad. Fase 1.,2022/11,2
01224,012,Proyectos,Investigación y desarrollo,Inventario y análisis de campañas de prevención de la violencia de género en Antioquia durante los años 2000 - 2013,2015/6,2
01225,012,Proyectos,Investigación y desarrollo,"Soluciones e Instrumentos, innovando desde la Gestión de Conocimiento para la Comunicación",2015/12,2
01226,012,Proyectos,"Investigación, desarrollo e innovación",Inventario y análisis de las campañas de prevención de la violencia de género en Antioquia durante los años 2000 a 2013,2015/6,2
01227,012,Proyectos,Investigación y desarrollo,Estudio de tendencias de periodismo digital en la sociedad red,2014/12,2
01228,012,Proyectos,Investigación y desarrollo,"Evaluación del grado de competencia mediática en tres ámbitos sociales de la ciudad de Medellín: los profesionales de la comunicación, los profesionales de la enseñanza obligatoria y los formadores universitarios tanto en el área de la comunicación como e",2014/11,2
01229,012,Proyectos,Investigación y desarrollo,Del texto impreso al texto digital en las obras literarias de dominio público: remediación para posibilitar el andamiaje de experiencias de lectura en pantalla,Actual,2
01230,012,Proyectos,Investigación y desarrollo,INTEGRACIÓN DE LAS TIC Y REDES SOCIALES COMO METAGONIGNICIÓN DEL APRENDIZAJE COLOMBIANO.,Actual,2
01231,012,Proyectos,Investigación + Creación,Cartograf¿as est¿sicas de las memorias urbanas del centro de Medell¿,2013/2013,2
01232,012,Proyectos,"Investigación, desarrollo e innovación",Comunicación y Prospectiva,2014/12,2
01233,012,Proyectos,"Investigación, desarrollo e innovación","INTERNET E INVESTIGACIÓN FORMATIVA Las nuevas posibilidades pedagógicas de los jóvenes,   desde la perspectiva del desarrollo humano",2014/12,2
01234,012,Proyectos,"Investigación, desarrollo e innovación",Desarrollo de software para el logro de competencias creativas en Publicidad y Diseño.,2013/12,2
01235,012,Proyectos,"Investigación, desarrollo e innovación","Sociedad red, una nueva configuración de poder",2014/7,2
01236,012,Proyectos,Investigación y desarrollo,Contenidos transmedia y crossmedia para la formación de competencias narrativas,Actual,2
01237,012,Proyectos,Investigación y desarrollo,"Diseño e implementación de un sitio en la plataforma ¿Moodle¿ para mejorar las competencias de más bajo rendimiento en las pruebas Saber Pro 2009-2012, detectadas y analizadas con apoyo de un software, dirigido a estudiantes de los últimos semestres de lo",2014/2,2
01238,012,Proyectos,Investigación y desarrollo,Contenidos transmedia y crossmedia para la formación de competencias narrativas,Actual,2
01239,012,Proyectos,"Investigación, desarrollo e innovación",Las teorías posmodernas de la gestión de las organizaciones,2013/12,2
01240,012,Proyectos,Investigación y desarrollo,Estado del arte de la investigación en Comunicación en Colombia: hacia la formulación de un proyecto global,Actual,2
01241,012,Proyectos,Investigación y desarrollo,Estado del arte de la investigación en comunicación en Colombia 1970 - 2010. En búsqueda de patrones y categorías para consolidar la disciplina como ciencia (esquemas de clasificación),Actual,2
01242,012,Proyectos,Investigación y desarrollo,"Metodologías de investigación aplicadas a la Comunicación Social en Colombia: hacia la construcción de un programa formativo en investigación, acorde con las categorías de análisis predominantes en el campo de estudio.",Actual,2
01243,012,Proyectos,Investigación y desarrollo,Didactización de narraciones en formatos digitales interactivos  para la enseñanza del lenguaje y la literatura en contexto de aula. Análisis de caso,Actual,2
01244,012,Proyectos,Investigación y desarrollo,Modelo para el diseño y producción de libros electrónicos interactivos (e-books) para Tablets PC.,Actual,2
01245,012,Proyectos,Investigación y desarrollo,Estructuración de Manual de Branding para PyMEs,2012/12,2
01246,012,Proyectos,Investigación y desarrollo,Estructuración de Manual de Branding para PyMEs,Actual,2
01247,012,Proyectos,Investigación y desarrollo,¿Educar mientras se informa¿ un estudio de caso del Periódico EL MUNDO de la Ciudad de Medellín.,Actual,2
01248,012,Proyectos,Investigación y desarrollo,Modelo para el diseño y producción de libros electrónicos interactivos (e-books) para Tablets PC.,Actual,2
01249,012,Proyectos,Investigación + Creación,Creatividad en la enseñanza de materias teóricas en la carrera de comunicación social,2014/6,2
01250,012,Proyectos,Investigación y desarrollo,Tesiones entre el campo de la comunicación y el enfoque por competencias,Actual,2
01251,012,Proyectos,Investigación y desarrollo,Medios ciudadanos y construcción del derecho a la comunicación,2013/6,2
01252,012,Proyectos,Investigación y desarrollo,Implementación de elementos de marketing deportivo en campañas publicitarias de responsabilidad social como herramienta de posicionamiento en marcas comerciales e institucionales en la ciudad de Medellín,2012/11,2
01253,012,Proyectos,Investigación y desarrollo,Algunas características ideológicas de los programas enlatados emitidos en la programación de la televisión colombiana entre los años 1955 y 1990,2013/3,2
01254,012,Proyectos,Investigación y desarrollo,Didactización de narraciones en formatos digitales interactivos para la enseñanza del lenguaje y la literatura en contexto de aula. Análisis de caso,Actual,2
01255,012,Proyectos,Investigación y desarrollo,"TIC en el aula, comunicación  y mediación  para contrarrestar la deserción",2012/12,2
01256,012,Proyectos,Investigación y desarrollo,INVESTIGACIÓN DE AUDIENCIAS EMISORAS COMUNITARIAS DE MEDELLÍN,2014/11,2
01257,012,Proyectos,Investigación y desarrollo,Algunas características ideológicas de los programas enlatados emitidos en la programación de la televisión colombiana entre los años 1955 y 1990,2013/1,2
01258,012,Proyectos,Investigación y desarrollo,Tipología y métodos de clasificación aplicados  a hechos observables elementales en el estudio de la investigación en Colombia,Actual,2
01259,012,Proyectos,Investigación y desarrollo,Literacidad electrónica en estudiantes universitarios: hacia un protocolo de inclusión de dispositivos móviles y libros electrónicos en bibliotecas,Actual,2
01260,012,Proyectos,Investigación y desarrollo,Estado del arte de la publicidad social en el escenario regional,2011/12,2
01261,012,Proyectos,Investigación y desarrollo,Transferencia de Conocimiento en la Fundación Universitaria Luis Amigó,2011/12,2
01262,012,Proyectos,Investigación y desarrollo,Estado del Arte de la Publicidad Social en el Ámbito Regional,2011/12,2
01263,012,Proyectos,Investigación y desarrollo,Estado del Arte de la Publicidad Social en el Ámbito Regional,2011/12,2
01264,012,Proyectos,Investigación y desarrollo,Literacidad electrónica en estudiantes universitarios: hacia un protocolo de inclusión de dispositivos móviles y libros electrónicos en bibliotecas,2011/12,2
01265,012,Proyectos,Investigación y desarrollo,La estrategia de periodismo digital en Medellín,2011/12,2
01266,012,Proyectos,Investigación y desarrollo,El lugar de lo niño en la Ciudad de Medellín a partir de la relación  de la Ciudad con los niños de la Calle,2011/12,2
01267,012,Proyectos,Investigación y desarrollo,Los Objetos Virtuales de Aprendizaje (Videotutoriales) aplicados a espacios b-learning en programas académicos de Comunicación Social y Publicidad.,2012/12,2
01268,012,Proyectos,Investigación y desarrollo,¿PERSONITAS DE COLORES¿. Narrativas icónicas sobre valores y derechos fundamentales que subyacen en los dibujos presentados al concurso ¿Personitas de Colores¿ del periódico  El Mundo entre el 2003 y el 2010 por  niños y niñas antioqueños de los 5 a los 1,2012/5,2
01269,012,Proyectos,Investigación y desarrollo,Mediación en la escritura a través de software para la construccion de relatos interactivos,2010/12,2
01270,012,Proyectos,Investigación y desarrollo,MEDIACIÓN EN LA ESCRITURA A TRAVÉS DE SOFTWARE PARA CONSTRUCCIÓN DE RELATOS INTERACTIVOS,2010/12,2
01271,012,Proyectos,Investigación y desarrollo,MEDELLÍN IMAGINADA,Actual,2
01272,012,Proyectos,Investigación y desarrollo,¿Sentido(s) que de la educación subyacen en los programas denominados de carácter educativo en la emisora de interés público Universidad de Antioquia¿,2011/12,2
01273,012,Proyectos,Investigación y desarrollo,Medellín imaginado.,2010/2,2
01274,012,Proyectos,Investigación y desarrollo,"Dimensión psicosocial de la construcción de intento de suicidio en estudiantes de 11 a 18 años de 10 instituciones educativas de la ciudad de Medellín, a la luz del interaccionismo simbólico. Segunda fase.",2010/2,2
01275,012,Proyectos,Investigación y desarrollo,"¿LA PSICOLOGÍA, LA PEDAGOGÍA Y LA COMUNICACIÓN SOCIAL AL SERVICIO DE LA PREVENCIÓN DEL SUICIDIO EN ESTUDIANTES DE LOS GRADOS 6 A 11 DE LA CIUDAD DE MEDELLÍN¿",2010/2,2
01276,012,Proyectos,Investigación y desarrollo,Cómo leen y escriben los estudiantes universitarios,2011/11,2
01277,012,Proyectos,Investigación y desarrollo,"3.	Aproximaciones interdisciplinarias entre los profesionales de Educación, Comunicación Social e Ingeniería de Sistemas en cinco instituciones educativas del área metropolitana de Medellín",2009/2,2
01278,012,Proyectos,Investigación y desarrollo,Teleaudiencia crítica y producción co-responsable: modelo pedagógico participativo de formación en la lectura crítica del servicio de televisión entre la comunidad escolar del INEM José Félix de Restrepo y Telemedellín,2009/6,2
01279,012,Proyectos,Investigación y desarrollo,Modelo para diseño de juegos interactivos de texto orientados al desarrollo de la comprensión de lectura y el pensamiento lógico en estudiantes universitarios,2009/6,2
01280,012,Proyectos,Investigación y desarrollo,"¿Los ambientes virtuales de aprendizaje incorporados en procesos formativos de la Funlam, contribuyen a un mayor logro de aprendizajes de los estudiantes?",2007/12,2
01281,012,Proyectos,Investigación y desarrollo,El consumo de Internet y telefonía móvil: nuevas formas de comunicación de los jóvenes de Medellín.,2007/12,2
01282,012,Proyectos,Investigación y desarrollo,"Medellín, Ciudad Fragmentada. Modernidad, comunicación y cultura en la contemporaneidad.",2008/5,2
01283,012,Proyectos,Investigación y desarrollo,"Medellín ciudad fragmentada. Modernidad, comunicación y cultura en la contemporaneidad",2007/2,2
01284,012,Proyectos,Investigación y desarrollo,MEDELLÍN CIUDAD FRAGMENTADA,2008/12,2
01285,013,Proyectos,Investigación y desarrollo,El parrhesista y el homo inmunologicus: Foucault y Sloterdijk en el vórtice de la antropología filosófica contemporánea.,2025/11,2
01286,013,Proyectos,Investigación y desarrollo,"La investigación del Jesús histórico y la cristología en América Latina: recepción, interpretación y problemas",2024/Sin mes,2
01287,013,Proyectos,Investigación y desarrollo,"La investigación del Jesús histórico y la cristología en América Latina: recepción, interpretación y problemas",2024/11,2
01288,013,Proyectos,Investigación y desarrollo,Reconfiguraciones estéticas en el espacio público: comprender la agencia política de las víctimas y sus luchas por visibilizar lo invisibilizado,Actual,2
01289,013,Proyectos,Investigación y desarrollo,"Escritura, memoria e imaginarios en la literatura judía antigua: las tablas celestes en la tradición henóquica",2024/Sin mes,2
01290,013,Proyectos,Investigación y desarrollo,El personaje infantil en el libro álbum: una mirada hacia la construcción de identidad desde la reflexividad en la literatura infantil,2023/11,2
01291,013,Proyectos,Investigación y desarrollo,El aporte de Paul Ricoeur a la hermenéutica bíblica latinoamericana,Actual,2
01292,013,Proyectos,Investigación y desarrollo,Hegel y la comprensión histórica de la épica,2024/2,2
01293,013,Proyectos,"Investigación, desarrollo e innovación",El personaje infantil en el libro álbum: una mirada hacia la construcción de identidad desde la reflexividad en la literatura infantil,2023/11,2
01294,013,Proyectos,Investigación y desarrollo,Prácticas de escritura no convencional en mujeres que participan en colectivas urbanas de la ciudad de Medellín,Actual,2
01295,013,Proyectos,Investigación y desarrollo,"La imaginación apocalíptica y la literatura fantástica: análisis de sus estrategias, confluencias e idiosincrasias.",2023/4,2
01296,013,Proyectos,Investigación y desarrollo,El aporte de Paul Ricoeur a la hermenéutica bíblica latinoamericana,2023/11,2
01297,013,Proyectos,Investigación y desarrollo,Dignidad humana y Humanismo en el investigador El investigador como sujeto vital en la perspectiva del Pacto Educativo Global,2023/11,2
01298,013,Proyectos,Investigación y desarrollo,La Third Quest del Jesús histórico desde Colombia: lectura decolonial y colombianidad,2022/11,2
01299,013,Proyectos,Investigación y desarrollo,La Third Quest del Jesús histórico desde Colombia: lectura decolonial y colombianidad,2022/11,2
01300,013,Proyectos,Investigación y desarrollo,Artesano de palabras: narrativas emergentes en torno a la lectura de libros álbum para la promoción de la escritura,Actual,2
01301,013,Proyectos,Investigación y desarrollo,La noche oscura y la noche de la nada: la experiencia de la vacuidad en la mística cristiana. Una lectura de diálogo intercultural con el budismo zen,Actual,2
01302,013,Proyectos,Investigación y desarrollo,Estructuras ideológicas subyacentes en dos obras de Fernando Vallejo a partir del análisis crítico del discurso con énfasis en el modelo sociocognitivo,2023/2,2
01303,013,Proyectos,Investigación y desarrollo,Duelo y ritos funerarios en Antígona de Sófocles,2022/2,2
01304,013,Proyectos,Investigación y desarrollo,La muerte de Jesús en el Evangelio de Marcos: entre la fe y la tragedia,2022/11,2
01305,013,Proyectos,Investigación y desarrollo,Educación para la ciudadanía global: Promoción del pensamiento crítico en redes sociales,2021/11,2
01306,013,Proyectos,Investigación y desarrollo,"""La importancia de la formación psico/afectiva en la vida consagrada: Un intento por prevenir el Burnout desde la formación religiosa"".",Actual,2
01307,013,Proyectos,Investigación y desarrollo,El paradigma de la biopolítica para comprender la situación de pandemia,2021/Sin mes,2
01308,013,Proyectos,Investigación y desarrollo,Análisis ético de discursos de violencias y reconciliaciones: el conflicto armado en Colombia (2016-2020),2022/2,2
01309,013,Proyectos,Investigación y desarrollo,Tiempo de crisis: expectativa y deseo a partir del pensamiento de Wittgesntein,2021/11,2
01310,013,Proyectos,Investigación y desarrollo,Perspectiva contextual de la teología en la Universidad Católica Luis Amigó,2021/11,2
01311,013,Proyectos,Investigación y desarrollo,Perspectiva contextual de la teología en la Universidad Católica Luis Amigó,2021/11,2
01312,013,Proyectos,Investigación y desarrollo,"Hombres ciegos, ídolos huecos: Alteridad y fetichismo en la crítica a la idolatría en el Apocalipsis de Abraham",Actual,2
01313,013,Proyectos,Investigación y desarrollo,La hermenéutica de San Agustín,Actual,2
01314,013,Proyectos,Investigación y desarrollo,Macro-conceptos y complejidad de base,2020/11,2
01315,013,Proyectos,Investigación y desarrollo,La Decadencia del Humanismo en las ciencias humanas del siglo XXI,2020/11,2
01316,013,Proyectos,Investigación y desarrollo,la filosofía: alternativa de acompañamiento y cura de la persona,Actual,2
01317,013,Proyectos,Investigación y desarrollo,Filosofía y literatura: pensamientos inconexos,2021/2,2
01318,013,Proyectos,Investigación y desarrollo,Creación literaria: relatos y micro relatos,Actual,2
01319,013,Proyectos,Investigación y desarrollo,"Exégesis de la literatura cristiana primitiva El Libro de los Signos (Jn 1,19-12,50)",Actual,2
01320,013,Proyectos,Investigación y desarrollo,Impacto de la práctica espiritual en las dimensiones sintomáticas y somáticas de estudiantes universitarios,2019/Sin mes,2
01321,013,Proyectos,Investigación y desarrollo,Psicoanálisis y arte.,Actual,2
01322,013,Proyectos,Investigación y desarrollo,"La orientación pastoral: estrategia para prevenir el uso y abuso de sustancias psicoactivas en Adolescentes con edades comprendidas entre los 12 y 17 años, vinculados con la pastoral social de la Arquidiócesis de Medellín.",Actual,2
01323,013,Proyectos,Investigación y desarrollo,Estética y religión,Actual,2
01324,013,Proyectos,Investigación y desarrollo,El dinamismo estructurista en las operaciones del pensamiento de Xavier Zubiri: un análisis desde sus habilidades filosóficas,2019/6,2
01325,013,Proyectos,Investigación y desarrollo,lAS HUMANIDADES EN LA EDUCCIÓN SUPERIOR,Actual,2
01326,013,Proyectos,Investigación y desarrollo,El universo ético de Wittgenstein,2019/11,2
01327,013,Proyectos,Investigación y desarrollo,El cuerpo en la dimensión trágica de la experiencia pscoanalítica,Actual,2
01328,013,Proyectos,Investigación y desarrollo,Pensamiento Complejo: sistema y macro-conceptos en la obra de Edgar Morin,2019/11,2
01329,013,Proyectos,"Investigación, desarrollo e innovación",filosofía y diálogo: aventura y cura,Actual,2
01330,013,Proyectos,Investigación y desarrollo,Saberes filosóficos y dominios coloniales,2020/2,2
01331,013,Proyectos,Investigación y desarrollo,De Vernant a Loraux: una reflexión entorno a la metodología del semillero de Estudios Antiguos,2019/11,2
01332,013,Proyectos,Investigación y desarrollo,Construcción de líneas de orientación espiritual y familiar para el trabajo con los pacientes de la Clínica para la familia. Aportes para una teología crítica y en contexto,2019/6,2
01333,013,Proyectos,Investigación y desarrollo,Reconciliación Espiritual entre victima y victimario del conflicto armado en Colombia,2019/6,2
01334,013,Proyectos,Investigación y desarrollo,"Venganza y justicia: una lectura de su relación a partir de la figura de Medea en las versiones de Euripides, Seneca y Anouilh",Actual,2
01335,013,Proyectos,Investigación y desarrollo,Arte y filosofía de Hölderlin a Hegel,2019/7,2
01336,013,Proyectos,Investigación y desarrollo,"Psicoanálisis, arte y litertura",2018/11,2
01337,013,Proyectos,Investigación y desarrollo,Filosofía y violencia,Actual,2
01338,013,Proyectos,Investigación y desarrollo,Inconmensurabilidad entre teorías científicas: una revisión del concepto kuhniano en la física clásica y contemporánea,Actual,2
01339,013,Proyectos,Investigación y desarrollo,Profesionalismo y profesionalidad del maestro,2020/7,2
01340,013,Proyectos,Investigación y desarrollo,a.	La orientación pastoral: Estrategia para prevenir el uso y abuso de sustancias psicoactivas,2018/11,2
01341,013,Proyectos,Investigación y desarrollo,Neuroteología,2017/11,2
01342,013,Proyectos,Investigación y desarrollo,Perspectivas del arte en Hölderlin,2019/5,2
01343,013,Proyectos,Investigación y desarrollo,Reflexiones pedagógicas y teológicas,2017/11,2
01344,013,Proyectos,Investigación y desarrollo,Lo femenino griego y la representación de la mujer en la literatura griega,2017/11,2
01345,013,Proyectos,Investigación y desarrollo,Hacia una interpretación hipertextual de la ética de Wittgenstein,2017/12,2
01346,013,Proyectos,Investigación y desarrollo,La paz como proyecto: una propuesta ético-política para el pos conflicto en Colombia desde una ética pragmatista del desarrollo humano,2016/11,2
01347,013,Proyectos,Investigación y desarrollo,"Estudio nacional sobre el papel de la universidad y la sociedad civil en la formación de los estudiantes universitarios y educadores sociales como agentes constructores de paz desde el enfoque del Desarrollo Humano en diez ciudades colombianas: Medellín,",Actual,2
01348,013,Proyectos,Investigación y desarrollo,La figura de lo otro en la tragedia y la comedia griegas,Actual,2
01349,013,Proyectos,Investigación y desarrollo,Ética del cuidado de sí: prácticas místicas como prácticas éticas,Actual,2
01350,013,Proyectos,Investigación y desarrollo,Investigación en el área de Islamología,2016/11,2
01351,013,Proyectos,Investigación y desarrollo,"Producto: ¿Abnegación incomprendida¿, ¿santa locura¿ o la asunción del delirio místico en la Madre Laura Montoya Upegui, 1874-1949.",2016/12,2
01352,013,Proyectos,Investigación y desarrollo,El teatro de Eurípides: crítica ético-política del teatro ateniense,2016/12,2
01353,013,Proyectos,Investigación y desarrollo,Estética y religión,2015/11,2
01354,013,Proyectos,Investigación y desarrollo,La vision de la Trinidad en el Islam,2015/11,2
01355,013,Proyectos,Investigación y desarrollo,Posibilidades hipertextuales de la ética de Wittgenstein,Actual,2
01356,013,Proyectos,Investigación y desarrollo,Mística y Filosofía,2015/11,2
01357,013,Proyectos,Investigación y desarrollo,Eurípides: la democracia ateniense entre la utopía y la distopía,2014/11,2
01358,013,Proyectos,Investigación y desarrollo,Definir la experiencia mística: una perspectva epistemológica,2014/11,2
01359,013,Proyectos,Investigación y desarrollo,Literatura y filosofía,2014/11,2
01360,013,Proyectos,Investigación y desarrollo,Wittgenstein y la ética,2014/11,2
01361,013,Proyectos,Investigación y desarrollo,Postmodernidad y Revolución de la Información,Actual,2
01362,013,Proyectos,Investigación y desarrollo,Hölderlin y la religión,2014/11,2
01363,013,Proyectos,Investigación y desarrollo,Conocimiento místico: su comprensión desde la epistemología naturalizada y la filosofía intercultural,2013/12,2
01364,013,Proyectos,Investigación y desarrollo,Posibilidades hipertextuales de la ética en Wittgenstein,2015/12,2
01365,013,Proyectos,Investigación y desarrollo,La educación del cuerpo en fray Luis Amigó y Ferrer,2015/12,2
01366,013,Proyectos,Investigación y desarrollo,Análisis teológico del vacío existencial de la búsqueda de trascendencia en el sujeto postmoderno,2013/11,2
01367,013,Proyectos,Investigación y desarrollo,Ética y Educación Física: una perspectiva curricular,2013/11,2
01368,013,Proyectos,Investigación y desarrollo,La pasividad mística como experiencia de conocimiento,2012/11,2
01369,013,Proyectos,Investigación y desarrollo,Responsabilidad Social de la Universidad,2012/12,2
01370,013,Proyectos,Extensión y responsabilidad social CTI,Universidad de los niños,2015/11,2
01371,013,Proyectos,Investigación y desarrollo,La imagen de Jesús. Una cristología crítica a partir de la interculturalidad y la historia,2011/11,2
01372,013,Proyectos,Investigación y desarrollo,Transferencia de Conocimiento en la Fundación Universitaria Luis Amigó,2011/12,2
01373,013,Proyectos,Investigación y desarrollo,Participación comunitaria en la construcción de ciudadania para la protección y mejoramiento del ambiente en el municipio de Sabaneta,2011/12,2
01374,013,Proyectos,Investigación y desarrollo,Teología del Deporte,2012/5,2
01375,013,Proyectos,Investigación y desarrollo,"Replanteamiento de los contenidos de la asignatura ""Filosofía"" a partir de un estudio y una reflexión en torno a los conceptos filosóficos de Paideia y Bildung",2010/12,2
01376,013,Proyectos,Investigación y desarrollo,"La filosofía: su sentido, valor, razón de ser en el quehacer pedagógico en la actualidad",2010/12,2
01377,013,Proyectos,Investigación y desarrollo,Correspondencia filosófica: pedagogía de la filosofía en la formación filosófica universitaria,2010/12,2
01378,013,Proyectos,Investigación y desarrollo,La mistica como fuente de conocimiento teologico en la Ciencia de la Cruz de Edith stein,2010/12,2
01379,013,Proyectos,Investigación y desarrollo,"El deseo, segunda estación del laberinto",2010/3,2
01380,013,Proyectos,Investigación y desarrollo,Intervención de las problemáticas socio económicas y culturales de los estudiantes de la Funlam,2009/12,2
01381,013,Proyectos,Investigación y desarrollo,El sufrimiento en el contexto del VIH/SIDA. Aportes a la antropología teológica.,2009/12,2
01382,013,Proyectos,Investigación y desarrollo,"Amor, primera estación del laberinto",2008/12,2
01383,013,Proyectos,Investigación y desarrollo,Caracterización socio económica y cultural de los estudiantes que ingresan por primera vez a la Funlam en el 2008 Sede Medellín,2008/12,2
01384,013,Proyectos,Extensión y responsabilidad social CTI,Mujer y cuerpo,Actual,2
01385,013,Proyectos,Investigación y desarrollo,"Ética, libertad y sentido de la historia",2007/11,2
01386,013,Proyectos,Investigación y desarrollo,"Amor, cuerpo y deseo en la posmodernidad",2007/12,2
01387,013,Proyectos,Investigación y desarrollo,Posibilidad de la estética y la Religión: perspectivas antropológicas,2006/12,2
01388,014,Proyectos,Extensión y responsabilidad social CTI,Problemáticas y Perspectivas de la Disciplina Contable en Colombia,,2
01389,014,Proyectos,Investigación y desarrollo,Percepciones de los Contadores Públicos colombianos sobre los nuevos estándares internacionales de Sostenibilidad (ISSB),Actual,2
01390,014,Proyectos,Investigación y desarrollo,Ética de la autenticidad Vs Ética deontologica,2023/12,2
01391,014,Proyectos,Investigación y desarrollo,Nivel de conocimiento de los microempresarios del sector panadero (suramericana ¿ Medellín) sobre la contabilidad de gestión para el fortalecimiento de su productividad y competitividad,2023/11,2
01392,014,Proyectos,Investigación y desarrollo,Incentivos tributarios ambientales vs dos países europeos,Actual,2
01393,014,Proyectos,Investigación y desarrollo,"Análisis crítico de la evasión tributaria y sus implicaciones en América Latina: estudio de caso en Colombia, México y Guatemala",2022/11,2
01394,014,Proyectos,Investigación y desarrollo,"Situación actual de las investigaciones de contabilidad ambiental teniendo en cuenta los retos, obstáculos, tendencias y avances",Actual,2
01395,014,Proyectos,Investigación y desarrollo,Importancia del peritaje contable judicial para la  mitigación de la corrupción pública en Colombia,2022/12,2
01396,014,Proyectos,Investigación y desarrollo,Un análisis de los estudios de contabilidad con miradas alternativas,Actual,2
01397,014,Proyectos,Investigación y desarrollo,ética de la Autenticidad del contador público en su práctica profesional- Fase 2,2022/12,2
01398,014,Proyectos,Investigación y desarrollo,El control interno y su contribución a la perdurabilidad de las mipymes,2022/12,2
01399,014,Proyectos,Investigación y desarrollo,El daño antijurídico en el cumplimiento de la obligación tributaria,2021/11,2
01400,014,Proyectos,Investigación y desarrollo,Una revisión de los problemas que afronta la investigación en contabilidad,2022/12,2
01401,014,Proyectos,Investigación y desarrollo,Ética de la autenticidad del contador publico en su práctica profesional,2021/9,2
01402,014,Proyectos,Investigación y desarrollo,Efectos económicos del COVID ¿ 19 e impacto financiero en la generación de valor: caso sector comercial automotriz Colombiano,2021/11,2
01403,014,Proyectos,Investigación y desarrollo,Evolución de la producción científica sobre género en contabilidad: una aproximación bibliométrica,2021/12,2
01404,014,Proyectos,Investigación y desarrollo,"Impacto de los mecanismos fiscales, en la reducción de las desigualdades económicas: Colombia en el contexto internacional.",2021/12,2
01405,014,Proyectos,"Investigación, desarrollo e innovación",Componente que influyen en el control interno de los inventarios y en la gestión financiera de las organizaciones,2021/2,2
01406,014,Proyectos,Investigación y desarrollo,Diseño de un Modelo de Revisoría Fiscal en la Empresa NIF CONSULTORES ASESORES SAS Basado en Metodología de investigación orientada a la acción y toma de decisiones(AID),2021/1,2
01407,014,Proyectos,Investigación y desarrollo,Didácticas activas en la formación del contador público de la Universidad Católica Luis Amigó,2020/11,2
01408,014,Proyectos,Investigación y desarrollo,Aplicabilidad y eficacia del principio de seguridad jurídica en la estructura normativa del sistema tributario colombiano. Fecha 03/02/2020 - 16/11/2020,2020/12,2
01409,014,Proyectos,Investigación y desarrollo,El reto de las organizaciones educativas de nivel superior del área económico-administrativa de México y américa latina en un entorno de desarrollo sostenible,2020/12,2
01410,014,Proyectos,Investigación y desarrollo,Incidencia de la carga fiscal impuesta por el sistema tributario en rentistas de capital y comerciantes de baja capacidad contributiva- Segunda fase,2020/12,2
01411,014,Proyectos,"Investigación, desarrollo e innovación",Procesos de gestión ambiental en empresas colombianas,2020/12,2
01412,014,Proyectos,Investigación y desarrollo,"¿Profesionalización empresarial en medianas y grandes empresas familiares. Un estudio comparativo Barranquilla, Colombia y Guayaquil, Ecuador¿",2019/11,2
01413,014,Proyectos,Investigación y desarrollo,Percepción social de los pequeños contribuyentes acerca de la constitucionalidad del sistema tributario colombiano,2021/Sin mes,2
01414,014,Proyectos,Investigación y desarrollo,Diagnosticar o determinar el efecto de la gerencia de valor en la sostenibilidad financiera de las entidades publicas del departamento de Antioquia (E.S.E) de segundo nivel,2020/12,2
01415,014,Proyectos,Investigación y desarrollo,Didácticas activas en la formación del contador público de la universidad católica Luis Amigó,2019/11,2
01416,014,Proyectos,"Investigación, desarrollo e innovación",Desarrollo sostenible: Una mirada desde la aplicabilidad y sus tendencias,2022/12,2
01417,014,Proyectos,"Investigación, desarrollo e innovación",Identificar aspectos teóricos y prácticos entorno a la contabilidad ambiental,2019/11,2
01418,014,Proyectos,Investigación y desarrollo,Percepción social  de los pequeños contribuyentes acerca de la constitucionalidad del sistema tributario colombiano,2020/1,2
01419,014,Proyectos,Investigación y desarrollo,Valoración contable ambiental en la quebrada Sinifaná del Municipio de Fredonia Antioquia,2018/11,2
01420,014,Proyectos,Investigación y desarrollo,Modelo de emprendimiento sostenible para la creación de PYMES por estudiantes universitarios en Latinoamérica. Caso: Universidad Católica Luis Amigó,2018/11,2
01421,014,Proyectos,Investigación y desarrollo,Acciones de Enseñanza para el desarrollo pensamiento crítico e histórico en programas de contaduría pública desde la perspectiva del razonamiento basado en modelos en el marco de la evolución conceptual,2018/12,2
01422,014,Proyectos,Investigación y desarrollo,Balance economico multiproposito del patrimonio hídrico en el municipio de Medellin a partir de la actividad explotadora del territorio y el marco de desarrollo regional para el periodo 2018-2019,Actual,2
01423,014,Proyectos,Investigación y desarrollo,Macroproyecto de investigación: El emprendimiento social en América Latina y el aporte de las universidades en la formación de emprendedores sociales,2018/9,2
01424,014,Proyectos,Investigación y desarrollo,El emprendimiento social en América Latina y el aporte de las universidades en la formación de emprendedores sociales,2019/11,2
01425,014,Proyectos,Investigación y desarrollo,FUNDAMENTACION LINEA DE INVESTIGACION GRUPO CONTAS,Actual,2
01426,014,Proyectos,Investigación y desarrollo,Diagnóstico Contable y Financiero a pymes sector alimentos o puntos de venta Fundación Universitaria Luis Amigó,2017/12,2
01427,014,Proyectos,Investigación y desarrollo,Concepto y Estructura de la Contabilidad de Gestión. Impacto en el curriculo,Actual,2
01428,014,Proyectos,Investigación y desarrollo,Crowdfunding como alternativa de financiación para las Mipymes en Colombia: análisis de caso ¿Plataforma Crowdfunding little big money¿,2017/12,2
01429,014,Proyectos,Investigación y desarrollo,Derecho tributario comparado en paises suramericanos,2017/6,2
01430,014,Proyectos,Investigación y desarrollo,"Explicación de la interacción que representa en el combate de la pobreza la utilización de microcréditos en Chiapas, México y Chocó, Colombia",2019/6,2
01431,014,Proyectos,Extensión y responsabilidad social CTI,Difusión del conocimiento contable en el contexto nacional e internacional,Actual,2
01432,014,Proyectos,Investigación y desarrollo,Utilidad de la Aplicación de la Gerencia del Valor en la Contabilidad Pública de las  Empresas Sociales del Estado (E.S.E.) del Área Metropolitana de Medellín: Caso Hospital Venancio Díaz Díaz y Hospital Marco Fidel Suarez,2016/12,2
01433,014,Proyectos,Investigación y desarrollo,IMPLICACIONES SOCIOECONÓMICAS DERIVADAS DEL IMPUESTO SOBRE LA RENTA Y SU IMPACTO SOBRE LA VIABILIDAD FINANCIERA DE LAS PEQUEÑAS Y MEDIANAS EMPRESAS DEL SECTOR COMERCIAL EN COLOMBIA,2016/12,2
01434,014,Proyectos,Investigación y desarrollo,Difusión del conocimiento contable en el contexto nacional e internacional,Actual,2
01435,014,Proyectos,Investigación y desarrollo,Identificación de indicadores de gestión en la logística inversa,2015/11,2
01436,014,Proyectos,Investigación y desarrollo,Plataforma de información para la contabilidad social empresarial integrado al marco para la elaboración de memorias GRI,2015/6,2
01437,014,Proyectos,Investigación y desarrollo,Marco de referencia de la contabilidad publica gubernamental para la toma de desiciones: entre la estructuracion fortalecimiento y saneamiento fiscal de mlos municipio priorisados por el departamento de antioquia,2015/6,2
01438,014,Proyectos,Investigación y desarrollo,"Evaluación de los impactos de las alternativas de integración regulativa en control, auditoría y aseguramiento: las construcciones teóricas y la experiencia.",2014/4,2
01439,014,Proyectos,Investigación y desarrollo,"Evaluación de los impactos de las alternativas de integración regulativa en control, auditoría y aseguramiento: las construcciones teóricas y la experiencia",2014/4,2
01440,014,Proyectos,Investigación y desarrollo,Reflexiones en torno a la ética en la Contaduría Pública,2013/8,2
01441,014,Proyectos,Investigación y desarrollo,Ética de la Autenticidad del Contador Público en su Práctica Profesional,2013/7,2
01442,014,Proyectos,Investigación y desarrollo,"Analisis del control en las organizaciones: control interno, auditoría y revisoría fiscal",2014/8,2
01443,014,Proyectos,Investigación y desarrollo,La responsabilidad ambiental de las empresas de la ciudad de Medellín en relación con su información interna y externa,Actual,2
01444,014,Proyectos,Investigación y desarrollo,Historia de la contabilidad y de la Contaduría en Colombia: estado del arte y herramientas para su difusión,2015/11,2
01445,014,Proyectos,Investigación y desarrollo,"Canales y Mecanismos de Acceso a la financiación, fondeo y prestamos a sectores no aptos para el sistema financiero Colombiano",2014/11,2
01446,014,Proyectos,Investigación y desarrollo,LA CONTABILIDAD COMO CONTROL DE LOS RECURSOS NATURALES Y LAS RELACIONES SOCIALES,Actual,2
01447,014,Proyectos,Investigación y desarrollo,Gestión y revelación de la responsabilidad social empresarial en pymes de Medellín y Manizales,2013/6,2
01448,014,Proyectos,Investigación y desarrollo,Sistema de Indicadores de Ciencia Y Tecnología en la Funlam con Énfasis en el Seguimiento y Medición del Impacto Social,2010/11,2
01449,014,Proyectos,Investigación y desarrollo,Prácticas contables en Antioquia durante los años 1800  1820,Actual,2
01450,014,Proyectos,Investigación y desarrollo,Indicadores sociales de ciencia y tecnología de la Fundación Universitaria Luis Amigó,2009/11,2
01451,014,Proyectos,Investigación y desarrollo,Usos y requerimientos de la información contable: integración de la regulación contable para el sector privado en colombia,Actual,2
01452,014,Proyectos,Investigación y desarrollo,La planificación contable como herramienta para el fortalecimiento de los procesos de planificación económica y social,2011/11,2
01453,014,Proyectos,Investigación y desarrollo,Proceso de consolidación de capital social en la ciudad de medellín. en el marco de los enfoques de desarrolle humano y responsabilidad social,2008/11,2
01454,014,Proyectos,Investigación y desarrollo,Análisis de la responsabilidad social en pequeñas y medianas empresas de Medellín,2006/2,2
01455,014,Proyectos,Investigación y desarrollo,Diagnóstico de la aplicación de legislación sobre gestión ambiental para un grupo de empresas de Medellín,2006/11,2
